/**
 * @file karaoke_embedded_songs.h
 * @brief ROM fallback karaoke tracks for standalone use without an SD card.
 *        Generated by tools/gen_embedded_songs.py; do not edit by hand.
 */
#ifndef KARAOKE_EMBEDDED_SONGS_H_
#define KARAOKE_EMBEDDED_SONGS_H_

#include <stdint.h>

/* 002106 - Bryan Adams - (Everything I Do) I Do It for You */
static const uint8_t EMBEDDED_MIDI_SONG_1[] = {
    0x4D, 0x54, 0x68, 0x64, 0x00, 0x00, 0x00, 0x06, 0x00, 0x01, 0x00, 0x16, 0x00, 0x78, 0x4D, 0x54,
    0x72, 0x6B, 0x00, 0x00, 0x01, 0xD6, 0x00, 0xFF, 0x21, 0x01, 0x00, 0x00, 0xF0, 0x0A, 0x41, 0x10,
    0x42, 0x12, 0x40, 0x00, 0x7F, 0x00, 0x41, 0xF7, 0x00, 0xFF, 0x21, 0x01, 0x00, 0x00, 0xF0, 0x0A,
    0x41, 0x10, 0x42, 0x12, 0x40, 0x1A, 0x15, 0x02, 0x0F, 0xF7, 0x00, 0xFF, 0x21, 0x01, 0x00, 0x00,
    0xF0, 0x0A, 0x41, 0x10, 0x42, 0x12, 0x50, 0x1A, 0x15, 0x02, 0x7F, 0xF7, 0x00, 0xFF, 0x21, 0x01,
    0x00, 0x00, 0xF0, 0x0A, 0x41, 0x10, 0x42, 0x12, 0x40, 0x01, 0x30, 0x04, 0x0B, 0xF7, 0x00, 0xFF,
    0x21, 0x01, 0x00, 0x00, 0xF0, 0x0A, 0x41, 0x10, 0x42, 0x12, 0x40, 0x01, 0x31, 0x04, 0x0A, 0xF7,
    0x00, 0xFF, 0x21, 0x01, 0x00, 0x00, 0xF0, 0x0A, 0x41, 0x10, 0x42, 0x12, 0x40, 0x01, 0x32, 0x00,
    0x0D, 0xF7, 0x00, 0xFF, 0x21, 0x01, 0x00, 0x00, 0xF0, 0x0A, 0x41, 0x10, 0x42, 0x12, 0x40, 0x01,
    0x33, 0x78, 0x14, 0xF7, 0x00, 0xFF, 0x21, 0x01, 0x00, 0x00, 0xF0, 0x0A, 0x41, 0x10, 0x42, 0x12,
    0x40, 0x01, 0x34, 0x46, 0x45, 0xF7, 0x00, 0xFF, 0x21, 0x01, 0x00, 0x00, 0xF0, 0x0A, 0x41, 0x10,
    0x42, 0x12, 0x40, 0x01, 0x35, 0x00, 0x0A, 0xF7, 0x00, 0xFF, 0x21, 0x01, 0x00, 0x00, 0xF0, 0x0A,
    0x41, 0x10, 0x42, 0x12, 0x40, 0x01, 0x38, 0x02, 0x05, 0xF7, 0x00, 0xFF, 0x21, 0x01, 0x00, 0x00,
    0xF0, 0x0A, 0x41, 0x10, 0x42, 0x12, 0x40, 0x01, 0x3A, 0x50, 0x35, 0xF7, 0x00, 0xFF, 0x21, 0x01,
    0x00, 0x00, 0xF0, 0x0A, 0x41, 0x10, 0x42, 0x12, 0x40, 0x01, 0x3B, 0x1E, 0x66, 0xF7, 0x00, 0xFF,
    0x21, 0x01, 0x00, 0x00, 0xF0, 0x0A, 0x41, 0x10, 0x42, 0x12, 0x40, 0x01, 0x3D, 0x05, 0x7D, 0xF7,
    0x00, 0xFF, 0x21, 0x01, 0x00, 0x00, 0xF0, 0x0A, 0x41, 0x10, 0x42, 0x12, 0x40, 0x01, 0x3E, 0x14,
    0x6D, 0xF7, 0x00, 0xFF, 0x21, 0x01, 0x00, 0x00, 0xF0, 0x0A, 0x41, 0x10, 0x42, 0x12, 0x40, 0x01,
    0x3F, 0x1E, 0x62, 0xF7, 0x00, 0xFF, 0x21, 0x01, 0x01, 0x00, 0xF0, 0x0A, 0x41, 0x10, 0x42, 0x12,
    0x40, 0x1A, 0x15, 0x02, 0x0F, 0xF7, 0x00, 0xFF, 0x21, 0x01, 0x00, 0x00, 0xFF, 0x58, 0x04, 0x04,
    0x02, 0x18, 0x08, 0x00, 0xFF, 0x59, 0x02, 0x00, 0x00, 0x00, 0xFF, 0x51, 0x03, 0x03, 0xA9, 0x80,
    0x83, 0x56, 0xFF, 0x51, 0x03, 0x0D, 0x76, 0xB1, 0x81, 0xE1, 0x0A, 0xFF, 0x51, 0x03, 0x10, 0x59,
    0x45, 0x87, 0x40, 0xFF, 0x51, 0x03, 0x0E, 0x15, 0xC5, 0x87, 0x40, 0xFF, 0x51, 0x03, 0x0D, 0x14,
    0x37, 0x38, 0xFF, 0x51, 0x03, 0x0D, 0x44, 0xBD, 0x38, 0xFF, 0x51, 0x03, 0x0D, 0x76, 0xB1, 0x39,
    0xFF, 0x51, 0x03, 0x0D, 0xAA, 0x22, 0x38, 0xFF, 0x51, 0x03, 0x0D, 0xDF, 0x23, 0x39, 0xFF, 0x51,
    0x03, 0x0E, 0x15, 0xC5, 0x38, 0xFF, 0x51, 0x03, 0x0E, 0x4E, 0x1C, 0x38, 0xFF, 0x51, 0x03, 0x0F,
    0x02, 0x37, 0x39, 0xFF, 0x51, 0x03, 0x0F, 0x42, 0x40, 0x38, 0xFF, 0x51, 0x03, 0x0F, 0x84, 0x75,
    0x39, 0xFF, 0x51, 0x03, 0x0F, 0xC8, 0xF3, 0x38, 0xFF, 0x51, 0x03, 0x10, 0x0F, 0xD8, 0x38, 0xFF,
    0x51, 0x03, 0x10, 0x59, 0x45, 0x39, 0xFF, 0x51, 0x03, 0x11, 0x46, 0x2B, 0x38, 0xFF, 0x51, 0x03,
    0x11, 0x9B, 0x36, 0x39, 0xFF, 0x51, 0x03, 0x11, 0x9B, 0x36, 0x38, 0xFF, 0x51, 0x03, 0x16, 0x54,
    0x77, 0x39, 0xFF, 0x51, 0x03, 0x17, 0x79, 0x9E, 0x00, 0xFF, 0x2F, 0x00, 0x4D, 0x54, 0x72, 0x6B,
    0x00, 0x00, 0x00, 0x68, 0x00, 0xFF, 0x21, 0x01, 0x0C, 0x00, 0xFF, 0x03, 0x0E, 0x45, 0x66, 0x66,
    0x65, 0x63, 0x74, 0x20, 0x43, 0x6F, 0x6E, 0x74, 0x72, 0x6F, 0x6C, 0x01, 0xB3, 0x29, 0x04, 0x02,
    0x2A, 0x04, 0x02, 0x2B, 0x00, 0x02, 0x2C, 0x72, 0x02, 0x2D, 0x48, 0x02, 0x2E, 0x00, 0x02, 0x2F,
    0x00, 0x02, 0xE3, 0x00, 0x40, 0x02, 0xB3, 0x63, 0x38, 0x02, 0x62, 0x29, 0x02, 0x06, 0x7F, 0x02,
    0x63, 0x38, 0x02, 0x62, 0x31, 0x02, 0x06, 0x7F, 0x02, 0x63, 0x38, 0x02, 0x62, 0x28, 0x02, 0x06,
    0x7F, 0x02, 0x63, 0x38, 0x02, 0x62, 0x30, 0x02, 0x06, 0x7F, 0x02, 0xE3, 0x00, 0x40, 0x02, 0xB3,
    0x63, 0x37, 0x02, 0x62, 0x56, 0x02, 0x06, 0x00, 0x00, 0xFF, 0x2F, 0x00, 0x4D, 0x54, 0x72, 0x6B,
    0x00, 0x00, 0x00, 0xAA, 0x00, 0xFF, 0x21, 0x01, 0x0D, 0x00, 0xFF, 0x03, 0x0C, 0x50, 0x6F, 0x72,
    0x74, 0x20, 0x43, 0x6F, 0x6E, 0x74, 0x72, 0x6F, 0x6C, 0x01, 0xB3, 0x63, 0x38, 0x02, 0x62, 0x00,
    0x02, 0x06, 0x01, 0x02, 0x63, 0x38, 0x02, 0x62, 0x01, 0x02, 0x06, 0x2D, 0x02, 0x63, 0x38, 0x02,
    0x62, 0x02, 0x02, 0x06, 0x01, 0x02, 0x63, 0x38, 0x02, 0x62, 0x03, 0x02, 0x06, 0x01, 0x02, 0x63,
    0x38, 0x02, 0x62, 0x04, 0x02, 0x06, 0x01, 0x02, 0x63, 0x38, 0x02, 0x62, 0x05, 0x02, 0x06, 0x01,
    0x02, 0x63, 0x38, 0x02, 0x62, 0x06, 0x02, 0x06, 0x01, 0x02, 0x63, 0x38, 0x02, 0x62, 0x07, 0x02,
    0x06, 0x01, 0x02, 0x63, 0x38, 0x02, 0x62, 0x08, 0x02, 0x06, 0x01, 0x02, 0x63, 0x38, 0x02, 0x62,
    0x09, 0x02, 0x06, 0x01, 0x02, 0x63, 0x38, 0x02, 0x62, 0x0A, 0x02, 0x06, 0x01, 0x02, 0x63, 0x38,
    0x02, 0x62, 0x0B, 0x02, 0x06, 0x01, 0x02, 0x63, 0x38, 0x02, 0x62, 0x0C, 0x02, 0x06, 0x01, 0x02,
    0x63, 0x38, 0x02, 0x62, 0x0D, 0x02, 0x06, 0x01, 0x02, 0x63, 0x38, 0x02, 0x62, 0x0E, 0x02, 0x06,
    0x01, 0x02, 0x63, 0x38, 0x02, 0x62, 0x0F, 0x02, 0x06, 0x01, 0x00, 0xFF, 0x2F, 0x00, 0x4D, 0x54,
    0x72, 0x6B, 0x00, 0x00, 0x04, 0x89, 0x00, 0xFF, 0x21, 0x01, 0x00, 0x00, 0xFF, 0x03, 0x06, 0x33,
    0x33, 0x2F, 0x43, 0x4A, 0x59, 0x00, 0xB1, 0x07, 0x64, 0x00, 0x0A, 0x40, 0x01, 0x79, 0x00, 0x01,
    0x20, 0x00, 0x01, 0x00, 0x00, 0x01, 0x0B, 0x64, 0x01, 0xC1, 0x21, 0x01, 0xB1, 0x5B, 0x00, 0x01,
    0x5D, 0x0A, 0x01, 0x65, 0x00, 0x01, 0x64, 0x00, 0x01, 0x06, 0x0C, 0xBF, 0x56, 0x91, 0x28, 0x65,
    0x83, 0x5C, 0x28, 0x00, 0x04, 0x28, 0x66, 0x83, 0x5E, 0x28, 0x00, 0x02, 0x21, 0x66, 0x81, 0x13,
    0x21, 0x00, 0x21, 0x21, 0x67, 0x2F, 0x21, 0x00, 0x0D, 0x21, 0x65, 0x6E, 0x21, 0x00, 0x0A, 0x21,
    0x68, 0x75, 0x21, 0x00, 0x03, 0x21, 0x67, 0x81, 0x1F, 0x21, 0x00, 0x15, 0x21, 0x68, 0x28, 0x21,
    0x00, 0x14, 0x21, 0x69, 0x71, 0x21, 0x00, 0x06, 0xE1, 0x2F, 0x51, 0x01, 0x91, 0x1C, 0x66, 0x00,
    0xE1, 0x4F, 0x6E, 0x03, 0x7F, 0x7F, 0x57, 0x4F, 0x6E, 0x04, 0x00, 0x40, 0x12, 0x91, 0x1C, 0x00,
    0x08, 0x21, 0x68, 0x81, 0x25, 0x21, 0x00, 0x0F, 0x21, 0x68, 0x27, 0x21, 0x00, 0x15, 0x21, 0x66,
    0x81, 0x5D, 0x21, 0x00, 0x13, 0x21, 0x66, 0x81, 0x27, 0x21, 0x00, 0x0D, 0x21, 0x67, 0x2A, 0x21,
    0x00, 0x12, 0x21, 0x69, 0x81, 0x62, 0x21, 0x00, 0x0E, 0x1A, 0x68, 0x81, 0x19, 0x1A, 0x00, 0x1B,
    0x1A, 0x65, 0x29, 0x1A, 0x00, 0x13, 0x1A, 0x65, 0x81, 0x55, 0x1A, 0x00, 0x1B, 0x1C, 0x66, 0x81,
    0x1D, 0x1C, 0x00, 0x17, 0x1C, 0x67, 0x32, 0x1C, 0x00, 0x0A, 0x1C, 0x67, 0x56, 0x1C, 0x00, 0x04,
    0x23, 0x66, 0x1C, 0x23, 0x00, 0x02, 0x28, 0x66, 0x39, 0x28, 0x00, 0x03, 0x1C, 0x68, 0x36, 0x1C,
    0x00, 0x06, 0x21, 0x66, 0x81, 0x1C, 0x21, 0x00, 0x18, 0x21, 0x66, 0x2A, 0x21, 0x00, 0x12, 0x21,
    0x67, 0x81, 0x4F, 0x21, 0x00, 0x21, 0x21, 0x69, 0x81, 0x17, 0x21, 0x00, 0x1D, 0x21, 0x69, 0x2F,
    0x21, 0x00, 0x0D, 0x21, 0x67, 0x81, 0x13, 0x21, 0x00, 0x03, 0x1C, 0x69, 0x10, 0x1C, 0x00, 0x0E,
    0x1C, 0x69, 0x0C, 0x1C, 0x00, 0x12, 0x1C, 0x66, 0x1B, 0x1C, 0x00, 0x03, 0x1A, 0x68, 0x81, 0x23,
    0x1A, 0x00, 0x11, 0x1A, 0x68, 0x2F, 0x1A, 0x00, 0x0D, 0x1A, 0x66, 0x81, 0x32, 0x1A, 0x00, 0x02,
    0x1E, 0x66, 0x34, 0x1E, 0x00, 0x08, 0x21, 0x68, 0x81, 0x21, 0x21, 0x00, 0x13, 0x1C, 0x67, 0x2E,
    0x1C, 0x00, 0x0E, 0x1C, 0x65, 0x46, 0x1C, 0x00, 0x14, 0x1C, 0x67, 0x10, 0x1C, 0x00, 0x0E, 0x1C,
    0x66, 0x63, 0x1C, 0x00, 0x15, 0x23, 0x66, 0x1C, 0x23, 0x00, 0x02, 0x1E, 0x69, 0x1B, 0x1E, 0x00,
    0x03, 0x23, 0x65, 0x6A, 0x23, 0x00, 0x0E, 0x23, 0x69, 0x81, 0x21, 0x23, 0x00, 0x13, 0x21, 0x68,
    0x6C, 0x21, 0x00, 0x0C, 0x23, 0x69, 0x81, 0x1B, 0x23, 0x00, 0x19, 0x23, 0x65, 0x2B, 0x23, 0x00,
    0x11, 0x23, 0x67, 0x81, 0x5B, 0x23, 0x00, 0x15, 0x23, 0x67, 0x1B, 0x23, 0x00, 0x03, 0x1E, 0x67,
    0x1C, 0x1E, 0x00, 0x02, 0x23, 0x66, 0x67, 0x23, 0x00, 0x11, 0x23, 0x68, 0x81, 0x31, 0x23, 0x00,
    0x03, 0x21, 0x65, 0x68, 0x21, 0x00, 0x10, 0x23, 0x69, 0x81, 0x21, 0x23, 0x00, 0x13, 0x23, 0x66,
    0x2B, 0x23, 0x00, 0x11, 0x23, 0x69, 0x81, 0x08, 0x23, 0x00, 0x0E, 0x1E, 0x67, 0x1C, 0x1E, 0x00,
    0x02, 0x23, 0x66, 0x38, 0x23, 0x00, 0x04, 0x21, 0x65, 0x81, 0x15, 0x21, 0x00, 0x1F, 0x21, 0x66,
    0x2D, 0x21, 0x00, 0x0F, 0x21, 0x66, 0x81, 0x02, 0x21, 0x00, 0x14, 0x21, 0x69, 0x1B, 0x21, 0x00,
    0x03, 0x23, 0x68, 0x39, 0x23, 0x00, 0x03, 0x1C, 0x66, 0x81, 0x1E, 0x1C, 0x00, 0x16, 0x1C, 0x68,
    0x2B, 0x1C, 0x00, 0x11, 0x1C, 0x67, 0x81, 0x1E, 0x1C, 0x00, 0x16, 0x1C, 0x69, 0x3B, 0x1C, 0x00,
    0x01, 0x21, 0x66, 0x81, 0x1C, 0x21, 0x00, 0x18, 0x21, 0x68, 0x30, 0x21, 0x00, 0x0C, 0x21, 0x69,
    0x81, 0x51, 0x21, 0x00, 0x1F, 0x21, 0x66, 0x81, 0x24, 0x21, 0x00, 0x10, 0x21, 0x65, 0x2C, 0x21,
    0x00, 0x10, 0x21, 0x67, 0x65, 0x21, 0x00, 0x13, 0x15, 0x68, 0x65, 0x15, 0x00, 0x13, 0x1F, 0x67,
    0x81, 0x16, 0x1F, 0x00, 0x1E, 0x1F, 0x66, 0x26, 0x1F, 0x00, 0x16, 0x1F, 0x65, 0x81, 0x49, 0x1F,
    0x00, 0x27, 0x18, 0x66, 0x81, 0x22, 0x18, 0x00, 0x12, 0x18, 0x69, 0x2E, 0x18, 0x00, 0x0E, 0x18,
    0x65, 0x81, 0x26, 0x18, 0x00, 0x0E, 0x1C, 0x67, 0x37, 0x1C, 0x00, 0x05, 0x1F, 0x68, 0x81, 0x1C,
    0x1F, 0x00, 0x18, 0x1F, 0x66, 0x2C, 0x1F, 0x00, 0x10, 0x1F, 0x66, 0x81, 0x1F, 0x1F, 0x00, 0x15,
    0x23, 0x68, 0x33, 0x23, 0x00, 0x09, 0x1A, 0x67, 0x81, 0x1A, 0x1A, 0x00, 0x1A, 0x1A, 0x67, 0x2C,
    0x1A, 0x00, 0x10, 0x1A, 0x69, 0x81, 0x4E, 0x1A, 0x00, 0x22, 0x21, 0x68, 0x81, 0x1D, 0x21, 0x00,
    0x17, 0x21, 0x67, 0x2E, 0x21, 0x00, 0x0E, 0x21, 0x67, 0x70, 0x21, 0x00, 0x08, 0x25, 0x67, 0x3A,
    0x25, 0x00, 0x02, 0x28, 0x68, 0x2F, 0x28, 0x00, 0x0D, 0x1C, 0x67, 0x81, 0x14, 0x1C, 0x00, 0x20,
    0x1C, 0x67, 0x3B, 0x1C, 0x00, 0x01, 0x28, 0x65, 0x17, 0x28, 0x00, 0x07, 0x23, 0x65, 0x1C, 0x23,
    0x00, 0x02, 0x1E, 0x69, 0x1B, 0x1E, 0x00, 0x03, 0x20, 0x68, 0x3A, 0x20, 0x00, 0x02, 0x21, 0x66,
    0x1A, 0x21, 0x00, 0x04, 0x23, 0x68, 0x1A, 0x23, 0x00, 0x04, 0x25, 0x67, 0x1D, 0x25, 0x00, 0x01,
    0x23, 0x67, 0x81, 0x17, 0x23, 0x00, 0x1D, 0x23, 0x67, 0x27, 0x23, 0x00, 0x15, 0x23, 0x66, 0x0E,
    0x23, 0x00, 0x10, 0x23, 0x69, 0x25, 0x23, 0x00, 0x17, 0x23, 0x69, 0x0B, 0x23, 0x00, 0x13, 0x23,
    0x68, 0x67, 0x23, 0x00, 0x11, 0x1C, 0x68, 0x81, 0x26, 0x1C, 0x00, 0x0E, 0x28, 0x67, 0x82, 0x55,
    0x28, 0x00, 0x83, 0x37, 0x1A, 0x69, 0x81, 0x1F, 0x1A, 0x00, 0x15, 0x1A, 0x65, 0x26, 0x1A, 0x00,
    0x16, 0x1A, 0x69, 0x81, 0x55, 0x1A, 0x00, 0x1B, 0x1A, 0x68, 0x81, 0x17, 0x1A, 0x00, 0x1D, 0x1A,
    0x66, 0x2C, 0x1A, 0x00, 0x10, 0x1A, 0x69, 0x81, 0x2B, 0x1A, 0x00, 0x09, 0x21, 0x65, 0x33, 0x21,
    0x00, 0x09, 0x21, 0x69, 0x81, 0x20, 0x21, 0x00, 0x14, 0x21, 0x65, 0x2A, 0x21, 0x00, 0x12, 0x21,
    0x66, 0x81, 0x26, 0x21, 0x00, 0x0E, 0x1C, 0x66, 0x36, 0x1C, 0x00, 0x06, 0x21, 0x65, 0x81, 0x1B,
    0x21, 0x00, 0x19, 0x21, 0x66, 0x2A, 0x21, 0x00, 0x12, 0x21, 0x66, 0x81, 0x49, 0x21, 0x00, 0x27,
    0x1A, 0x66, 0x81, 0x1F, 0x1A, 0x00, 0x15, 0x1A, 0x69, 0x24, 0x1A, 0x00, 0x18, 0x1A, 0x69, 0x81,
    0x57, 0x1A, 0x00, 0x19, 0x1A, 0x69, 0x81, 0x1B, 0x1A, 0x00, 0x19, 0x1A, 0x67, 0x26, 0x1A, 0x00,
    0x16, 0x1A, 0x66, 0x81, 0x5C, 0x1A, 0x00, 0x14, 0x21, 0x67, 0x81, 0x25, 0x21, 0x00, 0x0F, 0x21,
    0x67, 0x2D, 0x21, 0x00, 0x0F, 0x21, 0x67, 0x81, 0x23, 0x21, 0x00, 0x11, 0x1C, 0x65, 0x3A, 0x1C,
    0x00, 0x02, 0x21, 0x67, 0x81, 0x26, 0x21, 0x00, 0x0E, 0x1C, 0x69, 0x33, 0x1C, 0x00, 0x09, 0x21,
    0x68, 0x6E, 0x21, 0x00, 0x0A, 0x21, 0x66, 0x70, 0x21, 0x00, 0x08, 0x23, 0x66, 0x81, 0x1B, 0x23,
    0x00, 0x19, 0x23, 0x65, 0x2E, 0x23, 0x00, 0x0E, 0x23, 0x68, 0x81, 0x12, 0x23, 0x00, 0x04, 0x1E,
    0x69, 0x1A, 0x1E, 0x00, 0x04, 0x23, 0x65, 0x35, 0x23, 0x00, 0x07, 0x1C, 0x69, 0x81, 0x22, 0x1C,
    0x00, 0x12, 0x1C, 0x66, 0x2B, 0x1C, 0x00, 0x11, 0x1C, 0x66, 0x81, 0x53, 0x1C, 0x00, 0x1D, 0x23,
    0x69, 0x81, 0x24, 0x23, 0x00, 0x10, 0x1E, 0x69, 0x37, 0x1E, 0x00, 0x05, 0x23, 0x69, 0x81, 0x05,
    0x23, 0x00, 0x11, 0x1E, 0x69, 0x1B, 0x1E, 0x00, 0x03, 0x23, 0x69, 0x37, 0x23, 0x00, 0x05, 0x1C,
    0x68, 0x81, 0x23, 0x1C, 0x00, 0x11, 0x1C, 0x66, 0x2A, 0x1C, 0x00, 0x12, 0x1C, 0x66, 0x81, 0x53,
    0x1C, 0x00, 0x1D, 0x21, 0x67, 0x81, 0x1B, 0x21, 0x00, 0x19, 0x21, 0x67, 0x24, 0x21, 0x00, 0x18,
    0x21, 0x65, 0x81, 0x16, 0x21, 0x00, 0x1E, 0x1C, 0x67, 0x27, 0x1C, 0x00, 0x15, 0x1C, 0x65, 0x81,
    0x1C, 0x1C, 0x00, 0x18, 0x1C, 0x66, 0x2D, 0x1C, 0x00, 0x0F, 0x1C, 0x68, 0x81, 0x5A, 0x1C, 0x00,
    0x16, 0x1A, 0x67, 0x81, 0x1B, 0x1A, 0x00, 0x19, 0x1A, 0x65, 0x2A, 0x1A, 0x00, 0x12, 0x1A, 0x66,
    0x81, 0x64, 0x1A, 0x00, 0x0C, 0x1A, 0x69, 0x84, 0x43, 0x1A, 0x00, 0x00, 0xFF, 0x2F, 0x00, 0x4D,
    0x54, 0x72, 0x6B, 0x00, 0x00, 0x11, 0x4C, 0x00, 0xFF, 0x21, 0x01, 0x00, 0x00, 0xFF, 0x03, 0x01,
    0x31, 0x00, 0xB2, 0x07, 0x5F, 0x00, 0x0A, 0x2C, 0x01, 0x79, 0x00, 0x01, 0x20, 0x00, 0x01, 0x00,
    0x00, 0x01, 0x0B, 0x64, 0x01, 0xC2, 0x01, 0x01, 0xB2, 0x5B, 0x3C, 0x01, 0x5D, 0x0A, 0x01, 0x63,
    0x01, 0x01, 0x62, 0x20, 0x01, 0x06, 0x3E, 0x83, 0x56, 0x92, 0x39, 0x6D, 0x00, 0x45, 0x6D, 0x00,
    0x49, 0x6D, 0x01, 0xB2, 0x40, 0x7F, 0x30, 0x92, 0x45, 0x00, 0x0B, 0x40, 0x56, 0x3C, 0x40, 0x00,
    0x00, 0x45, 0x6A, 0x34, 0x45, 0x00, 0x08, 0x40, 0x5C, 0x39, 0x40, 0x00, 0x03, 0x45, 0x65, 0x34,
    0x45, 0x00, 0x08, 0x40, 0x5B, 0x19, 0x40, 0x00, 0x0D, 0x49, 0x00, 0x08, 0x39, 0x00, 0x0D, 0xB2,
    0x40, 0x7F, 0x01, 0x92, 0x39, 0x6E, 0x00, 0x45, 0x6E, 0x00, 0x4A, 0x6E, 0x1E, 0x4A, 0x00, 0x00,
    0x4C, 0x70, 0x0E, 0x45, 0x00, 0x07, 0x4C, 0x00, 0x09, 0x4A, 0x70, 0x00, 0x45, 0x70, 0x1E, 0x4A,
    0x00, 0x00, 0x49, 0x71, 0x16, 0x39, 0x00, 0x01, 0x45, 0x00, 0x01, 0x49, 0x00, 0x05, 0xB2, 0x40,
    0x00, 0x01, 0x92, 0x39, 0x6E, 0x00, 0x47, 0x6B, 0x1A, 0xB2, 0x40, 0x7F, 0x22, 0x92, 0x40, 0x5C,
    0x39, 0x40, 0x00, 0x03, 0x44, 0x68, 0x30, 0x44, 0x00, 0x0C, 0x40, 0x59, 0x3C, 0x40, 0x00, 0x00,
    0x44, 0x68, 0x38, 0x44, 0x00, 0x00, 0x47, 0x00, 0x04, 0x40, 0x59, 0x21, 0x40, 0x00, 0x1B, 0x44,
    0x66, 0x00, 0x47, 0x66, 0x1C, 0x47, 0x00, 0x02, 0x4C, 0x6F, 0x0F, 0x4C, 0x00, 0x0B, 0x44, 0x00,
    0x04, 0x4C, 0x6F, 0x1E, 0x45, 0x6F, 0x01, 0x4C, 0x00, 0x15, 0x39, 0x00, 0x02, 0x45, 0x00, 0x05,
    0xB2, 0x40, 0x00, 0x01, 0x92, 0x42, 0x66, 0x00, 0x39, 0x66, 0x00, 0x45, 0x66, 0x07, 0xB2, 0x40,
    0x7F, 0x2C, 0x92, 0x42, 0x00, 0x09, 0x3E, 0x56, 0x34, 0x3E, 0x00, 0x08, 0x42, 0x6A, 0x33, 0x42,
    0x00, 0x09, 0x3E, 0x5C, 0x33, 0x3E, 0x00, 0x09, 0x42, 0x65, 0x2D, 0x42, 0x00, 0x0F, 0x3E, 0x5B,
    0x17, 0x3E, 0x00, 0x06, 0x45, 0x00, 0x1E, 0xB2, 0x40, 0x7F, 0x01, 0x92, 0x45, 0x6E, 0x00, 0x42,
    0x6E, 0x0B, 0xB2, 0x40, 0x00, 0x13, 0x92, 0x47, 0x68, 0x12, 0x45, 0x00, 0x0C, 0x49, 0x68, 0x12,
    0x47, 0x00, 0x0C, 0x45, 0x68, 0x0F, 0x39, 0x00, 0x01, 0x45, 0x00, 0x02, 0x42, 0x00, 0x04, 0x49,
    0x00, 0x07, 0xB2, 0x40, 0x00, 0x01, 0x92, 0x47, 0x68, 0x00, 0x40, 0x68, 0x00, 0x44, 0x68, 0x1D,
    0xB2, 0x40, 0x7F, 0x1F, 0x92, 0x39, 0x5C, 0x35, 0x39, 0x00, 0x07, 0x3B, 0x68, 0x35, 0x3B, 0x00,
    0x07, 0x39, 0x59, 0x2D, 0x40, 0x00, 0x08, 0x39, 0x00, 0x07, 0x34, 0x5E, 0x00, 0x3B, 0x68, 0x81,
    0x4A, 0x47, 0x00, 0x03, 0x44, 0x00, 0x05, 0x3B, 0x00, 0x02, 0x34, 0x00, 0x1B, 0xB2, 0x40, 0x00,
    0x01, 0x92, 0x3D, 0x63, 0x00, 0x2D, 0x58, 0x00, 0x39, 0x63, 0x05, 0xB2, 0x40, 0x7F, 0x2D, 0x92,
    0x3D, 0x00, 0x03, 0x39, 0x00, 0x07, 0x34, 0x45, 0x3C, 0x39, 0x63, 0x00, 0x3D, 0x63, 0x08, 0x34,
    0x00, 0x25, 0x39, 0x00, 0x02, 0x3D, 0x00, 0x0D, 0x34, 0x4B, 0x3C, 0x3D, 0x5E, 0x00, 0x39, 0x5E,
    0x06, 0x34, 0x00, 0x2D, 0x3D, 0x00, 0x02, 0x39, 0x00, 0x07, 0x34, 0x4A, 0x31, 0x34, 0x00, 0x0B,
    0x3E, 0x67, 0x15, 0x2D, 0x00, 0x07, 0x3E, 0x00, 0x02, 0x40, 0x68, 0x1E, 0x3E, 0x68, 0x04, 0x40,
    0x00, 0x1A, 0x3E, 0x00, 0x00, 0x3D, 0x68, 0x17, 0x3D, 0x00, 0x06, 0xB2, 0x40, 0x00, 0x01, 0x92,
    0x38, 0x63, 0x00, 0x3B, 0x63, 0x00, 0x2D, 0x59, 0x15, 0xB2, 0x40, 0x7F, 0x20, 0x92, 0x3B, 0x00,
    0x00, 0x38, 0x00, 0x07, 0x34, 0x4B, 0x3C, 0x38, 0x61, 0x00, 0x3B, 0x61, 0x05, 0x34, 0x00, 0x31,
    0x3B, 0x00, 0x00, 0x38, 0x00, 0x06, 0x34, 0x48, 0x3B, 0x34, 0x00, 0x01, 0x38, 0x61, 0x00, 0x3B,
    0x61, 0x30, 0x3B, 0x00, 0x07, 0x38, 0x00, 0x05, 0x34, 0x48, 0x25, 0x34, 0x00, 0x17, 0x34, 0x55,
    0x00, 0x3B, 0x5F, 0x1B, 0x3B, 0x00, 0x03, 0x40, 0x68, 0x04, 0x34, 0x00, 0x0E, 0x40, 0x00, 0x0C,
    0x40, 0x68, 0x1E, 0x3B, 0x67, 0x02, 0x40, 0x00, 0x15, 0x2D, 0x00, 0x02, 0x3B, 0x00, 0x04, 0xB2,
    0x40, 0x00, 0x01, 0x92, 0x2D, 0x59, 0x00, 0x36, 0x63, 0x00, 0x39, 0x63, 0x0F, 0xB2, 0x40, 0x7F,
    0x20, 0x92, 0x39, 0x00, 0x02, 0x36, 0x00, 0x0B, 0x32, 0x45, 0x3C, 0x36, 0x63, 0x00, 0x39, 0x63,
    0x02, 0x32, 0x00, 0x2A, 0x36, 0x00, 0x02, 0x39, 0x00, 0x0E, 0x32, 0x4B, 0x35, 0x32, 0x00, 0x07,
    0x36, 0x5E, 0x00, 0x39, 0x5E, 0x31, 0x36, 0x00, 0x07, 0x39, 0x00, 0x3F, 0xB2, 0x40, 0x00, 0x01,
    0x92, 0x36, 0x67, 0x00, 0x3D, 0x67, 0x01, 0xB2, 0x40, 0x7F, 0x1F, 0x92, 0x2D, 0x00, 0x0F, 0x36,
    0x00, 0x0A, 0x3D, 0x00, 0x03, 0x39, 0x52, 0x26, 0x39, 0x00, 0x15, 0xB2, 0x40, 0x00, 0x01, 0x92,
    0x3B, 0x63, 0x00, 0x38, 0x63, 0x00, 0x2D, 0x59, 0x1E, 0xB2, 0x40, 0x7F, 0x16, 0x92, 0x3B, 0x00,
    0x02, 0x38, 0x00, 0x06, 0x34, 0x4B, 0x37, 0x34, 0x00, 0x05, 0x38, 0x61, 0x00, 0x3B, 0x61, 0x2F,
    0x3B, 0x00, 0x00, 0x38, 0x00, 0x0D, 0x34, 0x48, 0x3A, 0x34, 0x00, 0x02, 0x38, 0x61, 0x00, 0x3B,
    0x61, 0x2D, 0x2D, 0x00, 0x3D, 0x38, 0x00, 0x03, 0x3B, 0x00, 0x0B, 0x38, 0x5F, 0x00, 0x3D, 0x5F,
    0x2E, 0x38, 0x00, 0x08, 0x3D, 0x00, 0x24, 0x3E, 0x63, 0x0B, 0x3E, 0x00, 0x12, 0xB2, 0x40, 0x00,
    0x01, 0x92, 0x2D, 0x59, 0x00, 0x39, 0x62, 0x00, 0x3D, 0x63, 0x14, 0xB2, 0x40, 0x7F, 0x19, 0x92,
    0x3D, 0x00, 0x02, 0x39, 0x00, 0x0D, 0x34, 0x53, 0x35, 0x34, 0x00, 0x07, 0x39, 0x63, 0x00, 0x3D,
    0x63, 0x27, 0x39, 0x00, 0x04, 0x3D, 0x00, 0x11, 0x34, 0x55, 0x3C, 0x39, 0x5E, 0x00, 0x3D, 0x5E,
    0x07, 0x34, 0x00, 0x2D, 0x3D, 0x00, 0x01, 0x39, 0x00, 0x07, 0x34, 0x4A, 0x07, 0x34, 0x00, 0x35,
    0x3E, 0x67, 0x00, 0x39, 0x67, 0x1C, 0x3E, 0x00, 0x01, 0x39, 0x00, 0x01, 0x40, 0x65, 0x0F, 0x2D,
    0x00, 0x0E, 0x40, 0x00, 0x01, 0x3E, 0x65, 0x14, 0x3E, 0x00, 0x0A, 0x3D, 0x65, 0x07, 0x3D, 0x00,
    0x16, 0xB2, 0x40, 0x00, 0x01, 0x92, 0x3B, 0x63, 0x00, 0x38, 0x63, 0x00, 0x2D, 0x5A, 0x04, 0xB2,
    0x40, 0x7F, 0x30, 0x92, 0x38, 0x00, 0x01, 0x3B, 0x00, 0x07, 0x34, 0x4B, 0x3B, 0x34, 0x00, 0x01,
    0x38, 0x61, 0x00, 0x3B, 0x61, 0x30, 0x38, 0x00, 0x03, 0x3B, 0x00, 0x09, 0x34, 0x48, 0x3C, 0x3B,
    0x61, 0x00, 0x38, 0x61, 0x05, 0x34, 0x00, 0x2D, 0x38, 0x00, 0x01, 0x3B, 0x00, 0x09, 0x34, 0x48,
    0x25, 0x34, 0x00, 0x17, 0x3B, 0x5F, 0x1B, 0x3B, 0x00, 0x03, 0x40, 0x62, 0x09, 0x40, 0x00, 0x15,
    0x40, 0x62, 0x1D, 0x40, 0x00, 0x01, 0x39, 0x62, 0x0A, 0x2D, 0x00, 0x05, 0x39, 0x00, 0x0E, 0xB2,
    0x40, 0x00, 0x01, 0x92, 0x36, 0x63, 0x00, 0x39, 0x63, 0x00, 0x2D, 0x59, 0x17, 0xB2, 0x40, 0x7F,
    0x21, 0x92, 0x39, 0x00, 0x01, 0x36, 0x00, 0x03, 0x32, 0x45, 0x3C, 0x36, 0x63, 0x00, 0x39, 0x63,
    0x04, 0x32, 0x00, 0x2B, 0x39, 0x00, 0x02, 0x36, 0x00, 0x0B, 0x32, 0x4B, 0x3C, 0x39, 0x5E, 0x00,
    0x36, 0x5E, 0x01, 0x32, 0x00, 0x28, 0x36, 0x00, 0x06, 0x39, 0x00, 0x07, 0x2D, 0x00, 0x42, 0x36,
    0x63, 0x00, 0x42, 0x62, 0x00, 0x32, 0x59, 0x37, 0x42, 0x00, 0x05, 0x3E, 0x52, 0x0A, 0x36, 0x00,
    0x05, 0x32, 0x00, 0x09, 0x3E, 0x00, 0x23, 0xB2, 0x40, 0x00, 0x01, 0x92, 0x39, 0x65, 0x00, 0x3D,
    0x64, 0x00, 0x2D, 0x5A, 0x17, 0xB2, 0x40, 0x7F, 0x1C, 0x92, 0x3D, 0x00, 0x02, 0x39, 0x00, 0x07,
    0x34, 0x4B, 0x3C, 0x39, 0x61, 0x00, 0x3D, 0x61, 0x02, 0x34, 0x00, 0x2E, 0x39, 0x00, 0x01, 0x3D,
    0x00, 0x0B, 0x34, 0x48, 0x01, 0x2D, 0x00, 0x3A, 0xB2, 0x40, 0x00, 0x01, 0x92, 0x38, 0x61, 0x00,
    0x3B, 0x61, 0x30, 0x34, 0x00, 0x01, 0x38, 0x00, 0x00, 0xB2, 0x40, 0x7F, 0x0B, 0x92, 0x34, 0x48,
    0x39, 0x34, 0x00, 0x03, 0x3B, 0x5F, 0x00, 0x38, 0x5F, 0x3C, 0x49, 0x5F, 0x05, 0x38, 0x00, 0x01,
    0x3B, 0x00, 0x01, 0x3B, 0x00, 0x16, 0x49, 0x00, 0x1E, 0xB2, 0x40, 0x00, 0x01, 0x92, 0x42, 0x66,
    0x00, 0x4A, 0x66, 0x00, 0x2F, 0x5C, 0x12, 0xB2, 0x40, 0x7F, 0x21, 0x92, 0x2F, 0x00, 0x03, 0x4A,
    0x00, 0x01, 0x42, 0x00, 0x05, 0x36, 0x4F, 0x32, 0x36, 0x00, 0x0A, 0x4A, 0x63, 0x00, 0x42, 0x63,
    0x00, 0x3B, 0x63, 0x08, 0x3B, 0x00, 0x29, 0x42, 0x00, 0x03, 0x4A, 0x00, 0x08, 0x3D, 0x55, 0x36,
    0x3D, 0x00, 0x05, 0xB2, 0x40, 0x00, 0x01, 0x92, 0x3E, 0x5E, 0x00, 0x4A, 0x5E, 0x00, 0x42, 0x5E,
    0x19, 0xB2, 0x40, 0x7F, 0x1F, 0x92, 0x3E, 0x00, 0x02, 0x4A, 0x00, 0x01, 0x42, 0x00, 0x01, 0x4E,
    0x54, 0x0C, 0x4E, 0x00, 0x30, 0x4C, 0x67, 0x00, 0x3D, 0x67, 0x00, 0x40, 0x67, 0x3C, 0x4C, 0x00,
    0x00, 0x49, 0x52, 0x09, 0x40, 0x00, 0x06, 0x49, 0x00, 0x06, 0x3D, 0x00, 0x26, 0xB2, 0x40, 0x00,
    0x01, 0x92, 0x47, 0x68, 0x00, 0x42, 0x68, 0x00, 0x3B, 0x68, 0x00, 0x3E, 0x68, 0x19, 0xB2, 0x40,
    0x7F, 0x5E, 0x92, 0x3B, 0x00, 0x0E, 0x3E, 0x00, 0x00, 0x42, 0x00, 0x02, 0x47, 0x00, 0x68, 0xB2,
    0x40, 0x00, 0x01, 0x92, 0x42, 0x61, 0x00, 0x47, 0x61, 0x00, 0x3E, 0x61, 0x13, 0x3E, 0x00, 0x05,
    0xB2, 0x40, 0x7F, 0x02, 0x92, 0x42, 0x00, 0x05, 0x47, 0x00, 0x58, 0xB2, 0x40, 0x00, 0x01, 0x92,
    0x40, 0x5F, 0x00, 0x49, 0x5F, 0x00, 0x31, 0x55, 0x02, 0xB2, 0x40, 0x7F, 0x15, 0x92, 0x31, 0x00,
    0x07, 0x39, 0x4C, 0x1E, 0x3D, 0x53, 0x01, 0x39, 0x00, 0x10, 0x3D, 0x00, 0x0D, 0x40, 0x00, 0x02,
    0x49, 0x00, 0x1B, 0xB2, 0x40, 0x00, 0x01, 0x92, 0x2F, 0x5C, 0x00, 0x42, 0x66, 0x00, 0x4A, 0x66,
    0x1A, 0xB2, 0x40, 0x7F, 0x17, 0x92, 0x2F, 0x00, 0x08, 0x4A, 0x00, 0x02, 0x42, 0x00, 0x01, 0x36,
    0x4F, 0x2A, 0x36, 0x00, 0x12, 0x3B, 0x63, 0x00, 0x42, 0x63, 0x00, 0x4A, 0x63, 0x2A, 0x3B, 0x00,
    0x0B, 0x42, 0x00, 0x02, 0x4A, 0x00, 0x05, 0x3D, 0x55, 0x38, 0x3D, 0x00, 0x04, 0x4A, 0x5E, 0x00,
    0x42, 0x5E, 0x00, 0x3E, 0x5E, 0x39, 0x3E, 0x00, 0x03, 0x4A, 0x00, 0x00, 0x4E, 0x54, 0x0D, 0x42,
    0x00, 0x01, 0x4E, 0x00, 0x2E, 0x4C, 0x67, 0x00, 0x3D, 0x67, 0x00, 0x40, 0x67, 0x38, 0x4C, 0x00,
    0x04, 0x49, 0x52, 0x0E, 0x49, 0x00, 0x05, 0x40, 0x00, 0x01, 0x3D, 0x00, 0x27, 0xB2, 0x40, 0x00,
    0x01, 0x92, 0x3B, 0x68, 0x00, 0x47, 0x68, 0x00, 0x3E, 0x68, 0x00, 0x42, 0x68, 0x04, 0xB2, 0x40,
    0x7F, 0x30, 0x92, 0x42, 0x00, 0x01, 0x3E, 0x00, 0x03, 0x47, 0x00, 0x40, 0x47, 0x61, 0x00, 0x42,
    0x61, 0x00, 0x3E, 0x61, 0x44, 0x3E, 0x00, 0x04, 0x47, 0x00, 0x03, 0x42, 0x00, 0x01, 0x3B, 0x00,
    0x81, 0x23, 0xB2, 0x40, 0x00, 0x01, 0x92, 0x49, 0x5F, 0x00, 0x40, 0x5F, 0x02, 0xB2, 0x40, 0x7F,
    0x41, 0x92, 0x40, 0x00, 0x03, 0x49, 0x00, 0x31, 0xB2, 0x40, 0x00, 0x01, 0x92, 0x3D, 0x66, 0x00,
    0x2D, 0x5C, 0x00, 0x39, 0x66, 0x03, 0xB2, 0x40, 0x7F, 0x2A, 0x92, 0x3D, 0x00, 0x05, 0x39, 0x00,
    0x0A, 0x34, 0x45, 0x3C, 0x39, 0x63, 0x00, 0x3D, 0x63, 0x01, 0x34, 0x00, 0x1F, 0x39, 0x00, 0x10,
    0x3D, 0x00, 0x0C, 0x34, 0x4B, 0x36, 0x34, 0x00, 0x06, 0x39, 0x5E, 0x00, 0x3D, 0x5E, 0x36, 0x39,
    0x00, 0x01, 0x3D, 0x00, 0x10, 0x2D, 0x00, 0x31, 0x3E, 0x67, 0x00, 0x39, 0x67, 0x1C, 0x3E, 0x00,
    0x02, 0x40, 0x62, 0x16, 0x40, 0x00, 0x08, 0x3E, 0x62, 0x1A, 0x3E, 0x00, 0x04, 0x3D, 0x62, 0x05,
    0x39, 0x00, 0x06, 0x3D, 0x00, 0x12, 0xB2, 0x40, 0x00, 0x01, 0x92, 0x3B, 0x64, 0x00, 0x38, 0x63,
    0x00, 0x28, 0x59, 0x03, 0xB2, 0x40, 0x7F, 0x2B, 0x92, 0x38, 0x00, 0x03, 0x3B, 0x00, 0x0B, 0x34,
    0x4B, 0x3C, 0x3B, 0x61, 0x00, 0x38, 0x61, 0x06, 0x34, 0x00, 0x2B, 0x38, 0x00, 0x01, 0x3B, 0x00,
    0x0A, 0x34, 0x48, 0x3C, 0x40, 0x61, 0x0D, 0x34, 0x00, 0x74, 0x28, 0x00, 0x02, 0x40, 0x00, 0x6C,
    0xB2, 0x40, 0x00, 0x01, 0x92, 0x2D, 0x59, 0x00, 0x3D, 0x58, 0x00, 0x39, 0x63, 0x02, 0xB2, 0x40,
    0x7F, 0x66, 0x92, 0x2D, 0x00, 0x05, 0x3D, 0x00, 0x0A, 0x39, 0x00, 0x3D, 0x21, 0x4B, 0x12, 0x21,
    0x00, 0x2A, 0x21, 0x54, 0x41, 0x21, 0x00, 0x37, 0x21, 0x5D, 0x1E, 0x34, 0x5B, 0x18, 0x34, 0x00,
    0x06, 0x39, 0x65, 0x0A, 0x21, 0x00, 0x0C, 0x39, 0x00, 0x08, 0x34, 0x5B, 0x0E, 0x34, 0x00, 0x10,
    0x31, 0x59, 0x00, 0x39, 0x63, 0x00, 0x2D, 0x5A, 0x79, 0x2D, 0x00, 0x3B, 0x21, 0x48, 0x06, 0x21,
    0x00, 0x36, 0x21, 0x57, 0x28, 0x31, 0x00, 0x13, 0x39, 0x00, 0x1E, 0x21, 0x00, 0x1F, 0x34, 0x55,
    0x1E, 0x39, 0x69, 0x1E, 0x39, 0x69, 0x02, 0x39, 0x00, 0x08, 0x34, 0x00, 0x14, 0x39, 0x00, 0x00,
    0x34, 0x5F, 0x0B, 0x34, 0x00, 0x12, 0xB2, 0x40, 0x00, 0x01, 0x92, 0x39, 0x63, 0x00, 0x3D, 0x63,
    0x00, 0x2D, 0x59, 0x05, 0xB2, 0x40, 0x7F, 0x2D, 0x92, 0x3D, 0x00, 0x03, 0x39, 0x00, 0x07, 0x34,
    0x45, 0x3C, 0x39, 0x63, 0x00, 0x3D, 0x63, 0x08, 0x34, 0x00, 0x25, 0x39, 0x00, 0x02, 0x3D, 0x00,
    0x0D, 0x34, 0x4B, 0x3C, 0x3D, 0x5E, 0x00, 0x39, 0x5E, 0x06, 0x34, 0x00, 0x2D, 0x3D, 0x00, 0x02,
    0x39, 0x00, 0x07, 0x34, 0x4A, 0x31, 0x34, 0x00, 0x0B, 0x3E, 0x67, 0x15, 0x2D, 0x00, 0x07, 0x3E,
    0x00, 0x02, 0x40, 0x64, 0x1E, 0x3E, 0x64, 0x04, 0x40, 0x00, 0x1A, 0x3E, 0x00, 0x00, 0x3D, 0x64,
    0x17, 0x3D, 0x00, 0x06, 0xB2, 0x40, 0x00, 0x01, 0x92, 0x2D, 0x59, 0x00, 0x38, 0x63, 0x00, 0x3B,
    0x63, 0x15, 0xB2, 0x40, 0x7F, 0x20, 0x92, 0x3B, 0x00, 0x00, 0x38, 0x00, 0x07, 0x34, 0x4B, 0x3C,
    0x3B, 0x61, 0x00, 0x38, 0x61, 0x05, 0x34, 0x00, 0x31, 0x38, 0x00, 0x00, 0x3B, 0x00, 0x06, 0x34,
    0x48, 0x3B, 0x34, 0x00, 0x01, 0x38, 0x61, 0x00, 0x3B, 0x61, 0x30, 0x3B, 0x00, 0x07, 0x38, 0x00,
    0x05, 0x34, 0x48, 0x25, 0x34, 0x00, 0x17, 0x3B, 0x5F, 0x00, 0x34, 0x55, 0x1B, 0x3B, 0x00, 0x03,
    0x40, 0x67, 0x04, 0x34, 0x00, 0x0E, 0x40, 0x00, 0x0C, 0x40, 0x67, 0x1E, 0x39, 0x67, 0x02, 0x40,
    0x00, 0x15, 0x2D, 0x00, 0x03, 0x39, 0x00, 0x03, 0xB2, 0x40, 0x00, 0x01, 0x92, 0x2D, 0x58, 0x00,
    0x39, 0x62, 0x00, 0x36, 0x62, 0x0F, 0xB2, 0x40, 0x7F, 0x1F, 0x92, 0x39, 0x00, 0x03, 0x36, 0x00,
    0x0B, 0x32, 0x45, 0x3C, 0x39, 0x63, 0x00, 0x36, 0x63, 0x02, 0x32, 0x00, 0x2A, 0x36, 0x00, 0x02,
    0x39, 0x00, 0x0E, 0x32, 0x4B, 0x35, 0x32, 0x00, 0x07, 0x36, 0x5E, 0x00, 0x39, 0x5E, 0x31, 0x36,
    0x00, 0x07, 0x39, 0x00, 0x3F, 0xB2, 0x40, 0x00, 0x01, 0x92, 0x3D, 0x67, 0x00, 0x36, 0x67, 0x01,
    0xB2, 0x40, 0x7F, 0x1F, 0x92, 0x2D, 0x00, 0x0F, 0x36, 0x00, 0x0A, 0x3D, 0x00, 0x03, 0x39, 0x52,
    0x12, 0x39, 0x00, 0x29, 0xB2, 0x40, 0x00, 0x01, 0x92, 0x44, 0x63, 0x00, 0x47, 0x63, 0x00, 0x34,
    0x59, 0x1E, 0xB2, 0x40, 0x7F, 0x19, 0x92, 0x44, 0x00, 0x01, 0x47, 0x00, 0x04, 0x40, 0x55, 0x36,
    0x40, 0x00, 0x06, 0x47, 0x61, 0x00, 0x44, 0x61, 0x21, 0x47, 0x00, 0x0B, 0x44, 0x00, 0x10, 0x40,
    0x52, 0x00, 0x34, 0x48, 0x20, 0x34, 0x00, 0x15, 0x40, 0x00, 0x01, 0x34, 0x00, 0x06, 0x34, 0x57,
    0x00, 0x47, 0x61, 0x00, 0x44, 0x61, 0x81, 0x01, 0x44, 0x00, 0x03, 0x47, 0x00, 0x00, 0x34, 0x00,
    0x6B, 0xB2, 0x40, 0x00, 0x01, 0x92, 0x2D, 0x59, 0x00, 0x39, 0x63, 0x00, 0x3D, 0x63, 0x14, 0xB2,
    0x40, 0x7F, 0x19, 0x92, 0x3D, 0x00, 0x02, 0x39, 0x00, 0x0D, 0x34, 0x45, 0x35, 0x34, 0x00, 0x07,
    0x3D, 0x63, 0x00, 0x39, 0x63, 0x27, 0x39, 0x00, 0x04, 0x3D, 0x00, 0x11, 0x34, 0x4B, 0x3C, 0x3D,
    0x5E, 0x00, 0x39, 0x5E, 0x07, 0x34, 0x00, 0x2B, 0x3D, 0x00, 0x03, 0x39, 0x00, 0x07, 0x34, 0x4A,
    0x25, 0x34, 0x00, 0x17, 0x39, 0x67, 0x00, 0x3E, 0x67, 0x1E, 0x40, 0x66, 0x0F, 0x2D, 0x00, 0x01,
    0x3E, 0x00, 0x05, 0x39, 0x00, 0x09, 0x3E, 0x66, 0x12, 0x40, 0x00, 0x0C, 0x3D, 0x66, 0x0B, 0x3E,
    0x00, 0x12, 0xB2, 0x40, 0x00, 0x01, 0x92, 0x2D, 0x59, 0x00, 0x3B, 0x63, 0x00, 0x38, 0x62, 0x02,
    0x3D, 0x00, 0x02, 0xB2, 0x40, 0x7F, 0x30, 0x92, 0x38, 0x00, 0x01, 0x3B, 0x00, 0x07, 0x34, 0x4B,
    0x3B, 0x34, 0x00, 0x01, 0x38, 0x61, 0x00, 0x3B, 0x61, 0x30, 0x38, 0x00, 0x03, 0x3B, 0x00, 0x09,
    0x34, 0x48, 0x3C, 0x38, 0x61, 0x00, 0x3B, 0x61, 0x05, 0x34, 0x00, 0x2D, 0x38, 0x00, 0x01, 0x3B,
    0x00, 0x09, 0x34, 0x48, 0x25, 0x34, 0x00, 0x17, 0x3B, 0x5F, 0x1B, 0x3B, 0x00, 0x03, 0x40, 0x66,
    0x09, 0x40, 0x00, 0x15, 0x40, 0x65, 0x1D, 0x40, 0x00, 0x01, 0x39, 0x64, 0x0A, 0x2D, 0x00, 0x05,
    0x39, 0x00, 0x0E, 0xB2, 0x40, 0x00, 0x01, 0x92, 0x39, 0x62, 0x00, 0x36, 0x62, 0x00, 0x2D, 0x58,
    0x17, 0xB2, 0x40, 0x7F, 0x21, 0x92, 0x39, 0x00, 0x01, 0x36, 0x00, 0x03, 0x32, 0x45, 0x3C, 0x36,
    0x63, 0x00, 0x39, 0x63, 0x04, 0x32, 0x00, 0x2B, 0x39, 0x00, 0x02, 0x36, 0x00, 0x0B, 0x32, 0x4B,
    0x3C, 0x39, 0x5E, 0x00, 0x36, 0x5E, 0x01, 0x32, 0x00, 0x28, 0x36, 0x00, 0x06, 0x39, 0x00, 0x07,
    0x2D, 0x00, 0x42, 0x32, 0x58, 0x00, 0x36, 0x62, 0x00, 0x42, 0x63, 0x37, 0x42, 0x00, 0x05, 0x3E,
    0x52, 0x0A, 0x36, 0x00, 0x05, 0x32, 0x00, 0x09, 0x3E, 0x00, 0x23, 0xB2, 0x40, 0x00, 0x01, 0x92,
    0x3D, 0x63, 0x00, 0x39, 0x63, 0x00, 0x2D, 0x59, 0x17, 0xB2, 0x40, 0x7F, 0x18, 0x92, 0x39, 0x00,
    0x01, 0x3D, 0x00, 0x0C, 0x34, 0x4B, 0x39, 0x34, 0x00, 0x03, 0x3D, 0x61, 0x00, 0x39, 0x61, 0x31,
    0x2D, 0x00, 0x07, 0x3D, 0x00, 0x02, 0x39, 0x00, 0x3D, 0xB2, 0x40, 0x00, 0x01, 0x92, 0x3B, 0x61,
    0x00, 0x28, 0x57, 0x00, 0x38, 0x61, 0x1D, 0x38, 0x00, 0x02, 0x3B, 0x00, 0x12, 0xB2, 0x40, 0x7F,
    0x0B, 0x92, 0x34, 0x48, 0x38, 0x34, 0x00, 0x04, 0x38, 0x5F, 0x00, 0x3B, 0x5F, 0x3E, 0x28, 0x00,
    0x08, 0x38, 0x00, 0x01, 0x3B, 0x00, 0x30, 0xB2, 0x40, 0x00, 0x01, 0x92, 0x4A, 0x66, 0x00, 0x42,
    0x66, 0x00, 0x2F, 0x5C, 0x12, 0xB2, 0x40, 0x7F, 0x21, 0x92, 0x2F, 0x00, 0x03, 0x4A, 0x00, 0x01,
    0x42, 0x00, 0x05, 0x36, 0x4F, 0x32, 0x36, 0x00, 0x0A, 0x3B, 0x63, 0x00, 0x42, 0x63, 0x00, 0x4A,
    0x63, 0x08, 0x3B, 0x00, 0x29, 0x42, 0x00, 0x03, 0x4A, 0x00, 0x08, 0x3D, 0x55, 0x36, 0x3D, 0x00,
    0x05, 0xB2, 0x40, 0x00, 0x01, 0x92, 0x42, 0x5E, 0x00, 0x3E, 0x5E, 0x00, 0x4A, 0x5E, 0x19, 0xB2,
    0x40, 0x7F, 0x1F, 0x92, 0x3E, 0x00, 0x02, 0x4A, 0x00, 0x01, 0x42, 0x00, 0x01, 0x4E, 0x54, 0x0C,
    0x4E, 0x00, 0x2F, 0xB2, 0x40, 0x00, 0x01, 0x92, 0x3D, 0x67, 0x00, 0x40, 0x67, 0x00, 0x4C, 0x67,
    0x02, 0xB2, 0x40, 0x7F, 0x3A, 0x92, 0x4C, 0x00, 0x00, 0x49, 0x52, 0x09, 0x40, 0x00, 0x06, 0x49,
    0x00, 0x06, 0x3D, 0x00, 0x26, 0xB2, 0x40, 0x00, 0x01, 0x92, 0x3B, 0x65, 0x00, 0x42, 0x64, 0x00,
    0x3E, 0x64, 0x00, 0x47, 0x64, 0x19, 0xB2, 0x40, 0x7F, 0x5E, 0x92, 0x3B, 0x00, 0x0E, 0x42, 0x00,
    0x00, 0x3E, 0x00, 0x02, 0x47, 0x00, 0x68, 0xB2, 0x40, 0x00, 0x01, 0x92, 0x3E, 0x61, 0x00, 0x42,
    0x61, 0x00, 0x47, 0x61, 0x13, 0x3E, 0x00, 0x05, 0xB2, 0x40, 0x7F, 0x02, 0x92, 0x42, 0x00, 0x05,
    0x47, 0x00, 0x58, 0xB2, 0x40, 0x00, 0x01, 0x92, 0x40, 0x5F, 0x00, 0x49, 0x5F, 0x00, 0x31, 0x55,
    0x02, 0xB2, 0x40, 0x7F, 0x15, 0x92, 0x31, 0x00, 0x07, 0x39, 0x66, 0x1E, 0x3D, 0x64, 0x01, 0x39,
    0x00, 0x10, 0x3D, 0x00, 0x0D, 0x40, 0x00, 0x02, 0x49, 0x00, 0x1B, 0xB2, 0x40, 0x00, 0x01, 0x92,
    0x2F, 0x5C, 0x00, 0x4A, 0x66, 0x00, 0x42, 0x66, 0x1A, 0xB2, 0x40, 0x7F, 0x17, 0x92, 0x2F, 0x00,
    0x08, 0x4A, 0x00, 0x02, 0x42, 0x00, 0x01, 0x36, 0x4F, 0x2A, 0x36, 0x00, 0x12, 0x4A, 0x63, 0x00,
    0x42, 0x63, 0x00, 0x3B, 0x63, 0x2A, 0x3B, 0x00, 0x0B, 0x42, 0x00, 0x02, 0x4A, 0x00, 0x05, 0x3D,
    0x55, 0x38, 0x3D, 0x00, 0x04, 0x4A, 0x5E, 0x00, 0x3E, 0x5E, 0x00, 0x42, 0x5E, 0x39, 0x3E, 0x00,
    0x03, 0x4A, 0x00, 0x00, 0x4E, 0x54, 0x0D, 0x42, 0x00, 0x01, 0x4E, 0x00, 0x2E, 0x40, 0x67, 0x00,
    0x4C, 0x67, 0x00, 0x3D, 0x67, 0x38, 0x4C, 0x00, 0x04, 0x49, 0x52, 0x0E, 0x49, 0x00, 0x05, 0x40,
    0x00, 0x01, 0x3D, 0x00, 0x27, 0xB2, 0x40, 0x00, 0x01, 0x92, 0x42, 0x63, 0x00, 0x47, 0x63, 0x00,
    0x3B, 0x63, 0x00, 0x3E, 0x64, 0x04, 0xB2, 0x40, 0x7F, 0x30, 0x92, 0x42, 0x00, 0x01, 0x3E, 0x00,
    0x03, 0x47, 0x00, 0x40, 0x47, 0x61, 0x00, 0x3E, 0x61, 0x00, 0x42, 0x61, 0x44, 0x3E, 0x00, 0x04,
    0x47, 0x00, 0x03, 0x42, 0x00, 0x01, 0x3B, 0x00, 0x81, 0x23, 0xB2, 0x40, 0x00, 0x01, 0x92, 0x49,
    0x5F, 0x00, 0x40, 0x5F, 0x02, 0xB2, 0x40, 0x7F, 0x41, 0x92, 0x40, 0x00, 0x03, 0x49, 0x00, 0x31,
    0xB2, 0x40, 0x00, 0x01, 0x92, 0x45, 0x63, 0x00, 0x49, 0x63, 0x00, 0x40, 0x63, 0x03, 0xB2, 0x40,
    0x7F, 0x2A, 0x92, 0x49, 0x00, 0x05, 0x45, 0x00, 0x0A, 0x40, 0x4F, 0x3C, 0x45, 0x63, 0x00, 0x49,
    0x63, 0x01, 0x40, 0x00, 0x1F, 0x45, 0x00, 0x10, 0x49, 0x00, 0x0C, 0x40, 0x55, 0x36, 0x40, 0x00,
    0x06, 0x49, 0x5E, 0x00, 0x45, 0x5E, 0x36, 0x45, 0x00, 0x01, 0x49, 0x00, 0x10, 0x40, 0x00, 0x31,
    0x45, 0x67, 0x00, 0x4A, 0x67, 0x1C, 0x4A, 0x00, 0x02, 0x4C, 0x68, 0x16, 0x4C, 0x00, 0x08, 0x4A,
    0x68, 0x1A, 0x4A, 0x00, 0x04, 0x49, 0x67, 0x05, 0x45, 0x00, 0x06, 0x49, 0x00, 0x12, 0xB2, 0x40,
    0x00, 0x01, 0x92, 0x44, 0x64, 0x00, 0x40, 0x63, 0x00, 0x47, 0x64, 0x03, 0xB2, 0x40, 0x7F, 0x2B,
    0x92, 0x44, 0x00, 0x03, 0x47, 0x00, 0x0B, 0x40, 0x55, 0x3C, 0x47, 0x61, 0x00, 0x44, 0x61, 0x06,
    0x40, 0x00, 0x2B, 0x44, 0x00, 0x01, 0x47, 0x00, 0x0A, 0x40, 0x52, 0x3C, 0x4C, 0x61, 0x0D, 0x40,
    0x00, 0x74, 0x40, 0x00, 0x02, 0x4C, 0x00, 0x6C, 0xB2, 0x40, 0x00, 0x01, 0x92, 0x49, 0x63, 0x00,
    0x39, 0x63, 0x00, 0x45, 0x63, 0x02, 0xB2, 0x40, 0x7F, 0x30, 0x92, 0x45, 0x00, 0x03, 0x49, 0x00,
    0x07, 0x40, 0x4F, 0x3B, 0x40, 0x00, 0x01, 0x49, 0x63, 0x00, 0x45, 0x63, 0x2F, 0x45, 0x00, 0x01,
    0x49, 0x00, 0x0C, 0x40, 0x55, 0x33, 0x40, 0x00, 0x09, 0x45, 0x5E, 0x00, 0x49, 0x5E, 0x26, 0x45,
    0x00, 0x05, 0x49, 0x00, 0x04, 0x39, 0x00, 0x49, 0x3E, 0x67, 0x16, 0x3E, 0x00, 0x08, 0x40, 0x69,
    0x17, 0x40, 0x00, 0x07, 0x3E, 0x69, 0x18, 0x3E, 0x00, 0x06, 0x3D, 0x69, 0x16, 0x3D, 0x00, 0x07,
    0xB2, 0x40, 0x00, 0x01, 0x92, 0x45, 0x63, 0x00, 0x49, 0x64, 0x00, 0x39, 0x63, 0x04, 0xB2, 0x40,
    0x7F, 0x2D, 0x92, 0x49, 0x00, 0x01, 0x45, 0x00, 0x0A, 0x40, 0x55, 0x37, 0x40, 0x00, 0x05, 0x45,
    0x61, 0x00, 0x49, 0x61, 0x30, 0x49, 0x00, 0x02, 0x45, 0x00, 0x0A, 0x40, 0x52, 0x20, 0x39, 0x00,
    0x17, 0x40, 0x00, 0x05, 0x45, 0x61, 0x00, 0x49, 0x61, 0x00, 0x39, 0x61, 0x81, 0x57, 0x45, 0x00,
    0x04, 0x49, 0x00, 0x04, 0x39, 0x00, 0x10, 0xB2, 0x40, 0x00, 0x9F, 0x71, 0x92, 0x53, 0x6B, 0x00,
    0x47, 0x6B, 0x02, 0xB2, 0x40, 0x7F, 0x4F, 0x92, 0x47, 0x00, 0x01, 0x53, 0x00, 0x08, 0x55, 0x68,
    0x00, 0x49, 0x68, 0x50, 0x55, 0x00, 0x02, 0x49, 0x00, 0x08, 0x4E, 0x64, 0x00, 0x42, 0x64, 0x35,
    0x4E, 0x00, 0x06, 0x42, 0x00, 0x01, 0x45, 0x65, 0x00, 0x42, 0x64, 0x00, 0x3E, 0x64, 0x32, 0x42,
    0x00, 0x00, 0x45, 0x00, 0x0A, 0x3E, 0x55, 0x34, 0x3E, 0x00, 0x08, 0x45, 0x61, 0x00, 0x42, 0x61,
    0x2E, 0x45, 0x00, 0x04, 0x42, 0x00, 0x0A, 0x3E, 0x5B, 0x03, 0x3E, 0x00, 0x1B, 0x32, 0x54, 0x08,
    0x32, 0x00, 0x0B, 0x3E, 0x00, 0x0B, 0x42, 0x61, 0x00, 0x32, 0x57, 0x00, 0x45, 0x61, 0x30, 0x45,
    0x00, 0x00, 0x42, 0x00, 0x0C, 0x3E, 0x5F, 0x0F, 0x3E, 0x00, 0x03, 0x32, 0x00, 0x0C, 0x45, 0x5F,
    0x00, 0x42, 0x5F, 0x24, 0x45, 0x00, 0x01, 0x42, 0x00, 0x17, 0x3E, 0x5F, 0x08, 0x3E, 0x00, 0x16,
    0x42, 0x53, 0x00, 0x45, 0x53, 0x0E, 0x42, 0x00, 0x03, 0x45, 0x00, 0x2B, 0x3E, 0x63, 0x00, 0x42,
    0x63, 0x00, 0x45, 0x62, 0x28, 0x45, 0x00, 0x07, 0x42, 0x00, 0x2B, 0x45, 0x4F, 0x00, 0x42, 0x4F,
    0x47, 0x3E, 0x00, 0x02, 0x42, 0x00, 0x00, 0x45, 0x00, 0x4D, 0x47, 0x5E, 0x00, 0x3E, 0x5E, 0x20,
    0x3E, 0x00, 0x04, 0x47, 0x00, 0x36, 0x49, 0x54, 0x00, 0x40, 0x54, 0x08, 0x49, 0x00, 0x02, 0x40,
    0x00, 0x50, 0x42, 0x52, 0x00, 0x39, 0x52, 0x19, 0x39, 0x00, 0x04, 0x42, 0x00, 0x1E, 0xB2, 0x40,
    0x00, 0x01, 0x92, 0x45, 0x64, 0x00, 0x39, 0x64, 0x00, 0x49, 0x64, 0x04, 0xB2, 0x40, 0x7F, 0x2C,
    0x92, 0x45, 0x00, 0x02, 0x49, 0x00, 0x0A, 0x40, 0x55, 0x36, 0x40, 0x00, 0x06, 0x45, 0x61, 0x00,
    0x49, 0x61, 0x27, 0x49, 0x00, 0x03, 0x45, 0x00, 0x12, 0x40, 0x52, 0x34, 0x40, 0x00, 0x08, 0x45,
    0x61, 0x00, 0x49, 0x61, 0x34, 0x45, 0x00, 0x02, 0x49, 0x00, 0x42, 0x49, 0x5F, 0x00, 0x45, 0x5F,
    0x02, 0x39, 0x00, 0x32, 0x45, 0x00, 0x00, 0x49, 0x00, 0x08, 0x40, 0x53, 0x14, 0x40, 0x00, 0x28,
    0x45, 0x62, 0x00, 0x40, 0x62, 0x00, 0x39, 0x63, 0x2D, 0x45, 0x00, 0x07, 0x40, 0x00, 0x08, 0x3D,
    0x4F, 0x33, 0x3D, 0x00, 0x09, 0x40, 0x63, 0x00, 0x45, 0x63, 0x24, 0x45, 0x00, 0x0C, 0x40, 0x00,
    0x0C, 0x3D, 0x62, 0x05, 0x39, 0x00, 0x19, 0x2D, 0x57, 0x0C, 0x2D, 0x00, 0x06, 0x3D, 0x00, 0x0C,
    0x39, 0x61, 0x00, 0x45, 0x61, 0x00, 0x40, 0x61, 0x53, 0x40, 0x00, 0x04, 0x45, 0x00, 0x21, 0x45,
    0x67, 0x00, 0x40, 0x67, 0x1F, 0x39, 0x00, 0x13, 0x40, 0x00, 0x03, 0x45, 0x00, 0x07, 0x3D, 0x52,
    0x0F, 0x3D, 0x00, 0x2C, 0xB2, 0x40, 0x00, 0x01, 0x92, 0x42, 0x64, 0x00, 0x3E, 0x63, 0x00, 0x45,
    0x64, 0x02, 0xB2, 0x40, 0x7F, 0x29, 0x92, 0x3E, 0x00, 0x0E, 0x42, 0x00, 0x02, 0x45, 0x00, 0x01,
    0x3E, 0x55, 0x33, 0x3E, 0x00, 0x09, 0x42, 0x61, 0x00, 0x45, 0x61, 0x2A, 0x45, 0x00, 0x06, 0x42,
    0x00, 0x0C, 0x3E, 0x52, 0x3C, 0x42, 0x61, 0x00, 0x45, 0x61, 0x02, 0x3E, 0x00, 0x34, 0x42, 0x00,
    0x03, 0x45, 0x00, 0x03, 0x3E, 0x52, 0x14, 0x3E, 0x00, 0x28, 0x32, 0x55, 0x1E, 0x45, 0x5C, 0x00,
    0x42, 0x5C, 0x00, 0x40, 0x5C, 0x27, 0x40, 0x00, 0x02, 0x42, 0x00, 0x01, 0x32, 0x00, 0x03, 0x45,
    0x00, 0x2D, 0x32, 0x58, 0x00, 0x45, 0x62, 0x00, 0x42, 0x63, 0x2E, 0x42, 0x00, 0x01, 0x45, 0x00,
    0x0D, 0x3E, 0x5E, 0x1E, 0x3E, 0x00, 0x1E, 0x45, 0x63, 0x00, 0x42, 0x63, 0x2E, 0x42, 0x00, 0x03,
    0x45, 0x00, 0x04, 0x32, 0x00, 0x07, 0x3E, 0x55, 0x0C, 0x3E, 0x00, 0x12, 0x32, 0x53, 0x1E, 0x3E,
    0x5E, 0x00, 0x42, 0x5E, 0x00, 0x47, 0x5E, 0x1F, 0x3E, 0x00, 0x04, 0x47, 0x00, 0x00, 0x42, 0x00,
    0x06, 0x32, 0x00, 0x31, 0x40, 0x5D, 0x00, 0x49, 0x5D, 0x08, 0x49, 0x00, 0x05, 0x40, 0x00, 0x4D,
    0x39, 0x52, 0x00, 0x42, 0x52, 0x1E, 0x39, 0x00, 0x04, 0x42, 0x00, 0x19, 0xB2, 0x40, 0x00, 0x01,
    0x92, 0x45, 0x62, 0x00, 0x45, 0x62, 0x00, 0x39, 0x63, 0x00, 0x49, 0x63, 0x03, 0xB2, 0x40, 0x7F,
    0x28, 0x92, 0x49, 0x00, 0x06, 0x45, 0x00, 0x00, 0x45, 0x00, 0x0B, 0x40, 0x55, 0x37, 0x40, 0x00,
    0x05, 0x45, 0x61, 0x00, 0x49, 0x61, 0x2F, 0x49, 0x00, 0x07, 0x45, 0x00, 0x06, 0x40, 0x52, 0x39,
    0x40, 0x00, 0x03, 0x49, 0x61, 0x00, 0x39, 0x61, 0x00, 0x45, 0x61, 0x36, 0x45, 0x00, 0x01, 0x49,
    0x00, 0x05, 0x40, 0x52, 0x08, 0x40, 0x00, 0x34, 0x3E, 0x5F, 0x18, 0x3E, 0x00, 0x05, 0x39, 0x00,
    0x01, 0x40, 0x68, 0x0B, 0x39, 0x00, 0x10, 0x40, 0x00, 0x03, 0x3E, 0x67, 0x1A, 0x3E, 0x00, 0x04,
    0x3D, 0x67, 0x0E, 0x3D, 0x00, 0x10, 0x39, 0x63, 0x00, 0x49, 0x63, 0x00, 0x45, 0x63, 0x2F, 0x45,
    0x00, 0x03, 0x49, 0x00, 0x0A, 0x40, 0x4F, 0x3A, 0x40, 0x00, 0x02, 0x45, 0x63, 0x00, 0x49, 0x63,
    0x06, 0x39, 0x00, 0x2B, 0x49, 0x00, 0x01, 0x45, 0x00, 0x0A, 0x40, 0x55, 0x33, 0x40, 0x00, 0x09,
    0x40, 0x5E, 0x00, 0x4C, 0x5E, 0x00, 0x45, 0x5E, 0x25, 0x45, 0x00, 0x08, 0x40, 0x00, 0x01, 0x4C,
    0x00, 0x4A, 0x4C, 0x63, 0x00, 0x40, 0x63, 0x00, 0x45, 0x62, 0x00, 0x49, 0x63, 0x0B, 0x4C, 0x00,
    0x13, 0x58, 0x62, 0x00, 0x4C, 0x62, 0x13, 0x49, 0x00, 0x02, 0x58, 0x00, 0x06, 0x4C, 0x00, 0x02,
    0x45, 0x00, 0x00, 0x40, 0x00, 0x3C, 0xB2, 0x40, 0x00, 0x94, 0x51, 0x92, 0x44, 0x6A, 0x00, 0x3B,
    0x6A, 0x53, 0x3B, 0x00, 0x00, 0x44, 0x00, 0x07, 0x39, 0x6B, 0x00, 0x42, 0x6B, 0x53, 0x42, 0x00,
    0x00, 0x39, 0x00, 0x07, 0x40, 0x6C, 0x00, 0x38, 0x6C, 0x35, 0x38, 0x00, 0x00, 0x40, 0x00, 0x8B,
    0x27, 0x39, 0x6A, 0x00, 0x40, 0x69, 0x00, 0x45, 0x69, 0x00, 0x49, 0x6A, 0x1E, 0x39, 0x67, 0x01,
    0xB2, 0x40, 0x7F, 0x10, 0x92, 0x49, 0x00, 0x00, 0x45, 0x00, 0x0D, 0x40, 0x67, 0x3C, 0x45, 0x6A,
    0x00, 0x49, 0x6A, 0x05, 0x40, 0x00, 0x2C, 0x45, 0x00, 0x00, 0x49, 0x00, 0x0B, 0x40, 0x5C, 0x3C,
    0x45, 0x65, 0x00, 0x49, 0x65, 0x07, 0x40, 0x00, 0x2D, 0x45, 0x00, 0x01, 0x49, 0x00, 0x07, 0x40,
    0x5B, 0x07, 0x40, 0x00, 0x35, 0x4A, 0x6E, 0x00, 0x45, 0x6E, 0x1E, 0x4C, 0x6D, 0x03, 0x4A, 0x00,
    0x19, 0x4C, 0x00, 0x02, 0x40, 0x00, 0x00, 0x4A, 0x6D, 0x02, 0x39, 0x00, 0x0A, 0x39, 0x00, 0x11,
    0x4A, 0x00, 0x01, 0x49, 0x6D, 0x11, 0x49, 0x00, 0x00, 0x45, 0x00, 0x0C, 0xB2, 0x40, 0x00, 0x01,
    0x92, 0x47, 0x6A, 0x00, 0x38, 0x6A, 0x00, 0x44, 0x6A, 0x10, 0xB2, 0x40, 0x7F, 0x23, 0x92, 0x44,
    0x00, 0x03, 0x47, 0x00, 0x06, 0x40, 0x5C, 0x3C, 0x47, 0x68, 0x00, 0x44, 0x68, 0x05, 0x40, 0x00,
    0x2F, 0x44, 0x00, 0x00, 0x47, 0x00, 0x08, 0x40, 0x59, 0x3C, 0x4C, 0x68, 0x00, 0x47, 0x68, 0x01,
    0x40, 0x00, 0x33, 0x38, 0x00, 0x04, 0x4C, 0x00, 0x04, 0x47, 0x00, 0x3C, 0x47, 0x66, 0x3D, 0x47,
    0x00, 0x3A, 0xB2, 0x40, 0x00, 0x01, 0x92, 0x45, 0x69, 0x00, 0x42, 0x68, 0x00, 0x32, 0x5F, 0x15,
    0xB2, 0x40, 0x7F, 0x1A, 0x92, 0x42, 0x00, 0x04, 0x45, 0x00, 0x09, 0x3E, 0x63, 0x3C, 0x45, 0x6A,
    0x00, 0x42, 0x6A, 0x0B, 0x3E, 0x00, 0x15, 0x32, 0x00, 0x0F, 0x45, 0x00, 0x02, 0x42, 0x00, 0x0B,
    0x3E, 0x5C, 0x37, 0x3E, 0x00, 0x04, 0xB2, 0x40, 0x00, 0x01, 0x92, 0x42, 0x65, 0x00, 0x47, 0x65,
    0x00, 0x3B, 0x62, 0x03, 0xB2, 0x40, 0x7F, 0x2F, 0x92, 0x47, 0x00, 0x03, 0x42, 0x00, 0x07, 0x3E,
    0x5B, 0x38, 0x3E, 0x00, 0x04, 0x42, 0x6E, 0x00, 0x49, 0x6E, 0x34, 0x49, 0x00, 0x00, 0x3B, 0x00,
    0x01, 0x42, 0x00, 0x07, 0x3E, 0x59, 0x17, 0x3E, 0x00, 0x24, 0xB2, 0x40, 0x00, 0x01, 0x92, 0x39,
    0x6B, 0x00, 0x40, 0x6A, 0x1E, 0x45, 0x52, 0x10, 0xB2, 0x40, 0x7F, 0x0E, 0x92, 0x40, 0x5C, 0x3C,
    0x49, 0x68, 0x00, 0x45, 0x68, 0x0B, 0x40, 0x00, 0x03, 0x40, 0x00, 0x01, 0x45, 0x00, 0x10, 0x39,
    0x00, 0x19, 0x45, 0x00, 0x04, 0x49, 0x00, 0x00, 0x40, 0x59, 0x34, 0x40, 0x00, 0x08, 0x2D, 0x5E,
    0x00, 0x39, 0x68, 0x81, 0x3A, 0x2D, 0x00, 0x09, 0x39, 0x00, 0x81, 0x25, 0xB2, 0x40, 0x00, 0x00,
    0xFF, 0x2F, 0x00, 0x4D, 0x54, 0x72, 0x6B, 0x00, 0x00, 0x06, 0x63, 0x00, 0xFF, 0x21, 0x01, 0x00,
    0x00, 0xFF, 0x03, 0x0C, 0x6B, 0x65, 0x79, 0x2B, 0x41, 0x2F, 0x53, 0x2E, 0x47, 0x2F, 0x36, 0x38,
    0x00, 0xB0, 0x07, 0x64, 0x00, 0x0A, 0x40, 0x01, 0x79, 0x00, 0x01, 0x20, 0x00, 0x01, 0x00, 0x00,
    0x01, 0x0B, 0x64, 0x01, 0xC0, 0x47, 0x01, 0xB0, 0x5B, 0x46, 0x01, 0x5D, 0x0A, 0x01, 0x5E, 0x00,
    0x01, 0x63, 0x01, 0x01, 0x62, 0x08, 0x01, 0x06, 0x40, 0x01, 0x62, 0x09, 0x01, 0x06, 0x44, 0x01,
    0x62, 0x0A, 0x01, 0x06, 0x43, 0x93, 0x49, 0x90, 0x49, 0x55, 0x1D, 0x49, 0x00, 0x01, 0x4A, 0x58,
    0x1D, 0x4A, 0x00, 0x01, 0x49, 0x50, 0x1D, 0x49, 0x00, 0x01, 0x47, 0x57, 0x1D, 0x47, 0x00, 0x01,
    0x49, 0x50, 0x0E, 0x49, 0x00, 0x01, 0x47, 0x55, 0x0E, 0x47, 0x00, 0x01, 0x45, 0x54, 0x81, 0x5A,
    0x45, 0x00, 0x70, 0x47, 0x59, 0x55, 0x47, 0x00, 0x05, 0x45, 0x58, 0x1B, 0x45, 0x00, 0x03, 0x44,
    0x59, 0x0E, 0x44, 0x00, 0x01, 0x42, 0x58, 0x0E, 0x42, 0x00, 0x01, 0x40, 0x51, 0x81, 0x33, 0x40,
    0x00, 0x1F, 0x42, 0x58, 0x81, 0x33, 0x42, 0x00, 0x01, 0x44, 0x51, 0x3B, 0x44, 0x00, 0x01, 0x45,
    0x55, 0x77, 0x45, 0x00, 0x01, 0x49, 0x50, 0x3B, 0x49, 0x00, 0x01, 0x47, 0x57, 0x1D, 0x47, 0x00,
    0x01, 0x45, 0x56, 0x1D, 0x45, 0x00, 0x01, 0x47, 0x57, 0x82, 0x3B, 0x47, 0x00, 0x2D, 0x49, 0x59,
    0x59, 0x49, 0x00, 0x01, 0x4A, 0x57, 0x1D, 0x4A, 0x00, 0x01, 0x49, 0x55, 0x0E, 0x49, 0x00, 0x01,
    0x47, 0x53, 0x0E, 0x47, 0x00, 0x01, 0x45, 0x56, 0x82, 0x2A, 0x45, 0x00, 0x20, 0x47, 0x56, 0x59,
    0x47, 0x00, 0x01, 0x45, 0x54, 0x1D, 0x45, 0x00, 0x01, 0x44, 0x51, 0x18, 0x44, 0x00, 0x06, 0x42,
    0x51, 0x59, 0x42, 0x00, 0x01, 0x40, 0x56, 0x82, 0x1F, 0x40, 0x00, 0x0D, 0x40, 0x58, 0x13, 0x40,
    0x00, 0x0B, 0x40, 0x58, 0x1D, 0x40, 0x00, 0x01, 0x42, 0x53, 0x77, 0x42, 0x00, 0x01, 0x44, 0x52,
    0x77, 0x44, 0x00, 0x01, 0x45, 0x58, 0x76, 0x45, 0x00, 0x02, 0x4A, 0x50, 0x6E, 0x4A, 0x00, 0x0A,
    0x49, 0x50, 0x0E, 0x49, 0x00, 0x01, 0x47, 0x56, 0x0E, 0x47, 0x00, 0x01, 0x45, 0x50, 0x81, 0x15,
    0x45, 0x00, 0x01, 0x47, 0x50, 0x32, 0x47, 0x00, 0x0A, 0x47, 0x55, 0x81, 0x27, 0x47, 0x00, 0x0D,
    0x49, 0x52, 0x36, 0x49, 0x00, 0x06, 0x4A, 0x59, 0x70, 0x4A, 0x00, 0x08, 0x4A, 0x57, 0x68, 0x4A,
    0x00, 0x10, 0x4A, 0x54, 0x39, 0x4A, 0x00, 0x03, 0x4E, 0x55, 0x3B, 0x4E, 0x00, 0x01, 0x4C, 0x54,
    0x3B, 0x4C, 0x00, 0x01, 0x49, 0x59, 0x3B, 0x49, 0x00, 0x01, 0x47, 0x59, 0x82, 0x77, 0x47, 0x00,
    0x2D, 0x49, 0x59, 0x3B, 0x49, 0x00, 0x01, 0x4A, 0x51, 0x72, 0x4A, 0x00, 0x06, 0x4A, 0x52, 0x69,
    0x4A, 0x00, 0x0F, 0x4A, 0x51, 0x38, 0x4A, 0x00, 0x04, 0x4E, 0x52, 0x3B, 0x4E, 0x00, 0x01, 0x4C,
    0x58, 0x3B, 0x4C, 0x00, 0x01, 0x49, 0x57, 0x3B, 0x49, 0x00, 0x01, 0x47, 0x51, 0x82, 0x4B, 0x47,
    0x00, 0x1D, 0x49, 0x54, 0x57, 0x49, 0x00, 0x03, 0x4A, 0x56, 0x19, 0x4A, 0x00, 0x05, 0x49, 0x58,
    0x0E, 0x49, 0x00, 0x01, 0x47, 0x53, 0x0E, 0x47, 0x00, 0x01, 0x45, 0x57, 0x82, 0x2F, 0x45, 0x00,
    0x1B, 0x4A, 0x57, 0x1D, 0x4A, 0x00, 0x01, 0x4C, 0x54, 0x1D, 0x4C, 0x00, 0x01, 0x4A, 0x55, 0x1C,
    0x4A, 0x00, 0x02, 0x49, 0x55, 0x1D, 0x49, 0x00, 0x01, 0x47, 0x59, 0x82, 0x15, 0x47, 0x00, 0x35,
    0x40, 0x57, 0x17, 0x40, 0x00, 0x07, 0x49, 0x54, 0x10, 0x49, 0x00, 0x0E, 0x49, 0x54, 0x3B, 0x49,
    0x00, 0x01, 0x47, 0x57, 0x1D, 0x47, 0x00, 0x01, 0x45, 0x58, 0x83, 0x52, 0x45, 0x00, 0x84, 0x66,
    0x49, 0x54, 0x1D, 0x49, 0x00, 0x01, 0x4A, 0x58, 0x1D, 0x4A, 0x00, 0x01, 0x49, 0x56, 0x1D, 0x49,
    0x00, 0x01, 0x47, 0x58, 0x1D, 0x47, 0x00, 0x01, 0x49, 0x56, 0x0E, 0x49, 0x00, 0x01, 0x47, 0x52,
    0x0E, 0x47, 0x00, 0x01, 0x45, 0x52, 0x81, 0x63, 0x45, 0x00, 0x67, 0x47, 0x52, 0x59, 0x47, 0x00,
    0x01, 0x45, 0x51, 0x1D, 0x45, 0x00, 0x01, 0x44, 0x51, 0x0E, 0x44, 0x00, 0x01, 0x42, 0x56, 0x0E,
    0x42, 0x00, 0x01, 0x40, 0x50, 0x81, 0x16, 0x40, 0x00, 0x3C, 0x42, 0x59, 0x71, 0x42, 0x00, 0x07,
    0x44, 0x56, 0x77, 0x44, 0x00, 0x01, 0x45, 0x51, 0x77, 0x45, 0x00, 0x01, 0x4A, 0x51, 0x36, 0x4A,
    0x00, 0x06, 0x4A, 0x50, 0x1D, 0x4A, 0x00, 0x01, 0x49, 0x59, 0x1D, 0x49, 0x00, 0x01, 0x47, 0x53,
    0x82, 0x28, 0x47, 0x00, 0x40, 0x49, 0x56, 0x1D, 0x49, 0x00, 0x01, 0x4A, 0x55, 0x14, 0x4A, 0x00,
    0x0A, 0x49, 0x57, 0x1D, 0x49, 0x00, 0x01, 0x47, 0x54, 0x1D, 0x47, 0x00, 0x01, 0x49, 0x53, 0x0E,
    0x49, 0x00, 0x01, 0x47, 0x58, 0x0E, 0x47, 0x00, 0x01, 0x45, 0x55, 0x81, 0x67, 0x45, 0x00, 0x27,
    0x4C, 0x57, 0x73, 0x4C, 0x00, 0x05, 0x49, 0x53, 0x1A, 0x49, 0x00, 0x04, 0x47, 0x52, 0x1D, 0x47,
    0x00, 0x01, 0x49, 0x57, 0x1D, 0x49, 0x00, 0x01, 0x47, 0x54, 0x82, 0x28, 0x47, 0x00, 0x40, 0x40,
    0x50, 0x12, 0x40, 0x00, 0x0C, 0x40, 0x54, 0x14, 0x40, 0x00, 0x0A, 0x40, 0x53, 0x18, 0x40, 0x00,
    0x06, 0x42, 0x50, 0x77, 0x42, 0x00, 0x01, 0x44, 0x59, 0x77, 0x44, 0x00, 0x01, 0x45, 0x54, 0x77,
    0x45, 0x00, 0x01, 0x4E, 0x58, 0x3B, 0x4E, 0x00, 0x01, 0x4A, 0x56, 0x3B, 0x4A, 0x00, 0x01, 0x49,
    0x58, 0x0E, 0x49, 0x00, 0x01, 0x47, 0x51, 0x0E, 0x47, 0x00, 0x01, 0x45, 0x53, 0x81, 0x0C, 0x45,
    0x00, 0x0A, 0x47, 0x52, 0x34, 0x47, 0x00, 0x08, 0x47, 0x58, 0x81, 0x2F, 0x47, 0x00, 0x05, 0x49,
    0x50, 0x3B, 0x49, 0x00, 0x01, 0x4A, 0x54, 0x71, 0x4A, 0x00, 0x07, 0x4A, 0x50, 0x6A, 0x4A, 0x00,
    0x0E, 0x4A, 0x53, 0x3A, 0x4A, 0x00, 0x02, 0x4E, 0x57, 0x3B, 0x4E, 0x00, 0x01, 0x4C, 0x56, 0x3B,
    0x4C, 0x00, 0x01, 0x49, 0x54, 0x38, 0x49, 0x00, 0x04, 0x47, 0x50, 0x82, 0x5C, 0x47, 0x00, 0x48,
    0x49, 0x53, 0x3B, 0x49, 0x00, 0x01, 0x4A, 0x53, 0x73, 0x4A, 0x00, 0x05, 0x4A, 0x52, 0x6B, 0x4A,
    0x00, 0x0D, 0x4A, 0x57, 0x3B, 0x4A, 0x00, 0x01, 0x4E, 0x57, 0x3B, 0x4E, 0x00, 0x01, 0x4C, 0x52,
    0x3B, 0x4C, 0x00, 0x01, 0x49, 0x51, 0x3B, 0x49, 0x00, 0x01, 0x47, 0x56, 0x82, 0x4E, 0x47, 0x00,
    0x1A, 0x49, 0x54, 0x59, 0x49, 0x00, 0x01, 0x4A, 0x53, 0x1D, 0x4A, 0x00, 0x01, 0x49, 0x54, 0x0E,
    0x49, 0x00, 0x01, 0x47, 0x57, 0x0E, 0x47, 0x00, 0x01, 0x45, 0x52, 0x82, 0x33, 0x45, 0x00, 0x17,
    0x4A, 0x59, 0x1D, 0x4A, 0x00, 0x01, 0x4C, 0x59, 0x1D, 0x4C, 0x00, 0x01, 0x4A, 0x53, 0x1D, 0x4A,
    0x00, 0x01, 0x49, 0x52, 0x1D, 0x49, 0x00, 0x01, 0x47, 0x58, 0x82, 0x1E, 0x47, 0x00, 0x2C, 0x40,
    0x51, 0x1B, 0x40, 0x00, 0x03, 0x49, 0x50, 0x12, 0x49, 0x00, 0x0C, 0x49, 0x52, 0x3B, 0x49, 0x00,
    0x01, 0x47, 0x58, 0x1D, 0x47, 0x00, 0x01, 0x45, 0x53, 0x83, 0x09, 0x45, 0x00, 0x1B, 0x45, 0x55,
    0x83, 0x10, 0x45, 0x00, 0x14, 0x45, 0x52, 0x75, 0x45, 0x00, 0x03, 0x47, 0x51, 0x6B, 0x47, 0x00,
    0x0D, 0x47, 0x55, 0x1D, 0x47, 0x00, 0x01, 0x45, 0x59, 0x1D, 0x45, 0x00, 0x01, 0x43, 0x52, 0x67,
    0x43, 0x00, 0x4D, 0x47, 0x53, 0x70, 0x47, 0x00, 0x08, 0x48, 0x51, 0x64, 0x48, 0x00, 0x14, 0x48,
    0x51, 0x1D, 0x48, 0x00, 0x01, 0x45, 0x55, 0x1D, 0x45, 0x00, 0x01, 0x43, 0x57, 0x66, 0x43, 0x00,
    0x4E, 0x48, 0x52, 0x3B, 0x48, 0x00, 0x01, 0x4A, 0x59, 0x34, 0x4A, 0x00, 0x08, 0x4A, 0x54, 0x59,
    0x4A, 0x00, 0x01, 0x48, 0x51, 0x18, 0x48, 0x00, 0x06, 0x47, 0x50, 0x38, 0x47, 0x00, 0x04, 0x47,
    0x52, 0x78, 0x47, 0x00, 0x3C, 0x47, 0x59, 0x37, 0x47, 0x00, 0x05, 0x4A, 0x51, 0x33, 0x4A, 0x00,
    0x09, 0x4A, 0x57, 0x3B, 0x4A, 0x00, 0x01, 0x48, 0x53, 0x1D, 0x48, 0x00, 0x01, 0x45, 0x55, 0x17,
    0x45, 0x00, 0x07, 0x45, 0x58, 0x81, 0x44, 0x45, 0x00, 0x2C, 0x4A, 0x55, 0x6E, 0x4A, 0x00, 0x0A,
    0x4A, 0x59, 0x1D, 0x4A, 0x00, 0x01, 0x49, 0x56, 0x58, 0x49, 0x00, 0x02, 0x49, 0x55, 0x3B, 0x49,
    0x00, 0x01, 0x47, 0x50, 0x1C, 0x47, 0x00, 0x02, 0x45, 0x51, 0x81, 0x11, 0x45, 0x00, 0x05, 0x49,
    0x56, 0x36, 0x49, 0x00, 0x06, 0x4C, 0x52, 0x34, 0x4C, 0x00, 0x08, 0x4C, 0x55, 0x3B, 0x4C, 0x00,
    0x01, 0x4A, 0x50, 0x1D, 0x4A, 0x00, 0x01, 0x47, 0x59, 0x18, 0x47, 0x00, 0x06, 0x47, 0x56, 0x81,
    0x5C, 0x47, 0x00, 0x14, 0x4C, 0x57, 0x6A, 0x4C, 0x00, 0x0E, 0x4C, 0x56, 0x3B, 0x4C, 0x00, 0x01,
    0x4B, 0x57, 0x30, 0x4B, 0x00, 0x0C, 0x4B, 0x59, 0x1D, 0x4B, 0x00, 0x01, 0x49, 0x54, 0x1D, 0x49,
    0x00, 0x01, 0x47, 0x55, 0x81, 0x33, 0x47, 0x00, 0x01, 0x4E, 0x55, 0x59, 0x4E, 0x00, 0x01, 0x50,
    0x54, 0x1D, 0x50, 0x00, 0x01, 0x4E, 0x58, 0x39, 0x4E, 0x00, 0x03, 0x4C, 0x54, 0x77, 0x4C, 0x00,
    0x01, 0x4E, 0x51, 0x75, 0x4E, 0x00, 0x03, 0x4C, 0x59, 0x81, 0x30, 0x4C, 0x00, 0xA0, 0x6C, 0x4C,
    0x56, 0x2F, 0x4C, 0x00, 0x0D, 0x4C, 0x57, 0x3A, 0x4C, 0x00, 0x02, 0x4A, 0x55, 0x69, 0x4A, 0x00,
    0x0F, 0x4A, 0x56, 0x6E, 0x4A, 0x00, 0x0A, 0x4A, 0x50, 0x3B, 0x4A, 0x00, 0x01, 0x4E, 0x58, 0x3B,
    0x4E, 0x00, 0x01, 0x4C, 0x56, 0x3B, 0x4C, 0x00, 0x01, 0x49, 0x58, 0x3B, 0x49, 0x00, 0x01, 0x47,
    0x51, 0x82, 0x46, 0x47, 0x00, 0x22, 0x4C, 0x51, 0x14, 0x4C, 0x00, 0x0A, 0x4C, 0x57, 0x59, 0x4C,
    0x00, 0x01, 0x4E, 0x50, 0x37, 0x4E, 0x00, 0x05, 0x4C, 0x54, 0x1D, 0x4C, 0x00, 0x01, 0x4A, 0x56,
    0x11, 0x4A, 0x00, 0x0D, 0x4A, 0x53, 0x57, 0x4A, 0x00, 0x03, 0x4A, 0x54, 0x1D, 0x4A, 0x00, 0x01,
    0x4E, 0x54, 0x33, 0x4E, 0x00, 0x09, 0x4C, 0x52, 0x30, 0x4C, 0x00, 0x0C, 0x4C, 0x50, 0x3B, 0x4C,
    0x00, 0x01, 0x49, 0x50, 0x3B, 0x49, 0x00, 0x01, 0x47, 0x59, 0x81, 0x29, 0x47, 0x00, 0x0B, 0x49,
    0x53, 0x67, 0x49, 0x00, 0x4D, 0x4A, 0x51, 0x4D, 0x4A, 0x00, 0x0D, 0x4A, 0x57, 0x1D, 0x4A, 0x00,
    0x01, 0x49, 0x58, 0x66, 0x49, 0x00, 0x12, 0x49, 0x54, 0x2B, 0x49, 0x00, 0x11, 0x49, 0x51, 0x81,
    0x06, 0x49, 0x00, 0x6A, 0x4C, 0x51, 0x2F, 0x4C, 0x00, 0x0D, 0x4C, 0x55, 0x3B, 0x4C, 0x00, 0x01,
    0x49, 0x56, 0x1D, 0x49, 0x00, 0x01, 0x47, 0x59, 0x10, 0x47, 0x00, 0x0E, 0x47, 0x57, 0x32, 0x47,
    0x00, 0x0A, 0x47, 0x51, 0x7D, 0x47, 0x00, 0x37, 0x4C, 0x58, 0x53, 0x4C, 0x00, 0x07, 0x4E, 0x50,
    0x19, 0x4E, 0x00, 0x05, 0x4C, 0x50, 0x62, 0x4C, 0x00, 0x16, 0x4A, 0x56, 0x2F, 0x4A, 0x00, 0x0D,
    0x4A, 0x57, 0x81, 0x23, 0x4A, 0x00, 0x11, 0x4C, 0x52, 0x6C, 0x4C, 0x00, 0x0C, 0x4A, 0x58, 0x77,
    0x4A, 0x00, 0x01, 0x4C, 0x51, 0x37, 0x4C, 0x00, 0x05, 0x4D, 0x58, 0x83, 0x11, 0x4D, 0x00, 0x82,
    0x21, 0x45, 0x58, 0x1D, 0x45, 0x00, 0x01, 0x4C, 0x52, 0x1D, 0x4C, 0x00, 0x01, 0x4A, 0x58, 0x1D,
    0x4A, 0x00, 0x01, 0x49, 0x57, 0x82, 0x67, 0x49, 0x00, 0x01, 0x4A, 0x56, 0x1D, 0x4A, 0x00, 0x01,
    0x4C, 0x54, 0x1D, 0x4C, 0x00, 0x01, 0x4A, 0x50, 0x1D, 0x4A, 0x00, 0x01, 0x49, 0x50, 0x1D, 0x49,
    0x00, 0x01, 0x47, 0x56, 0x82, 0x55, 0x47, 0x00, 0x13, 0x49, 0x50, 0x3A, 0x49, 0x00, 0x02, 0x47,
    0x54, 0x1D, 0x47, 0x00, 0x01, 0x45, 0x56, 0x1A, 0x45, 0x00, 0x04, 0x45, 0x54, 0x82, 0x57, 0x45,
    0x00, 0x11, 0x49, 0x54, 0x37, 0x49, 0x00, 0x05, 0x49, 0x58, 0x1D, 0x49, 0x00, 0x01, 0x47, 0x55,
    0x1D, 0x47, 0x00, 0x01, 0x45, 0x55, 0x84, 0x23, 0x45, 0x00, 0x00, 0xFF, 0x2F, 0x00, 0x4D, 0x54,
    0x72, 0x6B, 0x00, 0x00, 0x02, 0xD7, 0x00, 0xFF, 0x21, 0x01, 0x00, 0x00, 0xFF, 0x03, 0x08, 0x32,
    0x39, 0x3C, 0x4C, 0x65, 0x61, 0x64, 0x3E, 0x00, 0xB4, 0x07, 0x69, 0x00, 0x0A, 0x4A, 0x01, 0x79,
    0x00, 0x01, 0x20, 0x00, 0x01, 0x00, 0x00, 0x01, 0x0B, 0x78, 0x01, 0xC4, 0x1D, 0x01, 0xB4, 0x5B,
    0x64, 0x01, 0x5D, 0x1E, 0x01, 0x5E, 0x00, 0x01, 0x63, 0x01, 0x01, 0x62, 0x08, 0x01, 0x06, 0x37,
    0x01, 0x62, 0x09, 0x01, 0x06, 0x46, 0x01, 0x62, 0x0A, 0x01, 0x06, 0x46, 0x81, 0xAC, 0x69, 0xE4,
    0x00, 0x00, 0x40, 0x94, 0x47, 0x7B, 0x0B, 0xE4, 0x00, 0x17, 0x01, 0x00, 0x35, 0x01, 0x00, 0x23,
    0x02, 0x00, 0x40, 0x0E, 0x94, 0x47, 0x00, 0x01, 0x49, 0x65, 0x60, 0xB4, 0x01, 0x0F, 0x12, 0x01,
    0x13, 0x0C, 0x01, 0x18, 0x0B, 0x01, 0x1C, 0x07, 0x01, 0x20, 0x06, 0x01, 0x24, 0x21, 0x01, 0x2A,
    0x5B, 0x01, 0x2C, 0x1B, 0x01, 0x32, 0x37, 0x94, 0x49, 0x00, 0x17, 0xB4, 0x01, 0x00, 0x09, 0xE4,
    0x00, 0x16, 0x03, 0x94, 0x49, 0x6B, 0x02, 0xE4, 0x00, 0x15, 0x0A, 0x00, 0x29, 0x02, 0x00, 0x31,
    0x01, 0x00, 0x39, 0x03, 0x00, 0x40, 0x27, 0x94, 0x49, 0x00, 0x01, 0x47, 0x7C, 0x1D, 0x47, 0x00,
    0x01, 0x45, 0x65, 0x1D, 0x45, 0x00, 0x02, 0x42, 0x70, 0x3B, 0x42, 0x00, 0x01, 0x45, 0x79, 0x24,
    0xB4, 0x01, 0x37, 0x81, 0x0C, 0x94, 0x45, 0x00, 0x04, 0xB4, 0x01, 0x00, 0x01, 0x94, 0x47, 0x6D,
    0x56, 0xB4, 0x01, 0x18, 0x0C, 0x01, 0x27, 0x0B, 0x01, 0x21, 0x08, 0x01, 0x25, 0x17, 0x01, 0x2C,
    0x3B, 0x01, 0x2F, 0x06, 0x01, 0x3C, 0x40, 0x94, 0x47, 0x00, 0x81, 0x15, 0xB4, 0x01, 0x00, 0x21,
    0xE4, 0x01, 0x00, 0x00, 0x94, 0x42, 0x68, 0x12, 0xE4, 0x00, 0x40, 0x0B, 0x94, 0x42, 0x00, 0x01,
    0x45, 0x6F, 0x16, 0x45, 0x00, 0x08, 0x45, 0x70, 0x1E, 0xB4, 0x01, 0x37, 0x81, 0x62, 0x94, 0x45,
    0x00, 0x0A, 0xB4, 0x01, 0x00, 0x01, 0x94, 0x49, 0x79, 0x1F, 0x49, 0x00, 0x01, 0x4C, 0x68, 0x2C,
    0x4C, 0x00, 0x11, 0x4C, 0x6F, 0x1E, 0xB4, 0x01, 0x3C, 0x3B, 0x94, 0x4C, 0x00, 0x00, 0xB4, 0x01,
    0x00, 0x01, 0x94, 0x45, 0x6D, 0x14, 0x45, 0x00, 0x08, 0x45, 0x6A, 0x1E, 0xB4, 0x01, 0x39, 0x77,
    0x01, 0x00, 0x01, 0x94, 0x45, 0x00, 0x00, 0xE4, 0x7E, 0x0F, 0x01, 0x94, 0x4E, 0x7B, 0x11, 0xE4,
    0x30, 0x16, 0x03, 0x7B, 0x1F, 0x04, 0x5F, 0x2C, 0x04, 0x43, 0x39, 0x01, 0x5C, 0x3C, 0x01, 0x00,
    0x40, 0x1E, 0xB4, 0x01, 0x37, 0x81, 0x53, 0x94, 0x4E, 0x00, 0x3A, 0xB4, 0x01, 0x00, 0x01, 0x94,
    0x51, 0x70, 0x1B, 0x51, 0x00, 0x02, 0x4E, 0x6B, 0x1A, 0x4E, 0x00, 0x04, 0x4E, 0x70, 0x27, 0xB4,
    0x01, 0x37, 0x82, 0x05, 0x94, 0x4E, 0x00, 0x81, 0x50, 0xB4, 0x01, 0x00, 0x01, 0xE4, 0x00, 0x00,
    0x01, 0x94, 0x4E, 0x70, 0x0D, 0xE4, 0x00, 0x12, 0x03, 0x00, 0x37, 0x00, 0x00, 0x29, 0x00, 0x00,
    0x1D, 0x01, 0x00, 0x40, 0x0E, 0x94, 0x4E, 0x00, 0x01, 0x4C, 0x69, 0x3A, 0x4C, 0x00, 0x01, 0x4E,
    0x65, 0x1C, 0x4E, 0x00, 0x01, 0x47, 0x6D, 0x1E, 0xE4, 0x7F, 0x7F, 0x1E, 0xB4, 0x01, 0x37, 0x81,
    0x33, 0x94, 0x47, 0x00, 0x59, 0xB4, 0x01, 0x00, 0x01, 0xE4, 0x00, 0x40, 0x00, 0x94, 0x3D, 0x7E,
    0x1D, 0xE4, 0x6E, 0x3B, 0x03, 0x08, 0x02, 0x01, 0x73, 0x1C, 0x03, 0x00, 0x00, 0x09, 0x94, 0x3D,
    0x00, 0x00, 0xE4, 0x10, 0x04, 0x02, 0x52, 0x14, 0x02, 0x00, 0x40, 0x02, 0x94, 0x3D, 0x6B, 0x18,
    0xE4, 0x73, 0x1C, 0x00, 0x66, 0x39, 0x03, 0x94, 0x3D, 0x00, 0x01, 0xE4, 0x10, 0x04, 0x02, 0x00,
    0x00, 0x09, 0x00, 0x40, 0x01, 0x94, 0x3D, 0x77, 0x1E, 0xB4, 0x01, 0x32, 0x57, 0x94, 0x3D, 0x00,
    0x04, 0xB4, 0x01, 0x00, 0x01, 0x94, 0x39, 0x74, 0x27, 0xB4, 0x01, 0x37, 0x7D, 0x94, 0x39, 0x00,
    0x84, 0x2A, 0xB4, 0x01, 0x00, 0x01, 0x94, 0x4C, 0x71, 0x19, 0x4C, 0x00, 0x06, 0x4E, 0x59, 0x1C,
    0x4E, 0x00, 0x01, 0x4C, 0x5E, 0x1A, 0x4C, 0x00, 0x03, 0x47, 0x5D, 0x30, 0x47, 0x00, 0x0D, 0x47,
    0x58, 0x3B, 0x47, 0x00, 0x01, 0x4E, 0x6A, 0x18, 0xB4, 0x01, 0x3C, 0x24, 0x94, 0x4E, 0x00, 0x00,
    0xB4, 0x01, 0x00, 0x01, 0x94, 0x4C, 0x5A, 0x2F, 0xB4, 0x01, 0x37, 0x81, 0x20, 0x94, 0x4C, 0x00,
    0x00, 0xB4, 0x01, 0x00, 0x01, 0x94, 0x47, 0x6D, 0x29, 0xB4, 0x01, 0x32, 0x81, 0x5B, 0x94, 0x47,
    0x00, 0x83, 0x54, 0xB4, 0x01, 0x00, 0x81, 0x6A, 0xE4, 0x00, 0x00, 0x00, 0x94, 0x3D, 0x6A, 0x0E,
    0xE4, 0x00, 0x12, 0x03, 0x00, 0x37, 0x00, 0x00, 0x29, 0x00, 0x00, 0x1D, 0x01, 0x00, 0x40, 0x1E,
    0xB4, 0x01, 0x34, 0x81, 0x35, 0x94, 0x3D, 0x00, 0x07, 0xB4, 0x01, 0x00, 0x01, 0xE4, 0x00, 0x20,
    0x00, 0x94, 0x3D, 0x69, 0x06, 0xE4, 0x5C, 0x28, 0x02, 0x50, 0x2B, 0x03, 0x7E, 0x2F, 0x04, 0x66,
    0x35, 0x04, 0x4E, 0x3B, 0x01, 0x08, 0x3D, 0x02, 0x00, 0x40, 0x43, 0x94, 0x3D, 0x00, 0x01, 0x3E,
    0x61, 0x55, 0x3E, 0x00, 0x08, 0x40, 0x61, 0x3A, 0x40, 0x00, 0x01, 0x3B, 0x63, 0x25, 0xB4, 0x01,
    0x34, 0x83, 0x39, 0x01, 0x00, 0x01, 0x94, 0x3B, 0x00, 0x00, 0xFF, 0x2F, 0x00, 0x4D, 0x54, 0x72,
    0x6B, 0x00, 0x00, 0x03, 0xD0, 0x00, 0xFF, 0x21, 0x01, 0x00, 0x00, 0xFF, 0x03, 0x07, 0x33, 0x30,
    0x3C, 0x42, 0x2E, 0x47, 0x3E, 0x00, 0xB5, 0x07, 0x5F, 0x00, 0x0A, 0x72, 0x01, 0x79, 0x00, 0x01,
    0x20, 0x00, 0x01, 0x00, 0x00, 0x01, 0x0B, 0x5A, 0x01, 0xC5, 0x1E, 0x01, 0xB5, 0x5B, 0x3C, 0x01,
    0x5D, 0x14, 0x01, 0x5E, 0x00, 0x01, 0x63, 0x01, 0x01, 0x62, 0x20, 0x01, 0x06, 0x37, 0x01, 0x62,
    0x21, 0x01, 0x06, 0x3C, 0x83, 0x53, 0x95, 0x34, 0x67, 0x00, 0x2D, 0x69, 0x83, 0x5F, 0x2D, 0x00,
    0x00, 0x34, 0x00, 0x01, 0x3B, 0x6C, 0x00, 0x34, 0x6A, 0x83, 0x5F, 0x34, 0x00, 0x00, 0x3B, 0x00,
    0x01, 0x32, 0x6A, 0x00, 0x39, 0x66, 0x83, 0x5F, 0x39, 0x00, 0x00, 0x32, 0x00, 0x01, 0x3B, 0x67,
    0x00, 0x34, 0x6B, 0x83, 0x5F, 0x34, 0x00, 0x00, 0x3B, 0x00, 0xAD, 0x01, 0x40, 0x6C, 0x00, 0x39,
    0x6E, 0x83, 0x5F, 0x39, 0x00, 0x00, 0x40, 0x00, 0x01, 0x3B, 0x6C, 0x00, 0x34, 0x71, 0x83, 0x5F,
    0x34, 0x00, 0x00, 0x3B, 0x00, 0x01, 0x34, 0x71, 0x00, 0x2D, 0x6E, 0x83, 0x5F, 0x2D, 0x00, 0x00,
    0x34, 0x00, 0x01, 0x34, 0x6D, 0x00, 0x2D, 0x70, 0x83, 0x5F, 0x2D, 0x00, 0x00, 0x34, 0x00, 0x01,
    0x34, 0x6B, 0x00, 0x2D, 0x6B, 0x82, 0x67, 0x2D, 0x00, 0x00, 0x34, 0x00, 0x01, 0x2D, 0x6B, 0x00,
    0x34, 0x71, 0x77, 0x34, 0x00, 0x00, 0x2D, 0x00, 0x01, 0x34, 0x6D, 0x00, 0x3B, 0x6E, 0x81, 0x33,
    0x3B, 0x00, 0x00, 0x34, 0x00, 0x01, 0x34, 0x6F, 0x00, 0x3B, 0x6C, 0x82, 0x2B, 0x3B, 0x00, 0x00,
    0x34, 0x00, 0x01, 0x32, 0x70, 0x00, 0x39, 0x6F, 0x81, 0x33, 0x39, 0x00, 0x00, 0x32, 0x00, 0x01,
    0x32, 0x6B, 0x00, 0x39, 0x6B, 0x82, 0x2B, 0x39, 0x00, 0x00, 0x32, 0x00, 0x01, 0x34, 0x6E, 0x00,
    0x3B, 0x6E, 0x81, 0x33, 0x3B, 0x00, 0x00, 0x34, 0x00, 0x01, 0x34, 0x71, 0x00, 0x3B, 0x6B, 0x82,
    0x2B, 0x3B, 0x00, 0x00, 0x34, 0x00, 0x01, 0x34, 0x71, 0x00, 0x2D, 0x6C, 0x81, 0x33, 0x2D, 0x00,
    0x00, 0x34, 0x00, 0x01, 0x2D, 0x6C, 0x00, 0x34, 0x71, 0x82, 0x2B, 0x34, 0x00, 0x00, 0x2D, 0x00,
    0x01, 0x34, 0x6E, 0x00, 0x3B, 0x71, 0x81, 0x33, 0x3B, 0x00, 0x00, 0x34, 0x00, 0x01, 0x34, 0x6C,
    0x00, 0x3B, 0x6B, 0x82, 0x2B, 0x3B, 0x00, 0x00, 0x34, 0x00, 0x01, 0x39, 0x6C, 0x00, 0x32, 0x6D,
    0x83, 0x5F, 0x32, 0x00, 0x00, 0x39, 0x00, 0x01, 0x34, 0x71, 0x00, 0x2D, 0x6C, 0x81, 0x6F, 0x2D,
    0x00, 0x00, 0x34, 0x00, 0x01, 0x34, 0x71, 0x00, 0x3B, 0x6F, 0x81, 0x6F, 0x3B, 0x00, 0x00, 0x34,
    0x00, 0x00, 0xB5, 0x0B, 0x64, 0x01, 0x95, 0x36, 0x6F, 0x00, 0x2F, 0x71, 0x82, 0x67, 0x2F, 0x00,
    0x00, 0x36, 0x00, 0x01, 0x2D, 0x6D, 0x00, 0x34, 0x70, 0x77, 0x34, 0x00, 0x00, 0x2D, 0x00, 0x01,
    0x2F, 0x6B, 0x00, 0x36, 0x71, 0x83, 0x5F, 0x36, 0x00, 0x00, 0x2F, 0x00, 0x01, 0x36, 0x6E, 0x00,
    0x2F, 0x6C, 0x82, 0x67, 0x2F, 0x00, 0x00, 0x36, 0x00, 0x01, 0x2D, 0x6D, 0x00, 0x34, 0x6D, 0x77,
    0x34, 0x00, 0x00, 0x2D, 0x00, 0x01, 0x36, 0x6C, 0x00, 0x2F, 0x71, 0x83, 0x5F, 0x2F, 0x00, 0x00,
    0x36, 0x00, 0x01, 0x2D, 0x6E, 0x00, 0x34, 0x6B, 0x83, 0x5F, 0x34, 0x00, 0x00, 0x2D, 0x00, 0x01,
    0x28, 0x6E, 0x00, 0x2F, 0x6C, 0x83, 0x5F, 0x2F, 0x00, 0x00, 0x28, 0x00, 0x01, 0x34, 0x6E, 0x00,
    0x2D, 0x6E, 0x83, 0x5F, 0x2D, 0x00, 0x00, 0x34, 0x00, 0x01, 0x2D, 0x6D, 0x00, 0x34, 0x6D, 0x82,
    0x67, 0x34, 0x00, 0x00, 0x2D, 0x00, 0x01, 0x34, 0x78, 0x00, 0x39, 0x78, 0x4A, 0xE5, 0x15, 0x3E,
    0x05, 0x62, 0x37, 0x04, 0x2F, 0x31, 0x04, 0x71, 0x2B, 0x05, 0x49, 0x24, 0x04, 0x21, 0x1D, 0x05,
    0x6E, 0x16, 0x04, 0x5C, 0x0D, 0x04, 0x3F, 0x05, 0x05, 0x00, 0x00, 0x04, 0x95, 0x39, 0x00, 0x00,
    0x34, 0x00, 0x01, 0xE5, 0x00, 0x40, 0x00, 0xB5, 0x0B, 0x6E, 0x01, 0x95, 0x32, 0x73, 0x00, 0x2B,
    0x71, 0x82, 0x67, 0x2B, 0x00, 0x00, 0x32, 0x00, 0x01, 0x2B, 0x72, 0x00, 0x32, 0x76, 0x77, 0x32,
    0x00, 0x00, 0x2B, 0x00, 0x01, 0x30, 0x70, 0x00, 0x37, 0x72, 0x82, 0x67, 0x37, 0x00, 0x00, 0x30,
    0x00, 0x01, 0x30, 0x71, 0x00, 0x37, 0x70, 0x77, 0x37, 0x00, 0x00, 0x30, 0x00, 0x01, 0x2B, 0x71,
    0x00, 0x32, 0x75, 0x82, 0x67, 0x32, 0x00, 0x00, 0x2B, 0x00, 0x01, 0x2B, 0x73, 0x00, 0x32, 0x70,
    0x77, 0x32, 0x00, 0x00, 0x2B, 0x00, 0x01, 0x32, 0x75, 0x00, 0x39, 0x72, 0x82, 0x2B, 0x39, 0x00,
    0x00, 0x32, 0x00, 0x01, 0x32, 0x74, 0x00, 0x39, 0x76, 0x0D, 0x39, 0x00, 0x02, 0x32, 0x00, 0x0F,
    0x39, 0x74, 0x00, 0x32, 0x74, 0x0D, 0x32, 0x00, 0x01, 0x39, 0x00, 0x10, 0x39, 0x71, 0x00, 0x32,
    0x72, 0x0F, 0x39, 0x00, 0x01, 0x32, 0x00, 0x0E, 0x3B, 0x72, 0x00, 0x34, 0x71, 0x0E, 0x3B, 0x00,
    0x04, 0x34, 0x00, 0x0C, 0x32, 0x71, 0x00, 0x39, 0x74, 0x2B, 0x39, 0x00, 0x02, 0x32, 0x00, 0x0F,
    0x2D, 0x76, 0x00, 0x34, 0x71, 0x82, 0x2B, 0x34, 0x00, 0x00, 0x2D, 0x00, 0x01, 0x2D, 0x75, 0x00,
    0x34, 0x73, 0x0B, 0x34, 0x00, 0x02, 0x2D, 0x00, 0x11, 0x2D, 0x70, 0x00, 0x34, 0x73, 0x0D, 0x34,
    0x00, 0x01, 0x2D, 0x00, 0x10, 0x2D, 0x74, 0x00, 0x34, 0x71, 0x77, 0x34, 0x00, 0x00, 0x2D, 0x00,
    0x01, 0x3B, 0x75, 0x00, 0x34, 0x73, 0x81, 0x6F, 0x34, 0x00, 0x00, 0x3B, 0x00, 0x01, 0x34, 0x70,
    0x00, 0x3B, 0x73, 0x81, 0x6F, 0x3B, 0x00, 0x00, 0x34, 0x00, 0x01, 0x36, 0x75, 0x00, 0x2F, 0x75,
    0x82, 0x67, 0x2F, 0x00, 0x00, 0x36, 0x00, 0x01, 0x2F, 0x76, 0x00, 0x36, 0x72, 0x77, 0x36, 0x00,
    0x00, 0x2F, 0x00, 0x01, 0x34, 0x74, 0x00, 0x3B, 0x74, 0x81, 0x33, 0x3B, 0x00, 0x00, 0x34, 0x00,
    0x01, 0x34, 0x6E, 0x00, 0x3B, 0x6E, 0x83, 0x23, 0x3B, 0x00, 0x00, 0x34, 0x00, 0xA0, 0x68, 0xB5,
    0x0B, 0x64, 0x01, 0x95, 0x2F, 0x6D, 0x00, 0x36, 0x6F, 0x83, 0x5F, 0x36, 0x00, 0x00, 0x2F, 0x00,
    0x01, 0x3B, 0x6C, 0x00, 0x34, 0x6D, 0x83, 0x5F, 0x34, 0x00, 0x00, 0x3B, 0x00, 0x01, 0x2F, 0x6E,
    0x00, 0x36, 0x6D, 0x83, 0x5F, 0x36, 0x00, 0x00, 0x2F, 0x00, 0x01, 0x34, 0x6C, 0x00, 0x3B, 0x6E,
    0x82, 0x52, 0x3B, 0x00, 0x00, 0x34, 0x00, 0x16, 0x34, 0x6F, 0x00, 0x3B, 0x6B, 0x77, 0x3B, 0x00,
    0x00, 0x34, 0x00, 0x01, 0x34, 0x71, 0x00, 0x2D, 0x71, 0x81, 0x65, 0x2D, 0x00, 0x00, 0x34, 0x00,
    0x0B, 0x2D, 0x6C, 0x00, 0x34, 0x6E, 0x81, 0x69, 0x34, 0x00, 0x00, 0x2D, 0x00, 0x07, 0x3B, 0x71,
    0x00, 0x34, 0x71, 0x81, 0x65, 0x34, 0x00, 0x00, 0x3B, 0x00, 0x0B, 0x34, 0x6B, 0x00, 0x3B, 0x6D,
    0x81, 0x69, 0x3B, 0x00, 0x00, 0x34, 0x00, 0x07, 0x39, 0x70, 0x00, 0x32, 0x6B, 0x83, 0x5F, 0x32,
    0x00, 0x00, 0x39, 0x00, 0x01, 0x39, 0x6E, 0x00, 0x32, 0x6E, 0x84, 0x43, 0x32, 0x00, 0x00, 0x39,
    0x00, 0x00, 0xFF, 0x2F, 0x00, 0x4D, 0x54, 0x72, 0x6B, 0x00, 0x00, 0x02, 0x19, 0x00, 0xFF, 0x21,
    0x01, 0x00, 0x00, 0xFF, 0x03, 0x02, 0x34, 0x39, 0x00, 0xB6, 0x07, 0x5A, 0x00, 0x0A, 0x04, 0x01,
    0x79, 0x00, 0x01, 0x20, 0x00, 0x01, 0x00, 0x00, 0x01, 0x0B, 0x64, 0x01, 0xC6, 0x31, 0x01, 0xB6,
    0x5B, 0x5A, 0x01, 0x5D, 0x00, 0x01, 0x5E, 0x00, 0x01, 0x63, 0x01, 0x01, 0x62, 0x63, 0x01, 0x06,
    0x30, 0x01, 0x62, 0x66, 0x01, 0x06, 0x43, 0x83, 0x53, 0x96, 0x45, 0x4B, 0x83, 0x5F, 0x45, 0x00,
    0x01, 0x45, 0x4D, 0x83, 0x5F, 0x45, 0x00, 0x01, 0x45, 0x4B, 0x83, 0x5F, 0x45, 0x00, 0x01, 0x47,
    0x4D, 0x83, 0x5F, 0x47, 0x00, 0x9D, 0x09, 0x53, 0x5B, 0x3C, 0x55, 0x54, 0x03, 0x53, 0x00, 0x35,
    0x55, 0x00, 0x04, 0x56, 0x5F, 0x82, 0x66, 0x56, 0x00, 0x02, 0x58, 0x5F, 0x74, 0x58, 0x00, 0x04,
    0x53, 0x60, 0x83, 0x18, 0x53, 0x00, 0x0C, 0x51, 0x54, 0x3C, 0x56, 0x5F, 0x07, 0x51, 0x00, 0x82,
    0x5B, 0x56, 0x00, 0x06, 0x58, 0x5F, 0x76, 0x58, 0x00, 0x02, 0x53, 0x60, 0x83, 0x5F, 0x53, 0x00,
    0x01, 0x51, 0x5F, 0x83, 0x5F, 0x51, 0x00, 0x01, 0x58, 0x60, 0x83, 0x5F, 0x58, 0x00, 0x01, 0x58,
    0x5F, 0x87, 0x37, 0x58, 0x00, 0x9C, 0x19, 0x58, 0x5D, 0x81, 0x70, 0x4A, 0x5F, 0x02, 0x58, 0x00,
    0x82, 0x63, 0x4A, 0x00, 0x03, 0x4C, 0x5F, 0x74, 0x4C, 0x00, 0x04, 0x47, 0x60, 0x83, 0x1C, 0x47,
    0x00, 0x08, 0x49, 0x54, 0x3C, 0x4A, 0x5F, 0x07, 0x49, 0x00, 0x82, 0x56, 0x4A, 0x00, 0x0B, 0x4C,
    0x5F, 0x78, 0x47, 0x60, 0x01, 0x4C, 0x00, 0x82, 0x67, 0x49, 0x5B, 0x05, 0x47, 0x00, 0x73, 0x49,
    0x00, 0x00, 0x4C, 0x5F, 0x83, 0x5F, 0x4C, 0x00, 0x01, 0x4C, 0x60, 0x83, 0x58, 0x4C, 0x00, 0x08,
    0x45, 0x5F, 0x83, 0x5F, 0x45, 0x00, 0x01, 0x51, 0x60, 0x83, 0x5F, 0x51, 0x00, 0x01, 0x47, 0x5F,
    0x83, 0x5F, 0x47, 0x00, 0x01, 0x48, 0x60, 0x83, 0x5F, 0x48, 0x00, 0x01, 0x4A, 0x5F, 0x83, 0x5F,
    0x4A, 0x00, 0x01, 0x4A, 0x60, 0x83, 0x5F, 0x4A, 0x00, 0x01, 0x4C, 0x5F, 0x83, 0x5F, 0x4C, 0x00,
    0x01, 0x4C, 0x60, 0x83, 0x5F, 0x4C, 0x00, 0x01, 0x4E, 0x5F, 0x83, 0x5F, 0x4E, 0x00, 0x01, 0x4E,
    0x60, 0x38, 0x4E, 0x00, 0x04, 0x4C, 0x55, 0x78, 0x4C, 0x00, 0x00, 0x4E, 0x53, 0x78, 0x4C, 0x54,
    0x02, 0x4E, 0x00, 0x82, 0x66, 0x4C, 0x00, 0x82, 0x2C, 0x3E, 0x60, 0x83, 0x5F, 0x3E, 0x00, 0x01,
    0x3E, 0x5F, 0x83, 0x5F, 0x3E, 0x00, 0x01, 0x45, 0x60, 0x83, 0x5F, 0x45, 0x00, 0x01, 0x45, 0x5F,
    0x83, 0x5F, 0x45, 0x00, 0x01, 0x3E, 0x60, 0x83, 0x5F, 0x3E, 0x00, 0x01, 0x3E, 0x5F, 0x83, 0x5F,
    0x3E, 0x00, 0x01, 0x45, 0x60, 0x83, 0x5F, 0x45, 0x00, 0x01, 0x45, 0x5F, 0x83, 0x5F, 0x45, 0x00,
    0x01, 0x4A, 0x60, 0x83, 0x5F, 0x4A, 0x00, 0x01, 0x4C, 0x5F, 0x83, 0x5F, 0x4C, 0x00, 0x01, 0x4E,
    0x60, 0x83, 0x5F, 0x4E, 0x00, 0x01, 0x47, 0x5F, 0x83, 0x5F, 0x47, 0x00, 0x01, 0x49, 0x60, 0x83,
    0x5F, 0x49, 0x00, 0x01, 0x4C, 0x5F, 0x83, 0x5F, 0x4C, 0x00, 0x01, 0x4A, 0x60, 0x83, 0x5F, 0x4A,
    0x00, 0x01, 0x4A, 0x5F, 0x84, 0x43, 0x4A, 0x00, 0x82, 0x7D, 0x45, 0x53, 0x00, 0x49, 0x53, 0x83,
    0x5F, 0x49, 0x00, 0x00, 0x45, 0x00, 0x01, 0x47, 0x54, 0x00, 0x44, 0x54, 0x83, 0x5F, 0x44, 0x00,
    0x00, 0x47, 0x00, 0x01, 0x45, 0x53, 0x00, 0x42, 0x53, 0x00, 0x3E, 0x53, 0x81, 0x6F, 0x3E, 0x00,
    0x00, 0x42, 0x00, 0x00, 0x45, 0x00, 0x01, 0x3E, 0x4F, 0x00, 0x47, 0x4F, 0x00, 0x42, 0x4F, 0x81,
    0x6F, 0x42, 0x00, 0x00, 0x47, 0x00, 0x00, 0x3E, 0x00, 0x01, 0x40, 0x54, 0x00, 0x45, 0x54, 0x00,
    0x49, 0x54, 0x00, 0x4C, 0x54, 0x84, 0x11, 0x4C, 0x00, 0x00, 0x40, 0x00, 0x00, 0x45, 0x00, 0x00,
    0x49, 0x00, 0x00, 0xFF, 0x2F, 0x00, 0x4D, 0x54, 0x72, 0x6B, 0x00, 0x00, 0x02, 0x1D, 0x00, 0xFF,
    0x21, 0x01, 0x00, 0x00, 0xFF, 0x03, 0x06, 0x34, 0x39, 0x3C, 0x4C, 0x6F, 0x3E, 0x00, 0xB7, 0x07,
    0x5A, 0x00, 0x0A, 0x7C, 0x01, 0x79, 0x00, 0x01, 0x20, 0x00, 0x01, 0x00, 0x00, 0x01, 0x0B, 0x64,
    0x01, 0xC7, 0x31, 0x01, 0xB7, 0x5B, 0x5A, 0x01, 0x5D, 0x00, 0x01, 0x5E, 0x00, 0x01, 0x63, 0x01,
    0x01, 0x62, 0x63, 0x01, 0x06, 0x30, 0x01, 0x62, 0x66, 0x01, 0x06, 0x43, 0x83, 0x53, 0x97, 0x39,
    0x46, 0x83, 0x5F, 0x39, 0x00, 0x01, 0x39, 0x48, 0x83, 0x5F, 0x39, 0x00, 0x01, 0x39, 0x46, 0x83,
    0x5F, 0x39, 0x00, 0x01, 0x3B, 0x48, 0x83, 0x5F, 0x3B, 0x00, 0x9D, 0x09, 0x3B, 0x56, 0x3C, 0x3D,
    0x4F, 0x03, 0x3B, 0x00, 0x35, 0x3D, 0x00, 0x04, 0x3E, 0x5A, 0x82, 0x66, 0x3E, 0x00, 0x02, 0x40,
    0x5A, 0x74, 0x40, 0x00, 0x04, 0x3B, 0x5B, 0x83, 0x18, 0x3B, 0x00, 0x0C, 0x39, 0x4F, 0x3C, 0x3E,
    0x5A, 0x07, 0x39, 0x00, 0x82, 0x5B, 0x3E, 0x00, 0x06, 0x40, 0x5A, 0x76, 0x40, 0x00, 0x02, 0x3B,
    0x5B, 0x83, 0x5F, 0x3B, 0x00, 0x01, 0x39, 0x5A, 0x83, 0x5F, 0x39, 0x00, 0x01, 0x40, 0x5B, 0x83,
    0x5F, 0x40, 0x00, 0x01, 0x40, 0x5A, 0x87, 0x37, 0x40, 0x00, 0x9C, 0x19, 0x4C, 0x58, 0x81, 0x70,
    0x3E, 0x5A, 0x02, 0x4C, 0x00, 0x82, 0x63, 0x3E, 0x00, 0x03, 0x40, 0x5A, 0x74, 0x40, 0x00, 0x04,
    0x3B, 0x5B, 0x83, 0x1C, 0x3B, 0x00, 0x08, 0x3D, 0x4F, 0x3C, 0x3E, 0x5A, 0x07, 0x3D, 0x00, 0x82,
    0x56, 0x3E, 0x00, 0x0B, 0x40, 0x5A, 0x78, 0x3B, 0x5B, 0x01, 0x40, 0x00, 0x82, 0x67, 0x3D, 0x56,
    0x05, 0x3B, 0x00, 0x73, 0x3D, 0x00, 0x00, 0x40, 0x5A, 0x83, 0x5F, 0x40, 0x00, 0x01, 0x40, 0x5B,
    0x83, 0x58, 0x40, 0x00, 0x08, 0x39, 0x5A, 0x83, 0x5F, 0x39, 0x00, 0x01, 0x45, 0x5B, 0x83, 0x5F,
    0x45, 0x00, 0x01, 0x3B, 0x5A, 0x83, 0x5F, 0x3B, 0x00, 0x01, 0x3C, 0x5B, 0x83, 0x5F, 0x3C, 0x00,
    0x01, 0x3E, 0x5A, 0x83, 0x5F, 0x3E, 0x00, 0x01, 0x3E, 0x5B, 0x83, 0x5F, 0x3E, 0x00, 0x01, 0x40,
    0x5A, 0x83, 0x5F, 0x40, 0x00, 0x01, 0x40, 0x5B, 0x83, 0x5F, 0x40, 0x00, 0x01, 0x42, 0x5A, 0x83,
    0x5F, 0x42, 0x00, 0x01, 0x42, 0x5B, 0x38, 0x42, 0x00, 0x04, 0x40, 0x50, 0x78, 0x40, 0x00, 0x00,
    0x42, 0x4E, 0x78, 0x40, 0x4F, 0x02, 0x42, 0x00, 0x82, 0x66, 0x40, 0x00, 0x82, 0x2C, 0x32, 0x5B,
    0x83, 0x5F, 0x32, 0x00, 0x01, 0x32, 0x5A, 0x83, 0x5F, 0x32, 0x00, 0x01, 0x39, 0x5B, 0x83, 0x5F,
    0x39, 0x00, 0x01, 0x39, 0x5A, 0x83, 0x5F, 0x39, 0x00, 0x01, 0x32, 0x5B, 0x83, 0x5F, 0x32, 0x00,
    0x01, 0x32, 0x5A, 0x83, 0x5F, 0x32, 0x00, 0x01, 0x39, 0x5B, 0x83, 0x5F, 0x39, 0x00, 0x01, 0x39,
    0x5A, 0x83, 0x5F, 0x39, 0x00, 0x01, 0x3E, 0x5B, 0x83, 0x5F, 0x3E, 0x00, 0x01, 0x40, 0x5A, 0x83,
    0x5F, 0x40, 0x00, 0x01, 0x42, 0x5B, 0x83, 0x5F, 0x42, 0x00, 0x01, 0x3B, 0x5A, 0x83, 0x5F, 0x3B,
    0x00, 0x01, 0x3D, 0x5B, 0x83, 0x5F, 0x3D, 0x00, 0x01, 0x40, 0x5A, 0x83, 0x5F, 0x40, 0x00, 0x01,
    0x3E, 0x5B, 0x83, 0x5F, 0x3E, 0x00, 0x01, 0x3E, 0x5A, 0x84, 0x43, 0x3E, 0x00, 0x82, 0x7D, 0x39,
    0x4E, 0x00, 0x3D, 0x4E, 0x83, 0x5F, 0x3D, 0x00, 0x00, 0x39, 0x00, 0x01, 0x3B, 0x4F, 0x00, 0x38,
    0x4F, 0x83, 0x5F, 0x38, 0x00, 0x00, 0x3B, 0x00, 0x01, 0x39, 0x4E, 0x00, 0x36, 0x4E, 0x00, 0x32,
    0x4E, 0x81, 0x6F, 0x32, 0x00, 0x00, 0x36, 0x00, 0x00, 0x39, 0x00, 0x01, 0x32, 0x4A, 0x00, 0x3B,
    0x4A, 0x00, 0x36, 0x4A, 0x81, 0x6F, 0x36, 0x00, 0x00, 0x3B, 0x00, 0x00, 0x32, 0x00, 0x01, 0x34,
    0x4F, 0x00, 0x39, 0x4F, 0x00, 0x3D, 0x4F, 0x00, 0x40, 0x4F, 0x84, 0x11, 0x40, 0x00, 0x00, 0x34,
    0x00, 0x00, 0x39, 0x00, 0x00, 0x3D, 0x00, 0x00, 0xFF, 0x2F, 0x00, 0x4D, 0x54, 0x72, 0x6B, 0x00,
    0x00, 0x00, 0xDE, 0x00, 0xFF, 0x21, 0x01, 0x00, 0x00, 0xFF, 0x03, 0x02, 0x39, 0x33, 0x00, 0xB8,
    0x07, 0x64, 0x00, 0x0A, 0x5E, 0x01, 0x79, 0x00, 0x01, 0x20, 0x00, 0x01, 0x00, 0x00, 0x01, 0x0B,
    0x6E, 0x01, 0xC8, 0x5D, 0x01, 0xB8, 0x5B, 0x64, 0x01, 0x5D, 0x28, 0x01, 0x5E, 0x00, 0x01, 0x63,
    0x01, 0x01, 0x62, 0x20, 0x01, 0x06, 0x42, 0x01, 0x62, 0x66, 0x01, 0x06, 0x48, 0xC1, 0x43, 0x98,
    0x58, 0x68, 0x81, 0x70, 0x4C, 0x68, 0x17, 0x58, 0x00, 0x82, 0x58, 0x4C, 0x00, 0x94, 0x49, 0x58,
    0x68, 0x78, 0x5A, 0x68, 0x01, 0x58, 0x00, 0x81, 0x6D, 0x5A, 0x00, 0x81, 0x36, 0x58, 0x68, 0x82,
    0x23, 0x58, 0x00, 0x81, 0x3D, 0x58, 0x68, 0x00, 0x4C, 0x68, 0x82, 0x11, 0x58, 0x00, 0x05, 0x4C,
    0x00, 0x9A, 0x36, 0x58, 0x68, 0x81, 0x63, 0x58, 0x00, 0x0D, 0x53, 0x68, 0x81, 0x64, 0x53, 0x00,
    0x81, 0x7C, 0x51, 0x68, 0x83, 0x1C, 0x51, 0x00, 0x91, 0x34, 0x58, 0x68, 0x83, 0x5F, 0x58, 0x00,
    0x01, 0x58, 0x68, 0x83, 0x5F, 0x58, 0x00, 0x01, 0x5A, 0x68, 0x83, 0x5F, 0x5A, 0x00, 0x01, 0x5A,
    0x68, 0x39, 0x5A, 0x00, 0x03, 0x58, 0x68, 0x6F, 0x58, 0x00, 0x09, 0x51, 0x68, 0x75, 0x51, 0x00,
    0x03, 0x50, 0x68, 0x82, 0x72, 0x50, 0x00, 0xB6, 0x62, 0x4A, 0x68, 0x83, 0x5F, 0x4A, 0x00, 0x01,
    0x4A, 0x68, 0x84, 0x43, 0x4A, 0x00, 0x82, 0x7D, 0x55, 0x68, 0x83, 0x5F, 0x55, 0x00, 0x01, 0x53,
    0x68, 0x83, 0x5F, 0x53, 0x00, 0x83, 0x61, 0x4C, 0x68, 0x83, 0x5F, 0x4C, 0x00, 0x00, 0xFF, 0x2F,
    0x00, 0x4D, 0x54, 0x72, 0x6B, 0x00, 0x00, 0x0E, 0xA8, 0x00, 0xFF, 0x21, 0x01, 0x00, 0x00, 0xFF,
    0x03, 0x03, 0x42, 0x2E, 0x44, 0x00, 0xB9, 0x07, 0x6E, 0x00, 0x0A, 0x40, 0x01, 0x79, 0x00, 0x01,
    0x20, 0x00, 0x01, 0x00, 0x00, 0x01, 0x0B, 0x7F, 0x01, 0xC9, 0x00, 0x01, 0xB9, 0x5B, 0x32, 0x01,
    0x5D, 0x00, 0x01, 0x5E, 0x00, 0x01, 0x63, 0x1A, 0x01, 0x62, 0x24, 0x01, 0x06, 0x64, 0x01, 0x62,
    0x28, 0x01, 0x06, 0x69, 0x01, 0x62, 0x2A, 0x01, 0x06, 0x64, 0x01, 0x62, 0x2E, 0x01, 0x06, 0x64,
    0x01, 0x62, 0x32, 0x01, 0x06, 0x64, 0x01, 0x62, 0x30, 0x01, 0x06, 0x64, 0x01, 0x62, 0x2F, 0x01,
    0x06, 0x69, 0x01, 0x62, 0x2D, 0x01, 0x06, 0x69, 0x01, 0x62, 0x2B, 0x01, 0x06, 0x64, 0x01, 0x62,
    0x29, 0x01, 0x06, 0x64, 0x01, 0x63, 0x1D, 0x01, 0x62, 0x24, 0x01, 0x06, 0x0A, 0x01, 0x62, 0x25,
    0x01, 0x06, 0x50, 0x01, 0x62, 0x28, 0x01, 0x06, 0x46, 0x01, 0x63, 0x1C, 0x01, 0x62, 0x32, 0x01,
    0x06, 0x78, 0x01, 0x62, 0x30, 0x01, 0x06, 0x64, 0x01, 0x62, 0x2F, 0x01, 0x06, 0x50, 0x01, 0x62,
    0x2D, 0x01, 0x06, 0x32, 0x01, 0x62, 0x2B, 0x01, 0x06, 0x1E, 0x01, 0x62, 0x29, 0x01, 0x06, 0x0A,
    0x91, 0x37, 0x99, 0x2A, 0x6B, 0x02, 0x2A, 0x00, 0x76, 0x33, 0x6B, 0x02, 0x33, 0x00, 0x76, 0x2A,
    0x75, 0x02, 0x2A, 0x00, 0x81, 0x6E, 0x2A, 0x75, 0x02, 0x2A, 0x00, 0x81, 0x6E, 0x2A, 0x75, 0x02,
    0x2A, 0x00, 0x81, 0x6E, 0x2A, 0x75, 0x02, 0x2A, 0x00, 0x81, 0x6E, 0x2A, 0x75, 0x02, 0x2A, 0x00,
    0x81, 0x6E, 0x2A, 0x75, 0x02, 0x2A, 0x00, 0x81, 0x6E, 0x2A, 0x75, 0x02, 0x2A, 0x00, 0x81, 0x6E,
    0x2A, 0x75, 0x02, 0x2A, 0x00, 0x81, 0x6E, 0x2A, 0x75, 0x02, 0x2A, 0x00, 0x81, 0x6E, 0x2A, 0x75,
    0x02, 0x2A, 0x00, 0x81, 0x6E, 0x2A, 0x75, 0x02, 0x2A, 0x00, 0x81, 0x6E, 0x2A, 0x75, 0x02, 0x2A,
    0x00, 0x81, 0x6E, 0x2A, 0x75, 0x02, 0x2A, 0x00, 0x81, 0x6E, 0x2A, 0x75, 0x02, 0x2A, 0x00, 0x81,
    0x6E, 0x2A, 0x75, 0x02, 0x2A, 0x00, 0x81, 0x6E, 0x2A, 0x75, 0x02, 0x2A, 0x00, 0x81, 0x6E, 0x2A,
    0x75, 0x02, 0x2A, 0x00, 0x81, 0x6E, 0x2A, 0x75, 0x02, 0x2A, 0x00, 0x81, 0x6E, 0x2A, 0x75, 0x02,
    0x2A, 0x00, 0x81, 0x6E, 0x2A, 0x75, 0x02, 0x2A, 0x00, 0x81, 0x6E, 0x2A, 0x75, 0x02, 0x2A, 0x00,
    0x81, 0x6E, 0x2A, 0x75, 0x02, 0x2A, 0x00, 0x81, 0x6E, 0x2A, 0x75, 0x02, 0x2A, 0x00, 0x81, 0x6E,
    0x2A, 0x75, 0x02, 0x2A, 0x00, 0x81, 0x6E, 0x2A, 0x75, 0x02, 0x2A, 0x00, 0x81, 0x6E, 0x2A, 0x75,
    0x02, 0x2A, 0x00, 0x81, 0x6E, 0x2A, 0x75, 0x02, 0x2A, 0x00, 0x81, 0x6E, 0x2A, 0x75, 0x02, 0x2A,
    0x00, 0x81, 0x6E, 0x2A, 0x75, 0x02, 0x2A, 0x00, 0x81, 0x6E, 0x2A, 0x75, 0x02, 0x2A, 0x00, 0x81,
    0x6E, 0x2A, 0x75, 0x02, 0x2A, 0x00, 0x81, 0x6E, 0x2A, 0x75, 0x02, 0x2A, 0x00, 0x76, 0x31, 0x57,
    0x00, 0x24, 0x7F, 0x02, 0x24, 0x00, 0x00, 0x31, 0x00, 0x3A, 0x2A, 0x75, 0x02, 0x2A, 0x00, 0x3A,
    0x2A, 0x75, 0x00, 0x25, 0x78, 0x02, 0x25, 0x00, 0x00, 0x2A, 0x00, 0x3A, 0x2A, 0x75, 0x00, 0x24,
    0x7D, 0x02, 0x24, 0x00, 0x00, 0x2A, 0x00, 0x3A, 0x2A, 0x75, 0x00, 0x24, 0x7F, 0x02, 0x24, 0x00,
    0x00, 0x2A, 0x00, 0x3A, 0x2A, 0x75, 0x02, 0x2A, 0x00, 0x3A, 0x2A, 0x75, 0x00, 0x25, 0x78, 0x02,
    0x25, 0x00, 0x00, 0x2A, 0x00, 0x3A, 0x2A, 0x75, 0x02, 0x2A, 0x00, 0x3A, 0x2A, 0x75, 0x00, 0x24,
    0x7F, 0x02, 0x24, 0x00, 0x00, 0x2A, 0x00, 0x3A, 0x2A, 0x75, 0x02, 0x2A, 0x00, 0x3A, 0x2A, 0x75,
    0x00, 0x25, 0x78, 0x02, 0x25, 0x00, 0x00, 0x2A, 0x00, 0x3A, 0x2A, 0x75, 0x00, 0x24, 0x7B, 0x02,
    0x24, 0x00, 0x00, 0x2A, 0x00, 0x3A, 0x2A, 0x75, 0x00, 0x24, 0x7F, 0x02, 0x24, 0x00, 0x00, 0x2A,
    0x00, 0x3A, 0x2A, 0x75, 0x02, 0x2A, 0x00, 0x3A, 0x2A, 0x75, 0x00, 0x25, 0x78, 0x02, 0x25, 0x00,
    0x00, 0x2A, 0x00, 0x3A, 0x2A, 0x75, 0x02, 0x2A, 0x00, 0x3A, 0x2A, 0x75, 0x00, 0x24, 0x7F, 0x02,
    0x24, 0x00, 0x00, 0x2A, 0x00, 0x3A, 0x2A, 0x75, 0x02, 0x2A, 0x00, 0x3A, 0x2A, 0x75, 0x00, 0x25,
    0x78, 0x02, 0x25, 0x00, 0x00, 0x2A, 0x00, 0x3A, 0x2A, 0x75, 0x00, 0x24, 0x7D, 0x02, 0x24, 0x00,
    0x00, 0x2A, 0x00, 0x3A, 0x2A, 0x75, 0x00, 0x24, 0x7F, 0x02, 0x24, 0x00, 0x00, 0x2A, 0x00, 0x3A,
    0x2A, 0x75, 0x02, 0x2A, 0x00, 0x3A, 0x2A, 0x75, 0x00, 0x25, 0x78, 0x02, 0x25, 0x00, 0x00, 0x2A,
    0x00, 0x3A, 0x2A, 0x75, 0x02, 0x2A, 0x00, 0x3A, 0x2A, 0x75, 0x00, 0x24, 0x7F, 0x02, 0x24, 0x00,
    0x00, 0x2A, 0x00, 0x3A, 0x2A, 0x75, 0x02, 0x2A, 0x00, 0x3A, 0x2A, 0x75, 0x00, 0x25, 0x78, 0x02,
    0x25, 0x00, 0x00, 0x2A, 0x00, 0x3A, 0x2A, 0x75, 0x00, 0x24, 0x7B, 0x02, 0x24, 0x00, 0x00, 0x2A,
    0x00, 0x3A, 0x2A, 0x75, 0x00, 0x24, 0x7F, 0x02, 0x24, 0x00, 0x00, 0x2A, 0x00, 0x3A, 0x2A, 0x75,
    0x02, 0x2A, 0x00, 0x1C, 0x24, 0x7C, 0x02, 0x24, 0x00, 0x1C, 0x2A, 0x75, 0x00, 0x28, 0x7F, 0x02,
    0x28, 0x00, 0x00, 0x2A, 0x00, 0x3A, 0x2A, 0x75, 0x00, 0x24, 0x7B, 0x02, 0x24, 0x00, 0x00, 0x2A,
    0x00, 0x3A, 0x39, 0x61, 0x00, 0x2A, 0x75, 0x00, 0x24, 0x7F, 0x02, 0x24, 0x00, 0x00, 0x2A, 0x00,
    0x00, 0x39, 0x00, 0x3A, 0x2A, 0x75, 0x02, 0x2A, 0x00, 0x3A, 0x2A, 0x75, 0x00, 0x25, 0x78, 0x02,
    0x25, 0x00, 0x00, 0x2A, 0x00, 0x3A, 0x2A, 0x75, 0x00, 0x24, 0x7D, 0x02, 0x24, 0x00, 0x00, 0x2A,
    0x00, 0x3A, 0x2A, 0x75, 0x00, 0x24, 0x7F, 0x02, 0x24, 0x00, 0x00, 0x2A, 0x00, 0x3A, 0x2A, 0x75,
    0x02, 0x2A, 0x00, 0x3A, 0x2A, 0x75, 0x00, 0x25, 0x78, 0x02, 0x25, 0x00, 0x00, 0x2A, 0x00, 0x3A,
    0x2A, 0x75, 0x02, 0x2A, 0x00, 0x3A, 0x2A, 0x75, 0x00, 0x24, 0x7F, 0x02, 0x24, 0x00, 0x00, 0x2A,
    0x00, 0x3A, 0x2A, 0x75, 0x02, 0x2A, 0x00, 0x3A, 0x2A, 0x75, 0x00, 0x25, 0x78, 0x02, 0x25, 0x00,
    0x00, 0x2A, 0x00, 0x3A, 0x2A, 0x75, 0x00, 0x24, 0x7B, 0x02, 0x24, 0x00, 0x00, 0x2A, 0x00, 0x3A,
    0x2A, 0x75, 0x00, 0x24, 0x7F, 0x02, 0x24, 0x00, 0x00, 0x2A, 0x00, 0x3A, 0x2A, 0x75, 0x02, 0x2A,
    0x00, 0x3A, 0x2A, 0x75, 0x00, 0x25, 0x78, 0x02, 0x25, 0x00, 0x00, 0x2A, 0x00, 0x3A, 0x2A, 0x75,
    0x02, 0x2A, 0x00, 0x3A, 0x2A, 0x75, 0x00, 0x24, 0x7F, 0x02, 0x24, 0x00, 0x00, 0x2A, 0x00, 0x3A,
    0x2A, 0x75, 0x02, 0x2A, 0x00, 0x3A, 0x2A, 0x75, 0x00, 0x25, 0x78, 0x02, 0x25, 0x00, 0x00, 0x2A,
    0x00, 0x3A, 0x2A, 0x75, 0x00, 0x24, 0x7D, 0x02, 0x24, 0x00, 0x00, 0x2A, 0x00, 0x3A, 0x2A, 0x75,
    0x00, 0x24, 0x7F, 0x02, 0x24, 0x00, 0x00, 0x2A, 0x00, 0x3A, 0x2A, 0x75, 0x02, 0x2A, 0x00, 0x3A,
    0x2A, 0x75, 0x00, 0x25, 0x78, 0x02, 0x25, 0x00, 0x00, 0x2A, 0x00, 0x3A, 0x2A, 0x75, 0x02, 0x2A,
    0x00, 0x3A, 0x2A, 0x75, 0x00, 0x24, 0x7F, 0x02, 0x24, 0x00, 0x00, 0x2A, 0x00, 0x3A, 0x2A, 0x75,
    0x02, 0x2A, 0x00, 0x3A, 0x2A, 0x75, 0x00, 0x25, 0x78, 0x02, 0x25, 0x00, 0x00, 0x2A, 0x00, 0x3A,
    0x2A, 0x75, 0x00, 0x24, 0x7B, 0x02, 0x24, 0x00, 0x00, 0x2A, 0x00, 0x3A, 0x2A, 0x75, 0x00, 0x24,
    0x7F, 0x02, 0x24, 0x00, 0x00, 0x2A, 0x00, 0x3A, 0x2A, 0x75, 0x02, 0x2A, 0x00, 0x3A, 0x2A, 0x75,
    0x00, 0x25, 0x78, 0x02, 0x25, 0x00, 0x00, 0x2A, 0x00, 0x3A, 0x2A, 0x75, 0x02, 0x2A, 0x00, 0x3A,
    0x31, 0x57, 0x00, 0x2A, 0x75, 0x00, 0x24, 0x7F, 0x02, 0x24, 0x00, 0x00, 0x2A, 0x00, 0x00, 0x31,
    0x00, 0x3A, 0x2A, 0x75, 0x02, 0x2A, 0x00, 0x3A, 0x2A, 0x75, 0x00, 0x25, 0x78, 0x02, 0x25, 0x00,
    0x00, 0x2A, 0x00, 0x3A, 0x2A, 0x75, 0x00, 0x24, 0x7D, 0x02, 0x24, 0x00, 0x00, 0x2A, 0x00, 0x3A,
    0x2A, 0x75, 0x00, 0x24, 0x7F, 0x02, 0x24, 0x00, 0x00, 0x2A, 0x00, 0x3A, 0x2A, 0x75, 0x02, 0x2A,
    0x00, 0x3A, 0x2A, 0x75, 0x00, 0x25, 0x78, 0x02, 0x25, 0x00, 0x00, 0x2A, 0x00, 0x3A, 0x2A, 0x75,
    0x02, 0x2A, 0x00, 0x3A, 0x2A, 0x75, 0x00, 0x24, 0x7F, 0x02, 0x24, 0x00, 0x00, 0x2A, 0x00, 0x3A,
    0x2A, 0x75, 0x02, 0x2A, 0x00, 0x3A, 0x2A, 0x75, 0x00, 0x25, 0x78, 0x02, 0x25, 0x00, 0x00, 0x2A,
    0x00, 0x3A, 0x2A, 0x75, 0x00, 0x24, 0x7B, 0x02, 0x24, 0x00, 0x00, 0x2A, 0x00, 0x3A, 0x2A, 0x75,
    0x00, 0x24, 0x7F, 0x02, 0x24, 0x00, 0x00, 0x2A, 0x00, 0x3A, 0x2A, 0x75, 0x02, 0x2A, 0x00, 0x3A,
    0x2A, 0x75, 0x00, 0x25, 0x78, 0x02, 0x25, 0x00, 0x00, 0x2A, 0x00, 0x3A, 0x2A, 0x75, 0x02, 0x2A,
    0x00, 0x3A, 0x39, 0x61, 0x00, 0x2A, 0x75, 0x00, 0x24, 0x7F, 0x02, 0x24, 0x00, 0x00, 0x2A, 0x00,
    0x00, 0x39, 0x00, 0x3A, 0x2A, 0x75, 0x02, 0x2A, 0x00, 0x3A, 0x2A, 0x75, 0x00, 0x25, 0x78, 0x02,
    0x25, 0x00, 0x00, 0x2A, 0x00, 0x3A, 0x2A, 0x75, 0x00, 0x24, 0x7D, 0x02, 0x24, 0x00, 0x00, 0x2A,
    0x00, 0x3A, 0x2A, 0x75, 0x00, 0x24, 0x7F, 0x02, 0x24, 0x00, 0x00, 0x2A, 0x00, 0x3A, 0x2A, 0x75,
    0x02, 0x2A, 0x00, 0x3A, 0x2A, 0x75, 0x00, 0x25, 0x78, 0x02, 0x25, 0x00, 0x00, 0x2A, 0x00, 0x3A,
    0x2A, 0x75, 0x02, 0x2A, 0x00, 0x3A, 0x2A, 0x75, 0x00, 0x24, 0x7F, 0x02, 0x24, 0x00, 0x00, 0x2A,
    0x00, 0x3A, 0x2A, 0x75, 0x02, 0x2A, 0x00, 0x3A, 0x2A, 0x75, 0x00, 0x25, 0x78, 0x02, 0x25, 0x00,
    0x00, 0x2A, 0x00, 0x3A, 0x2A, 0x75, 0x00, 0x24, 0x7B, 0x02, 0x24, 0x00, 0x00, 0x2A, 0x00, 0x3A,
    0x2A, 0x75, 0x00, 0x24, 0x7F, 0x02, 0x24, 0x00, 0x00, 0x2A, 0x00, 0x3A, 0x2A, 0x75, 0x02, 0x2A,
    0x00, 0x3A, 0x2A, 0x75, 0x00, 0x25, 0x78, 0x02, 0x25, 0x00, 0x00, 0x2A, 0x00, 0x3A, 0x2A, 0x75,
    0x02, 0x2A, 0x00, 0x3A, 0x2A, 0x75, 0x00, 0x24, 0x7F, 0x02, 0x24, 0x00, 0x00, 0x2A, 0x00, 0x3A,
    0x2A, 0x75, 0x02, 0x2A, 0x00, 0x3A, 0x2A, 0x75, 0x00, 0x25, 0x78, 0x02, 0x25, 0x00, 0x00, 0x2A,
    0x00, 0x3A, 0x2A, 0x75, 0x00, 0x24, 0x7D, 0x02, 0x24, 0x00, 0x00, 0x2A, 0x00, 0x3A, 0x2A, 0x75,
    0x00, 0x24, 0x7F, 0x02, 0x24, 0x00, 0x00, 0x2A, 0x00, 0x3A, 0x2A, 0x75, 0x02, 0x2A, 0x00, 0x3A,
    0x2A, 0x75, 0x00, 0x25, 0x78, 0x02, 0x25, 0x00, 0x00, 0x2A, 0x00, 0x3A, 0x2A, 0x75, 0x02, 0x2A,
    0x00, 0x3A, 0x2A, 0x75, 0x00, 0x24, 0x7F, 0x02, 0x24, 0x00, 0x00, 0x2A, 0x00, 0x3A, 0x2A, 0x75,
    0x02, 0x2A, 0x00, 0x3A, 0x2A, 0x75, 0x00, 0x25, 0x78, 0x02, 0x25, 0x00, 0x00, 0x2A, 0x00, 0x3A,
    0x2A, 0x75, 0x00, 0x24, 0x7B, 0x02, 0x24, 0x00, 0x00, 0x2A, 0x00, 0x3A, 0x2A, 0x75, 0x00, 0x24,
    0x7F, 0x02, 0x24, 0x00, 0x00, 0x2A, 0x00, 0x3A, 0x2A, 0x75, 0x02, 0x2A, 0x00, 0x3A, 0x2A, 0x75,
    0x00, 0x25, 0x78, 0x02, 0x25, 0x00, 0x00, 0x2A, 0x00, 0x3A, 0x2A, 0x75, 0x02, 0x2A, 0x00, 0x3A,
    0x31, 0x57, 0x00, 0x2A, 0x75, 0x00, 0x24, 0x7F, 0x02, 0x24, 0x00, 0x00, 0x2A, 0x00, 0x00, 0x31,
    0x00, 0x3A, 0x2A, 0x75, 0x02, 0x2A, 0x00, 0x3A, 0x2A, 0x75, 0x00, 0x25, 0x78, 0x02, 0x25, 0x00,
    0x00, 0x2A, 0x00, 0x3A, 0x2A, 0x75, 0x00, 0x24, 0x7D, 0x02, 0x24, 0x00, 0x00, 0x2A, 0x00, 0x3A,
    0x2A, 0x75, 0x00, 0x24, 0x7F, 0x02, 0x24, 0x00, 0x00, 0x2A, 0x00, 0x3A, 0x2A, 0x75, 0x02, 0x2A,
    0x00, 0x3A, 0x2A, 0x75, 0x00, 0x25, 0x78, 0x02, 0x25, 0x00, 0x00, 0x2A, 0x00, 0x3A, 0x2A, 0x75,
    0x02, 0x2A, 0x00, 0x3A, 0x2A, 0x75, 0x00, 0x24, 0x7F, 0x02, 0x24, 0x00, 0x00, 0x2A, 0x00, 0x3A,
    0x2A, 0x75, 0x02, 0x2A, 0x00, 0x3A, 0x2A, 0x75, 0x00, 0x25, 0x78, 0x02, 0x25, 0x00, 0x00, 0x2A,
    0x00, 0x3A, 0x2A, 0x75, 0x00, 0x24, 0x7B, 0x02, 0x24, 0x00, 0x00, 0x2A, 0x00, 0x3A, 0x2A, 0x75,
    0x00, 0x24, 0x7F, 0x02, 0x24, 0x00, 0x00, 0x2A, 0x00, 0x3A, 0x2A, 0x75, 0x02, 0x2A, 0x00, 0x3A,
    0x32, 0x6B, 0x00, 0x2A, 0x75, 0x00, 0x28, 0x7F, 0x02, 0x28, 0x00, 0x00, 0x2A, 0x00, 0x00, 0x32,
    0x00, 0x1C, 0x2F, 0x6B, 0x02, 0x2F, 0x00, 0x1C, 0x2A, 0x75, 0x02, 0x2A, 0x00, 0x1C, 0x2B, 0x6B,
    0x02, 0x2B, 0x00, 0x1C, 0x2A, 0x75, 0x00, 0x24, 0x7F, 0x02, 0x24, 0x00, 0x00, 0x2A, 0x00, 0x3A,
    0x2A, 0x75, 0x02, 0x2A, 0x00, 0x3A, 0x2A, 0x75, 0x00, 0x28, 0x7F, 0x02, 0x28, 0x00, 0x00, 0x2A,
    0x00, 0x3A, 0x2A, 0x75, 0x00, 0x24, 0x7D, 0x02, 0x24, 0x00, 0x00, 0x2A, 0x00, 0x3A, 0x2A, 0x75,
    0x00, 0x24, 0x7F, 0x02, 0x24, 0x00, 0x00, 0x2A, 0x00, 0x3A, 0x2A, 0x75, 0x02, 0x2A, 0x00, 0x1C,
    0x24, 0x7C, 0x02, 0x24, 0x00, 0x1C, 0x2A, 0x75, 0x00, 0x28, 0x7F, 0x02, 0x28, 0x00, 0x00, 0x2A,
    0x00, 0x3A, 0x2A, 0x75, 0x02, 0x2A, 0x00, 0x3A, 0x2A, 0x75, 0x00, 0x24, 0x7F, 0x02, 0x24, 0x00,
    0x00, 0x2A, 0x00, 0x3A, 0x2A, 0x75, 0x02, 0x2A, 0x00, 0x3A, 0x2A, 0x75, 0x00, 0x28, 0x7F, 0x02,
    0x28, 0x00, 0x00, 0x2A, 0x00, 0x3A, 0x2A, 0x75, 0x00, 0x24, 0x7B, 0x02, 0x24, 0x00, 0x00, 0x2A,
    0x00, 0x3A, 0x2A, 0x75, 0x00, 0x24, 0x7F, 0x02, 0x24, 0x00, 0x00, 0x2A, 0x00, 0x3A, 0x2A, 0x75,
    0x02, 0x2A, 0x00, 0x1C, 0x24, 0x7C, 0x02, 0x24, 0x00, 0x1C, 0x2A, 0x75, 0x00, 0x28, 0x7F, 0x02,
    0x28, 0x00, 0x00, 0x2A, 0x00, 0x3A, 0x2A, 0x75, 0x02, 0x2A, 0x00, 0x3A, 0x2A, 0x75, 0x00, 0x24,
    0x7F, 0x02, 0x24, 0x00, 0x00, 0x2A, 0x00, 0x3A, 0x2A, 0x75, 0x02, 0x2A, 0x00, 0x3A, 0x2A, 0x75,
    0x00, 0x28, 0x7F, 0x02, 0x28, 0x00, 0x00, 0x2A, 0x00, 0x3A, 0x2A, 0x75, 0x00, 0x24, 0x7D, 0x02,
    0x24, 0x00, 0x00, 0x2A, 0x00, 0x3A, 0x2A, 0x75, 0x00, 0x24, 0x7F, 0x02, 0x24, 0x00, 0x00, 0x2A,
    0x00, 0x3A, 0x2A, 0x75, 0x02, 0x2A, 0x00, 0x1C, 0x24, 0x7C, 0x02, 0x24, 0x00, 0x1C, 0x2A, 0x75,
    0x00, 0x28, 0x7F, 0x02, 0x28, 0x00, 0x00, 0x2A, 0x00, 0x3A, 0x2A, 0x75, 0x02, 0x2A, 0x00, 0x3A,
    0x2A, 0x75, 0x00, 0x24, 0x7F, 0x02, 0x24, 0x00, 0x00, 0x2A, 0x00, 0x3A, 0x2A, 0x75, 0x02, 0x2A,
    0x00, 0x3A, 0x2A, 0x75, 0x00, 0x28, 0x7F, 0x02, 0x28, 0x00, 0x00, 0x2A, 0x00, 0x3A, 0x2A, 0x75,
    0x00, 0x24, 0x7B, 0x02, 0x24, 0x00, 0x00, 0x2A, 0x00, 0x3A, 0x2A, 0x75, 0x00, 0x24, 0x7F, 0x02,
    0x24, 0x00, 0x00, 0x2A, 0x00, 0x3A, 0x2A, 0x75, 0x02, 0x2A, 0x00, 0x1C, 0x24, 0x7C, 0x02, 0x24,
    0x00, 0x1C, 0x2A, 0x75, 0x00, 0x28, 0x7F, 0x02, 0x28, 0x00, 0x00, 0x2A, 0x00, 0x1C, 0x30, 0x6B,
    0x02, 0x30, 0x00, 0x1C, 0x2B, 0x6B, 0x00, 0x2A, 0x75, 0x02, 0x2A, 0x00, 0x00, 0x2B, 0x00, 0x3A,
    0x39, 0x61, 0x00, 0x2A, 0x75, 0x00, 0x24, 0x7F, 0x02, 0x24, 0x00, 0x00, 0x2A, 0x00, 0x00, 0x39,
    0x00, 0x3A, 0x2A, 0x75, 0x02, 0x2A, 0x00, 0x3A, 0x2A, 0x75, 0x00, 0x28, 0x7F, 0x02, 0x28, 0x00,
    0x00, 0x2A, 0x00, 0x3A, 0x2A, 0x75, 0x00, 0x24, 0x7D, 0x02, 0x24, 0x00, 0x00, 0x2A, 0x00, 0x3A,
    0x2A, 0x75, 0x00, 0x24, 0x7F, 0x02, 0x24, 0x00, 0x00, 0x2A, 0x00, 0x3A, 0x2A, 0x75, 0x02, 0x2A,
    0x00, 0x1C, 0x24, 0x7C, 0x02, 0x24, 0x00, 0x1C, 0x2A, 0x75, 0x00, 0x28, 0x7F, 0x02, 0x28, 0x00,
    0x00, 0x2A, 0x00, 0x3A, 0x2A, 0x75, 0x02, 0x2A, 0x00, 0x3A, 0x2A, 0x75, 0x00, 0x24, 0x7F, 0x02,
    0x24, 0x00, 0x00, 0x2A, 0x00, 0x3A, 0x2A, 0x75, 0x02, 0x2A, 0x00, 0x3A, 0x2A, 0x75, 0x00, 0x28,
    0x7F, 0x02, 0x28, 0x00, 0x00, 0x2A, 0x00, 0x3A, 0x2A, 0x75, 0x00, 0x24, 0x7B, 0x02, 0x24, 0x00,
    0x00, 0x2A, 0x00, 0x3A, 0x2A, 0x75, 0x00, 0x24, 0x7F, 0x02, 0x24, 0x00, 0x00, 0x2A, 0x00, 0x3A,
    0x2A, 0x75, 0x02, 0x2A, 0x00, 0x1C, 0x24, 0x7C, 0x02, 0x24, 0x00, 0x1C, 0x2A, 0x75, 0x00, 0x28,
    0x7F, 0x02, 0x28, 0x00, 0x00, 0x2A, 0x00, 0x3A, 0x2A, 0x75, 0x02, 0x2A, 0x00, 0x3A, 0x2A, 0x75,
    0x00, 0x24, 0x7F, 0x02, 0x24, 0x00, 0x00, 0x2A, 0x00, 0x3A, 0x2A, 0x75, 0x02, 0x2A, 0x00, 0x3A,
    0x2A, 0x75, 0x00, 0x28, 0x7F, 0x02, 0x28, 0x00, 0x00, 0x2A, 0x00, 0x3A, 0x2A, 0x75, 0x00, 0x24,
    0x7D, 0x02, 0x24, 0x00, 0x00, 0x2A, 0x00, 0x3A, 0x2A, 0x75, 0x00, 0x24, 0x7F, 0x02, 0x24, 0x00,
    0x00, 0x2A, 0x00, 0x3A, 0x2A, 0x75, 0x02, 0x2A, 0x00, 0x1C, 0x24, 0x7C, 0x02, 0x24, 0x00, 0x1C,
    0x2A, 0x75, 0x00, 0x28, 0x7F, 0x02, 0x28, 0x00, 0x00, 0x2A, 0x00, 0x3A, 0x2A, 0x75, 0x02, 0x2A,
    0x00, 0x3A, 0x31, 0x57, 0x00, 0x2A, 0x75, 0x00, 0x24, 0x7F, 0x02, 0x24, 0x00, 0x00, 0x2A, 0x00,
    0x00, 0x31, 0x00, 0x3A, 0x2A, 0x75, 0x02, 0x2A, 0x00, 0x3A, 0x2A, 0x75, 0x00, 0x28, 0x7F, 0x02,
    0x28, 0x00, 0x00, 0x2A, 0x00, 0x3A, 0x39, 0x61, 0x00, 0x2A, 0x75, 0x00, 0x24, 0x7B, 0x02, 0x24,
    0x00, 0x00, 0x2A, 0x00, 0x00, 0x39, 0x00, 0x3A, 0x2A, 0x75, 0x02, 0x2A, 0x00, 0x83, 0x5E, 0x31,
    0x43, 0x02, 0x31, 0x00, 0x81, 0x6E, 0x39, 0x61, 0x00, 0x2A, 0x75, 0x00, 0x24, 0x7F, 0x02, 0x24,
    0x00, 0x00, 0x2A, 0x00, 0x00, 0x39, 0x00, 0x3A, 0x2A, 0x75, 0x02, 0x2A, 0x00, 0x3A, 0x2A, 0x75,
    0x00, 0x28, 0x7F, 0x02, 0x28, 0x00, 0x00, 0x2A, 0x00, 0x3A, 0x2A, 0x75, 0x00, 0x24, 0x7B, 0x02,
    0x24, 0x00, 0x00, 0x2A, 0x00, 0x3A, 0x2A, 0x75, 0x00, 0x24, 0x7F, 0x02, 0x24, 0x00, 0x00, 0x2A,
    0x00, 0x3A, 0x2A, 0x75, 0x02, 0x2A, 0x00, 0x3A, 0x2A, 0x75, 0x00, 0x28, 0x7F, 0x02, 0x28, 0x00,
    0x00, 0x2A, 0x00, 0x3A, 0x2A, 0x75, 0x02, 0x2A, 0x00, 0x3A, 0x2A, 0x75, 0x00, 0x24, 0x7F, 0x02,
    0x24, 0x00, 0x00, 0x2A, 0x00, 0x3A, 0x2A, 0x75, 0x02, 0x2A, 0x00, 0x3A, 0x2A, 0x75, 0x00, 0x28,
    0x7F, 0x02, 0x28, 0x00, 0x00, 0x2A, 0x00, 0x3A, 0x2A, 0x75, 0x00, 0x24, 0x7D, 0x02, 0x24, 0x00,
    0x00, 0x2A, 0x00, 0x3A, 0x2A, 0x75, 0x00, 0x24, 0x7F, 0x02, 0x24, 0x00, 0x00, 0x2A, 0x00, 0x3A,
    0x2A, 0x75, 0x02, 0x2A, 0x00, 0x1C, 0x24, 0x7C, 0x02, 0x24, 0x00, 0x1C, 0x2A, 0x75, 0x00, 0x28,
    0x7F, 0x02, 0x28, 0x00, 0x00, 0x2A, 0x00, 0x3A, 0x2A, 0x75, 0x02, 0x2A, 0x00, 0x3A, 0x2A, 0x75,
    0x00, 0x24, 0x7F, 0x02, 0x24, 0x00, 0x00, 0x2A, 0x00, 0x3A, 0x2A, 0x75, 0x02, 0x2A, 0x00, 0x3A,
    0x2A, 0x75, 0x00, 0x28, 0x7F, 0x02, 0x28, 0x00, 0x00, 0x2A, 0x00, 0x3A, 0x2A, 0x75, 0x00, 0x24,
    0x7B, 0x02, 0x24, 0x00, 0x00, 0x2A, 0x00, 0x3A, 0x2A, 0x75, 0x00, 0x24, 0x7F, 0x02, 0x24, 0x00,
    0x00, 0x2A, 0x00, 0x3A, 0x2A, 0x75, 0x02, 0x2A, 0x00, 0x3A, 0x2A, 0x75, 0x00, 0x28, 0x7F, 0x02,
    0x28, 0x00, 0x00, 0x2A, 0x00, 0x3A, 0x2A, 0x75, 0x02, 0x2A, 0x00, 0x3A, 0x2A, 0x75, 0x00, 0x24,
    0x7F, 0x02, 0x24, 0x00, 0x00, 0x2A, 0x00, 0x3A, 0x2A, 0x75, 0x02, 0x2A, 0x00, 0x3A, 0x2A, 0x75,
    0x00, 0x28, 0x7F, 0x02, 0x28, 0x00, 0x00, 0x2A, 0x00, 0x3A, 0x2A, 0x75, 0x00, 0x24, 0x7D, 0x02,
    0x24, 0x00, 0x00, 0x2A, 0x00, 0x3A, 0x2A, 0x75, 0x00, 0x24, 0x7F, 0x02, 0x24, 0x00, 0x00, 0x2A,
    0x00, 0x3A, 0x2A, 0x75, 0x02, 0x2A, 0x00, 0x1C, 0x24, 0x7C, 0x02, 0x24, 0x00, 0x1C, 0x2A, 0x75,
    0x00, 0x28, 0x7F, 0x02, 0x28, 0x00, 0x00, 0x2A, 0x00, 0x3A, 0x2A, 0x75, 0x02, 0x2A, 0x00, 0x3A,
    0x31, 0x57, 0x00, 0x2A, 0x75, 0x00, 0x24, 0x7F, 0x02, 0x24, 0x00, 0x00, 0x2A, 0x00, 0x00, 0x31,
    0x00, 0x3A, 0x2A, 0x75, 0x02, 0x2A, 0x00, 0x3A, 0x2A, 0x75, 0x00, 0x28, 0x7F, 0x02, 0x28, 0x00,
    0x00, 0x2A, 0x00, 0x3A, 0x2A, 0x75, 0x00, 0x24, 0x7B, 0x02, 0x24, 0x00, 0x00, 0x2A, 0x00, 0x3A,
    0x2A, 0x75, 0x00, 0x24, 0x7F, 0x02, 0x24, 0x00, 0x00, 0x2A, 0x00, 0x3A, 0x2A, 0x75, 0x02, 0x2A,
    0x00, 0x3A, 0x2A, 0x75, 0x00, 0x28, 0x7F, 0x02, 0x28, 0x00, 0x00, 0x2A, 0x00, 0x3A, 0x2A, 0x75,
    0x02, 0x2A, 0x00, 0x3A, 0x2A, 0x75, 0x00, 0x24, 0x7F, 0x02, 0x24, 0x00, 0x00, 0x2A, 0x00, 0x3A,
    0x2A, 0x75, 0x02, 0x2A, 0x00, 0x3A, 0x2A, 0x75, 0x00, 0x28, 0x7F, 0x02, 0x28, 0x00, 0x00, 0x2A,
    0x00, 0x3A, 0x2A, 0x75, 0x00, 0x24, 0x7D, 0x02, 0x24, 0x00, 0x00, 0x2A, 0x00, 0x3A, 0x2A, 0x75,
    0x00, 0x24, 0x7F, 0x02, 0x24, 0x00, 0x00, 0x2A, 0x00, 0x3A, 0x2A, 0x75, 0x02, 0x2A, 0x00, 0x1C,
    0x24, 0x7C, 0x02, 0x24, 0x00, 0x1C, 0x2A, 0x75, 0x00, 0x28, 0x7F, 0x02, 0x28, 0x00, 0x00, 0x2A,
    0x00, 0x3A, 0x2A, 0x75, 0x02, 0x2A, 0x00, 0x3A, 0x2A, 0x75, 0x00, 0x24, 0x7F, 0x02, 0x24, 0x00,
    0x00, 0x2A, 0x00, 0x3A, 0x2A, 0x75, 0x02, 0x2A, 0x00, 0x3A, 0x2A, 0x75, 0x00, 0x28, 0x7F, 0x02,
    0x28, 0x00, 0x00, 0x2A, 0x00, 0x3A, 0x2A, 0x75, 0x00, 0x24, 0x7B, 0x02, 0x24, 0x00, 0x00, 0x2A,
    0x00, 0x3A, 0x2A, 0x75, 0x00, 0x24, 0x7F, 0x02, 0x24, 0x00, 0x00, 0x2A, 0x00, 0x3A, 0x2A, 0x75,
    0x02, 0x2A, 0x00, 0x3A, 0x2A, 0x75, 0x00, 0x28, 0x7F, 0x02, 0x28, 0x00, 0x00, 0x2A, 0x00, 0x3A,
    0x2A, 0x75, 0x02, 0x2A, 0x00, 0x3A, 0x39, 0x61, 0x00, 0x2A, 0x75, 0x00, 0x24, 0x7F, 0x02, 0x24,
    0x00, 0x00, 0x2A, 0x00, 0x00, 0x39, 0x00, 0x3A, 0x2A, 0x75, 0x02, 0x2A, 0x00, 0x3A, 0x2A, 0x75,
    0x00, 0x28, 0x7F, 0x02, 0x28, 0x00, 0x00, 0x2A, 0x00, 0x3A, 0x2A, 0x75, 0x00, 0x24, 0x7D, 0x02,
    0x24, 0x00, 0x00, 0x2A, 0x00, 0x3A, 0x2A, 0x75, 0x00, 0x24, 0x7F, 0x02, 0x24, 0x00, 0x00, 0x2A,
    0x00, 0x3A, 0x2A, 0x75, 0x02, 0x2A, 0x00, 0x3A, 0x32, 0x61, 0x00, 0x2A, 0x75, 0x00, 0x28, 0x7F,
    0x02, 0x28, 0x00, 0x00, 0x2A, 0x00, 0x00, 0x32, 0x00, 0x03, 0x30, 0x61, 0x02, 0x30, 0x00, 0x17,
    0x2F, 0x61, 0x02, 0x2F, 0x00, 0x03, 0x2D, 0x61, 0x02, 0x2D, 0x00, 0x17, 0x2A, 0x75, 0x02, 0x2A,
    0x00, 0x1C, 0x2B, 0x61, 0x02, 0x2B, 0x00, 0x03, 0x29, 0x61, 0x02, 0x29, 0x00, 0x17, 0x31, 0x57,
    0x00, 0x2A, 0x75, 0x00, 0x24, 0x7F, 0x02, 0x24, 0x00, 0x00, 0x2A, 0x00, 0x00, 0x31, 0x00, 0x3A,
    0x2A, 0x75, 0x02, 0x2A, 0x00, 0x3A, 0x2A, 0x75, 0x00, 0x28, 0x7F, 0x02, 0x28, 0x00, 0x00, 0x2A,
    0x00, 0x3A, 0x2A, 0x75, 0x00, 0x24, 0x7B, 0x02, 0x24, 0x00, 0x00, 0x2A, 0x00, 0x3A, 0x2A, 0x75,
    0x00, 0x24, 0x7F, 0x02, 0x24, 0x00, 0x00, 0x2A, 0x00, 0x3A, 0x2A, 0x75, 0x02, 0x2A, 0x00, 0x3A,
    0x2A, 0x75, 0x00, 0x28, 0x7F, 0x02, 0x28, 0x00, 0x00, 0x2A, 0x00, 0x3A, 0x2A, 0x75, 0x02, 0x2A,
    0x00, 0x3A, 0x2A, 0x75, 0x00, 0x24, 0x7F, 0x02, 0x24, 0x00, 0x00, 0x2A, 0x00, 0x3A, 0x2A, 0x75,
    0x02, 0x2A, 0x00, 0x3A, 0x2A, 0x75, 0x00, 0x28, 0x7F, 0x02, 0x28, 0x00, 0x00, 0x2A, 0x00, 0x3A,
    0x2A, 0x75, 0x00, 0x24, 0x7D, 0x02, 0x24, 0x00, 0x00, 0x2A, 0x00, 0x3A, 0x2A, 0x75, 0x00, 0x24,
    0x7F, 0x02, 0x24, 0x00, 0x00, 0x2A, 0x00, 0x3A, 0x2A, 0x75, 0x02, 0x2A, 0x00, 0x1C, 0x24, 0x7C,
    0x02, 0x24, 0x00, 0x1C, 0x2A, 0x75, 0x00, 0x28, 0x7F, 0x02, 0x28, 0x00, 0x00, 0x2A, 0x00, 0x3A,
    0x2A, 0x75, 0x02, 0x2A, 0x00, 0x3A, 0x39, 0x61, 0x00, 0x2A, 0x75, 0x00, 0x24, 0x7F, 0x02, 0x24,
    0x00, 0x00, 0x2A, 0x00, 0x00, 0x39, 0x00, 0x3A, 0x2A, 0x75, 0x02, 0x2A, 0x00, 0x3A, 0x2A, 0x75,
    0x00, 0x28, 0x7F, 0x02, 0x28, 0x00, 0x00, 0x2A, 0x00, 0x3A, 0x2A, 0x75, 0x00, 0x24, 0x7B, 0x02,
    0x24, 0x00, 0x00, 0x2A, 0x00, 0x3A, 0x2A, 0x75, 0x00, 0x24, 0x7F, 0x02, 0x24, 0x00, 0x00, 0x2A,
    0x00, 0x3A, 0x2A, 0x75, 0x02, 0x2A, 0x00, 0x3A, 0x2A, 0x75, 0x00, 0x28, 0x7F, 0x02, 0x28, 0x00,
    0x00, 0x2A, 0x00, 0x3A, 0x2A, 0x75, 0x02, 0x2A, 0x00, 0x3A, 0x2A, 0x75, 0x00, 0x24, 0x7F, 0x02,
    0x24, 0x00, 0x00, 0x2A, 0x00, 0x3A, 0x2A, 0x75, 0x02, 0x2A, 0x00, 0x3A, 0x2A, 0x75, 0x00, 0x28,
    0x7F, 0x02, 0x28, 0x00, 0x00, 0x2A, 0x00, 0x3A, 0x2A, 0x75, 0x00, 0x24, 0x7D, 0x02, 0x24, 0x00,
    0x00, 0x2A, 0x00, 0x3A, 0x2A, 0x75, 0x00, 0x28, 0x7E, 0x00, 0x24, 0x7F, 0x02, 0x24, 0x00, 0x00,
    0x28, 0x00, 0x00, 0x2A, 0x00, 0x1C, 0x28, 0x73, 0x02, 0x28, 0x00, 0x1C, 0x2A, 0x75, 0x02, 0x2A,
    0x00, 0x1C, 0x24, 0x7C, 0x02, 0x24, 0x00, 0x1C, 0x32, 0x6B, 0x00, 0x2A, 0x75, 0x00, 0x28, 0x7F,
    0x02, 0x28, 0x00, 0x00, 0x2A, 0x00, 0x00, 0x32, 0x00, 0x1C, 0x30, 0x65, 0x02, 0x30, 0x00, 0x1C,
    0x2D, 0x6B, 0x00, 0x2A, 0x75, 0x00, 0x28, 0x76, 0x02, 0x28, 0x00, 0x00, 0x2A, 0x00, 0x00, 0x2D,
    0x00, 0x1C, 0x29, 0x6B, 0x02, 0x29, 0x00, 0x1C, 0x31, 0x57, 0x00, 0x2A, 0x75, 0x00, 0x24, 0x7F,
    0x02, 0x24, 0x00, 0x00, 0x2A, 0x00, 0x00, 0x31, 0x00, 0x3A, 0x2A, 0x75, 0x02, 0x2A, 0x00, 0x3A,
    0x2A, 0x75, 0x00, 0x28, 0x7F, 0x02, 0x28, 0x00, 0x00, 0x2A, 0x00, 0x3A, 0x2A, 0x75, 0x00, 0x24,
    0x7B, 0x02, 0x24, 0x00, 0x00, 0x2A, 0x00, 0x3A, 0x2A, 0x75, 0x00, 0x24, 0x7F, 0x02, 0x24, 0x00,
    0x00, 0x2A, 0x00, 0x3A, 0x2A, 0x75, 0x02, 0x2A, 0x00, 0x3A, 0x2A, 0x75, 0x00, 0x28, 0x7F, 0x02,
    0x28, 0x00, 0x00, 0x2A, 0x00, 0x3A, 0x2A, 0x75, 0x02, 0x2A, 0x00, 0x3A, 0x2A, 0x75, 0x00, 0x24,
    0x7F, 0x02, 0x24, 0x00, 0x00, 0x2A, 0x00, 0x3A, 0x2A, 0x75, 0x02, 0x2A, 0x00, 0x3A, 0x2A, 0x75,
    0x00, 0x28, 0x7F, 0x02, 0x28, 0x00, 0x00, 0x2A, 0x00, 0x3A, 0x2A, 0x75, 0x00, 0x24, 0x7D, 0x02,
    0x24, 0x00, 0x00, 0x2A, 0x00, 0x3A, 0x2A, 0x75, 0x00, 0x24, 0x7F, 0x02, 0x24, 0x00, 0x00, 0x2A,
    0x00, 0x3A, 0x2A, 0x75, 0x02, 0x2A, 0x00, 0x1C, 0x24, 0x7C, 0x02, 0x24, 0x00, 0x1C, 0x2A, 0x75,
    0x00, 0x28, 0x7F, 0x02, 0x28, 0x00, 0x00, 0x2A, 0x00, 0x3A, 0x2A, 0x75, 0x02, 0x2A, 0x00, 0x3A,
    0x39, 0x61, 0x00, 0x2A, 0x75, 0x00, 0x24, 0x7F, 0x02, 0x24, 0x00, 0x00, 0x2A, 0x00, 0x00, 0x39,
    0x00, 0x3A, 0x2A, 0x75, 0x02, 0x2A, 0x00, 0x3A, 0x2A, 0x75, 0x00, 0x28, 0x7F, 0x02, 0x28, 0x00,
    0x00, 0x2A, 0x00, 0x3A, 0x2A, 0x75, 0x00, 0x24, 0x7B, 0x02, 0x24, 0x00, 0x00, 0x2A, 0x00, 0x3A,
    0x2A, 0x75, 0x00, 0x24, 0x7F, 0x02, 0x24, 0x00, 0x00, 0x2A, 0x00, 0x3A, 0x2A, 0x75, 0x02, 0x2A,
    0x00, 0x1C, 0x32, 0x6B, 0x02, 0x32, 0x00, 0x1C, 0x30, 0x6B, 0x00, 0x2A, 0x75, 0x00, 0x24, 0x7F,
    0x02, 0x24, 0x00, 0x00, 0x2A, 0x00, 0x00, 0x30, 0x00, 0x1C, 0x2D, 0x6B, 0x02, 0x2D, 0x00, 0x1C,
    0x29, 0x6B, 0x00, 0x2A, 0x75, 0x02, 0x2A, 0x00, 0x00, 0x29, 0x00, 0x3A, 0x31, 0x57, 0x00, 0x2A,
    0x75, 0x00, 0x24, 0x7F, 0x02, 0x24, 0x00, 0x00, 0x2A, 0x00, 0x00, 0x31, 0x00, 0x00, 0xFF, 0x2F,
    0x00, 0x4D, 0x54, 0x72, 0x6B, 0x00, 0x00, 0x15, 0x5D, 0x00, 0xFF, 0x21, 0x01, 0x00, 0x00, 0xFF,
    0x03, 0x05, 0x53, 0x2E, 0x44, 0x20, 0x32, 0x00, 0xBA, 0x07, 0x6E, 0x00, 0x0A, 0x40, 0x01, 0x79,
    0x00, 0x01, 0x20, 0x00, 0x01, 0x00, 0x00, 0x01, 0x0B, 0x7F, 0x01, 0xCA, 0x10, 0x01, 0xBA, 0x5B,
    0x46, 0x01, 0x5D, 0x00, 0x01, 0x5E, 0x00, 0x01, 0x63, 0x18, 0x01, 0x62, 0x26, 0x01, 0x06, 0x46,
    0x01, 0x63, 0x1A, 0x01, 0x62, 0x26, 0x01, 0x06, 0x37, 0x01, 0x62, 0x46, 0x01, 0x06, 0x3C, 0x01,
    0x62, 0x55, 0x01, 0x06, 0x64, 0x01, 0x63, 0x1C, 0x01, 0x62, 0x55, 0x01, 0x06, 0x73, 0x01, 0x62,
    0x46, 0x01, 0x06, 0x0F, 0x01, 0x63, 0x1D, 0x01, 0x62, 0x26, 0x01, 0x06, 0x3C, 0x84, 0x3E, 0x9A,
    0x46, 0x5C, 0x02, 0x46, 0x00, 0x1C, 0x46, 0x59, 0x02, 0x46, 0x00, 0x1C, 0x46, 0x56, 0x02, 0x46,
    0x00, 0x1C, 0x46, 0x52, 0x02, 0x46, 0x00, 0x1C, 0x46, 0x4F, 0x02, 0x46, 0x00, 0x1C, 0x46, 0x4C,
    0x02, 0x46, 0x00, 0x1C, 0x46, 0x48, 0x02, 0x46, 0x00, 0x1C, 0x46, 0x45, 0x02, 0x46, 0x00, 0x1C,
    0x46, 0x42, 0x02, 0x46, 0x00, 0x1C, 0x46, 0x3E, 0x02, 0x46, 0x00, 0x1C, 0x46, 0x3B, 0x02, 0x46,
    0x00, 0x1C, 0x46, 0x38, 0x02, 0x46, 0x00, 0x1C, 0x46, 0x34, 0x02, 0x46, 0x00, 0x1C, 0x46, 0x31,
    0x02, 0x46, 0x00, 0x1C, 0x46, 0x2E, 0x02, 0x46, 0x00, 0x1C, 0x46, 0x2A, 0x02, 0x46, 0x00, 0x1C,
    0x46, 0x27, 0x02, 0x46, 0x00, 0x1C, 0x46, 0x24, 0x02, 0x46, 0x00, 0x1C, 0x46, 0x20, 0x02, 0x46,
    0x00, 0x1C, 0x46, 0x1D, 0x02, 0x46, 0x00, 0x1C, 0x46, 0x1A, 0x02, 0x46, 0x00, 0x1C, 0x46, 0x16,
    0x02, 0x46, 0x00, 0x1C, 0x46, 0x13, 0x02, 0x46, 0x00, 0x1C, 0x46, 0x10, 0x02, 0x46, 0x00, 0x1C,
    0x46, 0x0C, 0x02, 0x46, 0x00, 0x1C, 0x46, 0x09, 0x02, 0x46, 0x00, 0x1C, 0x46, 0x06, 0x02, 0x46,
    0x00, 0x1C, 0x46, 0x02, 0x02, 0x46, 0x00, 0x81, 0x14, 0x55, 0x66, 0x02, 0x55, 0x00, 0x1C, 0x55,
    0x63, 0x02, 0x55, 0x00, 0x1C, 0x55, 0x60, 0x02, 0x55, 0x00, 0x1C, 0x55, 0x5C, 0x02, 0x55, 0x00,
    0x1C, 0x55, 0x59, 0x02, 0x55, 0x00, 0x1C, 0x55, 0x56, 0x02, 0x55, 0x00, 0x1C, 0x55, 0x52, 0x02,
    0x55, 0x00, 0x1C, 0x55, 0x4F, 0x02, 0x55, 0x00, 0x1C, 0x55, 0x4C, 0x02, 0x55, 0x00, 0x1C, 0x55,
    0x48, 0x02, 0x55, 0x00, 0x1C, 0x55, 0x45, 0x02, 0x55, 0x00, 0x1C, 0x55, 0x42, 0x02, 0x55, 0x00,
    0x1C, 0x55, 0x3E, 0x02, 0x55, 0x00, 0x1C, 0x55, 0x3B, 0x02, 0x55, 0x00, 0x1C, 0x55, 0x38, 0x02,
    0x55, 0x00, 0x1C, 0x55, 0x34, 0x02, 0x55, 0x00, 0x1C, 0x55, 0x31, 0x02, 0x55, 0x00, 0x1C, 0x55,
    0x2E, 0x02, 0x55, 0x00, 0x1C, 0x55, 0x2A, 0x02, 0x55, 0x00, 0x1C, 0x55, 0x27, 0x02, 0x55, 0x00,
    0x1C, 0x55, 0x24, 0x02, 0x55, 0x00, 0x1C, 0x55, 0x20, 0x02, 0x55, 0x00, 0x1C, 0x55, 0x1D, 0x02,
    0x55, 0x00, 0x1C, 0x55, 0x1A, 0x02, 0x55, 0x00, 0x1C, 0x55, 0x16, 0x02, 0x55, 0x00, 0x1C, 0x55,
    0x13, 0x02, 0x55, 0x00, 0x1C, 0x55, 0x10, 0x02, 0x55, 0x00, 0x1C, 0x55, 0x0C, 0x02, 0x55, 0x00,
    0x81, 0x14, 0x46, 0x5C, 0x02, 0x46, 0x00, 0x1C, 0x46, 0x59, 0x02, 0x46, 0x00, 0x1C, 0x46, 0x56,
    0x02, 0x46, 0x00, 0x1C, 0x46, 0x52, 0x02, 0x46, 0x00, 0x1C, 0x46, 0x4F, 0x02, 0x46, 0x00, 0x1C,
    0x46, 0x4C, 0x02, 0x46, 0x00, 0x1C, 0x46, 0x48, 0x02, 0x46, 0x00, 0x1C, 0x46, 0x45, 0x02, 0x46,
    0x00, 0x1C, 0x46, 0x42, 0x02, 0x46, 0x00, 0x1C, 0x46, 0x3E, 0x02, 0x46, 0x00, 0x1C, 0x46, 0x3B,
    0x02, 0x46, 0x00, 0x1C, 0x46, 0x38, 0x02, 0x46, 0x00, 0x1C, 0x46, 0x34, 0x02, 0x46, 0x00, 0x1C,
    0x46, 0x31, 0x02, 0x46, 0x00, 0x1C, 0x46, 0x2E, 0x02, 0x46, 0x00, 0x1C, 0x46, 0x2A, 0x02, 0x46,
    0x00, 0x1C, 0x46, 0x27, 0x02, 0x46, 0x00, 0x1C, 0x46, 0x24, 0x02, 0x46, 0x00, 0x1C, 0x46, 0x20,
    0x02, 0x46, 0x00, 0x1C, 0x46, 0x1D, 0x02, 0x46, 0x00, 0x1C, 0x46, 0x1A, 0x02, 0x46, 0x00, 0x1C,
    0x46, 0x16, 0x02, 0x46, 0x00, 0x1C, 0x46, 0x13, 0x02, 0x46, 0x00, 0x1C, 0x46, 0x10, 0x02, 0x46,
    0x00, 0x1C, 0x46, 0x0C, 0x02, 0x46, 0x00, 0x1C, 0x46, 0x09, 0x02, 0x46, 0x00, 0x1C, 0x46, 0x06,
    0x02, 0x46, 0x00, 0x1C, 0x46, 0x02, 0x02, 0x46, 0x00, 0x81, 0x14, 0x55, 0x66, 0x02, 0x55, 0x00,
    0x1C, 0x55, 0x63, 0x02, 0x55, 0x00, 0x1C, 0x55, 0x60, 0x02, 0x55, 0x00, 0x1C, 0x55, 0x5C, 0x02,
    0x55, 0x00, 0x1C, 0x55, 0x59, 0x02, 0x55, 0x00, 0x1C, 0x55, 0x56, 0x02, 0x55, 0x00, 0x1C, 0x55,
    0x52, 0x02, 0x55, 0x00, 0x1C, 0x55, 0x4F, 0x02, 0x55, 0x00, 0x1C, 0x55, 0x4C, 0x02, 0x55, 0x00,
    0x1C, 0x55, 0x48, 0x02, 0x55, 0x00, 0x1C, 0x55, 0x45, 0x02, 0x55, 0x00, 0x1C, 0x55, 0x42, 0x02,
    0x55, 0x00, 0x1C, 0x55, 0x3E, 0x02, 0x55, 0x00, 0x1C, 0x55, 0x3B, 0x02, 0x55, 0x00, 0x1C, 0x55,
    0x38, 0x02, 0x55, 0x00, 0x1C, 0x55, 0x34, 0x02, 0x55, 0x00, 0x1C, 0x55, 0x31, 0x02, 0x55, 0x00,
    0x1C, 0x55, 0x2E, 0x02, 0x55, 0x00, 0x1C, 0x55, 0x2A, 0x02, 0x55, 0x00, 0x1C, 0x55, 0x27, 0x02,
    0x55, 0x00, 0x1C, 0x55, 0x24, 0x02, 0x55, 0x00, 0x1C, 0x55, 0x20, 0x02, 0x55, 0x00, 0x1C, 0x55,
    0x1D, 0x02, 0x55, 0x00, 0x1C, 0x55, 0x1A, 0x02, 0x55, 0x00, 0x1C, 0x55, 0x16, 0x02, 0x55, 0x00,
    0x1C, 0x55, 0x13, 0x02, 0x55, 0x00, 0x1C, 0x55, 0x10, 0x02, 0x55, 0x00, 0x1C, 0x55, 0x0C, 0x02,
    0x55, 0x00, 0x81, 0x14, 0x46, 0x5C, 0x02, 0x46, 0x00, 0x1C, 0x46, 0x59, 0x02, 0x46, 0x00, 0x1C,
    0x46, 0x56, 0x02, 0x46, 0x00, 0x1C, 0x46, 0x52, 0x02, 0x46, 0x00, 0x1C, 0x46, 0x4F, 0x02, 0x46,
    0x00, 0x1C, 0x46, 0x4C, 0x02, 0x46, 0x00, 0x1C, 0x46, 0x48, 0x02, 0x46, 0x00, 0x1C, 0x46, 0x45,
    0x02, 0x46, 0x00, 0x1C, 0x46, 0x42, 0x02, 0x46, 0x00, 0x1C, 0x46, 0x3E, 0x02, 0x46, 0x00, 0x1C,
    0x46, 0x3B, 0x02, 0x46, 0x00, 0x1C, 0x46, 0x38, 0x02, 0x46, 0x00, 0x1C, 0x46, 0x34, 0x02, 0x46,
    0x00, 0x1C, 0x46, 0x31, 0x02, 0x46, 0x00, 0x1C, 0x46, 0x2E, 0x02, 0x46, 0x00, 0x1C, 0x46, 0x2A,
    0x02, 0x46, 0x00, 0x1C, 0x46, 0x27, 0x02, 0x46, 0x00, 0x1C, 0x46, 0x24, 0x02, 0x46, 0x00, 0x1C,
    0x46, 0x20, 0x02, 0x46, 0x00, 0x1C, 0x46, 0x1D, 0x02, 0x46, 0x00, 0x1C, 0x46, 0x1A, 0x02, 0x46,
    0x00, 0x1C, 0x46, 0x16, 0x02, 0x46, 0x00, 0x1C, 0x46, 0x13, 0x02, 0x46, 0x00, 0x1C, 0x46, 0x10,
    0x02, 0x46, 0x00, 0x1C, 0x46, 0x0C, 0x02, 0x46, 0x00, 0x1C, 0x46, 0x09, 0x02, 0x46, 0x00, 0x1C,
    0x46, 0x06, 0x02, 0x46, 0x00, 0x1C, 0x46, 0x02, 0x02, 0x46, 0x00, 0x81, 0x14, 0x55, 0x66, 0x02,
    0x55, 0x00, 0x1C, 0x55, 0x63, 0x02, 0x55, 0x00, 0x1C, 0x55, 0x60, 0x02, 0x55, 0x00, 0x1C, 0x55,
    0x5C, 0x02, 0x55, 0x00, 0x1C, 0x55, 0x59, 0x02, 0x55, 0x00, 0x1C, 0x55, 0x56, 0x02, 0x55, 0x00,
    0x1C, 0x55, 0x52, 0x02, 0x55, 0x00, 0x1C, 0x55, 0x4F, 0x02, 0x55, 0x00, 0x1C, 0x55, 0x4C, 0x02,
    0x55, 0x00, 0x1C, 0x55, 0x48, 0x02, 0x55, 0x00, 0x1C, 0x55, 0x45, 0x02, 0x55, 0x00, 0x1C, 0x55,
    0x42, 0x02, 0x55, 0x00, 0x1C, 0x55, 0x3E, 0x02, 0x55, 0x00, 0x1C, 0x55, 0x3B, 0x02, 0x55, 0x00,
    0x1C, 0x55, 0x38, 0x02, 0x55, 0x00, 0x1C, 0x55, 0x34, 0x02, 0x55, 0x00, 0x1C, 0x55, 0x31, 0x02,
    0x55, 0x00, 0x1C, 0x55, 0x2E, 0x02, 0x55, 0x00, 0x1C, 0x55, 0x2A, 0x02, 0x55, 0x00, 0x1C, 0x55,
    0x27, 0x02, 0x55, 0x00, 0x1C, 0x55, 0x24, 0x02, 0x55, 0x00, 0x1C, 0x55, 0x20, 0x02, 0x55, 0x00,
    0x1C, 0x55, 0x1D, 0x02, 0x55, 0x00, 0x1C, 0x55, 0x1A, 0x02, 0x55, 0x00, 0x1C, 0x55, 0x16, 0x02,
    0x55, 0x00, 0x1C, 0x55, 0x13, 0x02, 0x55, 0x00, 0x1C, 0x55, 0x10, 0x02, 0x55, 0x00, 0x1C, 0x55,
    0x0C, 0x02, 0x55, 0x00, 0x81, 0x14, 0x46, 0x5C, 0x02, 0x46, 0x00, 0x1C, 0x46, 0x59, 0x02, 0x46,
    0x00, 0x1C, 0x46, 0x56, 0x02, 0x46, 0x00, 0x1C, 0x46, 0x52, 0x02, 0x46, 0x00, 0x1C, 0x46, 0x4F,
    0x02, 0x46, 0x00, 0x1C, 0x46, 0x4C, 0x02, 0x46, 0x00, 0x1C, 0x46, 0x48, 0x02, 0x46, 0x00, 0x1C,
    0x46, 0x45, 0x02, 0x46, 0x00, 0x1C, 0x46, 0x42, 0x02, 0x46, 0x00, 0x1C, 0x46, 0x3E, 0x02, 0x46,
    0x00, 0x1C, 0x46, 0x3B, 0x02, 0x46, 0x00, 0x1C, 0x46, 0x38, 0x02, 0x46, 0x00, 0x1C, 0x46, 0x34,
    0x02, 0x46, 0x00, 0x1C, 0x46, 0x31, 0x02, 0x46, 0x00, 0x1C, 0x46, 0x2E, 0x02, 0x46, 0x00, 0x1C,
    0x46, 0x2A, 0x02, 0x46, 0x00, 0x1C, 0x46, 0x27, 0x02, 0x46, 0x00, 0x1C, 0x46, 0x24, 0x02, 0x46,
    0x00, 0x1C, 0x46, 0x20, 0x02, 0x46, 0x00, 0x1C, 0x46, 0x1D, 0x02, 0x46, 0x00, 0x1C, 0x46, 0x1A,
    0x02, 0x46, 0x00, 0x1C, 0x46, 0x16, 0x02, 0x46, 0x00, 0x1C, 0x46, 0x13, 0x02, 0x46, 0x00, 0x1C,
    0x46, 0x10, 0x02, 0x46, 0x00, 0x1C, 0x46, 0x0C, 0x02, 0x46, 0x00, 0x1C, 0x46, 0x09, 0x02, 0x46,
    0x00, 0x1C, 0x46, 0x06, 0x02, 0x46, 0x00, 0x1C, 0x46, 0x02, 0x02, 0x46, 0x00, 0x81, 0x14, 0x55,
    0x66, 0x02, 0x55, 0x00, 0x1C, 0x55, 0x63, 0x02, 0x55, 0x00, 0x1C, 0x55, 0x60, 0x02, 0x55, 0x00,
    0x1C, 0x55, 0x5C, 0x02, 0x55, 0x00, 0x1C, 0x55, 0x59, 0x02, 0x55, 0x00, 0x1C, 0x55, 0x56, 0x02,
    0x55, 0x00, 0x1C, 0x55, 0x52, 0x02, 0x55, 0x00, 0x1C, 0x55, 0x4F, 0x02, 0x55, 0x00, 0x1C, 0x55,
    0x4C, 0x02, 0x55, 0x00, 0x1C, 0x55, 0x48, 0x02, 0x55, 0x00, 0x1C, 0x55, 0x45, 0x02, 0x55, 0x00,
    0x1C, 0x55, 0x42, 0x02, 0x55, 0x00, 0x1C, 0x55, 0x3E, 0x02, 0x55, 0x00, 0x1C, 0x55, 0x3B, 0x02,
    0x55, 0x00, 0x1C, 0x55, 0x38, 0x02, 0x55, 0x00, 0x1C, 0x55, 0x34, 0x02, 0x55, 0x00, 0x1C, 0x55,
    0x31, 0x02, 0x55, 0x00, 0x1C, 0x55, 0x2E, 0x02, 0x55, 0x00, 0x1C, 0x55, 0x2A, 0x02, 0x55, 0x00,
    0x1C, 0x55, 0x27, 0x02, 0x55, 0x00, 0x1C, 0x55, 0x24, 0x02, 0x55, 0x00, 0x1C, 0x55, 0x20, 0x02,
    0x55, 0x00, 0x1C, 0x55, 0x1D, 0x02, 0x55, 0x00, 0x1C, 0x55, 0x1A, 0x02, 0x55, 0x00, 0x1C, 0x55,
    0x16, 0x02, 0x55, 0x00, 0x1C, 0x55, 0x13, 0x02, 0x55, 0x00, 0x1C, 0x55, 0x10, 0x02, 0x55, 0x00,
    0x1C, 0x55, 0x0C, 0x02, 0x55, 0x00, 0x81, 0x14, 0x46, 0x5C, 0x02, 0x46, 0x00, 0x1C, 0x46, 0x59,
    0x02, 0x46, 0x00, 0x1C, 0x46, 0x56, 0x02, 0x46, 0x00, 0x1C, 0x46, 0x52, 0x02, 0x46, 0x00, 0x1C,
    0x46, 0x4F, 0x02, 0x46, 0x00, 0x1C, 0x46, 0x4C, 0x02, 0x46, 0x00, 0x1C, 0x46, 0x48, 0x02, 0x46,
    0x00, 0x1C, 0x46, 0x45, 0x02, 0x46, 0x00, 0x1C, 0x46, 0x42, 0x02, 0x46, 0x00, 0x1C, 0x46, 0x3E,
    0x02, 0x46, 0x00, 0x1C, 0x46, 0x3B, 0x02, 0x46, 0x00, 0x1C, 0x46, 0x38, 0x02, 0x46, 0x00, 0x1C,
    0x46, 0x34, 0x02, 0x46, 0x00, 0x1C, 0x46, 0x31, 0x02, 0x46, 0x00, 0x1C, 0x46, 0x2E, 0x02, 0x46,
    0x00, 0x1C, 0x46, 0x2A, 0x02, 0x46, 0x00, 0x1C, 0x46, 0x27, 0x02, 0x46, 0x00, 0x1C, 0x46, 0x24,
    0x02, 0x46, 0x00, 0x1C, 0x46, 0x20, 0x02, 0x46, 0x00, 0x1C, 0x46, 0x1D, 0x02, 0x46, 0x00, 0x1C,
    0x46, 0x1A, 0x02, 0x46, 0x00, 0x1C, 0x46, 0x16, 0x02, 0x46, 0x00, 0x1C, 0x46, 0x13, 0x02, 0x46,
    0x00, 0x1C, 0x46, 0x10, 0x02, 0x46, 0x00, 0x1C, 0x46, 0x0C, 0x02, 0x46, 0x00, 0x1C, 0x46, 0x09,
    0x02, 0x46, 0x00, 0x1C, 0x46, 0x06, 0x02, 0x46, 0x00, 0x1C, 0x46, 0x02, 0x02, 0x46, 0x00, 0x81,
    0x14, 0x55, 0x66, 0x02, 0x55, 0x00, 0x1C, 0x55, 0x63, 0x02, 0x55, 0x00, 0x1C, 0x55, 0x60, 0x02,
    0x55, 0x00, 0x1C, 0x55, 0x5C, 0x02, 0x55, 0x00, 0x1C, 0x55, 0x59, 0x02, 0x55, 0x00, 0x1C, 0x55,
    0x56, 0x02, 0x55, 0x00, 0x1C, 0x55, 0x52, 0x02, 0x55, 0x00, 0x1C, 0x55, 0x4F, 0x02, 0x55, 0x00,
    0x1C, 0x55, 0x4C, 0x02, 0x55, 0x00, 0x1C, 0x55, 0x48, 0x02, 0x55, 0x00, 0x1C, 0x55, 0x45, 0x02,
    0x55, 0x00, 0x1C, 0x55, 0x42, 0x02, 0x55, 0x00, 0x1C, 0x55, 0x3E, 0x02, 0x55, 0x00, 0x1C, 0x55,
    0x3B, 0x02, 0x55, 0x00, 0x1C, 0x55, 0x38, 0x02, 0x55, 0x00, 0x1C, 0x55, 0x34, 0x02, 0x55, 0x00,
    0x1C, 0x55, 0x31, 0x02, 0x55, 0x00, 0x1C, 0x55, 0x2E, 0x02, 0x55, 0x00, 0x1C, 0x55, 0x2A, 0x02,
    0x55, 0x00, 0x1C, 0x55, 0x27, 0x02, 0x55, 0x00, 0x1C, 0x55, 0x24, 0x02, 0x55, 0x00, 0x1C, 0x55,
    0x20, 0x02, 0x55, 0x00, 0x1C, 0x55, 0x1D, 0x02, 0x55, 0x00, 0x1C, 0x55, 0x1A, 0x02, 0x55, 0x00,
    0x1C, 0x55, 0x16, 0x02, 0x55, 0x00, 0x1C, 0x55, 0x13, 0x02, 0x55, 0x00, 0x1C, 0x55, 0x10, 0x02,
    0x55, 0x00, 0x1C, 0x55, 0x0C, 0x02, 0x55, 0x00, 0x81, 0x14, 0x46, 0x5C, 0x02, 0x46, 0x00, 0x1C,
    0x46, 0x59, 0x02, 0x46, 0x00, 0x1C, 0x46, 0x56, 0x02, 0x46, 0x00, 0x1C, 0x46, 0x52, 0x02, 0x46,
    0x00, 0x1C, 0x46, 0x4F, 0x02, 0x46, 0x00, 0x1C, 0x46, 0x4C, 0x02, 0x46, 0x00, 0x1C, 0x46, 0x48,
    0x02, 0x46, 0x00, 0x1C, 0x46, 0x45, 0x02, 0x46, 0x00, 0x1C, 0x46, 0x42, 0x02, 0x46, 0x00, 0x1C,
    0x46, 0x3E, 0x02, 0x46, 0x00, 0x1C, 0x46, 0x3B, 0x02, 0x46, 0x00, 0x1C, 0x46, 0x38, 0x02, 0x46,
    0x00, 0x1C, 0x46, 0x34, 0x02, 0x46, 0x00, 0x1C, 0x46, 0x31, 0x02, 0x46, 0x00, 0x1C, 0x46, 0x2E,
    0x02, 0x46, 0x00, 0x1C, 0x46, 0x2A, 0x02, 0x46, 0x00, 0x1C, 0x46, 0x27, 0x02, 0x46, 0x00, 0x1C,
    0x46, 0x24, 0x02, 0x46, 0x00, 0x1C, 0x46, 0x20, 0x02, 0x46, 0x00, 0x1C, 0x46, 0x1D, 0x02, 0x46,
    0x00, 0x1C, 0x46, 0x1A, 0x02, 0x46, 0x00, 0x1C, 0x46, 0x16, 0x02, 0x46, 0x00, 0x1C, 0x46, 0x13,
    0x02, 0x46, 0x00, 0x1C, 0x46, 0x10, 0x02, 0x46, 0x00, 0x1C, 0x46, 0x0C, 0x02, 0x46, 0x00, 0x1C,
    0x46, 0x09, 0x02, 0x46, 0x00, 0x1C, 0x46, 0x06, 0x02, 0x46, 0x00, 0x1C, 0x46, 0x02, 0x02, 0x46,
    0x00, 0x81, 0x14, 0x55, 0x66, 0x02, 0x55, 0x00, 0x1C, 0x55, 0x63, 0x02, 0x55, 0x00, 0x1C, 0x55,
    0x60, 0x02, 0x55, 0x00, 0x1C, 0x55, 0x5C, 0x02, 0x55, 0x00, 0x1C, 0x55, 0x59, 0x02, 0x55, 0x00,
    0x1C, 0x55, 0x56, 0x02, 0x55, 0x00, 0x1C, 0x55, 0x52, 0x02, 0x55, 0x00, 0x1C, 0x55, 0x4F, 0x02,
    0x55, 0x00, 0x1C, 0x55, 0x4C, 0x02, 0x55, 0x00, 0x1C, 0x55, 0x48, 0x02, 0x55, 0x00, 0x1C, 0x55,
    0x45, 0x02, 0x55, 0x00, 0x1C, 0x55, 0x42, 0x02, 0x55, 0x00, 0x1C, 0x55, 0x3E, 0x02, 0x55, 0x00,
    0x1C, 0x55, 0x3B, 0x02, 0x55, 0x00, 0x1C, 0x55, 0x38, 0x02, 0x55, 0x00, 0x1C, 0x55, 0x34, 0x02,
    0x55, 0x00, 0x1C, 0x55, 0x31, 0x02, 0x55, 0x00, 0x1C, 0x55, 0x2E, 0x02, 0x55, 0x00, 0x1C, 0x55,
    0x2A, 0x02, 0x55, 0x00, 0x1C, 0x55, 0x27, 0x02, 0x55, 0x00, 0x1C, 0x55, 0x24, 0x02, 0x55, 0x00,
    0x1C, 0x55, 0x20, 0x02, 0x55, 0x00, 0x1C, 0x55, 0x1D, 0x02, 0x55, 0x00, 0x1C, 0x55, 0x1A, 0x02,
    0x55, 0x00, 0x1C, 0x55, 0x16, 0x00, 0x26, 0x72, 0x02, 0x26, 0x00, 0x00, 0x55, 0x00, 0x1C, 0x55,
    0x13, 0x02, 0x55, 0x00, 0x1C, 0x55, 0x10, 0x02, 0x55, 0x00, 0x1C, 0x55, 0x0C, 0x02, 0x55, 0x00,
    0x81, 0x14, 0x46, 0x5C, 0x02, 0x46, 0x00, 0x1C, 0x46, 0x59, 0x02, 0x46, 0x00, 0x1C, 0x46, 0x56,
    0x02, 0x46, 0x00, 0x1C, 0x46, 0x52, 0x02, 0x46, 0x00, 0x1C, 0x46, 0x4F, 0x02, 0x46, 0x00, 0x1C,
    0x46, 0x4C, 0x02, 0x46, 0x00, 0x1C, 0x46, 0x48, 0x02, 0x46, 0x00, 0x1C, 0x46, 0x45, 0x02, 0x46,
    0x00, 0x1C, 0x46, 0x42, 0x02, 0x46, 0x00, 0x1C, 0x46, 0x3E, 0x02, 0x46, 0x00, 0x1C, 0x46, 0x3B,
    0x02, 0x46, 0x00, 0x1C, 0x46, 0x38, 0x02, 0x46, 0x00, 0x1C, 0x46, 0x34, 0x02, 0x46, 0x00, 0x1C,
    0x46, 0x31, 0x02, 0x46, 0x00, 0x1C, 0x46, 0x2E, 0x02, 0x46, 0x00, 0x1C, 0x46, 0x2A, 0x02, 0x46,
    0x00, 0x1C, 0x46, 0x27, 0x02, 0x46, 0x00, 0x1C, 0x46, 0x24, 0x02, 0x46, 0x00, 0x1C, 0x46, 0x20,
    0x02, 0x46, 0x00, 0x1C, 0x46, 0x1D, 0x02, 0x46, 0x00, 0x1C, 0x46, 0x1A, 0x02, 0x46, 0x00, 0x1C,
    0x46, 0x16, 0x02, 0x46, 0x00, 0x1C, 0x46, 0x13, 0x02, 0x46, 0x00, 0x1C, 0x46, 0x10, 0x02, 0x46,
    0x00, 0x1C, 0x46, 0x0C, 0x02, 0x46, 0x00, 0x1C, 0x46, 0x09, 0x02, 0x46, 0x00, 0x1C, 0x46, 0x06,
    0x02, 0x46, 0x00, 0x1C, 0x46, 0x02, 0x02, 0x46, 0x00, 0x81, 0x14, 0x55, 0x66, 0x02, 0x55, 0x00,
    0x1C, 0x55, 0x63, 0x02, 0x55, 0x00, 0x1C, 0x55, 0x60, 0x02, 0x55, 0x00, 0x1C, 0x55, 0x5C, 0x02,
    0x55, 0x00, 0x1C, 0x55, 0x59, 0x02, 0x55, 0x00, 0x1C, 0x55, 0x56, 0x02, 0x55, 0x00, 0x1C, 0x55,
    0x52, 0x02, 0x55, 0x00, 0x1C, 0x55, 0x4F, 0x02, 0x55, 0x00, 0x1C, 0x55, 0x4C, 0x02, 0x55, 0x00,
    0x1C, 0x55, 0x48, 0x02, 0x55, 0x00, 0x1C, 0x55, 0x45, 0x02, 0x55, 0x00, 0x1C, 0x55, 0x42, 0x02,
    0x55, 0x00, 0x1C, 0x55, 0x3E, 0x02, 0x55, 0x00, 0x1C, 0x55, 0x3B, 0x02, 0x55, 0x00, 0x1C, 0x55,
    0x38, 0x02, 0x55, 0x00, 0x1C, 0x55, 0x34, 0x02, 0x55, 0x00, 0x1C, 0x55, 0x31, 0x02, 0x55, 0x00,
    0x1C, 0x55, 0x2E, 0x02, 0x55, 0x00, 0x1C, 0x55, 0x2A, 0x02, 0x55, 0x00, 0x1C, 0x55, 0x27, 0x02,
    0x55, 0x00, 0x1C, 0x55, 0x24, 0x02, 0x55, 0x00, 0x1C, 0x55, 0x20, 0x02, 0x55, 0x00, 0x1C, 0x55,
    0x1D, 0x02, 0x55, 0x00, 0x1C, 0x55, 0x1A, 0x02, 0x55, 0x00, 0x1C, 0x55, 0x16, 0x02, 0x55, 0x00,
    0x1C, 0x55, 0x13, 0x02, 0x55, 0x00, 0x1C, 0x55, 0x10, 0x02, 0x55, 0x00, 0x1C, 0x55, 0x0C, 0x02,
    0x55, 0x00, 0x81, 0x14, 0x46, 0x5C, 0x02, 0x46, 0x00, 0x1C, 0x46, 0x59, 0x02, 0x46, 0x00, 0x1C,
    0x46, 0x56, 0x02, 0x46, 0x00, 0x1C, 0x46, 0x52, 0x02, 0x46, 0x00, 0x1C, 0x46, 0x4F, 0x02, 0x46,
    0x00, 0x1C, 0x46, 0x4C, 0x02, 0x46, 0x00, 0x1C, 0x46, 0x48, 0x02, 0x46, 0x00, 0x1C, 0x46, 0x45,
    0x02, 0x46, 0x00, 0x1C, 0x46, 0x42, 0x02, 0x46, 0x00, 0x1C, 0x46, 0x3E, 0x02, 0x46, 0x00, 0x1C,
    0x46, 0x3B, 0x02, 0x46, 0x00, 0x1C, 0x46, 0x38, 0x02, 0x46, 0x00, 0x1C, 0x46, 0x34, 0x02, 0x46,
    0x00, 0x1C, 0x46, 0x31, 0x02, 0x46, 0x00, 0x1C, 0x46, 0x2E, 0x02, 0x46, 0x00, 0x1C, 0x46, 0x2A,
    0x02, 0x46, 0x00, 0x1C, 0x46, 0x27, 0x02, 0x46, 0x00, 0x1C, 0x46, 0x24, 0x02, 0x46, 0x00, 0x1C,
    0x46, 0x20, 0x02, 0x46, 0x00, 0x1C, 0x46, 0x1D, 0x02, 0x46, 0x00, 0x1C, 0x46, 0x1A, 0x02, 0x46,
    0x00, 0x1C, 0x46, 0x16, 0x02, 0x46, 0x00, 0x1C, 0x46, 0x13, 0x02, 0x46, 0x00, 0x1C, 0x46, 0x10,
    0x02, 0x46, 0x00, 0x1C, 0x46, 0x0C, 0x02, 0x46, 0x00, 0x1C, 0x46, 0x09, 0x02, 0x46, 0x00, 0x1C,
    0x46, 0x06, 0x02, 0x46, 0x00, 0x1C, 0x46, 0x02, 0x02, 0x46, 0x00, 0x81, 0x14, 0x55, 0x66, 0x02,
    0x55, 0x00, 0x1C, 0x55, 0x63, 0x02, 0x55, 0x00, 0x1C, 0x55, 0x60, 0x02, 0x55, 0x00, 0x1C, 0x55,
    0x5C, 0x02, 0x55, 0x00, 0x1C, 0x55, 0x59, 0x02, 0x55, 0x00, 0x1C, 0x55, 0x56, 0x02, 0x55, 0x00,
    0x1C, 0x55, 0x52, 0x02, 0x55, 0x00, 0x1C, 0x55, 0x4F, 0x02, 0x55, 0x00, 0x1C, 0x55, 0x4C, 0x02,
    0x55, 0x00, 0x1C, 0x55, 0x48, 0x02, 0x55, 0x00, 0x1C, 0x55, 0x45, 0x02, 0x55, 0x00, 0x1C, 0x55,
    0x42, 0x02, 0x55, 0x00, 0x1C, 0x55, 0x3E, 0x02, 0x55, 0x00, 0x1C, 0x55, 0x3B, 0x02, 0x55, 0x00,
    0x1C, 0x55, 0x38, 0x02, 0x55, 0x00, 0x1C, 0x55, 0x34, 0x02, 0x55, 0x00, 0x1C, 0x55, 0x31, 0x02,
    0x55, 0x00, 0x1C, 0x55, 0x2E, 0x02, 0x55, 0x00, 0x1C, 0x55, 0x2A, 0x02, 0x55, 0x00, 0x1C, 0x55,
    0x27, 0x02, 0x55, 0x00, 0x1C, 0x55, 0x24, 0x02, 0x55, 0x00, 0x1C, 0x55, 0x20, 0x02, 0x55, 0x00,
    0x1C, 0x55, 0x1D, 0x02, 0x55, 0x00, 0x1C, 0x55, 0x1A, 0x02, 0x55, 0x00, 0x1C, 0x55, 0x16, 0x02,
    0x55, 0x00, 0x1C, 0x55, 0x13, 0x02, 0x55, 0x00, 0x1C, 0x55, 0x10, 0x02, 0x55, 0x00, 0x1C, 0x55,
    0x0C, 0x02, 0x55, 0x00, 0x81, 0x14, 0x46, 0x5C, 0x02, 0x46, 0x00, 0x1C, 0x46, 0x59, 0x02, 0x46,
    0x00, 0x1C, 0x46, 0x56, 0x02, 0x46, 0x00, 0x1C, 0x46, 0x52, 0x02, 0x46, 0x00, 0x1C, 0x46, 0x4F,
    0x02, 0x46, 0x00, 0x1C, 0x46, 0x4C, 0x02, 0x46, 0x00, 0x1C, 0x46, 0x48, 0x02, 0x46, 0x00, 0x1C,
    0x46, 0x45, 0x02, 0x46, 0x00, 0x1C, 0x46, 0x42, 0x02, 0x46, 0x00, 0x1C, 0x46, 0x3E, 0x02, 0x46,
    0x00, 0x1C, 0x46, 0x3B, 0x02, 0x46, 0x00, 0x1C, 0x46, 0x38, 0x02, 0x46, 0x00, 0x1C, 0x46, 0x34,
    0x02, 0x46, 0x00, 0x1C, 0x46, 0x31, 0x02, 0x46, 0x00, 0x1C, 0x46, 0x2E, 0x02, 0x46, 0x00, 0x1C,
    0x46, 0x2A, 0x02, 0x46, 0x00, 0x1C, 0x46, 0x27, 0x02, 0x46, 0x00, 0x1C, 0x46, 0x24, 0x02, 0x46,
    0x00, 0x1C, 0x46, 0x20, 0x02, 0x46, 0x00, 0x1C, 0x46, 0x1D, 0x02, 0x46, 0x00, 0x1C, 0x46, 0x1A,
    0x02, 0x46, 0x00, 0x1C, 0x46, 0x16, 0x02, 0x46, 0x00, 0x1C, 0x46, 0x13, 0x02, 0x46, 0x00, 0x1C,
    0x46, 0x10, 0x02, 0x46, 0x00, 0x1C, 0x46, 0x0C, 0x02, 0x46, 0x00, 0x1C, 0x46, 0x09, 0x02, 0x46,
    0x00, 0x1C, 0x46, 0x06, 0x02, 0x46, 0x00, 0x1C, 0x46, 0x02, 0x02, 0x46, 0x00, 0x81, 0x14, 0x55,
    0x66, 0x02, 0x55, 0x00, 0x1C, 0x55, 0x63, 0x02, 0x55, 0x00, 0x1C, 0x55, 0x60, 0x02, 0x55, 0x00,
    0x1C, 0x55, 0x5C, 0x02, 0x55, 0x00, 0x1C, 0x55, 0x59, 0x02, 0x55, 0x00, 0x1C, 0x55, 0x56, 0x02,
    0x55, 0x00, 0x1C, 0x55, 0x52, 0x02, 0x55, 0x00, 0x1C, 0x55, 0x4F, 0x02, 0x55, 0x00, 0x1C, 0x55,
    0x4C, 0x02, 0x55, 0x00, 0x1C, 0x55, 0x48, 0x02, 0x55, 0x00, 0x1C, 0x55, 0x45, 0x02, 0x55, 0x00,
    0x1C, 0x55, 0x42, 0x02, 0x55, 0x00, 0x1C, 0x55, 0x3E, 0x02, 0x55, 0x00, 0x1C, 0x55, 0x3B, 0x02,
    0x55, 0x00, 0x1C, 0x55, 0x38, 0x02, 0x55, 0x00, 0x1C, 0x55, 0x34, 0x02, 0x55, 0x00, 0x1C, 0x55,
    0x31, 0x02, 0x55, 0x00, 0x1C, 0x55, 0x2E, 0x02, 0x55, 0x00, 0x1C, 0x55, 0x2A, 0x02, 0x55, 0x00,
    0x1C, 0x55, 0x27, 0x02, 0x55, 0x00, 0x1C, 0x55, 0x24, 0x02, 0x55, 0x00, 0x1C, 0x55, 0x20, 0x02,
    0x55, 0x00, 0x1C, 0x55, 0x1D, 0x02, 0x55, 0x00, 0x1C, 0x55, 0x1A, 0x02, 0x55, 0x00, 0x1C, 0x55,
    0x16, 0x00, 0x26, 0x72, 0x02, 0x26, 0x00, 0x00, 0x55, 0x00, 0x1C, 0x55, 0x13, 0x02, 0x55, 0x00,
    0x1C, 0x55, 0x10, 0x02, 0x55, 0x00, 0x1C, 0x55, 0x0C, 0x02, 0x55, 0x00, 0x81, 0x14, 0x46, 0x5C,
    0x00, 0x26, 0x73, 0x02, 0x26, 0x00, 0x00, 0x46, 0x00, 0x1C, 0x46, 0x59, 0x02, 0x46, 0x00, 0x1C,
    0x46, 0x56, 0x02, 0x46, 0x00, 0x1C, 0x46, 0x52, 0x02, 0x46, 0x00, 0x1C, 0x46, 0x4F, 0x02, 0x46,
    0x00, 0x1C, 0x46, 0x4C, 0x02, 0x46, 0x00, 0x1C, 0x46, 0x48, 0x02, 0x46, 0x00, 0x1C, 0x46, 0x45,
    0x02, 0x46, 0x00, 0x1C, 0x46, 0x42, 0x00, 0x26, 0x75, 0x02, 0x26, 0x00, 0x00, 0x46, 0x00, 0x1C,
    0x46, 0x3E, 0x02, 0x46, 0x00, 0x1C, 0x46, 0x3B, 0x02, 0x46, 0x00, 0x1C, 0x46, 0x38, 0x02, 0x46,
    0x00, 0x1C, 0x46, 0x34, 0x02, 0x46, 0x00, 0x1C, 0x46, 0x31, 0x02, 0x46, 0x00, 0x1C, 0x46, 0x2E,
    0x02, 0x46, 0x00, 0x1C, 0x46, 0x2A, 0x02, 0x46, 0x00, 0x1C, 0x46, 0x27, 0x00, 0x26, 0x73, 0x02,
    0x26, 0x00, 0x00, 0x46, 0x00, 0x1C, 0x46, 0x24, 0x02, 0x46, 0x00, 0x1C, 0x46, 0x20, 0x02, 0x46,
    0x00, 0x1C, 0x46, 0x1D, 0x02, 0x46, 0x00, 0x1C, 0x46, 0x1A, 0x02, 0x46, 0x00, 0x1C, 0x46, 0x16,
    0x02, 0x46, 0x00, 0x1C, 0x46, 0x13, 0x02, 0x46, 0x00, 0x1C, 0x46, 0x10, 0x02, 0x46, 0x00, 0x1C,
    0x46, 0x0C, 0x00, 0x26, 0x72, 0x02, 0x26, 0x00, 0x00, 0x46, 0x00, 0x1C, 0x46, 0x09, 0x02, 0x46,
    0x00, 0x1C, 0x46, 0x06, 0x02, 0x46, 0x00, 0x1C, 0x46, 0x02, 0x02, 0x46, 0x00, 0x81, 0x14, 0x55,
    0x66, 0x00, 0x26, 0x73, 0x02, 0x26, 0x00, 0x00, 0x55, 0x00, 0x1C, 0x55, 0x63, 0x02, 0x55, 0x00,
    0x1C, 0x55, 0x60, 0x02, 0x55, 0x00, 0x1C, 0x55, 0x5C, 0x02, 0x55, 0x00, 0x1C, 0x55, 0x59, 0x02,
    0x55, 0x00, 0x1C, 0x55, 0x56, 0x02, 0x55, 0x00, 0x1C, 0x55, 0x52, 0x02, 0x55, 0x00, 0x1C, 0x55,
    0x4F, 0x02, 0x55, 0x00, 0x1C, 0x55, 0x4C, 0x00, 0x26, 0x75, 0x02, 0x26, 0x00, 0x00, 0x55, 0x00,
    0x1C, 0x55, 0x48, 0x02, 0x55, 0x00, 0x1C, 0x55, 0x45, 0x02, 0x55, 0x00, 0x1C, 0x55, 0x42, 0x02,
    0x55, 0x00, 0x1C, 0x55, 0x3E, 0x02, 0x55, 0x00, 0x1C, 0x55, 0x3B, 0x02, 0x55, 0x00, 0x1C, 0x55,
    0x38, 0x02, 0x55, 0x00, 0x1C, 0x55, 0x34, 0x02, 0x55, 0x00, 0x1C, 0x55, 0x31, 0x00, 0x26, 0x73,
    0x02, 0x26, 0x00, 0x00, 0x55, 0x00, 0x1C, 0x55, 0x2E, 0x02, 0x55, 0x00, 0x1C, 0x55, 0x2A, 0x02,
    0x55, 0x00, 0x1C, 0x55, 0x27, 0x02, 0x55, 0x00, 0x1C, 0x55, 0x24, 0x02, 0x55, 0x00, 0x1C, 0x55,
    0x20, 0x02, 0x55, 0x00, 0x1C, 0x55, 0x1D, 0x02, 0x55, 0x00, 0x1C, 0x55, 0x1A, 0x02, 0x55, 0x00,
    0x1C, 0x55, 0x16, 0x00, 0x26, 0x72, 0x02, 0x26, 0x00, 0x00, 0x55, 0x00, 0x1C, 0x55, 0x13, 0x02,
    0x55, 0x00, 0x1C, 0x55, 0x10, 0x02, 0x55, 0x00, 0x1C, 0x55, 0x0C, 0x02, 0x55, 0x00, 0x81, 0x14,
    0x46, 0x5C, 0x00, 0x26, 0x73, 0x02, 0x26, 0x00, 0x00, 0x46, 0x00, 0x1C, 0x46, 0x59, 0x02, 0x46,
    0x00, 0x1C, 0x46, 0x56, 0x02, 0x46, 0x00, 0x1C, 0x46, 0x52, 0x02, 0x46, 0x00, 0x1C, 0x46, 0x4F,
    0x02, 0x46, 0x00, 0x1C, 0x46, 0x4C, 0x02, 0x46, 0x00, 0x1C, 0x46, 0x48, 0x02, 0x46, 0x00, 0x1C,
    0x46, 0x45, 0x02, 0x46, 0x00, 0x1C, 0x46, 0x42, 0x00, 0x26, 0x75, 0x02, 0x26, 0x00, 0x00, 0x46,
    0x00, 0x1C, 0x46, 0x3E, 0x02, 0x46, 0x00, 0x1C, 0x46, 0x3B, 0x02, 0x46, 0x00, 0x1C, 0x46, 0x38,
    0x02, 0x46, 0x00, 0x1C, 0x46, 0x34, 0x02, 0x46, 0x00, 0x1C, 0x46, 0x31, 0x02, 0x46, 0x00, 0x1C,
    0x46, 0x2E, 0x02, 0x46, 0x00, 0x1C, 0x46, 0x2A, 0x02, 0x46, 0x00, 0x1C, 0x46, 0x27, 0x00, 0x26,
    0x73, 0x02, 0x26, 0x00, 0x00, 0x46, 0x00, 0x1C, 0x46, 0x24, 0x02, 0x46, 0x00, 0x1C, 0x46, 0x20,
    0x02, 0x46, 0x00, 0x1C, 0x46, 0x1D, 0x02, 0x46, 0x00, 0x1C, 0x46, 0x1A, 0x02, 0x46, 0x00, 0x1C,
    0x46, 0x16, 0x02, 0x46, 0x00, 0x1C, 0x46, 0x13, 0x02, 0x46, 0x00, 0x1C, 0x46, 0x10, 0x02, 0x46,
    0x00, 0x1C, 0x46, 0x0C, 0x00, 0x26, 0x72, 0x02, 0x26, 0x00, 0x00, 0x46, 0x00, 0x1C, 0x46, 0x09,
    0x02, 0x46, 0x00, 0x1C, 0x46, 0x06, 0x02, 0x46, 0x00, 0x1C, 0x46, 0x02, 0x02, 0x46, 0x00, 0x81,
    0x14, 0x55, 0x66, 0x00, 0x26, 0x73, 0x02, 0x26, 0x00, 0x00, 0x55, 0x00, 0x1C, 0x55, 0x63, 0x02,
    0x55, 0x00, 0x1C, 0x55, 0x60, 0x02, 0x55, 0x00, 0x1C, 0x55, 0x5C, 0x02, 0x55, 0x00, 0x1C, 0x55,
    0x59, 0x02, 0x55, 0x00, 0x1C, 0x55, 0x56, 0x02, 0x55, 0x00, 0x1C, 0x55, 0x52, 0x02, 0x55, 0x00,
    0x1C, 0x55, 0x4F, 0x02, 0x55, 0x00, 0x1C, 0x55, 0x4C, 0x00, 0x26, 0x75, 0x02, 0x26, 0x00, 0x00,
    0x55, 0x00, 0x1C, 0x55, 0x48, 0x02, 0x55, 0x00, 0x1C, 0x55, 0x45, 0x02, 0x55, 0x00, 0x1C, 0x55,
    0x42, 0x02, 0x55, 0x00, 0x1C, 0x55, 0x3E, 0x02, 0x55, 0x00, 0x1C, 0x55, 0x3B, 0x02, 0x55, 0x00,
    0x1C, 0x55, 0x38, 0x02, 0x55, 0x00, 0x1C, 0x55, 0x34, 0x02, 0x55, 0x00, 0x1C, 0x55, 0x31, 0x00,
    0x26, 0x73, 0x02, 0x26, 0x00, 0x00, 0x55, 0x00, 0x1C, 0x55, 0x2E, 0x02, 0x55, 0x00, 0x1C, 0x55,
    0x2A, 0x02, 0x55, 0x00, 0x1C, 0x55, 0x27, 0x02, 0x55, 0x00, 0x1C, 0x55, 0x24, 0x02, 0x55, 0x00,
    0x1C, 0x55, 0x20, 0x02, 0x55, 0x00, 0x1C, 0x55, 0x1D, 0x02, 0x55, 0x00, 0x1C, 0x55, 0x1A, 0x02,
    0x55, 0x00, 0x1C, 0x55, 0x16, 0x02, 0x55, 0x00, 0x1C, 0x55, 0x13, 0x02, 0x55, 0x00, 0x1C, 0x55,
    0x10, 0x02, 0x55, 0x00, 0x1C, 0x55, 0x0C, 0x02, 0x55, 0x00, 0x84, 0x74, 0x46, 0x5C, 0x00, 0x26,
    0x73, 0x02, 0x26, 0x00, 0x00, 0x46, 0x00, 0x1C, 0x46, 0x59, 0x02, 0x46, 0x00, 0x1C, 0x46, 0x56,
    0x02, 0x46, 0x00, 0x1C, 0x46, 0x52, 0x02, 0x46, 0x00, 0x1C, 0x46, 0x4F, 0x02, 0x46, 0x00, 0x1C,
    0x46, 0x4C, 0x02, 0x46, 0x00, 0x1C, 0x46, 0x48, 0x02, 0x46, 0x00, 0x1C, 0x46, 0x45, 0x02, 0x46,
    0x00, 0x1C, 0x46, 0x42, 0x00, 0x26, 0x72, 0x02, 0x26, 0x00, 0x00, 0x46, 0x00, 0x1C, 0x46, 0x3E,
    0x02, 0x46, 0x00, 0x1C, 0x46, 0x3B, 0x02, 0x46, 0x00, 0x1C, 0x46, 0x38, 0x02, 0x46, 0x00, 0x1C,
    0x46, 0x34, 0x02, 0x46, 0x00, 0x1C, 0x46, 0x31, 0x02, 0x46, 0x00, 0x1C, 0x46, 0x2E, 0x02, 0x46,
    0x00, 0x1C, 0x46, 0x2A, 0x02, 0x46, 0x00, 0x1C, 0x46, 0x27, 0x00, 0x26, 0x73, 0x02, 0x26, 0x00,
    0x00, 0x46, 0x00, 0x1C, 0x46, 0x24, 0x02, 0x46, 0x00, 0x1C, 0x46, 0x20, 0x02, 0x46, 0x00, 0x1C,
    0x46, 0x1D, 0x02, 0x46, 0x00, 0x1C, 0x46, 0x1A, 0x02, 0x46, 0x00, 0x1C, 0x46, 0x16, 0x02, 0x46,
    0x00, 0x1C, 0x46, 0x13, 0x02, 0x46, 0x00, 0x1C, 0x46, 0x10, 0x02, 0x46, 0x00, 0x1C, 0x46, 0x0C,
    0x00, 0x26, 0x75, 0x02, 0x26, 0x00, 0x00, 0x46, 0x00, 0x1C, 0x46, 0x09, 0x02, 0x46, 0x00, 0x1C,
    0x46, 0x06, 0x02, 0x46, 0x00, 0x1C, 0x46, 0x02, 0x02, 0x46, 0x00, 0x81, 0x14, 0x55, 0x66, 0x00,
    0x26, 0x73, 0x02, 0x26, 0x00, 0x00, 0x55, 0x00, 0x1C, 0x55, 0x63, 0x02, 0x55, 0x00, 0x1C, 0x55,
    0x60, 0x02, 0x55, 0x00, 0x1C, 0x55, 0x5C, 0x02, 0x55, 0x00, 0x1C, 0x55, 0x59, 0x02, 0x55, 0x00,
    0x1C, 0x55, 0x56, 0x02, 0x55, 0x00, 0x1C, 0x55, 0x52, 0x02, 0x55, 0x00, 0x1C, 0x55, 0x4F, 0x02,
    0x55, 0x00, 0x1C, 0x55, 0x4C, 0x00, 0x26, 0x72, 0x02, 0x26, 0x00, 0x00, 0x55, 0x00, 0x1C, 0x55,
    0x48, 0x02, 0x55, 0x00, 0x1C, 0x55, 0x45, 0x02, 0x55, 0x00, 0x1C, 0x55, 0x42, 0x02, 0x55, 0x00,
    0x1C, 0x55, 0x3E, 0x02, 0x55, 0x00, 0x1C, 0x55, 0x3B, 0x02, 0x55, 0x00, 0x1C, 0x55, 0x38, 0x02,
    0x55, 0x00, 0x1C, 0x55, 0x34, 0x02, 0x55, 0x00, 0x1C, 0x55, 0x31, 0x00, 0x26, 0x73, 0x02, 0x26,
    0x00, 0x00, 0x55, 0x00, 0x1C, 0x55, 0x2E, 0x02, 0x55, 0x00, 0x1C, 0x55, 0x2A, 0x02, 0x55, 0x00,
    0x1C, 0x55, 0x27, 0x02, 0x55, 0x00, 0x1C, 0x55, 0x24, 0x02, 0x55, 0x00, 0x1C, 0x55, 0x20, 0x02,
    0x55, 0x00, 0x1C, 0x55, 0x1D, 0x02, 0x55, 0x00, 0x1C, 0x55, 0x1A, 0x02, 0x55, 0x00, 0x1C, 0x55,
    0x16, 0x00, 0x26, 0x75, 0x02, 0x26, 0x00, 0x00, 0x55, 0x00, 0x1C, 0x55, 0x13, 0x02, 0x55, 0x00,
    0x1C, 0x55, 0x10, 0x02, 0x55, 0x00, 0x1C, 0x55, 0x0C, 0x02, 0x55, 0x00, 0x81, 0x14, 0x46, 0x5C,
    0x00, 0x26, 0x73, 0x02, 0x26, 0x00, 0x00, 0x46, 0x00, 0x1C, 0x46, 0x59, 0x02, 0x46, 0x00, 0x1C,
    0x46, 0x56, 0x02, 0x46, 0x00, 0x1C, 0x46, 0x52, 0x02, 0x46, 0x00, 0x1C, 0x46, 0x4F, 0x02, 0x46,
    0x00, 0x1C, 0x46, 0x4C, 0x02, 0x46, 0x00, 0x1C, 0x46, 0x48, 0x02, 0x46, 0x00, 0x1C, 0x46, 0x45,
    0x02, 0x46, 0x00, 0x1C, 0x46, 0x42, 0x00, 0x26, 0x72, 0x02, 0x26, 0x00, 0x00, 0x46, 0x00, 0x1C,
    0x46, 0x3E, 0x02, 0x46, 0x00, 0x1C, 0x46, 0x3B, 0x02, 0x46, 0x00, 0x1C, 0x46, 0x38, 0x02, 0x46,
    0x00, 0x1C, 0x46, 0x34, 0x02, 0x46, 0x00, 0x1C, 0x46, 0x31, 0x02, 0x46, 0x00, 0x1C, 0x46, 0x2E,
    0x02, 0x46, 0x00, 0x1C, 0x46, 0x2A, 0x02, 0x46, 0x00, 0x1C, 0x46, 0x27, 0x00, 0x26, 0x73, 0x02,
    0x26, 0x00, 0x00, 0x46, 0x00, 0x1C, 0x46, 0x24, 0x02, 0x46, 0x00, 0x1C, 0x46, 0x20, 0x02, 0x46,
    0x00, 0x1C, 0x46, 0x1D, 0x02, 0x46, 0x00, 0x1C, 0x46, 0x1A, 0x02, 0x46, 0x00, 0x1C, 0x46, 0x16,
    0x02, 0x46, 0x00, 0x1C, 0x46, 0x13, 0x02, 0x46, 0x00, 0x1C, 0x46, 0x10, 0x02, 0x46, 0x00, 0x1C,
    0x46, 0x0C, 0x00, 0x26, 0x75, 0x02, 0x26, 0x00, 0x00, 0x46, 0x00, 0x1C, 0x46, 0x09, 0x02, 0x46,
    0x00, 0x1C, 0x46, 0x06, 0x02, 0x46, 0x00, 0x1C, 0x46, 0x02, 0x02, 0x46, 0x00, 0x81, 0x14, 0x55,
    0x66, 0x00, 0x26, 0x73, 0x02, 0x26, 0x00, 0x00, 0x55, 0x00, 0x1C, 0x55, 0x63, 0x02, 0x55, 0x00,
    0x1C, 0x55, 0x60, 0x02, 0x55, 0x00, 0x1C, 0x55, 0x5C, 0x02, 0x55, 0x00, 0x1C, 0x55, 0x59, 0x02,
    0x55, 0x00, 0x1C, 0x55, 0x56, 0x02, 0x55, 0x00, 0x1C, 0x55, 0x52, 0x02, 0x55, 0x00, 0x1C, 0x55,
    0x4F, 0x02, 0x55, 0x00, 0x1C, 0x55, 0x4C, 0x00, 0x26, 0x72, 0x02, 0x26, 0x00, 0x00, 0x55, 0x00,
    0x1C, 0x55, 0x48, 0x02, 0x55, 0x00, 0x1C, 0x55, 0x45, 0x02, 0x55, 0x00, 0x1C, 0x55, 0x42, 0x02,
    0x55, 0x00, 0x1C, 0x55, 0x3E, 0x02, 0x55, 0x00, 0x1C, 0x55, 0x3B, 0x02, 0x55, 0x00, 0x1C, 0x55,
    0x38, 0x02, 0x55, 0x00, 0x1C, 0x55, 0x34, 0x02, 0x55, 0x00, 0x1C, 0x55, 0x31, 0x00, 0x26, 0x73,
    0x02, 0x26, 0x00, 0x00, 0x55, 0x00, 0x1C, 0x55, 0x2E, 0x02, 0x55, 0x00, 0x1C, 0x55, 0x2A, 0x02,
    0x55, 0x00, 0x1C, 0x55, 0x27, 0x02, 0x55, 0x00, 0x1C, 0x55, 0x24, 0x02, 0x55, 0x00, 0x1C, 0x55,
    0x20, 0x02, 0x55, 0x00, 0x1C, 0x55, 0x1D, 0x02, 0x55, 0x00, 0x1C, 0x55, 0x1A, 0x02, 0x55, 0x00,
    0x1C, 0x55, 0x16, 0x00, 0x26, 0x75, 0x02, 0x26, 0x00, 0x00, 0x55, 0x00, 0x1C, 0x55, 0x13, 0x02,
    0x55, 0x00, 0x1C, 0x55, 0x10, 0x02, 0x55, 0x00, 0x1C, 0x55, 0x0C, 0x02, 0x55, 0x00, 0x81, 0x14,
    0x46, 0x5C, 0x00, 0x26, 0x73, 0x02, 0x26, 0x00, 0x00, 0x46, 0x00, 0x1C, 0x46, 0x59, 0x02, 0x46,
    0x00, 0x1C, 0x46, 0x56, 0x02, 0x46, 0x00, 0x1C, 0x46, 0x52, 0x02, 0x46, 0x00, 0x1C, 0x46, 0x4F,
    0x02, 0x46, 0x00, 0x1C, 0x46, 0x4C, 0x02, 0x46, 0x00, 0x1C, 0x46, 0x48, 0x02, 0x46, 0x00, 0x1C,
    0x46, 0x45, 0x02, 0x46, 0x00, 0x1C, 0x46, 0x42, 0x00, 0x26, 0x72, 0x02, 0x26, 0x00, 0x00, 0x46,
    0x00, 0x1C, 0x46, 0x3E, 0x02, 0x46, 0x00, 0x1C, 0x46, 0x3B, 0x02, 0x46, 0x00, 0x1C, 0x46, 0x38,
    0x02, 0x46, 0x00, 0x1C, 0x46, 0x34, 0x02, 0x46, 0x00, 0x1C, 0x46, 0x31, 0x02, 0x46, 0x00, 0x1C,
    0x46, 0x2E, 0x02, 0x46, 0x00, 0x1C, 0x46, 0x2A, 0x02, 0x46, 0x00, 0x1C, 0x46, 0x27, 0x00, 0x26,
    0x73, 0x02, 0x26, 0x00, 0x00, 0x46, 0x00, 0x1C, 0x46, 0x24, 0x02, 0x46, 0x00, 0x1C, 0x46, 0x20,
    0x02, 0x46, 0x00, 0x1C, 0x46, 0x1D, 0x02, 0x46, 0x00, 0x1C, 0x46, 0x1A, 0x02, 0x46, 0x00, 0x1C,
    0x46, 0x16, 0x02, 0x46, 0x00, 0x1C, 0x46, 0x13, 0x02, 0x46, 0x00, 0x1C, 0x46, 0x10, 0x02, 0x46,
    0x00, 0x1C, 0x46, 0x0C, 0x00, 0x26, 0x75, 0x02, 0x26, 0x00, 0x00, 0x46, 0x00, 0x1C, 0x46, 0x09,
    0x02, 0x46, 0x00, 0x1C, 0x46, 0x06, 0x02, 0x46, 0x00, 0x1C, 0x46, 0x02, 0x02, 0x46, 0x00, 0x81,
    0x14, 0x55, 0x66, 0x00, 0x26, 0x73, 0x02, 0x26, 0x00, 0x00, 0x55, 0x00, 0x1C, 0x55, 0x63, 0x02,
    0x55, 0x00, 0x1C, 0x55, 0x60, 0x02, 0x55, 0x00, 0x1C, 0x55, 0x5C, 0x02, 0x55, 0x00, 0x1C, 0x55,
    0x59, 0x02, 0x55, 0x00, 0x1C, 0x55, 0x56, 0x02, 0x55, 0x00, 0x1C, 0x55, 0x52, 0x02, 0x55, 0x00,
    0x1C, 0x55, 0x4F, 0x02, 0x55, 0x00, 0x1C, 0x55, 0x4C, 0x00, 0x26, 0x72, 0x02, 0x26, 0x00, 0x00,
    0x55, 0x00, 0x1C, 0x55, 0x48, 0x02, 0x55, 0x00, 0x1C, 0x55, 0x45, 0x02, 0x55, 0x00, 0x1C, 0x55,
    0x42, 0x02, 0x55, 0x00, 0x1C, 0x55, 0x3E, 0x02, 0x55, 0x00, 0x1C, 0x55, 0x3B, 0x02, 0x55, 0x00,
    0x1C, 0x55, 0x38, 0x02, 0x55, 0x00, 0x1C, 0x55, 0x34, 0x02, 0x55, 0x00, 0x1C, 0x55, 0x31, 0x00,
    0x26, 0x73, 0x02, 0x26, 0x00, 0x00, 0x55, 0x00, 0x1C, 0x55, 0x2E, 0x02, 0x55, 0x00, 0x1C, 0x55,
    0x2A, 0x02, 0x55, 0x00, 0x1C, 0x55, 0x27, 0x02, 0x55, 0x00, 0x1C, 0x55, 0x24, 0x00, 0x26, 0x71,
    0x02, 0x26, 0x00, 0x00, 0x55, 0x00, 0x1C, 0x55, 0x20, 0x00, 0x26, 0x66, 0x02, 0x26, 0x00, 0x00,
    0x55, 0x00, 0x1C, 0x55, 0x1D, 0x02, 0x55, 0x00, 0x1C, 0x55, 0x1A, 0x02, 0x55, 0x00, 0x1C, 0x55,
    0x16, 0x00, 0x26, 0x75, 0x02, 0x26, 0x00, 0x00, 0x55, 0x00, 0x1C, 0x55, 0x13, 0x02, 0x55, 0x00,
    0x1C, 0x55, 0x10, 0x00, 0x26, 0x69, 0x02, 0x26, 0x00, 0x00, 0x55, 0x00, 0x1C, 0x55, 0x0C, 0x02,
    0x55, 0x00, 0x81, 0x14, 0x46, 0x5C, 0x00, 0x26, 0x73, 0x02, 0x26, 0x00, 0x00, 0x46, 0x00, 0x1C,
    0x46, 0x59, 0x02, 0x46, 0x00, 0x1C, 0x46, 0x56, 0x02, 0x46, 0x00, 0x1C, 0x46, 0x52, 0x02, 0x46,
    0x00, 0x1C, 0x46, 0x4F, 0x02, 0x46, 0x00, 0x1C, 0x46, 0x4C, 0x02, 0x46, 0x00, 0x1C, 0x46, 0x48,
    0x02, 0x46, 0x00, 0x1C, 0x46, 0x45, 0x02, 0x46, 0x00, 0x1C, 0x46, 0x42, 0x00, 0x26, 0x72, 0x02,
    0x26, 0x00, 0x00, 0x46, 0x00, 0x1C, 0x46, 0x3E, 0x02, 0x46, 0x00, 0x1C, 0x46, 0x3B, 0x02, 0x46,
    0x00, 0x1C, 0x46, 0x38, 0x02, 0x46, 0x00, 0x1C, 0x46, 0x34, 0x02, 0x46, 0x00, 0x1C, 0x46, 0x31,
    0x02, 0x46, 0x00, 0x1C, 0x46, 0x2E, 0x02, 0x46, 0x00, 0x1C, 0x46, 0x2A, 0x02, 0x46, 0x00, 0x1C,
    0x46, 0x27, 0x00, 0x26, 0x73, 0x02, 0x26, 0x00, 0x00, 0x46, 0x00, 0x1C, 0x46, 0x24, 0x02, 0x46,
    0x00, 0x1C, 0x46, 0x20, 0x02, 0x46, 0x00, 0x1C, 0x46, 0x1D, 0x02, 0x46, 0x00, 0x1C, 0x46, 0x1A,
    0x02, 0x46, 0x00, 0x1C, 0x46, 0x16, 0x02, 0x46, 0x00, 0x1C, 0x46, 0x13, 0x02, 0x46, 0x00, 0x1C,
    0x46, 0x10, 0x02, 0x46, 0x00, 0x1C, 0x46, 0x0C, 0x00, 0x26, 0x75, 0x02, 0x26, 0x00, 0x00, 0x46,
    0x00, 0x1C, 0x46, 0x09, 0x02, 0x46, 0x00, 0x1C, 0x46, 0x06, 0x02, 0x46, 0x00, 0x1C, 0x46, 0x02,
    0x02, 0x46, 0x00, 0x81, 0x14, 0x55, 0x66, 0x00, 0x26, 0x73, 0x02, 0x26, 0x00, 0x00, 0x55, 0x00,
    0x1C, 0x55, 0x63, 0x02, 0x55, 0x00, 0x1C, 0x55, 0x60, 0x02, 0x55, 0x00, 0x1C, 0x55, 0x5C, 0x02,
    0x55, 0x00, 0x1C, 0x55, 0x59, 0x02, 0x55, 0x00, 0x1C, 0x55, 0x56, 0x02, 0x55, 0x00, 0x1C, 0x55,
    0x52, 0x02, 0x55, 0x00, 0x1C, 0x55, 0x4F, 0x02, 0x55, 0x00, 0x1C, 0x55, 0x4C, 0x02, 0x55, 0x00,
    0x1C, 0x55, 0x48, 0x02, 0x55, 0x00, 0x1C, 0x55, 0x45, 0x02, 0x55, 0x00, 0x1C, 0x55, 0x42, 0x02,
    0x55, 0x00, 0x1C, 0x55, 0x3E, 0x02, 0x55, 0x00, 0x1C, 0x55, 0x3B, 0x02, 0x55, 0x00, 0x1C, 0x55,
    0x38, 0x02, 0x55, 0x00, 0x1C, 0x55, 0x34, 0x02, 0x55, 0x00, 0x1C, 0x55, 0x31, 0x02, 0x55, 0x00,
    0x1C, 0x55, 0x2E, 0x02, 0x55, 0x00, 0x1C, 0x55, 0x2A, 0x02, 0x55, 0x00, 0x1C, 0x55, 0x27, 0x02,
    0x55, 0x00, 0x1C, 0x55, 0x24, 0x02, 0x55, 0x00, 0x1C, 0x55, 0x20, 0x02, 0x55, 0x00, 0x1C, 0x55,
    0x1D, 0x02, 0x55, 0x00, 0x1C, 0x55, 0x1A, 0x02, 0x55, 0x00, 0x1C, 0x55, 0x16, 0x02, 0x55, 0x00,
    0x1C, 0x55, 0x13, 0x02, 0x55, 0x00, 0x1C, 0x55, 0x10, 0x02, 0x55, 0x00, 0x1C, 0x55, 0x0C, 0x02,
    0x55, 0x00, 0x00, 0xFF, 0x2F, 0x00, 0x4D, 0x54, 0x72, 0x6B, 0x00, 0x00, 0x02, 0xF6, 0x00, 0xFF,
    0x21, 0x01, 0x00, 0x00, 0xFF, 0x03, 0x07, 0x33, 0x38, 0x3C, 0x31, 0x32, 0x37, 0x3E, 0x00, 0xBB,
    0x07, 0x64, 0x00, 0x0A, 0x22, 0x01, 0x79, 0x00, 0x01, 0x20, 0x00, 0x01, 0x00, 0x7F, 0x01, 0x0B,
    0x64, 0x01, 0xCB, 0x26, 0x01, 0xBB, 0x5B, 0x64, 0x01, 0x5D, 0x1E, 0x01, 0x63, 0x01, 0x01, 0x62,
    0x20, 0x01, 0x06, 0x46, 0x01, 0x62, 0x66, 0x01, 0x06, 0x41, 0x81, 0x8A, 0x54, 0x9B, 0x62, 0x50,
    0x1E, 0x60, 0x47, 0x02, 0x62, 0x00, 0x1C, 0x60, 0x00, 0x00, 0x5F, 0x4A, 0x1C, 0x5F, 0x00, 0x02,
    0x5B, 0x4A, 0x1E, 0x62, 0x4F, 0x02, 0x5B, 0x00, 0x1C, 0x60, 0x47, 0x05, 0x62, 0x00, 0x19, 0x5F,
    0x4C, 0x03, 0x60, 0x00, 0x1B, 0x5B, 0x4E, 0x03, 0x5F, 0x00, 0x1B, 0x62, 0x4E, 0x03, 0x5B, 0x00,
    0x1B, 0x60, 0x48, 0x03, 0x62, 0x00, 0x1B, 0x5F, 0x4C, 0x01, 0x60, 0x00, 0x1D, 0x5B, 0x4B, 0x06,
    0x5F, 0x00, 0x18, 0x62, 0x51, 0x01, 0x5B, 0x00, 0x1D, 0x60, 0x47, 0x05, 0x62, 0x00, 0x19, 0x5F,
    0x4A, 0x02, 0x60, 0x00, 0x1C, 0x5B, 0x4A, 0x03, 0x5F, 0x00, 0x1B, 0x62, 0x51, 0x01, 0x5B, 0x00,
    0x1D, 0x60, 0x48, 0x02, 0x62, 0x00, 0x1C, 0x60, 0x00, 0x00, 0x5F, 0x4C, 0x1C, 0x5F, 0x00, 0x02,
    0x5B, 0x49, 0x1E, 0x62, 0x4F, 0x02, 0x5B, 0x00, 0x1C, 0x60, 0x47, 0x05, 0x62, 0x00, 0x19, 0x5F,
    0x4A, 0x03, 0x60, 0x00, 0x1B, 0x5B, 0x4E, 0x03, 0x5F, 0x00, 0x1B, 0x62, 0x4F, 0x03, 0x5B, 0x00,
    0x1B, 0x60, 0x48, 0x03, 0x62, 0x00, 0x1B, 0x5F, 0x4B, 0x01, 0x60, 0x00, 0x1D, 0x5B, 0x4B, 0x06,
    0x5F, 0x00, 0x18, 0x62, 0x4F, 0x01, 0x5B, 0x00, 0x1D, 0x60, 0x49, 0x05, 0x62, 0x00, 0x19, 0x5F,
    0x4B, 0x02, 0x60, 0x00, 0x1C, 0x5B, 0x4C, 0x03, 0x5F, 0x00, 0x1B, 0x62, 0x50, 0x01, 0x5B, 0x00,
    0x1D, 0x60, 0x47, 0x02, 0x62, 0x00, 0x1C, 0x60, 0x00, 0x00, 0x5F, 0x4A, 0x1C, 0x5F, 0x00, 0x02,
    0x5B, 0x4A, 0x1E, 0x62, 0x4F, 0x02, 0x5B, 0x00, 0x1C, 0x60, 0x47, 0x05, 0x62, 0x00, 0x19, 0x5F,
    0x4C, 0x03, 0x60, 0x00, 0x1B, 0x5B, 0x4E, 0x03, 0x5F, 0x00, 0x1B, 0x62, 0x4E, 0x03, 0x5B, 0x00,
    0x1B, 0x60, 0x48, 0x03, 0x62, 0x00, 0x1B, 0x5F, 0x4C, 0x01, 0x60, 0x00, 0x1D, 0x5B, 0x4B, 0x06,
    0x5F, 0x00, 0x18, 0x62, 0x51, 0x01, 0x5B, 0x00, 0x1D, 0x60, 0x47, 0x05, 0x62, 0x00, 0x19, 0x5F,
    0x4A, 0x02, 0x60, 0x00, 0x1C, 0x5B, 0x4A, 0x03, 0x5F, 0x00, 0x1B, 0x62, 0x51, 0x01, 0x5B, 0x00,
    0x1D, 0x60, 0x48, 0x02, 0x62, 0x00, 0x1C, 0x60, 0x00, 0x00, 0x5F, 0x4C, 0x1C, 0x5F, 0x00, 0x02,
    0x5B, 0x49, 0x1E, 0x62, 0x4F, 0x02, 0x5B, 0x00, 0x1C, 0x60, 0x47, 0x05, 0x62, 0x00, 0x19, 0x5F,
    0x4A, 0x03, 0x60, 0x00, 0x1B, 0x5B, 0x4E, 0x03, 0x5F, 0x00, 0x1B, 0x62, 0x4F, 0x03, 0x5B, 0x00,
    0x1B, 0x60, 0x48, 0x03, 0x62, 0x00, 0x1B, 0x5F, 0x4B, 0x01, 0x60, 0x00, 0x1D, 0x5B, 0x4B, 0x06,
    0x5F, 0x00, 0x18, 0x62, 0x4F, 0x01, 0x5B, 0x00, 0x1D, 0x60, 0x49, 0x05, 0x62, 0x00, 0x19, 0x5F,
    0x4B, 0x02, 0x60, 0x00, 0x1C, 0x5B, 0x4C, 0x03, 0x5F, 0x00, 0x1B, 0x64, 0x50, 0x01, 0x5B, 0x00,
    0x1D, 0x62, 0x47, 0x02, 0x64, 0x00, 0x1C, 0x62, 0x00, 0x00, 0x61, 0x4A, 0x1C, 0x61, 0x00, 0x02,
    0x5D, 0x4A, 0x1E, 0x64, 0x4F, 0x02, 0x5D, 0x00, 0x1C, 0x62, 0x47, 0x05, 0x64, 0x00, 0x19, 0x61,
    0x4C, 0x03, 0x62, 0x00, 0x1B, 0x5D, 0x4E, 0x03, 0x61, 0x00, 0x1B, 0x64, 0x4E, 0x03, 0x5D, 0x00,
    0x1B, 0x62, 0x48, 0x03, 0x64, 0x00, 0x1B, 0x61, 0x4C, 0x01, 0x62, 0x00, 0x1D, 0x5D, 0x4B, 0x06,
    0x61, 0x00, 0x18, 0x64, 0x51, 0x01, 0x5D, 0x00, 0x1D, 0x62, 0x47, 0x05, 0x64, 0x00, 0x19, 0x61,
    0x4A, 0x02, 0x62, 0x00, 0x1C, 0x5D, 0x4A, 0x03, 0x61, 0x00, 0x1B, 0x64, 0x51, 0x01, 0x5D, 0x00,
    0x1D, 0x62, 0x48, 0x02, 0x64, 0x00, 0x1C, 0x62, 0x00, 0x00, 0x61, 0x4C, 0x1C, 0x61, 0x00, 0x02,
    0x5D, 0x49, 0x1E, 0x64, 0x4F, 0x02, 0x5D, 0x00, 0x1C, 0x62, 0x47, 0x05, 0x64, 0x00, 0x19, 0x61,
    0x4A, 0x03, 0x62, 0x00, 0x1B, 0x5D, 0x4E, 0x03, 0x61, 0x00, 0x1B, 0x64, 0x4F, 0x03, 0x5D, 0x00,
    0x1B, 0x62, 0x48, 0x03, 0x64, 0x00, 0x1B, 0x61, 0x4B, 0x01, 0x62, 0x00, 0x1D, 0x5D, 0x4B, 0x06,
    0x61, 0x00, 0x18, 0x64, 0x4F, 0x01, 0x5D, 0x00, 0x1D, 0x62, 0x49, 0x05, 0x64, 0x00, 0x19, 0x61,
    0x4B, 0x02, 0x62, 0x00, 0x1C, 0x5D, 0x4C, 0x03, 0x61, 0x00, 0x1B, 0x64, 0x50, 0x01, 0x5D, 0x00,
    0x1D, 0x62, 0x47, 0x02, 0x64, 0x00, 0x1C, 0x62, 0x00, 0x00, 0x61, 0x4A, 0x1C, 0x61, 0x00, 0x02,
    0x5D, 0x4A, 0x1E, 0x64, 0x4F, 0x02, 0x5D, 0x00, 0x1C, 0x62, 0x47, 0x05, 0x64, 0x00, 0x19, 0x61,
    0x4C, 0x03, 0x62, 0x00, 0x1B, 0x5D, 0x4E, 0x03, 0x61, 0x00, 0x1B, 0x64, 0x4E, 0x03, 0x5D, 0x00,
    0x1B, 0x62, 0x48, 0x03, 0x64, 0x00, 0x1B, 0x61, 0x4C, 0x01, 0x62, 0x00, 0x1D, 0x5D, 0x4B, 0x06,
    0x61, 0x00, 0x18, 0x64, 0x51, 0x01, 0x5D, 0x00, 0x1D, 0x62, 0x47, 0x05, 0x64, 0x00, 0x19, 0x61,
    0x4A, 0x02, 0x62, 0x00, 0x1C, 0x5D, 0x4A, 0x03, 0x61, 0x00, 0x1C, 0x5D, 0x00, 0xBA, 0x0F, 0x5C,
    0x68, 0x55, 0x5C, 0x00, 0x05, 0x5A, 0x66, 0x55, 0x5A, 0x00, 0x05, 0x58, 0x64, 0x41, 0x58, 0x00,
    0x00, 0xFF, 0x2F, 0x00, 0x4D, 0x54, 0x72, 0x6B, 0x00, 0x00, 0x00, 0xB6, 0x00, 0xFF, 0x21, 0x01,
    0x00, 0x00, 0xFF, 0x03, 0x02, 0x32, 0x35, 0x00, 0xBC, 0x07, 0x5F, 0x00, 0x0A, 0x01, 0x01, 0x79,
    0x00, 0x01, 0x20, 0x00, 0x01, 0x00, 0x00, 0x01, 0x0B, 0x5F, 0x01, 0xCC, 0x19, 0x01, 0xBC, 0x5B,
    0x28, 0x01, 0x5D, 0x0A, 0x01, 0x5E, 0x00, 0x01, 0x63, 0x01, 0x01, 0x62, 0x20, 0x01, 0x06, 0x46,
    0x01, 0x62, 0x66, 0x01, 0x06, 0x5A, 0xED, 0x4B, 0x9C, 0x2F, 0x69, 0x1E, 0x36, 0x66, 0x05, 0x2F,
    0x00, 0x19, 0x36, 0x00, 0x00, 0x3B, 0x69, 0x1E, 0x3E, 0x6D, 0x7F, 0x3E, 0x00, 0x04, 0x3B, 0x00,
    0x81, 0x0B, 0x2F, 0x67, 0x3C, 0x36, 0x69, 0x03, 0x2F, 0x00, 0x39, 0x36, 0x00, 0x00, 0x3B, 0x6C,
    0x3A, 0x3B, 0x00, 0x02, 0x3E, 0x68, 0x3C, 0x39, 0x68, 0x03, 0x3E, 0x00, 0x1B, 0x39, 0x00, 0x00,
    0x3B, 0x6E, 0x35, 0x3B, 0x00, 0x07, 0x3B, 0x6E, 0x81, 0x03, 0x3B, 0x00, 0x81, 0x0B, 0x2F, 0x65,
    0x1E, 0x36, 0x6E, 0x02, 0x2F, 0x00, 0x1B, 0x36, 0x00, 0x01, 0x3B, 0x6E, 0x1E, 0x3E, 0x6C, 0x0C,
    0x3B, 0x00, 0x69, 0x3E, 0x00, 0x82, 0x4D, 0x3E, 0x67, 0x3C, 0x3E, 0x00, 0x00, 0x39, 0x67, 0x1B,
    0x39, 0x00, 0x03, 0x3B, 0x6A, 0x33, 0x3B, 0x00, 0x09, 0x3B, 0x65, 0x5B, 0x3B, 0x00, 0x00, 0xFF,
    0x2F, 0x00, 0x4D, 0x54, 0x72, 0x6B, 0x00, 0x00, 0x02, 0xD4, 0x00, 0xFF, 0x21, 0x01, 0x00, 0x00,
    0xFF, 0x03, 0x05, 0x32, 0x39, 0x3C, 0x44, 0x3E, 0x00, 0xBD, 0x07, 0x64, 0x00, 0x0A, 0x0E, 0x01,
    0x79, 0x00, 0x01, 0x20, 0x00, 0x01, 0x00, 0x00, 0x01, 0x0B, 0x78, 0x01, 0xCD, 0x1D, 0x01, 0xBD,
    0x5B, 0x50, 0x01, 0x5D, 0x1E, 0x01, 0x5E, 0x00, 0x01, 0x63, 0x01, 0x01, 0x62, 0x08, 0x01, 0x06,
    0x37, 0x01, 0x62, 0x09, 0x01, 0x06, 0x46, 0x01, 0x62, 0x0A, 0x01, 0x06, 0x46, 0x81, 0xAD, 0x11,
    0xED, 0x00, 0x00, 0x40, 0x9D, 0x47, 0x53, 0x0B, 0xED, 0x00, 0x17, 0x01, 0x00, 0x35, 0x01, 0x00,
    0x23, 0x02, 0x00, 0x40, 0x0E, 0x9D, 0x47, 0x00, 0x01, 0x49, 0x3D, 0x60, 0xBD, 0x01, 0x0F, 0x12,
    0x01, 0x13, 0x0C, 0x01, 0x18, 0x0B, 0x01, 0x1C, 0x07, 0x01, 0x20, 0x06, 0x01, 0x24, 0x21, 0x01,
    0x2A, 0x5B, 0x01, 0x2C, 0x1B, 0x01, 0x32, 0x37, 0x9D, 0x49, 0x00, 0x17, 0xBD, 0x01, 0x00, 0x09,
    0xED, 0x00, 0x16, 0x03, 0x9D, 0x49, 0x43, 0x02, 0xED, 0x00, 0x15, 0x0A, 0x00, 0x29, 0x02, 0x00,
    0x31, 0x01, 0x00, 0x39, 0x03, 0x00, 0x40, 0x27, 0x9D, 0x49, 0x00, 0x01, 0x47, 0x54, 0x1D, 0x47,
    0x00, 0x01, 0x45, 0x3D, 0x1D, 0x45, 0x00, 0x02, 0x42, 0x48, 0x3B, 0x42, 0x00, 0x01, 0x45, 0x51,
    0x24, 0xBD, 0x01, 0x37, 0x81, 0x0C, 0x9D, 0x45, 0x00, 0x04, 0xBD, 0x01, 0x00, 0x01, 0x9D, 0x47,
    0x45, 0x56, 0xBD, 0x01, 0x18, 0x0C, 0x01, 0x27, 0x0B, 0x01, 0x21, 0x08, 0x01, 0x25, 0x17, 0x01,
    0x2C, 0x3B, 0x01, 0x2F, 0x06, 0x01, 0x3C, 0x40, 0x9D, 0x47, 0x00, 0x81, 0x15, 0xBD, 0x01, 0x00,
    0x21, 0xED, 0x01, 0x00, 0x00, 0x9D, 0x42, 0x40, 0x12, 0xED, 0x00, 0x40, 0x0B, 0x9D, 0x42, 0x00,
    0x01, 0x45, 0x47, 0x16, 0x45, 0x00, 0x08, 0x45, 0x48, 0x1E, 0xBD, 0x01, 0x37, 0x81, 0x62, 0x9D,
    0x45, 0x00, 0x0A, 0xBD, 0x01, 0x00, 0x01, 0x9D, 0x49, 0x51, 0x1F, 0x49, 0x00, 0x01, 0x4C, 0x40,
    0x2C, 0x4C, 0x00, 0x11, 0x4C, 0x47, 0x1E, 0xBD, 0x01, 0x3C, 0x3B, 0x9D, 0x4C, 0x00, 0x00, 0xBD,
    0x01, 0x00, 0x01, 0x9D, 0x45, 0x45, 0x14, 0x45, 0x00, 0x08, 0x45, 0x42, 0x1E, 0xBD, 0x01, 0x39,
    0x77, 0x01, 0x00, 0x01, 0x9D, 0x45, 0x00, 0x00, 0xED, 0x7E, 0x0F, 0x01, 0x9D, 0x4E, 0x53, 0x11,
    0xED, 0x30, 0x16, 0x03, 0x7B, 0x1F, 0x04, 0x5F, 0x2C, 0x04, 0x43, 0x39, 0x01, 0x5C, 0x3C, 0x01,
    0x00, 0x40, 0x1E, 0xBD, 0x01, 0x37, 0x81, 0x53, 0x9D, 0x4E, 0x00, 0x3A, 0xBD, 0x01, 0x00, 0x01,
    0x9D, 0x51, 0x48, 0x1B, 0x51, 0x00, 0x02, 0x4E, 0x43, 0x1A, 0x4E, 0x00, 0x04, 0x4E, 0x48, 0x27,
    0xBD, 0x01, 0x37, 0x82, 0x05, 0x9D, 0x4E, 0x00, 0x81, 0x50, 0xBD, 0x01, 0x00, 0x01, 0xED, 0x00,
    0x00, 0x01, 0x9D, 0x4E, 0x48, 0x0D, 0xED, 0x00, 0x12, 0x03, 0x00, 0x37, 0x00, 0x00, 0x29, 0x00,
    0x00, 0x1D, 0x01, 0x00, 0x40, 0x0E, 0x9D, 0x4E, 0x00, 0x01, 0x4C, 0x41, 0x3A, 0x4C, 0x00, 0x01,
    0x4E, 0x3D, 0x1C, 0x4E, 0x00, 0x01, 0x47, 0x45, 0x1E, 0xED, 0x7F, 0x7F, 0x1E, 0xBD, 0x01, 0x37,
    0x81, 0x33, 0x9D, 0x47, 0x00, 0x59, 0xBD, 0x01, 0x00, 0x01, 0xED, 0x00, 0x40, 0x00, 0x9D, 0x3D,
    0x56, 0x1D, 0xED, 0x6E, 0x3B, 0x03, 0x08, 0x02, 0x01, 0x73, 0x1C, 0x03, 0x00, 0x00, 0x09, 0x9D,
    0x3D, 0x00, 0x00, 0xED, 0x10, 0x04, 0x02, 0x52, 0x14, 0x02, 0x00, 0x40, 0x02, 0x9D, 0x3D, 0x43,
    0x18, 0xED, 0x73, 0x1C, 0x00, 0x66, 0x39, 0x03, 0x9D, 0x3D, 0x00, 0x01, 0xED, 0x10, 0x04, 0x02,
    0x00, 0x00, 0x09, 0x00, 0x40, 0x01, 0x9D, 0x3D, 0x4F, 0x1E, 0xBD, 0x01, 0x32, 0x57, 0x9D, 0x3D,
    0x00, 0x04, 0xBD, 0x01, 0x00, 0x01, 0x9D, 0x39, 0x4C, 0x27, 0xBD, 0x01, 0x37, 0x7D, 0x9D, 0x39,
    0x00, 0x84, 0x2A, 0xBD, 0x01, 0x00, 0x01, 0x9D, 0x4C, 0x49, 0x19, 0x4C, 0x00, 0x06, 0x4E, 0x31,
    0x1C, 0x4E, 0x00, 0x01, 0x4C, 0x36, 0x1A, 0x4C, 0x00, 0x03, 0x47, 0x35, 0x30, 0x47, 0x00, 0x0D,
    0x47, 0x30, 0x3B, 0x47, 0x00, 0x01, 0x4E, 0x42, 0x18, 0xBD, 0x01, 0x3C, 0x24, 0x9D, 0x4E, 0x00,
    0x00, 0xBD, 0x01, 0x00, 0x01, 0x9D, 0x4C, 0x32, 0x2F, 0xBD, 0x01, 0x37, 0x81, 0x20, 0x9D, 0x4C,
    0x00, 0x00, 0xBD, 0x01, 0x00, 0x01, 0x9D, 0x47, 0x45, 0x29, 0xBD, 0x01, 0x32, 0x81, 0x5B, 0x9D,
    0x47, 0x00, 0x83, 0x54, 0xBD, 0x01, 0x00, 0x81, 0x6A, 0xED, 0x00, 0x00, 0x00, 0x9D, 0x3D, 0x42,
    0x0E, 0xED, 0x00, 0x12, 0x03, 0x00, 0x37, 0x00, 0x00, 0x29, 0x00, 0x00, 0x1D, 0x01, 0x00, 0x40,
    0x1E, 0xBD, 0x01, 0x34, 0x81, 0x35, 0x9D, 0x3D, 0x00, 0x07, 0xBD, 0x01, 0x00, 0x01, 0xED, 0x00,
    0x20, 0x00, 0x9D, 0x3D, 0x41, 0x06, 0xED, 0x5C, 0x28, 0x02, 0x50, 0x2B, 0x03, 0x7E, 0x2F, 0x04,
    0x66, 0x35, 0x04, 0x4E, 0x3B, 0x01, 0x08, 0x3D, 0x02, 0x00, 0x40, 0x43, 0x9D, 0x3D, 0x00, 0x01,
    0x3E, 0x39, 0x55, 0x3E, 0x00, 0x08, 0x40, 0x39, 0x3A, 0x40, 0x00, 0x01, 0x3B, 0x3B, 0x25, 0xBD,
    0x01, 0x34, 0x83, 0x39, 0x01, 0x00, 0x01, 0x9D, 0x3B, 0x00, 0x00, 0xFF, 0x2F, 0x00, 0x4D, 0x54,
    0x72, 0x6B, 0x00, 0x00, 0x02, 0x1A, 0x00, 0xFF, 0x21, 0x01, 0x0F, 0x00, 0xFF, 0x03, 0x03, 0x24,
    0x47, 0x53, 0x8B, 0x20, 0xC3, 0x00, 0x88, 0x1F, 0x02, 0x1E, 0x02, 0x3C, 0x02, 0x1E, 0x02, 0x82,
    0x68, 0x02, 0x5A, 0x02, 0x1E, 0x02, 0x81, 0x70, 0x02, 0x81, 0x34, 0x02, 0x3C, 0x02, 0x78, 0x02,
    0x78, 0x02, 0x82, 0x68, 0x02, 0x5A, 0x02, 0x1E, 0x02, 0x82, 0x68, 0x02, 0x5A, 0x02, 0x1E, 0x02,
    0x83, 0x24, 0x02, 0x1E, 0x02, 0x1E, 0x02, 0x78, 0x02, 0x78, 0x02, 0x78, 0x02, 0x4B, 0x02, 0x2D,
    0x02, 0x81, 0x34, 0x02, 0x3C, 0x02, 0x81, 0x34, 0x02, 0x1E, 0x02, 0x0F, 0x02, 0x0F, 0x02, 0x78,
    0x02, 0x78, 0x02, 0x0F, 0x02, 0x2D, 0x02, 0x3C, 0x02, 0x3C, 0x02, 0x3C, 0x02, 0x82, 0x68, 0x02,
    0x3C, 0x02, 0x0F, 0x02, 0x0F, 0x02, 0x1E, 0x02, 0x78, 0x02, 0x78, 0x02, 0x0F, 0x02, 0x0F, 0x02,
    0x1E, 0x02, 0x3C, 0x02, 0x3C, 0x02, 0x3C, 0x02, 0x82, 0x4A, 0x02, 0x1E, 0x02, 0x4B, 0x02, 0x0F,
    0x02, 0x0F, 0x02, 0x0F, 0x02, 0x82, 0x68, 0x02, 0x5A, 0x02, 0x1E, 0x02, 0x82, 0x4A, 0x02, 0x1E,
    0x02, 0x1E, 0x02, 0x3C, 0x02, 0x1E, 0x02, 0x88, 0x38, 0x02, 0x1E, 0x02, 0x3C, 0x02, 0x1E, 0x02,
    0x82, 0x68, 0x02, 0x5A, 0x02, 0x1E, 0x02, 0x81, 0x34, 0x02, 0x1E, 0x02, 0x0F, 0x02, 0x0F, 0x02,
    0x81, 0x70, 0x02, 0x78, 0x02, 0x3C, 0x02, 0x83, 0x24, 0x02, 0x1E, 0x02, 0x1E, 0x02, 0x1E, 0x02,
    0x1E, 0x02, 0x83, 0x24, 0x02, 0x1E, 0x02, 0x1E, 0x02, 0x83, 0x06, 0x02, 0x1E, 0x02, 0x3C, 0x02,
    0x78, 0x02, 0x78, 0x02, 0x78, 0x02, 0x3C, 0x02, 0x3C, 0x02, 0x83, 0x24, 0x02, 0x1E, 0x02, 0x0F,
    0x02, 0x0F, 0x02, 0x78, 0x02, 0x78, 0x02, 0x0F, 0x02, 0x0F, 0x02, 0x1E, 0x02, 0x3C, 0x02, 0x3C,
    0x02, 0x3C, 0x02, 0x82, 0x68, 0x02, 0x3C, 0x02, 0x1E, 0x02, 0x0F, 0x02, 0x0F, 0x02, 0x78, 0x02,
    0x78, 0x02, 0x0B, 0x02, 0x0A, 0x02, 0x27, 0x02, 0x3C, 0x02, 0x3C, 0x02, 0x3C, 0x02, 0x82, 0x68,
    0x02, 0x1E, 0x02, 0x2D, 0x02, 0x0F, 0x02, 0x0F, 0x02, 0x0F, 0x02, 0x82, 0x68, 0x02, 0x5A, 0x02,
    0x1E, 0x02, 0x82, 0x4A, 0x02, 0x1E, 0x02, 0x1E, 0x02, 0x3C, 0x02, 0x1E, 0x02, 0x83, 0x24, 0x02,
    0x3C, 0x02, 0x82, 0x68, 0x02, 0x3C, 0x02, 0x0F, 0x02, 0x2D, 0x02, 0x78, 0x02, 0x81, 0x70, 0x02,
    0x78, 0x02, 0x78, 0x02, 0x81, 0x70, 0x02, 0x3C, 0x02, 0x3C, 0x02, 0x78, 0x02, 0x81, 0x70, 0x02,
    0x3C, 0x02, 0x3C, 0x02, 0x5A, 0x02, 0x82, 0x0E, 0x02, 0x3C, 0x02, 0x0F, 0x02, 0x2D, 0x02, 0x78,
    0x02, 0x81, 0x70, 0x02, 0x3C, 0x02, 0x3C, 0x02, 0x5A, 0x02, 0x82, 0x0E, 0x02, 0x5A, 0x02, 0x1E,
    0x02, 0x82, 0x68, 0x02, 0x5A, 0x02, 0x1E, 0x02, 0x81, 0x34, 0x02, 0x13, 0x03, 0x9C, 0x52, 0x00,
    0x86, 0x2F, 0x02, 0x3C, 0x02, 0x0F, 0x02, 0x0F, 0x02, 0x0F, 0x02, 0x0F, 0x02, 0x78, 0x02, 0x78,
    0x02, 0x0F, 0x02, 0x0F, 0x02, 0x1E, 0x02, 0x3C, 0x02, 0x3C, 0x02, 0x3C, 0x02, 0x82, 0x68, 0x02,
    0x1E, 0x02, 0x1E, 0x02, 0x0F, 0x02, 0x2D, 0x02, 0x78, 0x02, 0x5A, 0x02, 0x1E, 0x02, 0x08, 0x02,
    0x08, 0x02, 0x68, 0x02, 0x3C, 0x02, 0x3C, 0x02, 0x82, 0x68, 0x02, 0x5A, 0x02, 0x1E, 0x02, 0x78,
    0x02, 0x3C, 0x02, 0x81, 0x70, 0x02, 0x1E, 0x02, 0x0F, 0x02, 0x0F, 0x02, 0x78, 0x02, 0x3C, 0x02,
    0x81, 0x34, 0x02, 0x5A, 0x02, 0x1E, 0x02, 0x78, 0x02, 0x3C, 0x02, 0x81, 0x34, 0x02, 0x3C, 0x02,
    0x1E, 0x02, 0x0F, 0x02, 0x0F, 0x02, 0x78, 0x02, 0x78, 0x02, 0x84, 0x76, 0x02, 0x1E, 0x02, 0x0F,
    0x02, 0x0F, 0x02, 0x0F, 0x02, 0x0F, 0x02, 0x82, 0x68, 0x02, 0x5A, 0x02, 0x1E, 0x02, 0x82, 0x68,
    0x02, 0x83, 0x60, 0x02, 0x3C, 0x02, 0x1E, 0x02, 0x1E, 0x02, 0x0F, 0x03, 0x00, 0xFF, 0x2F, 0x00,
    0x4D, 0x54, 0x72, 0x6B, 0x00, 0x00, 0x02, 0x01, 0x00, 0xFF, 0x21, 0x01, 0x0F, 0x00, 0xFF, 0x03,
    0x03, 0x24, 0x42, 0x53, 0x00, 0xBF, 0x21, 0x03, 0x00, 0x9F, 0x09, 0x03, 0x01, 0x09, 0x00, 0x83,
    0x5F, 0x09, 0x01, 0x02, 0x09, 0x00, 0x83, 0x5E, 0x04, 0x01, 0x02, 0x04, 0x00, 0x83, 0x5E, 0x02,
    0x01, 0x02, 0x02, 0x00, 0x83, 0x5E, 0x04, 0x01, 0x02, 0x04, 0x00, 0x83, 0x5E, 0x09, 0x01, 0x02,
    0x09, 0x00, 0x83, 0x5E, 0x04, 0x01, 0x02, 0x04, 0x00, 0x83, 0x5E, 0x02, 0x01, 0x02, 0x02, 0x00,
    0x83, 0x5E, 0x04, 0x01, 0x02, 0x04, 0x00, 0x83, 0x5E, 0x09, 0x01, 0x02, 0x09, 0x00, 0x83, 0x5E,
    0x04, 0x01, 0x02, 0x04, 0x00, 0x83, 0x5E, 0x02, 0x01, 0x02, 0x02, 0x00, 0x83, 0x5E, 0x09, 0x01,
    0x02, 0x09, 0x00, 0x81, 0x6E, 0x04, 0x01, 0x02, 0x04, 0x00, 0x81, 0x6E, 0x0B, 0x02, 0x02, 0x0B,
    0x00, 0x82, 0x66, 0x09, 0x01, 0x02, 0x09, 0x00, 0x76, 0x0B, 0x02, 0x02, 0x0B, 0x00, 0x83, 0x5E,
    0x0B, 0x02, 0x02, 0x0B, 0x00, 0x82, 0x66, 0x09, 0x01, 0x02, 0x09, 0x00, 0x76, 0x0B, 0x02, 0x02,
    0x0B, 0x00, 0x83, 0x5E, 0x09, 0x01, 0x02, 0x09, 0x00, 0x83, 0x5E, 0x04, 0x01, 0x02, 0x04, 0x00,
    0x83, 0x5E, 0x09, 0x01, 0x02, 0x09, 0x00, 0x83, 0x5E, 0x09, 0x01, 0x02, 0x09, 0x00, 0x83, 0x5E,
    0x09, 0x01, 0x02, 0x09, 0x00, 0x83, 0x5E, 0x04, 0x01, 0x02, 0x04, 0x00, 0x83, 0x5E, 0x02, 0x01,
    0x02, 0x02, 0x00, 0x83, 0x5E, 0x04, 0x01, 0x02, 0x04, 0x00, 0x83, 0x5E, 0x09, 0x01, 0x02, 0x09,
    0x00, 0x83, 0x5E, 0x04, 0x01, 0x02, 0x04, 0x00, 0x83, 0x5E, 0x02, 0x01, 0x02, 0x02, 0x00, 0x83,
    0x5E, 0x09, 0x01, 0x02, 0x09, 0x00, 0x81, 0x6E, 0x04, 0x01, 0x02, 0x04, 0x00, 0x81, 0x6E, 0x0B,
    0x02, 0x02, 0x0B, 0x00, 0x82, 0x66, 0x09, 0x01, 0x02, 0x09, 0x00, 0x76, 0x0B, 0x02, 0x02, 0x0B,
    0x00, 0x83, 0x5E, 0x0B, 0x02, 0x02, 0x0B, 0x00, 0x82, 0x66, 0x09, 0x01, 0x02, 0x09, 0x00, 0x76,
    0x0B, 0x02, 0x02, 0x0B, 0x00, 0x83, 0x5E, 0x09, 0x01, 0x02, 0x09, 0x00, 0x83, 0x5E, 0x04, 0x01,
    0x02, 0x04, 0x00, 0x83, 0x5E, 0x09, 0x01, 0x02, 0x09, 0x00, 0x83, 0x5E, 0x09, 0x01, 0x02, 0x09,
    0x00, 0x83, 0x5E, 0x07, 0x01, 0x02, 0x07, 0x00, 0x83, 0x5E, 0x00, 0x01, 0x02, 0x00, 0x00, 0x83,
    0x5E, 0x07, 0x01, 0x02, 0x07, 0x00, 0x83, 0x5E, 0x02, 0x01, 0x02, 0x02, 0x00, 0x83, 0x5E, 0x09,
    0x01, 0x02, 0x09, 0x00, 0x83, 0x5E, 0x04, 0x01, 0x02, 0x04, 0x00, 0x83, 0x5E, 0x0B, 0x01, 0x02,
    0x0B, 0x00, 0x83, 0x5E, 0x04, 0x01, 0x02, 0x04, 0x00, 0x87, 0x3E, 0x02, 0x01, 0x02, 0x02, 0x00,
    0x83, 0x5E, 0x02, 0x01, 0x02, 0x02, 0x00, 0x83, 0x5E, 0x09, 0x01, 0x02, 0x09, 0x00, 0x83, 0x5E,
    0x09, 0x01, 0x02, 0x09, 0x00, 0x83, 0x5E, 0x02, 0x01, 0x02, 0x02, 0x00, 0x83, 0x5E, 0x02, 0x01,
    0x02, 0x02, 0x00, 0x83, 0x5E, 0x09, 0x01, 0x02, 0x09, 0x00, 0x87, 0x3E, 0x0B, 0x02, 0x02, 0x0B,
    0x00, 0x83, 0x5E, 0x04, 0x01, 0x02, 0x04, 0x00, 0x83, 0x5E, 0x0B, 0x02, 0x02, 0x0B, 0x00, 0x83,
    0x5E, 0x04, 0x01, 0x02, 0x04, 0x00, 0x83, 0x5E, 0x09, 0x01, 0x02, 0x09, 0x00, 0x83, 0x5E, 0x04,
    0x01, 0x02, 0x04, 0x00, 0x83, 0x5E, 0x02, 0x01, 0x02, 0x02, 0x00, 0x83, 0x5E, 0x02, 0x02, 0x02,
    0x02, 0x00, 0x87, 0x3E, 0x09, 0x01, 0x02, 0x09, 0x00, 0x83, 0x5E, 0x04, 0x01, 0x02, 0x04, 0x00,
    0x83, 0x5E, 0x02, 0x01, 0x02, 0x02, 0x00, 0x81, 0x6E, 0x0B, 0x02, 0x02, 0x0B, 0x00, 0x81, 0x6E,
    0x09, 0x01, 0x02, 0x09, 0x00, 0x00, 0xFF, 0x2F, 0x00, 0x4D, 0x54, 0x72, 0x6B, 0x00, 0x00, 0x00,
    0x32, 0x00, 0xFF, 0x21, 0x01, 0x0F, 0x00, 0xFF, 0x03, 0x03, 0x24, 0x52, 0x53, 0x00, 0xBF, 0x21,
    0x05, 0x8B, 0x20, 0x9F, 0x21, 0x02, 0x02, 0x21, 0x00, 0x81, 0xA1, 0x1E, 0x2D, 0x02, 0x02, 0x2D,
    0x00, 0x92, 0x5E, 0x23, 0x02, 0x02, 0x23, 0x00, 0xB8, 0x1E, 0x1A, 0x02, 0x02, 0x1A, 0x00, 0x00,
    0xFF, 0x2F, 0x00, 0x4D, 0x54, 0x72, 0x6B, 0x00, 0x00, 0x00, 0x3F, 0x00, 0xFF, 0x21, 0x01, 0x0F,
    0x00, 0xFF, 0x03, 0x03, 0x24, 0x46, 0x53, 0x00, 0xBF, 0x21, 0x06, 0xCC, 0x70, 0x9F, 0x11, 0x02,
    0x02, 0x11, 0x00, 0xBB, 0x7E, 0x1D, 0x02, 0x02, 0x1D, 0x00, 0x8E, 0x7E, 0x11, 0x02, 0x02, 0x11,
    0x00, 0xB0, 0x5E, 0x1D, 0x02, 0x02, 0x1D, 0x00, 0x8E, 0x7E, 0x1D, 0x02, 0x02, 0x1D, 0x00, 0x8B,
    0x1E, 0x11, 0x02, 0x02, 0x11, 0x00, 0x00, 0xFF, 0x2F, 0x00, 0x4D, 0x54, 0x72, 0x6B, 0x00, 0x00,
    0x00, 0x14, 0x00, 0xFF, 0x21, 0x01, 0x0F, 0x00, 0xFF, 0x03, 0x03, 0x24, 0x53, 0x57, 0x00, 0xBF,
    0x21, 0x00, 0x00, 0xFF, 0x2F, 0x00, 0x4D, 0x54, 0x72, 0x6B, 0x00, 0x00, 0x08, 0x7B, 0x00, 0xFF,
    0x03, 0x06, 0x4C, 0x79, 0x72, 0x69, 0x63, 0x73, 0x93, 0x3F, 0xFF, 0x05, 0x05, 0x4C, 0x6F, 0x6F,
    0x6B, 0x20, 0x1E, 0xFF, 0x05, 0x05, 0x69, 0x6E, 0x74, 0x6F, 0x20, 0x3C, 0xFF, 0x05, 0x03, 0x6D,
    0x79, 0x20, 0x1E, 0xFF, 0x05, 0x05, 0x65, 0x79, 0x65, 0x73, 0x20, 0x82, 0x68, 0xFF, 0x05, 0x01,
    0x0A, 0x00, 0xFF, 0x05, 0x04, 0x59, 0x6F, 0x75, 0x20, 0x5A, 0xFF, 0x05, 0x05, 0x77, 0x69, 0x6C,
    0x6C, 0x20, 0x1E, 0xFF, 0x05, 0x04, 0x73, 0x65, 0x65, 0x20, 0x81, 0x70, 0xFF, 0x05, 0x01, 0x0A,
    0x00, 0xFF, 0x05, 0x05, 0x77, 0x68, 0x61, 0x74, 0x20, 0x81, 0x34, 0xFF, 0x05, 0x04, 0x79, 0x6F,
    0x75, 0x20, 0x3C, 0xFF, 0x05, 0x05, 0x6D, 0x65, 0x61, 0x6E, 0x20, 0x78, 0xFF, 0x05, 0x03, 0x74,
    0x6F, 0x20, 0x78, 0xFF, 0x05, 0x03, 0x6D, 0x65, 0x20, 0x82, 0x68, 0xFF, 0x05, 0x01, 0x0A, 0x00,
    0xFF, 0x05, 0x07, 0x53, 0x65, 0x61, 0x72, 0x63, 0x68, 0x20, 0x5A, 0xFF, 0x05, 0x05, 0x79, 0x6F,
    0x75, 0x72, 0x20, 0x1E, 0xFF, 0x05, 0x06, 0x68, 0x65, 0x61, 0x72, 0x74, 0x20, 0x82, 0x68, 0xFF,
    0x05, 0x01, 0x0A, 0x00, 0xFF, 0x05, 0x07, 0x73, 0x65, 0x61, 0x72, 0x63, 0x68, 0x20, 0x5A, 0xFF,
    0x05, 0x05, 0x79, 0x6F, 0x75, 0x72, 0x20, 0x1E, 0xFF, 0x05, 0x05, 0x73, 0x6F, 0x75, 0x6C, 0x20,
    0x83, 0x24, 0xFF, 0x05, 0x01, 0x0A, 0x00, 0xFF, 0x05, 0x05, 0x57, 0x68, 0x65, 0x6E, 0x20, 0x1E,
    0xFF, 0x05, 0x04, 0x79, 0x6F, 0x75, 0x20, 0x1E, 0xFF, 0x05, 0x05, 0x66, 0x69, 0x6E, 0x64, 0x20,
    0x78, 0xFF, 0x05, 0x03, 0x6D, 0x65, 0x20, 0x78, 0xFF, 0x05, 0x01, 0x0A, 0x00, 0xFF, 0x05, 0x06,
    0x74, 0x68, 0x65, 0x72, 0x65, 0x20, 0x78, 0xFF, 0x05, 0x04, 0x59, 0x6F, 0x75, 0x20, 0x4B, 0xFF,
    0x05, 0x05, 0x77, 0x69, 0x6C, 0x6C, 0x20, 0x2D, 0xFF, 0x05, 0x01, 0x0A, 0x00, 0xFF, 0x05, 0x07,
    0x73, 0x65, 0x61, 0x72, 0x63, 0x68, 0x20, 0x81, 0x34, 0xFF, 0x05, 0x03, 0x6E, 0x6F, 0x20, 0x3C,
    0xFF, 0x05, 0x05, 0x6D, 0x6F, 0x72, 0x65, 0x20, 0x81, 0x34, 0xFF, 0x05, 0x01, 0x0A, 0x00, 0xFF,
    0x05, 0x03, 0x44, 0x6F, 0x6E, 0x1E, 0xFF, 0x05, 0x01, 0x27, 0x0F, 0xFF, 0x05, 0x02, 0x74, 0x20,
    0x0F, 0xFF, 0x05, 0x05, 0x74, 0x65, 0x6C, 0x6C, 0x20, 0x78, 0xFF, 0x05, 0x03, 0x6D, 0x65, 0x20,
    0x78, 0xFF, 0x05, 0x01, 0x0A, 0x00, 0xFF, 0x05, 0x02, 0x69, 0x74, 0x0F, 0xFF, 0x05, 0x01, 0x27,
    0x2D, 0xFF, 0x05, 0x02, 0x73, 0x20, 0x3C, 0xFF, 0x05, 0x06, 0x77, 0x6F, 0x72, 0x74, 0x68, 0x20,
    0x3C, 0xFF, 0x05, 0x07, 0x74, 0x72, 0x79, 0x69, 0x6E, 0x67, 0x20, 0x3C, 0xFF, 0x05, 0x04, 0x66,
    0x6F, 0x72, 0x20, 0x82, 0x68, 0xFF, 0x05, 0x01, 0x0A, 0x00, 0xFF, 0x05, 0x04, 0x59, 0x6F, 0x75,
    0x20, 0x3C, 0xFF, 0x05, 0x03, 0x63, 0x61, 0x6E, 0x0F, 0xFF, 0x05, 0x01, 0x27, 0x0F, 0xFF, 0x05,
    0x02, 0x74, 0x20, 0x1E, 0xFF, 0x05, 0x05, 0x74, 0x65, 0x6C, 0x6C, 0x20, 0x78, 0xFF, 0x05, 0x03,
    0x6D, 0x65, 0x20, 0x78, 0xFF, 0x05, 0x01, 0x0A, 0x00, 0xFF, 0x05, 0x02, 0x69, 0x74, 0x0F, 0xFF,
    0x05, 0x01, 0x27, 0x0F, 0xFF, 0x05, 0x02, 0x73, 0x20, 0x1E, 0xFF, 0x05, 0x04, 0x6E, 0x6F, 0x74,
    0x20, 0x3C, 0xFF, 0x05, 0x01, 0x0A, 0x00, 0xFF, 0x05, 0x06, 0x77, 0x6F, 0x72, 0x74, 0x68, 0x20,
    0x3C, 0xFF, 0x05, 0x06, 0x64, 0x79, 0x69, 0x6E, 0x67, 0x20, 0x3C, 0xFF, 0x05, 0x04, 0x66, 0x6F,
    0x72, 0x20, 0x82, 0x4A, 0xFF, 0x05, 0x01, 0x0A, 0x00, 0xFF, 0x05, 0x04, 0x59, 0x6F, 0x75, 0x20,
    0x1E, 0xFF, 0x05, 0x05, 0x6B, 0x6E, 0x6F, 0x77, 0x20, 0x4B, 0xFF, 0x05, 0x02, 0x69, 0x74, 0x0F,
    0xFF, 0x05, 0x01, 0x27, 0x0F, 0xFF, 0x05, 0x02, 0x73, 0x20, 0x0F, 0xFF, 0x05, 0x05, 0x74, 0x72,
    0x75, 0x65, 0x20, 0x82, 0x68, 0xFF, 0x05, 0x01, 0x0A, 0x00, 0xFF, 0x05, 0x0B, 0x45, 0x76, 0x65,
    0x72, 0x79, 0x74, 0x68, 0x69, 0x6E, 0x67, 0x20, 0x5A, 0xFF, 0x05, 0x02, 0x49, 0x20, 0x1E, 0xFF,
    0x05, 0x03, 0x64, 0x6F, 0x20, 0x82, 0x4A, 0xFF, 0x05, 0x01, 0x0A, 0x00, 0xFF, 0x05, 0x02, 0x49,
    0x20, 0x1E, 0xFF, 0x05, 0x03, 0x64, 0x6F, 0x20, 0x1E, 0xFF, 0x05, 0x03, 0x69, 0x74, 0x20, 0x3C,
    0xFF, 0x05, 0x04, 0x66, 0x6F, 0x72, 0x20, 0x1E, 0xFF, 0x05, 0x04, 0x79, 0x6F, 0x75, 0x20, 0x88,
    0x38, 0xFF, 0x05, 0x01, 0x0A, 0x00, 0xFF, 0x05, 0x05, 0x4C, 0x6F, 0x6F, 0x6B, 0x20, 0x1E, 0xFF,
    0x05, 0x05, 0x69, 0x6E, 0x74, 0x6F, 0x20, 0x3C, 0xFF, 0x05, 0x05, 0x79, 0x6F, 0x75, 0x72, 0x20,
    0x1E, 0xFF, 0x05, 0x06, 0x68, 0x65, 0x61, 0x72, 0x74, 0x20, 0x82, 0x68, 0xFF, 0x05, 0x01, 0x0A,
    0x00, 0xFF, 0x05, 0x04, 0x59, 0x6F, 0x75, 0x20, 0x5A, 0xFF, 0x05, 0x05, 0x77, 0x69, 0x6C, 0x6C,
    0x20, 0x1E, 0xFF, 0x05, 0x05, 0x66, 0x69, 0x6E, 0x64, 0x20, 0x81, 0x34, 0xFF, 0x05, 0x01, 0x0A,
    0x00, 0xFF, 0x05, 0x05, 0x74, 0x68, 0x65, 0x72, 0x65, 0x1E, 0xFF, 0x05, 0x01, 0x27, 0x0F, 0xFF,
    0x05, 0x02, 0x73, 0x20, 0x0F, 0xFF, 0x05, 0x08, 0x6E, 0x6F, 0x74, 0x68, 0x69, 0x6E, 0x67, 0x20,
    0x81, 0x70, 0xFF, 0x05, 0x01, 0x0A, 0x00, 0xFF, 0x05, 0x06, 0x74, 0x68, 0x65, 0x72, 0x65, 0x20,
    0x78, 0xFF, 0x05, 0x03, 0x74, 0x6F, 0x20, 0x3C, 0xFF, 0x05, 0x05, 0x68, 0x69, 0x64, 0x65, 0x20,
    0x83, 0x24, 0xFF, 0x05, 0x01, 0x0A, 0x00, 0xFF, 0x05, 0x05, 0x54, 0x61, 0x6B, 0x65, 0x20, 0x1E,
    0xFF, 0x05, 0x03, 0x6D, 0x65, 0x20, 0x1E, 0xFF, 0x05, 0x03, 0x61, 0x73, 0x20, 0x1E, 0xFF, 0x05,
    0x02, 0x49, 0x20, 0x1E, 0xFF, 0x05, 0x03, 0x61, 0x6D, 0x20, 0x83, 0x24, 0xFF, 0x05, 0x01, 0x0A,
    0x00, 0xFF, 0x05, 0x05, 0x54, 0x61, 0x6B, 0x65, 0x20, 0x1E, 0xFF, 0x05, 0x03, 0x6D, 0x79, 0x20,
    0x1E, 0xFF, 0x05, 0x05, 0x6C, 0x69, 0x66, 0x65, 0x20, 0x83, 0x06, 0xFF, 0x05, 0x01, 0x0A, 0x00,
    0xFF, 0x05, 0x02, 0x49, 0x20, 0x1E, 0xFF, 0x05, 0x06, 0x77, 0x6F, 0x75, 0x6C, 0x64, 0x20, 0x3C,
    0xFF, 0x05, 0x05, 0x67, 0x69, 0x76, 0x65, 0x20, 0x78, 0xFF, 0x05, 0x03, 0x69, 0x74, 0x20, 0x78,
    0xFF, 0x05, 0x01, 0x0A, 0x00, 0xFF, 0x05, 0x04, 0x61, 0x6C, 0x6C, 0x20, 0x78, 0xFF, 0x05, 0x02,
    0x49, 0x20, 0x3C, 0xFF, 0x05, 0x06, 0x77, 0x6F, 0x75, 0x6C, 0x64, 0x20, 0x3C, 0xFF, 0x05, 0x0A,
    0x73, 0x61, 0x63, 0x72, 0x69, 0x66, 0x69, 0x63, 0x65, 0x20, 0x83, 0x24, 0xFF, 0x05, 0x01, 0x0A,
    0x00, 0xFF, 0x05, 0x03, 0x44, 0x6F, 0x6E, 0x1E, 0xFF, 0x05, 0x01, 0x27, 0x0F, 0xFF, 0x05, 0x02,
    0x74, 0x20, 0x0F, 0xFF, 0x05, 0x05, 0x74, 0x65, 0x6C, 0x6C, 0x20, 0x78, 0xFF, 0x05, 0x03, 0x6D,
    0x65, 0x20, 0x78, 0xFF, 0x05, 0x01, 0x0A, 0x00, 0xFF, 0x05, 0x02, 0x69, 0x74, 0x0F, 0xFF, 0x05,
    0x01, 0x27, 0x0F, 0xFF, 0x05, 0x02, 0x73, 0x20, 0x1E, 0xFF, 0x05, 0x04, 0x6E, 0x6F, 0x74, 0x20,
    0x3C, 0xFF, 0x05, 0x01, 0x0A, 0x00, 0xFF, 0x05, 0x06, 0x77, 0x6F, 0x72, 0x74, 0x68, 0x20, 0x3C,
    0xFF, 0x05, 0x09, 0x66, 0x69, 0x67, 0x68, 0x74, 0x69, 0x6E, 0x67, 0x20, 0x3C, 0xFF, 0x05, 0x04,
    0x66, 0x6F, 0x72, 0x20, 0x82, 0x68, 0xFF, 0x05, 0x01, 0x0A, 0x00, 0xFF, 0x05, 0x02, 0x49, 0x20,
    0x3C, 0xFF, 0x05, 0x03, 0x63, 0x61, 0x6E, 0x1E, 0xFF, 0x05, 0x01, 0x27, 0x0F, 0xFF, 0x05, 0x02,
    0x74, 0x20, 0x0F, 0xFF, 0x05, 0x05, 0x68, 0x65, 0x6C, 0x70, 0x20, 0x78, 0xFF, 0x05, 0x03, 0x69,
    0x74, 0x20, 0x78, 0xFF, 0x05, 0x01, 0x0A, 0x00, 0xFF, 0x05, 0x05, 0x54, 0x68, 0x65, 0x72, 0x65,
    0x0B, 0xFF, 0x05, 0x01, 0x27, 0x0A, 0xFF, 0x05, 0x02, 0x73, 0x20, 0x27, 0xFF, 0x05, 0x08, 0x6E,
    0x6F, 0x74, 0x68, 0x69, 0x6E, 0x67, 0x20, 0x3C, 0xFF, 0x05, 0x01, 0x0A, 0x00, 0xFF, 0x05, 0x02,
    0x49, 0x20, 0x3C, 0xFF, 0x05, 0x05, 0x77, 0x61, 0x6E, 0x74, 0x20, 0x3C, 0xFF, 0x05, 0x05, 0x6D,
    0x6F, 0x72, 0x65, 0x20, 0x82, 0x68, 0xFF, 0x05, 0x01, 0x0A, 0x00, 0xFF, 0x05, 0x04, 0x59, 0x6F,
    0x75, 0x20, 0x1E, 0xFF, 0x05, 0x05, 0x6B, 0x6E, 0x6F, 0x77, 0x20, 0x2D, 0xFF, 0x05, 0x02, 0x69,
    0x74, 0x0F, 0xFF, 0x05, 0x01, 0x27, 0x0F, 0xFF, 0x05, 0x02, 0x73, 0x20, 0x0F, 0xFF, 0x05, 0x05,
    0x74, 0x72, 0x75, 0x65, 0x20, 0x82, 0x68, 0xFF, 0x05, 0x01, 0x0A, 0x00, 0xFF, 0x05, 0x0B, 0x45,
    0x76, 0x65, 0x72, 0x79, 0x74, 0x68, 0x69, 0x6E, 0x67, 0x20, 0x5A, 0xFF, 0x05, 0x02, 0x49, 0x20,
    0x1E, 0xFF, 0x05, 0x03, 0x64, 0x6F, 0x20, 0x82, 0x4A, 0xFF, 0x05, 0x01, 0x0A, 0x00, 0xFF, 0x05,
    0x02, 0x49, 0x20, 0x1E, 0xFF, 0x05, 0x03, 0x64, 0x6F, 0x20, 0x1E, 0xFF, 0x05, 0x03, 0x69, 0x74,
    0x20, 0x3C, 0xFF, 0x05, 0x04, 0x66, 0x6F, 0x72, 0x20, 0x1E, 0xFF, 0x05, 0x04, 0x79, 0x6F, 0x75,
    0x20, 0x83, 0x24, 0xFF, 0x05, 0x01, 0x0A, 0x00, 0xFF, 0x05, 0x03, 0x6F, 0x68, 0x20, 0x3C, 0xFF,
    0x05, 0x05, 0x79, 0x65, 0x61, 0x68, 0x20, 0x82, 0x68, 0xFF, 0x05, 0x01, 0x0A, 0x00, 0xFF, 0x05,
    0x05, 0x54, 0x68, 0x65, 0x72, 0x65, 0x3C, 0xFF, 0x05, 0x01, 0x27, 0x0F, 0xFF, 0x05, 0x02, 0x73,
    0x20, 0x2D, 0xFF, 0x05, 0x03, 0x6E, 0x6F, 0x20, 0x78, 0xFF, 0x05, 0x05, 0x6C, 0x6F, 0x76, 0x65,
    0x20, 0x81, 0x70, 0xFF, 0x05, 0x01, 0x0A, 0x00, 0xFF, 0x05, 0x05, 0x6C, 0x69, 0x6B, 0x65, 0x20,
    0x78, 0xFF, 0x05, 0x05, 0x79, 0x6F, 0x75, 0x72, 0x20, 0x78, 0xFF, 0x05, 0x05, 0x6C, 0x6F, 0x76,
    0x65, 0x20, 0x81, 0x70, 0xFF, 0x05, 0x01, 0x0A, 0x00, 0xFF, 0x05, 0x04, 0x41, 0x6E, 0x64, 0x20,
    0x3C, 0xFF, 0x05, 0x03, 0x6E, 0x6F, 0x20, 0x3C, 0xFF, 0x05, 0x04, 0x6F, 0x6E, 0x65, 0x20, 0x78,
    0xFF, 0x05, 0x05, 0x6C, 0x6F, 0x76, 0x65, 0x20, 0x81, 0x70, 0xFF, 0x05, 0x01, 0x0A, 0x00, 0xFF,
    0x05, 0x06, 0x63, 0x6F, 0x75, 0x6C, 0x64, 0x20, 0x3C, 0xFF, 0x05, 0x05, 0x67, 0x69, 0x76, 0x65,
    0x20, 0x3C, 0xFF, 0x05, 0x05, 0x6D, 0x6F, 0x72, 0x65, 0x20, 0x5A, 0xFF, 0x05, 0x05, 0x6C, 0x6F,
    0x76, 0x65, 0x20, 0x82, 0x0E, 0xFF, 0x05, 0x01, 0x0A, 0x00, 0xFF, 0x05, 0x05, 0x54, 0x68, 0x65,
    0x72, 0x65, 0x3C, 0xFF, 0x05, 0x01, 0x27, 0x0F, 0xFF, 0x05, 0x02, 0x73, 0x20, 0x2D, 0xFF, 0x05,
    0x03, 0x6E, 0x6F, 0x20, 0x78, 0xFF, 0x05, 0x04, 0x77, 0x61, 0x79, 0x20, 0x81, 0x70, 0xFF, 0x05,
    0x01, 0x0A, 0x00, 0xFF, 0x05, 0x03, 0x6F, 0x6E, 0x20, 0x3C, 0xFF, 0x05, 0x05, 0x74, 0x68, 0x69,
    0x73, 0x20, 0x3C, 0xFF, 0x05, 0x07, 0x6C, 0x6F, 0x76, 0x65, 0x6C, 0x79, 0x20, 0x5A, 0xFF, 0x05,
    0x04, 0x64, 0x61, 0x79, 0x20, 0x82, 0x0E, 0xFF, 0x05, 0x01, 0x0A, 0x00, 0xFF, 0x05, 0x04, 0x41,
    0x6C, 0x6C, 0x20, 0x5A, 0xFF, 0x05, 0x04, 0x74, 0x68, 0x65, 0x20, 0x1E, 0xFF, 0x05, 0x05, 0x74,
    0x69, 0x6D, 0x65, 0x20, 0x82, 0x68, 0xFF, 0x05, 0x01, 0x0A, 0x00, 0xFF, 0x05, 0x04, 0x41, 0x6C,
    0x6C, 0x20, 0x5A, 0xFF, 0x05, 0x04, 0x74, 0x68, 0x65, 0x20, 0x1E, 0xFF, 0x05, 0x04, 0x77, 0x61,
    0x79, 0x20, 0x81, 0x34, 0xFF, 0x05, 0x04, 0x79, 0x65, 0x61, 0x68, 0x13, 0xFF, 0x05, 0x02, 0x2D,
    0x20, 0xA3, 0x01, 0xFF, 0x05, 0x01, 0x0A, 0x00, 0xFF, 0x05, 0x03, 0x4F, 0x68, 0x20, 0x3C, 0xFF,
    0x05, 0x04, 0x59, 0x6F, 0x75, 0x20, 0x0F, 0xFF, 0x05, 0x03, 0x63, 0x61, 0x6E, 0x0F, 0xFF, 0x05,
    0x01, 0x27, 0x0F, 0xFF, 0x05, 0x02, 0x74, 0x20, 0x0F, 0xFF, 0x05, 0x05, 0x74, 0x65, 0x6C, 0x6C,
    0x20, 0x78, 0xFF, 0x05, 0x03, 0x6D, 0x65, 0x20, 0x78, 0xFF, 0x05, 0x01, 0x0A, 0x00, 0xFF, 0x05,
    0x02, 0x69, 0x74, 0x0F, 0xFF, 0x05, 0x01, 0x27, 0x0F, 0xFF, 0x05, 0x02, 0x73, 0x20, 0x1E, 0xFF,
    0x05, 0x04, 0x6E, 0x6F, 0x74, 0x20, 0x3C, 0xFF, 0x05, 0x01, 0x0A, 0x00, 0xFF, 0x05, 0x06, 0x77,
    0x6F, 0x72, 0x74, 0x68, 0x20, 0x3C, 0xFF, 0x05, 0x07, 0x74, 0x72, 0x79, 0x69, 0x6E, 0x67, 0x20,
    0x3C, 0xFF, 0x05, 0x04, 0x66, 0x6F, 0x72, 0x20, 0x82, 0x68, 0xFF, 0x05, 0x01, 0x0A, 0x00, 0xFF,
    0x05, 0x02, 0x49, 0x20, 0x1E, 0xFF, 0x05, 0x03, 0x63, 0x61, 0x6E, 0x1E, 0xFF, 0x05, 0x01, 0x27,
    0x0F, 0xFF, 0x05, 0x02, 0x74, 0x20, 0x2D, 0xFF, 0x05, 0x05, 0x68, 0x65, 0x6C, 0x70, 0x20, 0x78,
    0xFF, 0x05, 0x03, 0x69, 0x74, 0x20, 0x5A, 0xFF, 0x05, 0x01, 0x0A, 0x00, 0xFF, 0x05, 0x05, 0x54,
    0x68, 0x65, 0x72, 0x65, 0x1E, 0xFF, 0x05, 0x01, 0x27, 0x08, 0xFF, 0x05, 0x02, 0x73, 0x20, 0x08,
    0xFF, 0x05, 0x08, 0x6E, 0x6F, 0x74, 0x68, 0x69, 0x6E, 0x67, 0x20, 0x68, 0xFF, 0x05, 0x01, 0x0A,
    0x00, 0xFF, 0x05, 0x02, 0x49, 0x20, 0x3C, 0xFF, 0x05, 0x05, 0x77, 0x61, 0x6E, 0x74, 0x20, 0x3C,
    0xFF, 0x05, 0x05, 0x6D, 0x6F, 0x72, 0x65, 0x20, 0x82, 0x68, 0xFF, 0x05, 0x01, 0x0A, 0x00, 0xFF,
    0x05, 0x02, 0x49, 0x20, 0x5A, 0xFF, 0x05, 0x06, 0x77, 0x6F, 0x75, 0x6C, 0x64, 0x20, 0x1E, 0xFF,
    0x05, 0x06, 0x66, 0x69, 0x67, 0x68, 0x74, 0x20, 0x78, 0xFF, 0x05, 0x04, 0x66, 0x6F, 0x72, 0x20,
    0x3C, 0xFF, 0x05, 0x04, 0x79, 0x6F, 0x75, 0x20, 0x81, 0x70, 0xFF, 0x05, 0x01, 0x0A, 0x00, 0xFF,
    0x05, 0x01, 0x49, 0x1E, 0xFF, 0x05, 0x01, 0x27, 0x0F, 0xFF, 0x05, 0x02, 0x64, 0x20, 0x0F, 0xFF,
    0x05, 0x04, 0x6C, 0x69, 0x65, 0x20, 0x78, 0xFF, 0x05, 0x04, 0x66, 0x6F, 0x72, 0x20, 0x3C, 0xFF,
    0x05, 0x04, 0x79, 0x6F, 0x75, 0x20, 0x81, 0x34, 0xFF, 0x05, 0x01, 0x0A, 0x00, 0xFF, 0x05, 0x05,
    0x57, 0x61, 0x6C, 0x6B, 0x20, 0x5A, 0xFF, 0x05, 0x04, 0x74, 0x68, 0x65, 0x20, 0x1E, 0xFF, 0x05,
    0x05, 0x77, 0x69, 0x72, 0x65, 0x20, 0x78, 0xFF, 0x05, 0x04, 0x66, 0x6F, 0x72, 0x20, 0x3C, 0xFF,
    0x05, 0x04, 0x79, 0x6F, 0x75, 0x20, 0x81, 0x34, 0xFF, 0x05, 0x01, 0x0A, 0x00, 0xFF, 0x05, 0x05,
    0x59, 0x65, 0x61, 0x68, 0x20, 0x3C, 0xFF, 0x05, 0x01, 0x49, 0x1E, 0xFF, 0x05, 0x01, 0x27, 0x0F,
    0xFF, 0x05, 0x02, 0x64, 0x20, 0x0F, 0xFF, 0x05, 0x04, 0x64, 0x69, 0x65, 0x20, 0x78, 0xFF, 0x05,
    0x04, 0x66, 0x6F, 0x72, 0x20, 0x78, 0xFF, 0x05, 0x04, 0x79, 0x6F, 0x75, 0x20, 0x84, 0x76, 0xFF,
    0x05, 0x01, 0x0A, 0x00, 0xFF, 0x05, 0x04, 0x79, 0x6F, 0x75, 0x20, 0x1E, 0xFF, 0x05, 0x05, 0x6B,
    0x6E, 0x6F, 0x77, 0x20, 0x0F, 0xFF, 0x05, 0x01, 0x0A, 0x00, 0xFF, 0x05, 0x02, 0x69, 0x74, 0x0F,
    0xFF, 0x05, 0x01, 0x27, 0x0F, 0xFF, 0x05, 0x02, 0x73, 0x20, 0x0F, 0xFF, 0x05, 0x05, 0x74, 0x72,
    0x75, 0x65, 0x20, 0x82, 0x68, 0xFF, 0x05, 0x01, 0x0A, 0x00, 0xFF, 0x05, 0x0B, 0x45, 0x76, 0x65,
    0x72, 0x79, 0x74, 0x68, 0x69, 0x6E, 0x67, 0x20, 0x5A, 0xFF, 0x05, 0x02, 0x49, 0x20, 0x1E, 0xFF,
    0x05, 0x03, 0x64, 0x6F, 0x20, 0x82, 0x68, 0xFF, 0x05, 0x01, 0x0A, 0x00, 0xFF, 0x05, 0x02, 0x49,
    0x20, 0x83, 0x60, 0xFF, 0x05, 0x03, 0x64, 0x6F, 0x20, 0x3C, 0xFF, 0x05, 0x03, 0x69, 0x74, 0x20,
    0x1E, 0xFF, 0x05, 0x04, 0x66, 0x6F, 0x72, 0x20, 0x1E, 0xFF, 0x05, 0x03, 0x79, 0x6F, 0x75, 0x0F,
    0xFF, 0x05, 0x02, 0x2D, 0x20, 0x00, 0xFF, 0x2F, 0x00,
};
static const uint32_t EMBEDDED_MIDI_SONG_1_len = 25401;

/* 036527 - John Lennon - #9 Dream */
static const uint8_t EMBEDDED_MIDI_SONG_2[] = {
    0x4D, 0x54, 0x68, 0x64, 0x00, 0x00, 0x00, 0x06, 0x00, 0x01, 0x00, 0x13, 0x00, 0x78, 0x4D, 0x54,
    0x72, 0x6B, 0x00, 0x00, 0x01, 0x40, 0x00, 0xFF, 0x21, 0x01, 0x00, 0x00, 0xF0, 0x0A, 0x41, 0x10,
    0x42, 0x12, 0x40, 0x00, 0x7F, 0x00, 0x41, 0xF7, 0x00, 0xFF, 0x21, 0x01, 0x00, 0x00, 0xF0, 0x0A,
    0x41, 0x10, 0x42, 0x12, 0x40, 0x1A, 0x15, 0x02, 0x0F, 0xF7, 0x00, 0xFF, 0x21, 0x01, 0x00, 0x00,
    0xF0, 0x0A, 0x41, 0x10, 0x42, 0x12, 0x40, 0x01, 0x30, 0x03, 0x0C, 0xF7, 0x00, 0xFF, 0x21, 0x01,
    0x00, 0x00, 0xF0, 0x0A, 0x41, 0x10, 0x42, 0x12, 0x40, 0x01, 0x31, 0x04, 0x0A, 0xF7, 0x00, 0xFF,
    0x21, 0x01, 0x00, 0x00, 0xF0, 0x0A, 0x41, 0x10, 0x42, 0x12, 0x40, 0x01, 0x32, 0x04, 0x09, 0xF7,
    0x00, 0xFF, 0x21, 0x01, 0x00, 0x00, 0xF0, 0x0A, 0x41, 0x10, 0x42, 0x12, 0x40, 0x01, 0x33, 0x73,
    0x19, 0xF7, 0x00, 0xFF, 0x21, 0x01, 0x00, 0x00, 0xF0, 0x0A, 0x41, 0x10, 0x42, 0x12, 0x40, 0x01,
    0x34, 0x48, 0x43, 0xF7, 0x00, 0xFF, 0x21, 0x01, 0x00, 0x00, 0xF0, 0x0A, 0x41, 0x10, 0x42, 0x12,
    0x40, 0x01, 0x3A, 0x4B, 0x3A, 0xF7, 0x00, 0xFF, 0x21, 0x01, 0x00, 0x00, 0xF0, 0x0A, 0x41, 0x10,
    0x42, 0x12, 0x40, 0x01, 0x3F, 0x19, 0x67, 0xF7, 0x00, 0xFF, 0x21, 0x01, 0x00, 0x00, 0xF0, 0x19,
    0x41, 0x10, 0x42, 0x12, 0x40, 0x01, 0x10, 0x02, 0x03, 0x02, 0x01, 0x02, 0x02, 0x03, 0x02, 0x02,
    0x01, 0x02, 0x02, 0x00, 0x00, 0x00, 0x00, 0x17, 0xF7, 0x00, 0xFF, 0x21, 0x01, 0x00, 0x00, 0xFF,
    0x58, 0x04, 0x04, 0x02, 0x18, 0x08, 0x00, 0xFF, 0x59, 0x02, 0x00, 0x00, 0x00, 0xFF, 0x51, 0x03,
    0x08, 0x07, 0xEC, 0x00, 0xFF, 0x06, 0x16, 0x23, 0x39, 0x20, 0x44, 0x52, 0x45, 0x41, 0x4D, 0x20,
    0x28, 0x4A, 0x6F, 0x68, 0x6E, 0x20, 0x4C, 0x65, 0x6E, 0x6E, 0x6F, 0x6E, 0x29, 0x81, 0xD5, 0x60,
    0xFF, 0x51, 0x03, 0x0B, 0x71, 0xB0, 0x87, 0x40, 0xFF, 0x58, 0x04, 0x02, 0x02, 0x18, 0x08, 0x81,
    0x70, 0xFF, 0x58, 0x04, 0x04, 0x02, 0x18, 0x08, 0x85, 0x50, 0xFF, 0x51, 0x03, 0x08, 0x07, 0xEC,
    0x81, 0xAE, 0x30, 0xFF, 0x51, 0x03, 0x0B, 0x71, 0xB0, 0x8F, 0x00, 0xFF, 0x58, 0x04, 0x02, 0x02,
    0x18, 0x08, 0x00, 0xFF, 0x51, 0x03, 0x08, 0x07, 0xEC, 0x81, 0x70, 0xFF, 0x58, 0x04, 0x04, 0x02,
    0x18, 0x08, 0x00, 0xFF, 0x2F, 0x00, 0x4D, 0x54, 0x72, 0x6B, 0x00, 0x00, 0x00, 0x68, 0x00, 0xFF,
    0x21, 0x01, 0x0C, 0x00, 0xFF, 0x03, 0x0E, 0x45, 0x66, 0x66, 0x65, 0x63, 0x74, 0x20, 0x43, 0x6F,
    0x6E, 0x74, 0x72, 0x6F, 0x6C, 0x02, 0xB3, 0x29, 0x00, 0x02, 0x2A, 0x04, 0x02, 0x2B, 0x01, 0x02,
    0x2C, 0x54, 0x02, 0x2D, 0x50, 0x02, 0x2E, 0x00, 0x02, 0x2F, 0x00, 0x02, 0xE3, 0x00, 0x40, 0x02,
    0xB3, 0x63, 0x38, 0x02, 0x62, 0x29, 0x02, 0x06, 0x7F, 0x02, 0x63, 0x38, 0x02, 0x62, 0x31, 0x02,
    0x06, 0x7F, 0x02, 0x63, 0x38, 0x02, 0x62, 0x28, 0x02, 0x06, 0x7F, 0x02, 0x63, 0x38, 0x02, 0x62,
    0x30, 0x02, 0x06, 0x7F, 0x02, 0xE3, 0x00, 0x40, 0x02, 0xB3, 0x63, 0x37, 0x02, 0x62, 0x56, 0x02,
    0x06, 0x00, 0x00, 0xFF, 0x2F, 0x00, 0x4D, 0x54, 0x72, 0x6B, 0x00, 0x00, 0x00, 0xAA, 0x00, 0xFF,
    0x21, 0x01, 0x0D, 0x00, 0xFF, 0x03, 0x0C, 0x50, 0x6F, 0x72, 0x74, 0x20, 0x43, 0x6F, 0x6E, 0x74,
    0x72, 0x6F, 0x6C, 0x02, 0xB3, 0x63, 0x38, 0x02, 0x62, 0x00, 0x02, 0x06, 0x01, 0x02, 0x63, 0x38,
    0x02, 0x62, 0x01, 0x02, 0x06, 0x01, 0x02, 0x63, 0x38, 0x02, 0x62, 0x02, 0x02, 0x06, 0x01, 0x02,
    0x63, 0x38, 0x02, 0x62, 0x03, 0x02, 0x06, 0x01, 0x02, 0x63, 0x38, 0x02, 0x62, 0x04, 0x02, 0x06,
    0x01, 0x02, 0x63, 0x38, 0x02, 0x62, 0x05, 0x02, 0x06, 0x01, 0x02, 0x63, 0x38, 0x02, 0x62, 0x06,
    0x02, 0x06, 0x01, 0x02, 0x63, 0x38, 0x02, 0x62, 0x07, 0x02, 0x06, 0x01, 0x02, 0x63, 0x38, 0x02,
    0x62, 0x08, 0x02, 0x06, 0x01, 0x02, 0x63, 0x38, 0x02, 0x62, 0x09, 0x02, 0x06, 0x01, 0x02, 0x63,
    0x38, 0x02, 0x62, 0x0A, 0x02, 0x06, 0x01, 0x02, 0x63, 0x38, 0x02, 0x62, 0x0B, 0x02, 0x06, 0x01,
    0x02, 0x63, 0x38, 0x02, 0x62, 0x0C, 0x02, 0x06, 0x01, 0x02, 0x63, 0x38, 0x02, 0x62, 0x0D, 0x02,
    0x06, 0x01, 0x02, 0x63, 0x38, 0x02, 0x62, 0x0E, 0x02, 0x06, 0x01, 0x02, 0x63, 0x38, 0x02, 0x62,
    0x0F, 0x02, 0x06, 0x01, 0x00, 0xFF, 0x2F, 0x00, 0x4D, 0x54, 0x72, 0x6B, 0x00, 0x00, 0x02, 0xB5,
    0x00, 0xFF, 0x21, 0x01, 0x0F, 0x00, 0xFF, 0x03, 0x06, 0x4C, 0x79, 0x72, 0x69, 0x63, 0x73, 0xA1,
    0x60, 0xC3, 0x00, 0x87, 0x40, 0x02, 0x83, 0x60, 0x02, 0x81, 0x70, 0x02, 0x78, 0x02, 0x3C, 0x02,
    0x86, 0x0C, 0x02, 0x3C, 0x02, 0x78, 0x02, 0x1E, 0x02, 0x1E, 0x02, 0x89, 0x30, 0x02, 0x3C, 0x02,
    0x78, 0x02, 0x3C, 0x02, 0x3C, 0x02, 0x85, 0x14, 0x02, 0x3C, 0x02, 0x78, 0x02, 0x84, 0x1C, 0x02,
    0x82, 0x2C, 0x02, 0x78, 0x02, 0x3C, 0x02, 0x85, 0x50, 0x02, 0x5A, 0x02, 0x5A, 0x02, 0x1E, 0x02,
    0x1E, 0x02, 0x88, 0x74, 0x02, 0x3C, 0x02, 0x78, 0x02, 0x78, 0x02, 0x78, 0x02, 0x3C, 0x02, 0x8B,
    0x20, 0x02, 0x1E, 0x02, 0x1E, 0x02, 0x5A, 0x02, 0x5A, 0x02, 0x3C, 0x02, 0x88, 0x74, 0x02, 0x1E,
    0x02, 0x1E, 0x02, 0x5A, 0x02, 0x5A, 0x02, 0x3C, 0x02, 0x88, 0x74, 0x02, 0x3C, 0x02, 0x5A, 0x02,
    0x5A, 0x02, 0x3C, 0x02, 0x87, 0x40, 0x02, 0x87, 0x40, 0x02, 0x3C, 0x02, 0x87, 0x04, 0x02, 0x3C,
    0x02, 0x87, 0x40, 0x02, 0x3C, 0x02, 0x3C, 0x02, 0x3C, 0x02, 0x5A, 0x02, 0x5A, 0x02, 0x3C, 0x02,
    0x84, 0x58, 0x02, 0x3C, 0x02, 0x3C, 0x02, 0x5A, 0x02, 0x5A, 0x02, 0x78, 0x02, 0x83, 0x60, 0x02,
    0x5A, 0x02, 0x1E, 0x02, 0x3C, 0x02, 0x5A, 0x02, 0x5A, 0x02, 0x78, 0x02, 0x84, 0x1F, 0x02, 0x81,
    0x31, 0x02, 0x39, 0x02, 0x42, 0x02, 0x7A, 0x02, 0x79, 0x02, 0x70, 0x02, 0x3E, 0x02, 0x3E, 0x02,
    0x81, 0x35, 0x02, 0x81, 0x31, 0x02, 0x39, 0x02, 0x42, 0x02, 0x7A, 0x02, 0x79, 0x02, 0x70, 0x02,
    0x3E, 0x02, 0x3E, 0x02, 0x81, 0x35, 0x02, 0x81, 0x31, 0x02, 0x39, 0x02, 0x42, 0x02, 0x7A, 0x02,
    0x79, 0x02, 0x70, 0x02, 0x3E, 0x02, 0x3E, 0x03, 0x89, 0x6A, 0x00, 0x87, 0x40, 0x02, 0x83, 0x60,
    0x02, 0x82, 0x2C, 0x02, 0x78, 0x02, 0x3C, 0x02, 0x85, 0x50, 0x02, 0x3C, 0x02, 0x3C, 0x02, 0x3C,
    0x02, 0x3C, 0x02, 0x88, 0x74, 0x02, 0x3C, 0x02, 0x3C, 0x02, 0x3C, 0x02, 0x3C, 0x02, 0x78, 0x02,
    0x85, 0x50, 0x02, 0x78, 0x02, 0x3C, 0x02, 0x83, 0x60, 0x02, 0x81, 0x70, 0x02, 0x5A, 0x02, 0x5A,
    0x02, 0x3C, 0x02, 0x85, 0x50, 0x02, 0x3C, 0x02, 0x3C, 0x02, 0x3C, 0x02, 0x78, 0x02, 0x88, 0x74,
    0x02, 0x78, 0x02, 0x78, 0x02, 0x3C, 0x02, 0x78, 0x02, 0x8B, 0x20, 0x02, 0x1E, 0x02, 0x1E, 0x02,
    0x5A, 0x02, 0x5A, 0x02, 0x3C, 0x02, 0x88, 0x74, 0x02, 0x1E, 0x02, 0x1E, 0x02, 0x5A, 0x02, 0x5A,
    0x02, 0x3C, 0x02, 0x81, 0x34, 0x02, 0x87, 0x40, 0x02, 0x3C, 0x02, 0x5A, 0x02, 0x5A, 0x02, 0x3C,
    0x02, 0x87, 0x40, 0x02, 0x87, 0x40, 0x02, 0x3C, 0x02, 0x87, 0x04, 0x02, 0x3C, 0x02, 0x87, 0x7C,
    0x02, 0x3C, 0x02, 0x3C, 0x02, 0x5A, 0x02, 0x5A, 0x02, 0x78, 0x02, 0x84, 0x1C, 0x02, 0x3C, 0x02,
    0x3C, 0x02, 0x5A, 0x02, 0x5A, 0x02, 0x3C, 0x02, 0x84, 0x1C, 0x02, 0x3C, 0x02, 0x3C, 0x02, 0x3C,
    0x02, 0x5A, 0x02, 0x5A, 0x02, 0x3C, 0x02, 0x81, 0x34, 0x02, 0x83, 0x27, 0x02, 0x81, 0x31, 0x02,
    0x39, 0x02, 0x42, 0x02, 0x7A, 0x02, 0x79, 0x02, 0x70, 0x02, 0x3E, 0x02, 0x3E, 0x02, 0x81, 0x35,
    0x02, 0x81, 0x31, 0x02, 0x39, 0x02, 0x42, 0x02, 0x7A, 0x02, 0x79, 0x02, 0x70, 0x02, 0x3E, 0x02,
    0x3E, 0x02, 0x81, 0x35, 0x02, 0x81, 0x31, 0x02, 0x39, 0x02, 0x42, 0x02, 0x7A, 0x02, 0x79, 0x02,
    0x70, 0x02, 0x3E, 0x02, 0x3E, 0x03, 0x8C, 0x55, 0x00, 0x85, 0x50, 0x02, 0x81, 0x31, 0x02, 0x39,
    0x02, 0x42, 0x02, 0x7A, 0x02, 0x79, 0x02, 0x70, 0x02, 0x3E, 0x02, 0x3E, 0x02, 0x81, 0x35, 0x02,
    0x81, 0x31, 0x02, 0x39, 0x02, 0x42, 0x02, 0x7A, 0x02, 0x79, 0x02, 0x70, 0x02, 0x3E, 0x02, 0x3E,
    0x02, 0x81, 0x35, 0x02, 0x81, 0x31, 0x02, 0x39, 0x02, 0x42, 0x02, 0x7A, 0x02, 0x79, 0x02, 0x70,
    0x02, 0x3E, 0x02, 0x3E, 0x02, 0x81, 0x35, 0x02, 0x81, 0x31, 0x02, 0x39, 0x02, 0x42, 0x02, 0x7A,
    0x02, 0x79, 0x02, 0x70, 0x02, 0x3E, 0x02, 0x3E, 0x02, 0x81, 0x35, 0x02, 0x81, 0x31, 0x02, 0x39,
    0x02, 0x42, 0x02, 0x7A, 0x02, 0x79, 0x02, 0x70, 0x02, 0x3E, 0x02, 0x3E, 0x02, 0x81, 0x35, 0x02,
    0x81, 0x31, 0x02, 0x39, 0x02, 0x42, 0x02, 0x7A, 0x02, 0x79, 0x02, 0x70, 0x02, 0x3E, 0x02, 0x3E,
    0x02, 0x81, 0x35, 0x02, 0x81, 0x31, 0x02, 0x39, 0x02, 0x42, 0x02, 0x7A, 0x02, 0x79, 0x02, 0x70,
    0x02, 0x3E, 0x02, 0x3E, 0x02, 0x81, 0x35, 0x02, 0x81, 0x31, 0x02, 0x39, 0x02, 0x42, 0x02, 0x7A,
    0x02, 0x79, 0x02, 0x70, 0x02, 0x3E, 0x02, 0x3E, 0x02, 0x81, 0x35, 0x02, 0x81, 0x31, 0x02, 0x39,
    0x02, 0x42, 0x02, 0x7A, 0x02, 0x79, 0x02, 0x70, 0x02, 0x3E, 0x02, 0x3E, 0x02, 0x81, 0x35, 0x02,
    0x81, 0x31, 0x02, 0x39, 0x02, 0x42, 0x02, 0x7A, 0x02, 0x79, 0x02, 0x70, 0x02, 0x3E, 0x02, 0x3E,
    0x03, 0x01, 0xFF, 0x2F, 0x00, 0x4D, 0x54, 0x72, 0x6B, 0x00, 0x00, 0x0E, 0xB9, 0x00, 0xFF, 0x21,
    0x01, 0x00, 0x00, 0xFF, 0x03, 0x08, 0x33, 0x33, 0x2F, 0x4F, 0x72, 0x6C, 0x61, 0x6E, 0x00, 0xB1,
    0x07, 0x6E, 0x00, 0x0A, 0x40, 0x02, 0x79, 0x00, 0x02, 0x00, 0x00, 0x02, 0x20, 0x00, 0x02, 0x0B,
    0x6E, 0x02, 0xC1, 0x21, 0x02, 0xB1, 0x5B, 0x00, 0x02, 0x5D, 0x00, 0x02, 0xE1, 0x00, 0x40, 0x02,
    0xB1, 0x65, 0x00, 0x02, 0x64, 0x00, 0x02, 0x06, 0x0C, 0x02, 0xE1, 0x00, 0x40, 0x02, 0xB1, 0x63,
    0x01, 0x02, 0x62, 0x20, 0x02, 0x06, 0x40, 0x02, 0x62, 0x21, 0x02, 0x06, 0x40, 0x02, 0x62, 0x63,
    0x02, 0x06, 0x40, 0x02, 0x62, 0x64, 0x02, 0x06, 0x40, 0x02, 0x62, 0x66, 0x02, 0x06, 0x40, 0x87,
    0x12, 0x91, 0x24, 0x64, 0x83, 0x5F, 0x24, 0x00, 0x01, 0x28, 0x64, 0x83, 0x5E, 0x28, 0x00, 0x02,
    0x29, 0x64, 0x83, 0x57, 0x29, 0x00, 0x09, 0x28, 0x64, 0x83, 0x5F, 0x28, 0x00, 0x01, 0x29, 0x64,
    0x83, 0x57, 0x29, 0x00, 0x09, 0x26, 0x64, 0x83, 0x57, 0x26, 0x00, 0x09, 0x29, 0x64, 0x83, 0x5F,
    0x29, 0x00, 0x01, 0x2B, 0x64, 0x83, 0x5F, 0x2B, 0x00, 0x01, 0x2B, 0x64, 0x81, 0x25, 0x2B, 0x00,
    0x0F, 0x1F, 0x64, 0x38, 0x1F, 0x00, 0x04, 0x21, 0x64, 0x6B, 0x21, 0x00, 0x0D, 0x23, 0x64, 0x78,
    0x24, 0x64, 0x01, 0x23, 0x00, 0x81, 0x1D, 0x24, 0x00, 0x16, 0x24, 0x64, 0x28, 0x24, 0x00, 0x14,
    0x24, 0x64, 0x81, 0x68, 0x24, 0x00, 0x08, 0x1C, 0x64, 0x81, 0x2A, 0x1C, 0x00, 0x0A, 0x1C, 0x64,
    0x23, 0x1C, 0x00, 0x19, 0x1C, 0x64, 0x62, 0x1C, 0x00, 0x16, 0x1C, 0x64, 0x74, 0x1C, 0x00, 0x04,
    0x1D, 0x64, 0x7D, 0x1D, 0x00, 0x37, 0x1D, 0x64, 0x28, 0x1D, 0x00, 0x14, 0x1D, 0x64, 0x81, 0x68,
    0x1D, 0x00, 0x08, 0x1C, 0x64, 0x81, 0x01, 0x1C, 0x00, 0x33, 0x1C, 0x64, 0x23, 0x1C, 0x00, 0x19,
    0x1C, 0x64, 0x6A, 0x1C, 0x00, 0x0E, 0x1C, 0x64, 0x74, 0x1C, 0x00, 0x04, 0x1D, 0x64, 0x81, 0x03,
    0x1D, 0x00, 0x31, 0x1D, 0x64, 0x23, 0x1D, 0x00, 0x19, 0x1D, 0x64, 0x62, 0x1D, 0x00, 0x16, 0x1D,
    0x64, 0x43, 0xE1, 0x2C, 0x40, 0x05, 0x2F, 0x41, 0x04, 0x33, 0x42, 0x04, 0x38, 0x43, 0x01, 0x3B,
    0x44, 0x04, 0x3F, 0x45, 0x04, 0x6F, 0x46, 0x04, 0x4B, 0x48, 0x0D, 0x54, 0x49, 0x06, 0x54, 0x4A,
    0x04, 0x91, 0x1D, 0x00, 0x00, 0xE1, 0x00, 0x40, 0x04, 0x91, 0x26, 0x64, 0x81, 0x01, 0x26, 0x00,
    0x33, 0x26, 0x64, 0x23, 0x26, 0x00, 0x19, 0x26, 0x64, 0x6A, 0x26, 0x00, 0x0E, 0x26, 0x64, 0x74,
    0x26, 0x00, 0x04, 0x29, 0x64, 0x81, 0x01, 0x29, 0x00, 0x33, 0x29, 0x64, 0x23, 0x29, 0x00, 0x19,
    0x29, 0x64, 0x6A, 0x29, 0x00, 0x0E, 0x26, 0x64, 0x74, 0x26, 0x00, 0x04, 0x2B, 0x64, 0x81, 0x01,
    0x2B, 0x00, 0x33, 0x2B, 0x64, 0x23, 0x2B, 0x00, 0x19, 0x2B, 0x64, 0x81, 0x01, 0x2B, 0x00, 0x33,
    0x26, 0x64, 0x23, 0x26, 0x00, 0x19, 0x1F, 0x64, 0x81, 0x01, 0x1F, 0x00, 0x33, 0x1F, 0x64, 0x23,
    0x1F, 0x00, 0x19, 0x21, 0x64, 0x6A, 0x21, 0x00, 0x0E, 0x23, 0x64, 0x74, 0x23, 0x00, 0x04, 0x24,
    0x64, 0x81, 0x1E, 0x24, 0x00, 0x16, 0x24, 0x64, 0x28, 0x24, 0x00, 0x14, 0x24, 0x64, 0x81, 0x68,
    0x24, 0x00, 0x08, 0x1C, 0x64, 0x81, 0x2A, 0x1C, 0x00, 0x0A, 0x1C, 0x64, 0x23, 0x1C, 0x00, 0x19,
    0x1C, 0x64, 0x62, 0x1C, 0x00, 0x16, 0x1C, 0x64, 0x74, 0x1C, 0x00, 0x04, 0x1D, 0x64, 0x7D, 0x1D,
    0x00, 0x37, 0x1D, 0x64, 0x28, 0x1D, 0x00, 0x14, 0x1D, 0x64, 0x81, 0x68, 0x1D, 0x00, 0x08, 0x1C,
    0x64, 0x81, 0x01, 0x1C, 0x00, 0x33, 0x1C, 0x64, 0x23, 0x1C, 0x00, 0x19, 0x1C, 0x64, 0x6A, 0x1C,
    0x00, 0x0E, 0x1C, 0x64, 0x74, 0x1C, 0x00, 0x04, 0x1D, 0x64, 0x81, 0x03, 0x1D, 0x00, 0x31, 0x1D,
    0x64, 0x23, 0x1D, 0x00, 0x19, 0x1D, 0x64, 0x62, 0x1D, 0x00, 0x16, 0x1D, 0x64, 0x43, 0xE1, 0x2C,
    0x40, 0x05, 0x2F, 0x41, 0x04, 0x33, 0x42, 0x04, 0x38, 0x43, 0x01, 0x3B, 0x44, 0x04, 0x3F, 0x45,
    0x04, 0x6F, 0x46, 0x04, 0x4B, 0x48, 0x0D, 0x54, 0x49, 0x06, 0x54, 0x4A, 0x04, 0x91, 0x1D, 0x00,
    0x00, 0xE1, 0x00, 0x40, 0x04, 0x91, 0x26, 0x64, 0x81, 0x01, 0x26, 0x00, 0x33, 0x26, 0x64, 0x23,
    0x26, 0x00, 0x19, 0x26, 0x64, 0x6A, 0x26, 0x00, 0x0E, 0x26, 0x64, 0x74, 0x26, 0x00, 0x04, 0x29,
    0x64, 0x81, 0x01, 0x29, 0x00, 0x33, 0x29, 0x64, 0x23, 0x29, 0x00, 0x19, 0x29, 0x64, 0x6A, 0x29,
    0x00, 0x0E, 0x26, 0x64, 0x74, 0x26, 0x00, 0x04, 0x2B, 0x64, 0x81, 0x01, 0x2B, 0x00, 0x33, 0x2B,
    0x64, 0x23, 0x2B, 0x00, 0x19, 0x2B, 0x64, 0x81, 0x01, 0x2B, 0x00, 0x33, 0x26, 0x64, 0x23, 0x26,
    0x00, 0x19, 0x1F, 0x64, 0x81, 0x01, 0x1F, 0x00, 0x33, 0x1F, 0x64, 0x23, 0x1F, 0x00, 0x19, 0x1F,
    0x64, 0x6A, 0x1F, 0x00, 0x0E, 0x26, 0x64, 0x74, 0x26, 0x00, 0x04, 0x1F, 0x64, 0x81, 0x01, 0x1F,
    0x00, 0x33, 0x1F, 0x64, 0x23, 0x1F, 0x00, 0x19, 0x1F, 0x64, 0x81, 0x01, 0x1F, 0x00, 0x33, 0x1F,
    0x64, 0x23, 0x1F, 0x00, 0x19, 0x1F, 0x64, 0x81, 0x01, 0x1F, 0x00, 0x33, 0x1F, 0x64, 0x23, 0x1F,
    0x00, 0x19, 0x26, 0x64, 0x6A, 0x26, 0x00, 0x0E, 0x26, 0x64, 0x74, 0x26, 0x00, 0x04, 0x1F, 0x64,
    0x81, 0x01, 0x1F, 0x00, 0x33, 0x1F, 0x64, 0x23, 0x1F, 0x00, 0x19, 0x1F, 0x64, 0x81, 0x01, 0x1F,
    0x00, 0x33, 0x1F, 0x64, 0x23, 0x1F, 0x00, 0x19, 0x1F, 0x64, 0x81, 0x01, 0x1F, 0x00, 0x33, 0x1F,
    0x64, 0x23, 0x1F, 0x00, 0x19, 0x26, 0x64, 0x6A, 0x26, 0x00, 0x0E, 0x26, 0x64, 0x74, 0x26, 0x00,
    0x04, 0x1F, 0x64, 0x00, 0x1F, 0x64, 0x7F, 0x1F, 0x00, 0x04, 0x1F, 0x00, 0x31, 0x1F, 0x64, 0x23,
    0x1F, 0x00, 0x19, 0x1F, 0x64, 0x81, 0x01, 0x1F, 0x00, 0x33, 0x1F, 0x64, 0x23, 0x1F, 0x00, 0x19,
    0x1F, 0x64, 0x81, 0x01, 0x1F, 0x00, 0x33, 0x1F, 0x64, 0x23, 0x1F, 0x00, 0x19, 0x26, 0x64, 0x6A,
    0x26, 0x00, 0x0E, 0x26, 0x64, 0x74, 0x26, 0x00, 0x04, 0x1F, 0x64, 0x81, 0x01, 0x1F, 0x00, 0x33,
    0x1F, 0x64, 0x23, 0x1F, 0x00, 0x19, 0x1F, 0x64, 0x81, 0x01, 0x1F, 0x00, 0x33, 0x1F, 0x64, 0x23,
    0x1F, 0x00, 0x19, 0x1F, 0x64, 0x81, 0x01, 0x1F, 0x00, 0x33, 0x1F, 0x64, 0x23, 0x1F, 0x00, 0x19,
    0x1F, 0x64, 0x6A, 0x1F, 0x00, 0x0E, 0x1F, 0x64, 0x75, 0x1F, 0x00, 0x03, 0x1C, 0x64, 0x75, 0x1C,
    0x00, 0x3F, 0x1C, 0x64, 0x2C, 0x1C, 0x00, 0x10, 0x1C, 0x64, 0x70, 0x1C, 0x00, 0x08, 0x23, 0x64,
    0x70, 0x23, 0x00, 0x08, 0x21, 0x64, 0x81, 0x01, 0x21, 0x00, 0x33, 0x21, 0x64, 0x23, 0x21, 0x00,
    0x19, 0x21, 0x64, 0x6A, 0x21, 0x00, 0x0E, 0x21, 0x64, 0x6A, 0x21, 0x00, 0x0E, 0x1C, 0x64, 0x81,
    0x01, 0x1C, 0x00, 0x33, 0x1C, 0x64, 0x30, 0x1C, 0x00, 0x0C, 0x1C, 0x64, 0x70, 0x1C, 0x00, 0x08,
    0x23, 0x64, 0x70, 0x23, 0x00, 0x08, 0x21, 0x64, 0x81, 0x01, 0x21, 0x00, 0x33, 0x21, 0x64, 0x23,
    0x21, 0x00, 0x19, 0x21, 0x64, 0x6A, 0x21, 0x00, 0x0E, 0x21, 0x64, 0x74, 0x21, 0x00, 0x04, 0x28,
    0x64, 0x81, 0x01, 0x28, 0x00, 0x33, 0x28, 0x64, 0x2C, 0x28, 0x00, 0x10, 0x28, 0x64, 0x70, 0x28,
    0x00, 0x08, 0x23, 0x64, 0x70, 0x23, 0x00, 0x08, 0x21, 0x64, 0x81, 0x01, 0x21, 0x00, 0x33, 0x21,
    0x64, 0x23, 0x21, 0x00, 0x19, 0x21, 0x64, 0x6A, 0x21, 0x00, 0x0E, 0x21, 0x64, 0x6A, 0x21, 0x00,
    0x0E, 0x28, 0x64, 0x81, 0x01, 0x28, 0x00, 0x33, 0x28, 0x64, 0x30, 0x28, 0x00, 0x0C, 0x28, 0x64,
    0x70, 0x28, 0x00, 0x08, 0x23, 0x64, 0x70, 0x23, 0x00, 0x08, 0x2D, 0x64, 0x81, 0x01, 0x2D, 0x00,
    0x33, 0x2D, 0x64, 0x23, 0x2D, 0x00, 0x19, 0x2D, 0x64, 0x36, 0x2D, 0x00, 0x06, 0x2A, 0x64, 0x36,
    0x2A, 0x00, 0x06, 0x28, 0x64, 0x74, 0x28, 0x00, 0x04, 0x1C, 0x64, 0x81, 0x01, 0x1C, 0x00, 0x33,
    0x1C, 0x64, 0x2C, 0x1C, 0x00, 0x10, 0x1F, 0x64, 0x70, 0x1F, 0x00, 0x08, 0x1F, 0x64, 0x70, 0x1F,
    0x00, 0x08, 0x21, 0x64, 0x81, 0x01, 0x21, 0x00, 0x33, 0x21, 0x64, 0x23, 0x21, 0x00, 0x19, 0x21,
    0x64, 0x6A, 0x21, 0x00, 0x0E, 0x1F, 0x64, 0x6A, 0x1F, 0x00, 0x0E, 0x1C, 0x64, 0x81, 0x01, 0x1C,
    0x00, 0x33, 0x1C, 0x64, 0x30, 0x1C, 0x00, 0x0C, 0x1C, 0x64, 0x70, 0x1C, 0x00, 0x08, 0x1F, 0x64,
    0x70, 0x1F, 0x00, 0x08, 0x21, 0x64, 0x81, 0x01, 0x21, 0x00, 0x33, 0x21, 0x64, 0x23, 0x21, 0x00,
    0x19, 0x21, 0x64, 0x36, 0x21, 0x00, 0x06, 0x1F, 0x64, 0x36, 0x1F, 0x00, 0x06, 0x1F, 0x64, 0x74,
    0x1F, 0x00, 0x04, 0x1C, 0x64, 0x81, 0x01, 0x1C, 0x00, 0x33, 0x1C, 0x64, 0x2C, 0x1C, 0x00, 0x10,
    0x1F, 0x64, 0x70, 0x1F, 0x00, 0x08, 0x1F, 0x64, 0x70, 0x1F, 0x00, 0x08, 0x21, 0x64, 0x81, 0x01,
    0x21, 0x00, 0x33, 0x21, 0x64, 0x23, 0x21, 0x00, 0x19, 0x21, 0x64, 0x7F, 0x21, 0x00, 0x35, 0x21,
    0x64, 0x33, 0x21, 0x00, 0x09, 0x1F, 0x64, 0x81, 0x01, 0x1F, 0x00, 0x33, 0x1F, 0x64, 0x30, 0x1F,
    0x00, 0x0C, 0x1F, 0x64, 0x70, 0x1F, 0x00, 0x08, 0x1F, 0x64, 0x70, 0x1F, 0x00, 0x08, 0x24, 0x64,
    0x81, 0x01, 0x24, 0x00, 0x33, 0x24, 0x64, 0x23, 0x24, 0x00, 0x19, 0x24, 0x64, 0x61, 0x24, 0x00,
    0x17, 0x22, 0x64, 0x74, 0x22, 0x00, 0x04, 0x1F, 0x64, 0x81, 0x01, 0x1F, 0x00, 0x33, 0x1F, 0x64,
    0x30, 0x1F, 0x00, 0x0C, 0x1F, 0x64, 0x70, 0x1F, 0x00, 0x08, 0x22, 0x64, 0x70, 0x22, 0x00, 0x08,
    0x24, 0x64, 0x81, 0x01, 0x24, 0x00, 0x33, 0x22, 0x64, 0x4F, 0x22, 0x00, 0x29, 0x24, 0x64, 0x30,
    0x24, 0x00, 0x0C, 0x22, 0x64, 0x74, 0x22, 0x00, 0x04, 0x1F, 0x64, 0x81, 0x01, 0x1F, 0x00, 0x33,
    0x1F, 0x64, 0x30, 0x1F, 0x00, 0x0C, 0x1F, 0x64, 0x3C, 0x1F, 0x64, 0x01, 0x1F, 0x00, 0x2E, 0x1F,
    0x00, 0x0D, 0x22, 0x64, 0x70, 0x22, 0x00, 0x08, 0x24, 0x64, 0x81, 0x01, 0x24, 0x00, 0x33, 0x24,
    0x64, 0x37, 0x24, 0x00, 0x05, 0x24, 0x64, 0x6E, 0x24, 0x00, 0x0A, 0x24, 0x64, 0x74, 0x24, 0x00,
    0x04, 0x2A, 0x64, 0x81, 0x62, 0x2A, 0x00, 0x0E, 0x28, 0x64, 0x81, 0x65, 0x28, 0x00, 0x0B, 0x26,
    0x64, 0x81, 0x70, 0x24, 0x64, 0x01, 0x26, 0x00, 0x81, 0x69, 0x24, 0x00, 0x06, 0x23, 0x64, 0x81,
    0x6A, 0x23, 0x00, 0x06, 0x21, 0x64, 0x81, 0x70, 0x1F, 0x64, 0x01, 0x21, 0x00, 0x81, 0x6F, 0x1D,
    0x64, 0x01, 0x1F, 0x00, 0x83, 0x3E, 0x1D, 0x00, 0x21, 0x24, 0x64, 0x81, 0x1E, 0x24, 0x00, 0x16,
    0x24, 0x64, 0x28, 0x24, 0x00, 0x14, 0x24, 0x64, 0x81, 0x68, 0x24, 0x00, 0x08, 0x1C, 0x64, 0x81,
    0x2A, 0x1C, 0x00, 0x0A, 0x1C, 0x64, 0x23, 0x1C, 0x00, 0x19, 0x1C, 0x64, 0x62, 0x1C, 0x00, 0x16,
    0x1C, 0x64, 0x74, 0x1C, 0x00, 0x04, 0x1D, 0x64, 0x7D, 0x1D, 0x00, 0x37, 0x1D, 0x64, 0x28, 0x1D,
    0x00, 0x14, 0x1D, 0x64, 0x81, 0x68, 0x1D, 0x00, 0x08, 0x1C, 0x64, 0x81, 0x01, 0x1C, 0x00, 0x33,
    0x1C, 0x64, 0x23, 0x1C, 0x00, 0x19, 0x1C, 0x64, 0x6A, 0x1C, 0x00, 0x0E, 0x1C, 0x64, 0x74, 0x1C,
    0x00, 0x04, 0x1D, 0x64, 0x81, 0x03, 0x1D, 0x00, 0x31, 0x1D, 0x64, 0x23, 0x1D, 0x00, 0x19, 0x1D,
    0x64, 0x62, 0x1D, 0x00, 0x16, 0x1D, 0x64, 0x43, 0xE1, 0x2C, 0x40, 0x05, 0x2F, 0x41, 0x04, 0x33,
    0x42, 0x04, 0x38, 0x43, 0x01, 0x3B, 0x44, 0x04, 0x3F, 0x45, 0x04, 0x6F, 0x46, 0x04, 0x4B, 0x48,
    0x0D, 0x54, 0x49, 0x06, 0x54, 0x4A, 0x04, 0x91, 0x1D, 0x00, 0x00, 0xE1, 0x00, 0x40, 0x04, 0x91,
    0x26, 0x64, 0x81, 0x01, 0x26, 0x00, 0x33, 0x26, 0x64, 0x23, 0x26, 0x00, 0x19, 0x26, 0x64, 0x6A,
    0x26, 0x00, 0x0E, 0x26, 0x64, 0x74, 0x26, 0x00, 0x04, 0x29, 0x64, 0x81, 0x01, 0x29, 0x00, 0x33,
    0x29, 0x64, 0x23, 0x29, 0x00, 0x19, 0x29, 0x64, 0x6A, 0x29, 0x00, 0x0E, 0x26, 0x64, 0x74, 0x26,
    0x00, 0x04, 0x2B, 0x64, 0x81, 0x01, 0x2B, 0x00, 0x33, 0x2B, 0x64, 0x23, 0x2B, 0x00, 0x19, 0x2B,
    0x64, 0x81, 0x01, 0x2B, 0x00, 0x33, 0x26, 0x64, 0x23, 0x26, 0x00, 0x19, 0x1F, 0x64, 0x81, 0x01,
    0x1F, 0x00, 0x33, 0x1F, 0x64, 0x23, 0x1F, 0x00, 0x19, 0x21, 0x64, 0x6A, 0x21, 0x00, 0x0E, 0x23,
    0x64, 0x74, 0x23, 0x00, 0x04, 0x24, 0x64, 0x81, 0x1E, 0x24, 0x00, 0x16, 0x24, 0x64, 0x28, 0x24,
    0x00, 0x14, 0x24, 0x64, 0x81, 0x68, 0x24, 0x00, 0x08, 0x1C, 0x64, 0x81, 0x2A, 0x1C, 0x00, 0x0A,
    0x1C, 0x64, 0x23, 0x1C, 0x00, 0x19, 0x1C, 0x64, 0x62, 0x1C, 0x00, 0x16, 0x1C, 0x64, 0x74, 0x1C,
    0x00, 0x04, 0x1D, 0x64, 0x7D, 0x1D, 0x00, 0x37, 0x1D, 0x64, 0x28, 0x1D, 0x00, 0x14, 0x1D, 0x64,
    0x81, 0x68, 0x1D, 0x00, 0x08, 0x1C, 0x64, 0x81, 0x01, 0x1C, 0x00, 0x33, 0x1C, 0x64, 0x23, 0x1C,
    0x00, 0x19, 0x1C, 0x64, 0x6A, 0x1C, 0x00, 0x0E, 0x1C, 0x64, 0x74, 0x1C, 0x00, 0x04, 0x1D, 0x64,
    0x81, 0x03, 0x1D, 0x00, 0x31, 0x1D, 0x64, 0x23, 0x1D, 0x00, 0x19, 0x1D, 0x64, 0x62, 0x1D, 0x00,
    0x16, 0x1D, 0x64, 0x43, 0xE1, 0x2C, 0x40, 0x05, 0x2F, 0x41, 0x04, 0x33, 0x42, 0x04, 0x38, 0x43,
    0x01, 0x3B, 0x44, 0x04, 0x3F, 0x45, 0x04, 0x6F, 0x46, 0x04, 0x4B, 0x48, 0x0D, 0x54, 0x49, 0x06,
    0x54, 0x4A, 0x04, 0x91, 0x1D, 0x00, 0x00, 0xE1, 0x00, 0x40, 0x04, 0x91, 0x26, 0x64, 0x81, 0x01,
    0x26, 0x00, 0x33, 0x26, 0x64, 0x23, 0x26, 0x00, 0x19, 0x26, 0x64, 0x6A, 0x26, 0x00, 0x0E, 0x26,
    0x64, 0x74, 0x26, 0x00, 0x04, 0x29, 0x64, 0x81, 0x01, 0x29, 0x00, 0x33, 0x29, 0x64, 0x23, 0x29,
    0x00, 0x19, 0x29, 0x64, 0x6A, 0x29, 0x00, 0x0E, 0x26, 0x64, 0x74, 0x26, 0x00, 0x04, 0x2B, 0x64,
    0x81, 0x01, 0x2B, 0x00, 0x33, 0x2B, 0x64, 0x23, 0x2B, 0x00, 0x19, 0x2B, 0x64, 0x81, 0x01, 0x2B,
    0x00, 0x33, 0x26, 0x64, 0x23, 0x26, 0x00, 0x19, 0x1F, 0x64, 0x81, 0x01, 0x1F, 0x00, 0x33, 0x1F,
    0x64, 0x23, 0x1F, 0x00, 0x19, 0x1F, 0x64, 0x6A, 0x1F, 0x00, 0x0E, 0x26, 0x64, 0x74, 0x26, 0x00,
    0x04, 0x1F, 0x64, 0x00, 0x1F, 0x64, 0x7F, 0x1F, 0x00, 0x04, 0x1F, 0x00, 0x31, 0x1F, 0x64, 0x23,
    0x1F, 0x00, 0x19, 0x1F, 0x64, 0x81, 0x01, 0x1F, 0x00, 0x33, 0x1F, 0x64, 0x23, 0x1F, 0x00, 0x19,
    0x1F, 0x64, 0x81, 0x01, 0x1F, 0x00, 0x33, 0x1F, 0x64, 0x23, 0x1F, 0x00, 0x19, 0x26, 0x64, 0x6A,
    0x26, 0x00, 0x0E, 0x26, 0x64, 0x74, 0x26, 0x00, 0x04, 0x1F, 0x64, 0x81, 0x01, 0x1F, 0x00, 0x33,
    0x1F, 0x64, 0x23, 0x1F, 0x00, 0x19, 0x1F, 0x64, 0x81, 0x01, 0x1F, 0x00, 0x33, 0x1F, 0x64, 0x23,
    0x1F, 0x00, 0x19, 0x1F, 0x64, 0x81, 0x01, 0x1F, 0x00, 0x33, 0x1F, 0x64, 0x23, 0x1F, 0x00, 0x19,
    0x26, 0x64, 0x6A, 0x26, 0x00, 0x0E, 0x26, 0x64, 0x74, 0x26, 0x00, 0x04, 0x1F, 0x64, 0x7F, 0x1F,
    0x00, 0x35, 0x1F, 0x64, 0x23, 0x1F, 0x00, 0x19, 0x1F, 0x64, 0x81, 0x01, 0x1F, 0x00, 0x33, 0x1F,
    0x64, 0x23, 0x1F, 0x00, 0x19, 0x1F, 0x64, 0x81, 0x01, 0x1F, 0x00, 0x33, 0x1F, 0x64, 0x23, 0x1F,
    0x00, 0x19, 0x26, 0x64, 0x6A, 0x26, 0x00, 0x0E, 0x26, 0x64, 0x74, 0x26, 0x00, 0x04, 0x1F, 0x64,
    0x81, 0x01, 0x1F, 0x00, 0x33, 0x1F, 0x64, 0x23, 0x1F, 0x00, 0x19, 0x1F, 0x64, 0x81, 0x01, 0x1F,
    0x00, 0x33, 0x1F, 0x64, 0x23, 0x1F, 0x00, 0x19, 0x1F, 0x64, 0x81, 0x01, 0x1F, 0x00, 0x33, 0x1F,
    0x64, 0x23, 0x1F, 0x00, 0x19, 0x1F, 0x64, 0x6A, 0x1F, 0x00, 0x0E, 0x1F, 0x64, 0x75, 0x1F, 0x00,
    0x03, 0x1C, 0x64, 0x81, 0x01, 0x1C, 0x00, 0x33, 0x1C, 0x64, 0x2C, 0x1C, 0x00, 0x10, 0x1C, 0x64,
    0x70, 0x1C, 0x00, 0x08, 0x23, 0x64, 0x70, 0x23, 0x00, 0x08, 0x21, 0x64, 0x81, 0x01, 0x21, 0x00,
    0x33, 0x21, 0x64, 0x23, 0x21, 0x00, 0x19, 0x21, 0x64, 0x6A, 0x21, 0x00, 0x0E, 0x21, 0x64, 0x6A,
    0x21, 0x00, 0x0E, 0x1C, 0x64, 0x81, 0x01, 0x1C, 0x00, 0x33, 0x1C, 0x64, 0x30, 0x1C, 0x00, 0x0C,
    0x1C, 0x64, 0x70, 0x1C, 0x00, 0x08, 0x23, 0x64, 0x70, 0x23, 0x00, 0x08, 0x21, 0x64, 0x81, 0x01,
    0x21, 0x00, 0x33, 0x21, 0x64, 0x23, 0x21, 0x00, 0x19, 0x21, 0x64, 0x6A, 0x21, 0x00, 0x0E, 0x21,
    0x64, 0x74, 0x21, 0x00, 0x04, 0x28, 0x64, 0x81, 0x01, 0x28, 0x00, 0x33, 0x28, 0x64, 0x2C, 0x28,
    0x00, 0x10, 0x28, 0x64, 0x70, 0x28, 0x00, 0x08, 0x23, 0x64, 0x70, 0x23, 0x00, 0x08, 0x21, 0x64,
    0x81, 0x01, 0x21, 0x00, 0x33, 0x21, 0x64, 0x23, 0x21, 0x00, 0x19, 0x21, 0x64, 0x6A, 0x21, 0x00,
    0x0E, 0x21, 0x64, 0x6A, 0x21, 0x00, 0x0E, 0x28, 0x64, 0x81, 0x01, 0x28, 0x00, 0x33, 0x28, 0x64,
    0x30, 0x28, 0x00, 0x0C, 0x28, 0x64, 0x70, 0x28, 0x00, 0x08, 0x2F, 0x64, 0x70, 0x2F, 0x00, 0x08,
    0x2D, 0x64, 0x81, 0x01, 0x2D, 0x00, 0x33, 0x2D, 0x64, 0x23, 0x2D, 0x00, 0x18, 0xE1, 0x1C, 0x3E,
    0x01, 0x91, 0x2F, 0x64, 0x01, 0xE1, 0x36, 0x3E, 0x01, 0x4F, 0x3E, 0x01, 0x68, 0x3E, 0x01, 0x02,
    0x3F, 0x01, 0x1B, 0x3F, 0x01, 0x34, 0x3F, 0x01, 0x4D, 0x3F, 0x01, 0x66, 0x3F, 0x01, 0x00, 0x40,
    0x2D, 0x91, 0x2F, 0x00, 0x06, 0x2D, 0x64, 0x36, 0x2D, 0x00, 0x06, 0x2A, 0x64, 0x39, 0x2A, 0x00,
    0x03, 0x28, 0x64, 0x36, 0x28, 0x00, 0x06, 0x1C, 0x64, 0x81, 0x01, 0x1C, 0x00, 0x33, 0x1C, 0x64,
    0x2C, 0x1C, 0x00, 0x10, 0x1F, 0x64, 0x70, 0x1F, 0x00, 0x08, 0x1F, 0x64, 0x70, 0x1F, 0x00, 0x08,
    0x21, 0x64, 0x81, 0x01, 0x21, 0x00, 0x33, 0x21, 0x64, 0x23, 0x21, 0x00, 0x19, 0x21, 0x64, 0x6A,
    0x21, 0x00, 0x0E, 0x1F, 0x64, 0x6A, 0x1F, 0x00, 0x0E, 0x1C, 0x64, 0x81, 0x01, 0x1C, 0x00, 0x33,
    0x1C, 0x64, 0x30, 0x1C, 0x00, 0x0C, 0x1C, 0x64, 0x70, 0x1C, 0x00, 0x08, 0x1F, 0x64, 0x70, 0x1F,
    0x00, 0x08, 0x21, 0x64, 0x81, 0x01, 0x21, 0x00, 0x33, 0x21, 0x64, 0x23, 0x21, 0x00, 0x19, 0x21,
    0x64, 0x36, 0x21, 0x00, 0x06, 0x1F, 0x64, 0x36, 0x1F, 0x00, 0x06, 0x1F, 0x64, 0x74, 0x1F, 0x00,
    0x04, 0x1C, 0x64, 0x81, 0x01, 0x1C, 0x00, 0x33, 0x1C, 0x64, 0x2C, 0x1C, 0x00, 0x10, 0x1F, 0x64,
    0x70, 0x1F, 0x00, 0x08, 0x1F, 0x64, 0x70, 0x1F, 0x00, 0x08, 0x21, 0x64, 0x81, 0x01, 0x21, 0x00,
    0x33, 0x21, 0x64, 0x23, 0x21, 0x00, 0x19, 0x21, 0x64, 0x7F, 0x21, 0x00, 0x35, 0x21, 0x64, 0x33,
    0x21, 0x00, 0x09, 0x1F, 0x64, 0x81, 0x01, 0x1F, 0x00, 0x33, 0x1F, 0x64, 0x30, 0x1F, 0x00, 0x0C,
    0x1F, 0x64, 0x70, 0x1F, 0x00, 0x08, 0x1F, 0x64, 0x70, 0x1F, 0x00, 0x08, 0x24, 0x64, 0x81, 0x01,
    0x24, 0x00, 0x33, 0x24, 0x64, 0x23, 0x24, 0x00, 0x19, 0x24, 0x64, 0x61, 0x24, 0x00, 0x17, 0x22,
    0x64, 0x74, 0x22, 0x00, 0x04, 0x1F, 0x64, 0x81, 0x01, 0x1F, 0x00, 0x33, 0x1F, 0x64, 0x30, 0x1F,
    0x00, 0x0C, 0x1F, 0x64, 0x70, 0x1F, 0x00, 0x08, 0x22, 0x64, 0x70, 0x22, 0x00, 0x08, 0x24, 0x64,
    0x81, 0x01, 0x24, 0x00, 0x33, 0x22, 0x64, 0x4F, 0x22, 0x00, 0x29, 0x24, 0x64, 0x30, 0x24, 0x00,
    0x0C, 0x22, 0x64, 0x74, 0x22, 0x00, 0x04, 0x1F, 0x64, 0x81, 0x01, 0x1F, 0x00, 0x33, 0x1F, 0x64,
    0x30, 0x1F, 0x00, 0x0C, 0x1F, 0x64, 0x3A, 0x1F, 0x00, 0x02, 0x1F, 0x64, 0x3A, 0x1F, 0x00, 0x02,
    0x22, 0x64, 0x70, 0x22, 0x00, 0x08, 0x24, 0x64, 0x81, 0x01, 0x24, 0x00, 0x33, 0x24, 0x64, 0x37,
    0x24, 0x00, 0x05, 0x24, 0x64, 0x6E, 0x24, 0x00, 0x0A, 0x24, 0x64, 0x74, 0x24, 0x00, 0x04, 0x2A,
    0x64, 0x81, 0x62, 0x2A, 0x00, 0x0E, 0x28, 0x64, 0x81, 0x65, 0x28, 0x00, 0x0B, 0x26, 0x64, 0x81,
    0x70, 0x24, 0x64, 0x01, 0x26, 0x00, 0x81, 0x69, 0x24, 0x00, 0x06, 0x23, 0x64, 0x81, 0x6A, 0x23,
    0x00, 0x06, 0x21, 0x64, 0x81, 0x70, 0x1F, 0x64, 0x01, 0x21, 0x00, 0x81, 0x6F, 0x1D, 0x64, 0x01,
    0x1F, 0x00, 0x83, 0x3E, 0x1D, 0x00, 0x21, 0x1F, 0x64, 0x81, 0x01, 0x1F, 0x00, 0x33, 0x1F, 0x64,
    0x30, 0x1F, 0x00, 0x0C, 0x1F, 0x64, 0x70, 0x1F, 0x00, 0x08, 0x1F, 0x64, 0x70, 0x1F, 0x00, 0x08,
    0x24, 0x64, 0x81, 0x01, 0x24, 0x00, 0x33, 0x24, 0x64, 0x23, 0x24, 0x00, 0x19, 0x24, 0x64, 0x61,
    0x24, 0x00, 0x17, 0x22, 0x64, 0x74, 0x22, 0x00, 0x04, 0x1F, 0x64, 0x81, 0x01, 0x1F, 0x00, 0x33,
    0x1F, 0x64, 0x30, 0x1F, 0x00, 0x0C, 0x1F, 0x64, 0x70, 0x1F, 0x00, 0x08, 0x22, 0x64, 0x70, 0x22,
    0x00, 0x08, 0x24, 0x64, 0x81, 0x01, 0x24, 0x00, 0x33, 0x22, 0x64, 0x4F, 0x22, 0x00, 0x29, 0x24,
    0x64, 0x30, 0x24, 0x00, 0x0C, 0x22, 0x64, 0x74, 0x22, 0x00, 0x04, 0x1F, 0x64, 0x81, 0x01, 0x1F,
    0x00, 0x33, 0x1F, 0x64, 0x30, 0x1F, 0x00, 0x0C, 0x1F, 0x64, 0x3B, 0x1F, 0x00, 0x01, 0x1F, 0x64,
    0x3B, 0x1F, 0x00, 0x01, 0x22, 0x64, 0x70, 0x22, 0x00, 0x08, 0x24, 0x64, 0x81, 0x01, 0x24, 0x00,
    0x33, 0x24, 0x64, 0x37, 0x24, 0x00, 0x05, 0x24, 0x64, 0x6E, 0x24, 0x00, 0x0A, 0x24, 0x64, 0x74,
    0x24, 0x00, 0x04, 0x1F, 0x64, 0x81, 0x01, 0x1F, 0x00, 0x33, 0x1F, 0x64, 0x30, 0x1F, 0x00, 0x0C,
    0x1F, 0x64, 0x70, 0x1F, 0x00, 0x08, 0x1F, 0x64, 0x70, 0x1F, 0x00, 0x08, 0x24, 0x64, 0x81, 0x01,
    0x24, 0x00, 0x33, 0x24, 0x64, 0x23, 0x24, 0x00, 0x19, 0x24, 0x64, 0x61, 0x24, 0x00, 0x17, 0x22,
    0x64, 0x74, 0x22, 0x00, 0x04, 0x1F, 0x64, 0x81, 0x01, 0x1F, 0x00, 0x33, 0x1F, 0x64, 0x30, 0x1F,
    0x00, 0x0C, 0x1F, 0x64, 0x70, 0x1F, 0x00, 0x08, 0x22, 0x64, 0x70, 0x22, 0x00, 0x08, 0x24, 0x64,
    0x81, 0x01, 0x24, 0x00, 0x33, 0x22, 0x64, 0x4F, 0x22, 0x00, 0x29, 0x24, 0x64, 0x30, 0x24, 0x00,
    0x0C, 0x22, 0x64, 0x74, 0x22, 0x00, 0x04, 0xB1, 0x0B, 0x6E, 0x00, 0x91, 0x1F, 0x64, 0x2B, 0xB1,
    0x0B, 0x6D, 0x2C, 0x0B, 0x6C, 0x2A, 0x91, 0x1F, 0x00, 0x01, 0xB1, 0x0B, 0x6B, 0x2C, 0x0B, 0x6A,
    0x06, 0x91, 0x1F, 0x64, 0x26, 0xB1, 0x0B, 0x69, 0x0A, 0x91, 0x1F, 0x00, 0x0C, 0x1F, 0x64, 0x15,
    0xB1, 0x0B, 0x68, 0x26, 0x91, 0x1F, 0x00, 0x01, 0x1F, 0x64, 0x05, 0xB1, 0x0B, 0x67, 0x2B, 0x0B,
    0x66, 0x0B, 0x91, 0x1F, 0x00, 0x01, 0x22, 0x64, 0x20, 0xB1, 0x0B, 0x65, 0x2C, 0x0B, 0x64, 0x24,
    0x91, 0x22, 0x00, 0x07, 0xB1, 0x0B, 0x63, 0x01, 0x91, 0x24, 0x64, 0x2B, 0xB1, 0x0B, 0x62, 0x2C,
    0x0B, 0x61, 0x2A, 0x91, 0x24, 0x00, 0x01, 0xB1, 0x0B, 0x60, 0x2C, 0x0B, 0x5F, 0x06, 0x91, 0x24,
    0x64, 0x25, 0xB1, 0x0B, 0x5E, 0x12, 0x91, 0x24, 0x00, 0x05, 0x24, 0x64, 0x15, 0xB1, 0x0B, 0x5D,
    0x2C, 0x0B, 0x5C, 0x2B, 0x0B, 0x5B, 0x02, 0x91, 0x24, 0x00, 0x0A, 0x24, 0x64, 0x20, 0xB1, 0x0B,
    0x5A, 0x2B, 0x0B, 0x59, 0x29, 0x91, 0x24, 0x00, 0x03, 0xB1, 0x0B, 0x58, 0x01, 0x91, 0x1F, 0x64,
    0x2B, 0xB1, 0x0B, 0x57, 0x2B, 0x0B, 0x56, 0x2B, 0x91, 0x1F, 0x00, 0x01, 0xB1, 0x0B, 0x55, 0x2C,
    0x0B, 0x54, 0x06, 0x91, 0x1F, 0x64, 0x25, 0xB1, 0x0B, 0x53, 0x0B, 0x91, 0x1F, 0x00, 0x0C, 0x1F,
    0x64, 0x15, 0xB1, 0x0B, 0x52, 0x2B, 0x0B, 0x51, 0x2C, 0x0B, 0x50, 0x04, 0x91, 0x1F, 0x00, 0x08,
    0x1F, 0x64, 0x20, 0xB1, 0x0B, 0x4F, 0x2B, 0x0B, 0x4E, 0x25, 0x91, 0x1F, 0x00, 0x07, 0xB1, 0x0B,
    0x4D, 0x01, 0x91, 0x24, 0x64, 0x2B, 0xB1, 0x0B, 0x4C, 0x2B, 0x0B, 0x4B, 0x2B, 0x91, 0x24, 0x00,
    0x01, 0xB1, 0x0B, 0x4A, 0x2B, 0x0B, 0x49, 0x07, 0x91, 0x24, 0x64, 0x23, 0x24, 0x00, 0x02, 0xB1,
    0x0B, 0x48, 0x17, 0x91, 0x24, 0x64, 0x15, 0xB1, 0x0B, 0x47, 0x2B, 0x0B, 0x46, 0x21, 0x91, 0x24,
    0x00, 0x0B, 0xB1, 0x0B, 0x45, 0x0C, 0x91, 0x22, 0x64, 0x1F, 0xB1, 0x0B, 0x44, 0x2C, 0x0B, 0x43,
    0x29, 0x91, 0x22, 0x00, 0x03, 0xB1, 0x0B, 0x42, 0x01, 0x91, 0x1F, 0x64, 0x2A, 0xB1, 0x0B, 0x41,
    0x2C, 0x0B, 0x40, 0x2B, 0x91, 0x1F, 0x00, 0x01, 0xB1, 0x0B, 0x3F, 0x2B, 0x0B, 0x3E, 0x07, 0x91,
    0x1F, 0x64, 0x25, 0xB1, 0x0B, 0x3D, 0x0B, 0x91, 0x1F, 0x00, 0x0C, 0x1F, 0x64, 0x14, 0xB1, 0x0B,
    0x3C, 0x2C, 0x0B, 0x3B, 0x2C, 0x0B, 0x3A, 0x04, 0x91, 0x1F, 0x00, 0x08, 0x22, 0x64, 0x1F, 0xB1,
    0x0B, 0x39, 0x2C, 0x0B, 0x38, 0x25, 0x91, 0x22, 0x00, 0x07, 0xB1, 0x0B, 0x37, 0x01, 0x91, 0x24,
    0x64, 0x2A, 0xB1, 0x0B, 0x36, 0x2C, 0x0B, 0x35, 0x2B, 0x91, 0x24, 0x00, 0x00, 0xB1, 0x0B, 0x34,
    0x2C, 0x0B, 0x33, 0x07, 0x91, 0x22, 0x64, 0x25, 0xB1, 0x0B, 0x32, 0x2A, 0x91, 0x22, 0x00, 0x01,
    0xB1, 0x0B, 0x31, 0x28, 0x91, 0x24, 0x64, 0x04, 0xB1, 0x0B, 0x30, 0x2B, 0x0B, 0x2F, 0x01, 0x91,
    0x24, 0x00, 0x0C, 0x22, 0x64, 0x1F, 0xB1, 0x0B, 0x2E, 0x2C, 0x0B, 0x2D, 0x29, 0x91, 0x22, 0x00,
    0x02, 0xB1, 0x0B, 0x2C, 0x02, 0x91, 0x1F, 0x64, 0x2A, 0xB1, 0x0B, 0x2B, 0x2C, 0x0B, 0x2A, 0x2B,
    0x91, 0x1F, 0x00, 0x00, 0xB1, 0x0B, 0x29, 0x2C, 0x0B, 0x28, 0x07, 0x91, 0x1F, 0x64, 0x24, 0xB1,
    0x0B, 0x27, 0x0C, 0x91, 0x1F, 0x00, 0x0C, 0x1F, 0x64, 0x14, 0xB1, 0x0B, 0x26, 0x27, 0x91, 0x1F,
    0x00, 0x01, 0x1F, 0x64, 0x04, 0xB1, 0x0B, 0x25, 0x2B, 0x0B, 0x24, 0x0C, 0x91, 0x1F, 0x00, 0x01,
    0x22, 0x64, 0x1F, 0xB1, 0x0B, 0x23, 0x2B, 0x0B, 0x22, 0x26, 0x91, 0x22, 0x00, 0x06, 0xB1, 0x0B,
    0x21, 0x02, 0x91, 0x24, 0x64, 0x2A, 0xB1, 0x0B, 0x20, 0x2B, 0x0B, 0x1F, 0x2C, 0x91, 0x24, 0x00,
    0x00, 0xB1, 0x0B, 0x1E, 0x2C, 0x0B, 0x1D, 0x07, 0x91, 0x24, 0x64, 0x24, 0xB1, 0x0B, 0x1C, 0x13,
    0x91, 0x24, 0x00, 0x05, 0x24, 0x64, 0x14, 0xB1, 0x0B, 0x1B, 0x2B, 0x0B, 0x1A, 0x2C, 0x0B, 0x19,
    0x03, 0x91, 0x24, 0x00, 0x0A, 0x24, 0x64, 0x1F, 0xB1, 0x0B, 0x18, 0x2B, 0x0B, 0x17, 0x2A, 0x91,
    0x24, 0x00, 0x02, 0xB1, 0x0B, 0x16, 0x02, 0x91, 0x1F, 0x64, 0x2A, 0xB1, 0x0B, 0x15, 0x2B, 0x0B,
    0x14, 0x2C, 0x91, 0x1F, 0x00, 0x00, 0xB1, 0x0B, 0x13, 0x2B, 0x0B, 0x12, 0x08, 0x91, 0x1F, 0x64,
    0x24, 0xB1, 0x0B, 0x11, 0x0C, 0x91, 0x1F, 0x00, 0x0C, 0x1F, 0x64, 0x14, 0xB1, 0x0B, 0x10, 0x2B,
    0x0B, 0x0F, 0x2C, 0x0B, 0x0E, 0x05, 0x91, 0x1F, 0x00, 0x08, 0x1F, 0x64, 0x1E, 0xB1, 0x0B, 0x0D,
    0x2C, 0x0B, 0x0C, 0x26, 0x91, 0x1F, 0x00, 0x06, 0xB1, 0x0B, 0x0B, 0x02, 0x91, 0x24, 0x64, 0x29,
    0xB1, 0x0B, 0x0A, 0x2C, 0x0B, 0x09, 0x2C, 0x91, 0x24, 0x00, 0x00, 0xB1, 0x0B, 0x08, 0x2B, 0x0B,
    0x07, 0x08, 0x91, 0x24, 0x64, 0x23, 0x24, 0x00, 0x01, 0xB1, 0x0B, 0x06, 0x18, 0x91, 0x24, 0x64,
    0x13, 0xB1, 0x0B, 0x05, 0x2C, 0x0B, 0x04, 0x22, 0x91, 0x24, 0x00, 0x0A, 0xB1, 0x0B, 0x03, 0x0D,
    0x91, 0x22, 0x64, 0x1E, 0xB1, 0x0B, 0x02, 0x2C, 0x0B, 0x01, 0x2A, 0x91, 0x22, 0x00, 0x02, 0xB1,
    0x0B, 0x00, 0x00, 0xFF, 0x2F, 0x00, 0x4D, 0x54, 0x72, 0x6B, 0x00, 0x00, 0x06, 0x7E, 0x00, 0xFF,
    0x21, 0x01, 0x00, 0x00, 0xFF, 0x03, 0x03, 0x34, 0x39, 0x20, 0x00, 0xB2, 0x07, 0x5A, 0x00, 0x0A,
    0x5F, 0x02, 0x79, 0x00, 0x02, 0x00, 0x00, 0x02, 0x20, 0x00, 0x02, 0x0B, 0x6E, 0x02, 0xC2, 0x31,
    0x02, 0xB2, 0x5B, 0x37, 0x02, 0x5D, 0x00, 0x02, 0xE2, 0x00, 0x40, 0x02, 0xB2, 0x65, 0x00, 0x02,
    0x64, 0x00, 0x02, 0x06, 0x0C, 0x02, 0xE2, 0x00, 0x40, 0x02, 0xB2, 0x63, 0x01, 0x02, 0x62, 0x20,
    0x02, 0x06, 0x40, 0x02, 0x62, 0x21, 0x02, 0x06, 0x40, 0x02, 0x62, 0x63, 0x02, 0x06, 0x40, 0x02,
    0x62, 0x64, 0x02, 0x06, 0x40, 0x02, 0x62, 0x66, 0x02, 0x06, 0x40, 0xE5, 0x6A, 0x92, 0x41, 0x4F,
    0x78, 0x41, 0x00, 0x00, 0x40, 0x49, 0x77, 0x40, 0x00, 0x01, 0x41, 0x51, 0x77, 0x41, 0x00, 0x01,
    0x43, 0x49, 0x77, 0x43, 0x00, 0x01, 0x41, 0x51, 0x77, 0x41, 0x00, 0x01, 0x43, 0x44, 0x59, 0x43,
    0x00, 0x1F, 0x40, 0x44, 0x77, 0x40, 0x00, 0x01, 0x40, 0x4F, 0x77, 0x40, 0x00, 0x79, 0x41, 0x49,
    0x77, 0x41, 0x00, 0x01, 0x40, 0x51, 0x77, 0x40, 0x00, 0x01, 0x41, 0x49, 0x77, 0x41, 0x00, 0x01,
    0x40, 0x51, 0x77, 0x40, 0x00, 0x01, 0x41, 0x44, 0x78, 0x41, 0x44, 0x1D, 0x41, 0x00, 0x5A, 0x41,
    0x00, 0x79, 0x41, 0x4F, 0x77, 0x41, 0x00, 0x01, 0x40, 0x49, 0x77, 0x40, 0x00, 0x01, 0x41, 0x51,
    0x77, 0x41, 0x00, 0x01, 0x43, 0x49, 0x77, 0x43, 0x00, 0x01, 0x41, 0x51, 0x77, 0x41, 0x00, 0x01,
    0x43, 0x44, 0x59, 0x43, 0x00, 0x1F, 0x40, 0x44, 0x77, 0x40, 0x00, 0x01, 0x40, 0x4F, 0x77, 0x40,
    0x00, 0x79, 0x41, 0x49, 0x77, 0x41, 0x00, 0x01, 0x40, 0x51, 0x77, 0x40, 0x00, 0x01, 0x41, 0x49,
    0x77, 0x41, 0x00, 0x01, 0x40, 0x51, 0x77, 0x40, 0x00, 0x01, 0x41, 0x44, 0x78, 0x41, 0x44, 0x1D,
    0x41, 0x00, 0x5A, 0x41, 0x00, 0x01, 0x40, 0x4F, 0x77, 0x40, 0x00, 0x79, 0x41, 0x49, 0x77, 0x41,
    0x00, 0x01, 0x40, 0x51, 0x77, 0x40, 0x00, 0x01, 0x41, 0x49, 0x77, 0x41, 0x00, 0x01, 0x40, 0x51,
    0x77, 0x40, 0x00, 0x01, 0x41, 0x44, 0x78, 0x41, 0x44, 0x1D, 0x41, 0x00, 0x5A, 0x41, 0x00, 0x01,
    0x3B, 0x40, 0x00, 0x37, 0x3F, 0x83, 0x5F, 0x37, 0x00, 0x00, 0x3B, 0x00, 0x01, 0x3D, 0x2F, 0x00,
    0x34, 0x46, 0x83, 0x41, 0x34, 0x00, 0x00, 0x3D, 0x00, 0x01, 0x3B, 0x47, 0x00, 0x37, 0x43, 0x83,
    0x7D, 0x37, 0x00, 0x01, 0x34, 0x49, 0x00, 0x3D, 0x22, 0x1D, 0x3B, 0x00, 0x83, 0x06, 0x3D, 0x00,
    0x00, 0x34, 0x00, 0x3D, 0x3B, 0x40, 0x00, 0x37, 0x3F, 0x83, 0x5F, 0x37, 0x00, 0x00, 0x3B, 0x00,
    0x01, 0x3D, 0x2F, 0x00, 0x34, 0x46, 0x83, 0x41, 0x34, 0x00, 0x00, 0x3D, 0x00, 0x01, 0x3B, 0x47,
    0x00, 0x37, 0x43, 0x83, 0x7D, 0x37, 0x00, 0x01, 0x34, 0x49, 0x00, 0x3D, 0x22, 0x1D, 0x3B, 0x00,
    0x83, 0x06, 0x3D, 0x00, 0x00, 0x34, 0x00, 0x3D, 0x3B, 0x40, 0x00, 0x37, 0x3F, 0x83, 0x5F, 0x37,
    0x00, 0x00, 0x3B, 0x00, 0x01, 0x3D, 0x2F, 0x00, 0x34, 0x46, 0x83, 0x41, 0x34, 0x00, 0x00, 0x3D,
    0x00, 0x01, 0x3B, 0x47, 0x00, 0x37, 0x43, 0x83, 0x7D, 0x37, 0x00, 0x01, 0x34, 0x49, 0x00, 0x3D,
    0x22, 0x1D, 0x3B, 0x00, 0x83, 0x06, 0x3D, 0x00, 0x00, 0x34, 0x00, 0x3D, 0x3B, 0x40, 0x00, 0x37,
    0x3F, 0x83, 0x5F, 0x37, 0x00, 0x00, 0x3B, 0x00, 0x01, 0x3D, 0x2F, 0x00, 0x34, 0x46, 0x83, 0x41,
    0x34, 0x00, 0x00, 0x3D, 0x00, 0x1F, 0x3A, 0x52, 0x00, 0x3E, 0x52, 0x83, 0x5F, 0x3E, 0x00, 0x00,
    0x3A, 0x00, 0x01, 0x37, 0x56, 0x00, 0x40, 0x53, 0x83, 0x41, 0x40, 0x00, 0x1E, 0x37, 0x00, 0x01,
    0x3A, 0x52, 0x00, 0x3E, 0x52, 0x83, 0x5F, 0x3E, 0x00, 0x00, 0x3A, 0x00, 0x01, 0x37, 0x56, 0x00,
    0x40, 0x53, 0x83, 0x41, 0x40, 0x00, 0x1E, 0x37, 0x00, 0x01, 0x3A, 0x52, 0x00, 0x3E, 0x52, 0x83,
    0x5F, 0x3E, 0x00, 0x00, 0x3A, 0x00, 0x01, 0x37, 0x56, 0x00, 0x40, 0x53, 0x83, 0x41, 0x40, 0x00,
    0x1E, 0x37, 0x00, 0xCD, 0x69, 0x41, 0x4F, 0x77, 0x41, 0x00, 0x01, 0x40, 0x49, 0x77, 0x40, 0x00,
    0x01, 0x41, 0x51, 0x77, 0x41, 0x00, 0x01, 0x43, 0x49, 0x77, 0x43, 0x00, 0x01, 0x41, 0x51, 0x77,
    0x41, 0x00, 0x01, 0x43, 0x44, 0x59, 0x43, 0x00, 0x1F, 0x40, 0x44, 0x77, 0x40, 0x00, 0x01, 0x40,
    0x4F, 0x77, 0x40, 0x00, 0x79, 0x41, 0x49, 0x77, 0x41, 0x00, 0x01, 0x40, 0x51, 0x77, 0x40, 0x00,
    0x01, 0x41, 0x49, 0x77, 0x41, 0x00, 0x01, 0x40, 0x51, 0x77, 0x40, 0x00, 0x01, 0x41, 0x44, 0x78,
    0x41, 0x44, 0x1D, 0x41, 0x00, 0x5A, 0x41, 0x00, 0x79, 0x41, 0x4F, 0x77, 0x41, 0x00, 0x01, 0x40,
    0x49, 0x77, 0x40, 0x00, 0x01, 0x41, 0x51, 0x77, 0x41, 0x00, 0x01, 0x43, 0x49, 0x77, 0x43, 0x00,
    0x01, 0x41, 0x51, 0x77, 0x41, 0x00, 0x01, 0x43, 0x44, 0x59, 0x43, 0x00, 0x1F, 0x40, 0x44, 0x77,
    0x40, 0x00, 0x01, 0x40, 0x4F, 0x77, 0x40, 0x00, 0x79, 0x41, 0x49, 0x77, 0x41, 0x00, 0x01, 0x40,
    0x51, 0x77, 0x40, 0x00, 0x01, 0x41, 0x49, 0x77, 0x41, 0x00, 0x01, 0x40, 0x51, 0x77, 0x40, 0x00,
    0x01, 0x41, 0x44, 0x78, 0x41, 0x44, 0x1D, 0x41, 0x00, 0x5A, 0x41, 0x00, 0x01, 0x40, 0x4F, 0x77,
    0x40, 0x00, 0x79, 0x41, 0x49, 0x77, 0x41, 0x00, 0x01, 0x40, 0x51, 0x77, 0x40, 0x00, 0x01, 0x41,
    0x49, 0x77, 0x41, 0x00, 0x01, 0x40, 0x51, 0x77, 0x40, 0x00, 0x01, 0x41, 0x44, 0x78, 0x41, 0x44,
    0x1D, 0x41, 0x00, 0x5A, 0x41, 0x00, 0x01, 0x3B, 0x40, 0x00, 0x37, 0x3F, 0x83, 0x5F, 0x37, 0x00,
    0x00, 0x3B, 0x00, 0x01, 0x3D, 0x2F, 0x00, 0x34, 0x46, 0x83, 0x41, 0x34, 0x00, 0x00, 0x3D, 0x00,
    0x01, 0x3B, 0x47, 0x00, 0x37, 0x43, 0x83, 0x7D, 0x37, 0x00, 0x01, 0x34, 0x49, 0x00, 0x3D, 0x22,
    0x1D, 0x3B, 0x00, 0x83, 0x06, 0x3D, 0x00, 0x00, 0x34, 0x00, 0x3D, 0x3B, 0x40, 0x00, 0x37, 0x3F,
    0x83, 0x5F, 0x37, 0x00, 0x00, 0x3B, 0x00, 0x01, 0x3D, 0x2F, 0x00, 0x34, 0x46, 0x83, 0x41, 0x34,
    0x00, 0x00, 0x3D, 0x00, 0x01, 0x3B, 0x47, 0x00, 0x37, 0x43, 0x83, 0x7D, 0x37, 0x00, 0x01, 0x34,
    0x49, 0x00, 0x3D, 0x22, 0x1D, 0x3B, 0x00, 0x83, 0x06, 0x3D, 0x00, 0x00, 0x34, 0x00, 0x3D, 0x3B,
    0x40, 0x00, 0x37, 0x3F, 0x83, 0x5F, 0x37, 0x00, 0x00, 0x3B, 0x00, 0x01, 0x3D, 0x2F, 0x00, 0x34,
    0x46, 0x83, 0x41, 0x34, 0x00, 0x00, 0x3D, 0x00, 0x01, 0x3B, 0x47, 0x00, 0x37, 0x43, 0x83, 0x7D,
    0x37, 0x00, 0x01, 0x34, 0x49, 0x00, 0x3D, 0x22, 0x1D, 0x3B, 0x00, 0x83, 0x06, 0x3D, 0x00, 0x00,
    0x34, 0x00, 0x3D, 0x3B, 0x40, 0x00, 0x37, 0x3F, 0x83, 0x5F, 0x37, 0x00, 0x00, 0x3B, 0x00, 0x01,
    0x3D, 0x2F, 0x00, 0x34, 0x46, 0x83, 0x41, 0x34, 0x00, 0x00, 0x3D, 0x00, 0x1F, 0x3A, 0x52, 0x00,
    0x3E, 0x52, 0x83, 0x5F, 0x3E, 0x00, 0x00, 0x3A, 0x00, 0x01, 0x37, 0x56, 0x00, 0x40, 0x53, 0x83,
    0x41, 0x40, 0x00, 0x1E, 0x37, 0x00, 0x01, 0x3A, 0x52, 0x00, 0x3E, 0x52, 0x83, 0x5F, 0x3E, 0x00,
    0x00, 0x3A, 0x00, 0x01, 0x37, 0x56, 0x00, 0x40, 0x53, 0x83, 0x41, 0x40, 0x00, 0x1E, 0x37, 0x00,
    0x01, 0x3A, 0x52, 0x00, 0x3E, 0x52, 0x83, 0x5F, 0x3E, 0x00, 0x00, 0x3A, 0x00, 0x01, 0x37, 0x56,
    0x00, 0x40, 0x53, 0x83, 0x41, 0x40, 0x00, 0x1E, 0x37, 0x00, 0x90, 0x71, 0x3A, 0x52, 0x00, 0x3E,
    0x52, 0x83, 0x5F, 0x3E, 0x00, 0x00, 0x3A, 0x00, 0x01, 0x37, 0x56, 0x00, 0x40, 0x53, 0x83, 0x41,
    0x40, 0x00, 0x1E, 0x37, 0x00, 0x01, 0x3A, 0x52, 0x00, 0x3E, 0x52, 0x83, 0x5F, 0x3E, 0x00, 0x00,
    0x3A, 0x00, 0x01, 0x37, 0x56, 0x00, 0x40, 0x53, 0x83, 0x41, 0x40, 0x00, 0x1E, 0x37, 0x00, 0x01,
    0x3A, 0x52, 0x00, 0x3E, 0x52, 0x83, 0x5F, 0x3E, 0x00, 0x00, 0x3A, 0x00, 0x01, 0x37, 0x56, 0x00,
    0x40, 0x53, 0x83, 0x41, 0x40, 0x00, 0x1E, 0x37, 0x00, 0x01, 0x3A, 0x52, 0x00, 0x3E, 0x52, 0x83,
    0x5F, 0x3E, 0x00, 0x00, 0x3A, 0x00, 0x01, 0x37, 0x56, 0x00, 0x40, 0x53, 0x83, 0x41, 0x40, 0x00,
    0x1E, 0x37, 0x00, 0x01, 0x3A, 0x52, 0x00, 0x3E, 0x52, 0x83, 0x5F, 0x3E, 0x00, 0x00, 0x3A, 0x00,
    0x01, 0x37, 0x56, 0x00, 0x40, 0x53, 0x83, 0x41, 0x40, 0x00, 0x1E, 0x37, 0x00, 0x01, 0xB2, 0x0B,
    0x6E, 0x00, 0x92, 0x3A, 0x52, 0x00, 0x3E, 0x52, 0x2B, 0xB2, 0x0B, 0x6D, 0x2C, 0x0B, 0x6C, 0x2B,
    0x0B, 0x6B, 0x2C, 0x0B, 0x6A, 0x2C, 0x0B, 0x69, 0x2B, 0x0B, 0x68, 0x2C, 0x0B, 0x67, 0x2B, 0x0B,
    0x66, 0x2C, 0x0B, 0x65, 0x2C, 0x0B, 0x64, 0x2B, 0x92, 0x3E, 0x00, 0x00, 0x3A, 0x00, 0x00, 0xB2,
    0x0B, 0x63, 0x01, 0x92, 0x40, 0x53, 0x00, 0x37, 0x56, 0x2B, 0xB2, 0x0B, 0x62, 0x2C, 0x0B, 0x61,
    0x2B, 0x0B, 0x60, 0x2C, 0x0B, 0x5F, 0x2B, 0x0B, 0x5E, 0x2C, 0x0B, 0x5D, 0x2C, 0x0B, 0x5C, 0x2B,
    0x0B, 0x5B, 0x2C, 0x0B, 0x5A, 0x2B, 0x0B, 0x59, 0x0E, 0x92, 0x40, 0x00, 0x1E, 0x37, 0x00, 0x00,
    0xB2, 0x0B, 0x58, 0x01, 0x92, 0x3A, 0x52, 0x00, 0x3E, 0x52, 0x2B, 0xB2, 0x0B, 0x57, 0x2B, 0x0B,
    0x56, 0x2C, 0x0B, 0x55, 0x2C, 0x0B, 0x54, 0x2B, 0x0B, 0x53, 0x2C, 0x0B, 0x52, 0x2B, 0x0B, 0x51,
    0x2C, 0x0B, 0x50, 0x2C, 0x0B, 0x4F, 0x2B, 0x0B, 0x4E, 0x2C, 0x92, 0x3E, 0x00, 0x00, 0x3A, 0x00,
    0x00, 0xB2, 0x0B, 0x4D, 0x01, 0x92, 0x40, 0x53, 0x00, 0x37, 0x56, 0x2B, 0xB2, 0x0B, 0x4C, 0x2B,
    0x0B, 0x4B, 0x2C, 0x0B, 0x4A, 0x2B, 0x0B, 0x49, 0x2C, 0x0B, 0x48, 0x2C, 0x0B, 0x47, 0x2B, 0x0B,
    0x46, 0x2C, 0x0B, 0x45, 0x2B, 0x0B, 0x44, 0x2C, 0x0B, 0x43, 0x0E, 0x92, 0x40, 0x00, 0x1E, 0x37,
    0x00, 0x00, 0xB2, 0x0B, 0x42, 0x01, 0x92, 0x3A, 0x52, 0x00, 0x3E, 0x52, 0x2A, 0xB2, 0x0B, 0x41,
    0x2C, 0x0B, 0x40, 0x2C, 0x0B, 0x3F, 0x2B, 0x0B, 0x3E, 0x2C, 0x0B, 0x3D, 0x2B, 0x0B, 0x3C, 0x2C,
    0x0B, 0x3B, 0x2C, 0x0B, 0x3A, 0x2B, 0x0B, 0x39, 0x2C, 0x0B, 0x38, 0x2C, 0x92, 0x3E, 0x00, 0x00,
    0x3A, 0x00, 0x00, 0xB2, 0x0B, 0x37, 0x01, 0x92, 0x40, 0x53, 0x00, 0x37, 0x56, 0x2A, 0xB2, 0x0B,
    0x36, 0x2C, 0x0B, 0x35, 0x2B, 0x0B, 0x34, 0x2C, 0x0B, 0x33, 0x2C, 0x0B, 0x32, 0x2B, 0x0B, 0x31,
    0x2C, 0x0B, 0x30, 0x2B, 0x0B, 0x2F, 0x2C, 0x0B, 0x2E, 0x2C, 0x0B, 0x2D, 0x0E, 0x92, 0x40, 0x00,
    0x1D, 0xB2, 0x0B, 0x2C, 0x01, 0x92, 0x37, 0x00, 0x01, 0x3A, 0x52, 0x00, 0x3E, 0x52, 0x2A, 0xB2,
    0x0B, 0x2B, 0x2C, 0x0B, 0x2A, 0x2B, 0x0B, 0x29, 0x2C, 0x0B, 0x28, 0x2B, 0x0B, 0x27, 0x2C, 0x0B,
    0x26, 0x2C, 0x0B, 0x25, 0x2B, 0x0B, 0x24, 0x2C, 0x0B, 0x23, 0x2B, 0x0B, 0x22, 0x2C, 0x0B, 0x21,
    0x01, 0x92, 0x3E, 0x00, 0x00, 0x3A, 0x00, 0x01, 0x40, 0x53, 0x00, 0x37, 0x56, 0x2A, 0xB2, 0x0B,
    0x20, 0x2B, 0x0B, 0x1F, 0x2C, 0x0B, 0x1E, 0x2C, 0x0B, 0x1D, 0x2B, 0x0B, 0x1C, 0x2C, 0x0B, 0x1B,
    0x2B, 0x0B, 0x1A, 0x2C, 0x0B, 0x19, 0x2C, 0x0B, 0x18, 0x2B, 0x0B, 0x17, 0x0F, 0x92, 0x40, 0x00,
    0x1D, 0xB2, 0x0B, 0x16, 0x01, 0x92, 0x37, 0x00, 0x01, 0x3A, 0x52, 0x00, 0x3E, 0x52, 0x2A, 0xB2,
    0x0B, 0x15, 0x2B, 0x0B, 0x14, 0x2C, 0x0B, 0x13, 0x2B, 0x0B, 0x12, 0x2C, 0x0B, 0x11, 0x2C, 0x0B,
    0x10, 0x2B, 0x0B, 0x0F, 0x2C, 0x0B, 0x0E, 0x2B, 0x0B, 0x0D, 0x2C, 0x0B, 0x0C, 0x2C, 0x0B, 0x0B,
    0x01, 0x92, 0x3E, 0x00, 0x00, 0x3A, 0x00, 0x01, 0x40, 0x53, 0x00, 0x37, 0x56, 0x29, 0xB2, 0x0B,
    0x0A, 0x2C, 0x0B, 0x09, 0x2C, 0x0B, 0x08, 0x2B, 0x0B, 0x07, 0x2C, 0x0B, 0x06, 0x2B, 0x0B, 0x05,
    0x2C, 0x0B, 0x04, 0x2C, 0x0B, 0x03, 0x2B, 0x0B, 0x02, 0x2C, 0x0B, 0x01, 0x0F, 0x92, 0x40, 0x00,
    0x1D, 0xB2, 0x0B, 0x00, 0x01, 0x92, 0x37, 0x00, 0x00, 0xFF, 0x2F, 0x00, 0x4D, 0x54, 0x72, 0x6B,
    0x00, 0x00, 0x09, 0x6A, 0x00, 0xFF, 0x21, 0x01, 0x00, 0x00, 0xFF, 0x03, 0x0E, 0x4B, 0x45, 0x59,
    0x2B, 0x20, 0x43, 0x2F, 0x53, 0x2E, 0x47, 0x2F, 0x31, 0x31, 0x34, 0x00, 0xB0, 0x07, 0x5A, 0x00,
    0x0A, 0x40, 0x02, 0x79, 0x00, 0x02, 0x00, 0x00, 0x02, 0x20, 0x00, 0x02, 0x0B, 0x6E, 0x02, 0xC0,
    0x47, 0x02, 0xB0, 0x5B, 0x37, 0x02, 0x5D, 0x00, 0x02, 0xE0, 0x00, 0x40, 0x02, 0xB0, 0x65, 0x00,
    0x02, 0x64, 0x00, 0x02, 0x06, 0x0C, 0x02, 0xE0, 0x00, 0x40, 0x02, 0xB0, 0x63, 0x01, 0x02, 0x62,
    0x20, 0x02, 0x06, 0x40, 0x02, 0x62, 0x21, 0x02, 0x06, 0x40, 0x02, 0x62, 0x63, 0x02, 0x06, 0x40,
    0x02, 0x62, 0x64, 0x02, 0x06, 0x40, 0x02, 0x62, 0x66, 0x02, 0x06, 0x40, 0xA8, 0x72, 0x90, 0x48,
    0x50, 0x83, 0x5F, 0x48, 0x00, 0x01, 0x47, 0x50, 0x81, 0x6F, 0x47, 0x00, 0x01, 0x47, 0x50, 0x77,
    0x47, 0x00, 0x01, 0x48, 0x50, 0x3B, 0x48, 0x00, 0x01, 0x43, 0x50, 0x81, 0x51, 0x43, 0x00, 0x84,
    0x3B, 0x40, 0x50, 0x3B, 0x40, 0x00, 0x01, 0x43, 0x50, 0x77, 0x43, 0x00, 0x01, 0x40, 0x50, 0x1D,
    0x40, 0x00, 0x01, 0x3E, 0x50, 0x1D, 0x3E, 0x00, 0x01, 0x41, 0x50, 0x81, 0x15, 0x41, 0x00, 0x88,
    0x1B, 0x40, 0x50, 0x3B, 0x40, 0x00, 0x01, 0x43, 0x50, 0x77, 0x43, 0x00, 0x01, 0x40, 0x50, 0x3B,
    0x40, 0x00, 0x01, 0x3E, 0x50, 0x3B, 0x3E, 0x00, 0x01, 0x41, 0x50, 0x81, 0x33, 0x41, 0x00, 0x83,
    0x61, 0x45, 0x50, 0x3B, 0x45, 0x00, 0x01, 0x47, 0x50, 0x77, 0x47, 0x00, 0x01, 0x48, 0x50, 0x84,
    0x1B, 0x48, 0x00, 0x01, 0x47, 0x50, 0x81, 0x6F, 0x47, 0x00, 0x3D, 0x48, 0x50, 0x77, 0x48, 0x00,
    0x01, 0x43, 0x50, 0x3B, 0x43, 0x00, 0x01, 0x43, 0x50, 0x77, 0x43, 0x00, 0x84, 0x59, 0x40, 0x50,
    0x59, 0x40, 0x00, 0x01, 0x43, 0x50, 0x59, 0x43, 0x00, 0x01, 0x40, 0x50, 0x1D, 0x40, 0x00, 0x01,
    0x3E, 0x50, 0x1D, 0x3E, 0x00, 0x01, 0x41, 0x50, 0x77, 0x41, 0x00, 0x87, 0x7D, 0x4C, 0x50, 0x3B,
    0x4C, 0x00, 0x01, 0x4C, 0x50, 0x77, 0x4C, 0x00, 0x01, 0x4F, 0x50, 0x77, 0x4F, 0x00, 0x01, 0x4C,
    0x50, 0x77, 0x4C, 0x00, 0x01, 0x4A, 0x50, 0x3B, 0x4A, 0x00, 0x01, 0x4D, 0x50, 0x82, 0x49, 0x4D,
    0x00, 0x88, 0x57, 0x47, 0x50, 0x1D, 0x47, 0x00, 0x01, 0x47, 0x50, 0x1D, 0x47, 0x00, 0x01, 0x47,
    0x50, 0x59, 0x47, 0x00, 0x01, 0x48, 0x50, 0x59, 0x48, 0x00, 0x01, 0x4A, 0x50, 0x3B, 0x4A, 0x00,
    0x01, 0x43, 0x50, 0x81, 0x6F, 0x43, 0x00, 0x87, 0x05, 0x47, 0x50, 0x1D, 0x47, 0x00, 0x01, 0x47,
    0x50, 0x1D, 0x47, 0x00, 0x01, 0x47, 0x50, 0x59, 0x47, 0x00, 0x01, 0x48, 0x50, 0x59, 0x48, 0x00,
    0x01, 0x4A, 0x50, 0x3B, 0x4A, 0x00, 0x01, 0x43, 0x50, 0x81, 0x6F, 0x43, 0x00, 0x87, 0x05, 0x47,
    0x50, 0x3B, 0x47, 0x00, 0x01, 0x47, 0x50, 0x59, 0x47, 0x00, 0x01, 0x48, 0x50, 0x59, 0x48, 0x00,
    0x01, 0x4A, 0x50, 0x3B, 0x4A, 0x00, 0x01, 0x43, 0x50, 0x81, 0x15, 0x43, 0x00, 0x86, 0x2B, 0x47,
    0x50, 0x81, 0x15, 0x47, 0x00, 0x86, 0x2B, 0x4A, 0x50, 0x3B, 0x4A, 0x00, 0x01, 0x4C, 0x50, 0x77,
    0x4C, 0x00, 0x86, 0x0D, 0x51, 0x50, 0x3B, 0x51, 0x00, 0x01, 0x53, 0x50, 0x77, 0x53, 0x00, 0x86,
    0x49, 0x47, 0x50, 0x3B, 0x47, 0x00, 0x01, 0x47, 0x50, 0x3B, 0x47, 0x00, 0x01, 0x47, 0x50, 0x3B,
    0x47, 0x00, 0x01, 0x47, 0x50, 0x59, 0x47, 0x00, 0x01, 0x47, 0x50, 0x59, 0x47, 0x00, 0x01, 0x49,
    0x50, 0x3B, 0x49, 0x00, 0x01, 0x49, 0x50, 0x81, 0x15, 0x49, 0x00, 0x83, 0x43, 0x47, 0x50, 0x3B,
    0x47, 0x00, 0x01, 0x47, 0x50, 0x3B, 0x47, 0x00, 0x01, 0x47, 0x50, 0x59, 0x47, 0x00, 0x01, 0x47,
    0x50, 0x59, 0x47, 0x00, 0x01, 0x49, 0x50, 0x77, 0x49, 0x00, 0x01, 0x49, 0x50, 0x81, 0x33, 0x49,
    0x00, 0x82, 0x2D, 0x47, 0x50, 0x59, 0x47, 0x00, 0x01, 0x47, 0x50, 0x1D, 0x47, 0x00, 0x01, 0x47,
    0x50, 0x3B, 0x47, 0x00, 0x01, 0x47, 0x50, 0x59, 0x47, 0x00, 0x01, 0x47, 0x50, 0x59, 0x47, 0x00,
    0x01, 0x49, 0x50, 0x77, 0x49, 0x00, 0x01, 0x49, 0x50, 0x81, 0x33, 0x49, 0x00, 0x82, 0x69, 0x4D,
    0x50, 0x81, 0x1F, 0x4D, 0x00, 0x15, 0x4F, 0x50, 0x31, 0x4F, 0x00, 0x0B, 0x51, 0x50, 0x39, 0x51,
    0x00, 0x03, 0x51, 0x50, 0x6E, 0x51, 0x00, 0x0A, 0x4F, 0x50, 0x43, 0x4F, 0x00, 0x35, 0x4D, 0x50,
    0x59, 0x4D, 0x00, 0x1F, 0x4F, 0x50, 0x30, 0x4F, 0x00, 0x0C, 0x4D, 0x50, 0x2C, 0x4D, 0x00, 0x10,
    0x4F, 0x50, 0x3E, 0x4F, 0x00, 0x76, 0x4D, 0x50, 0x81, 0x1F, 0x4D, 0x00, 0x15, 0x4F, 0x50, 0x31,
    0x4F, 0x00, 0x0B, 0x51, 0x50, 0x39, 0x51, 0x00, 0x03, 0x51, 0x50, 0x6E, 0x51, 0x00, 0x0A, 0x4F,
    0x50, 0x43, 0x4F, 0x00, 0x35, 0x4D, 0x50, 0x59, 0x4D, 0x00, 0x1F, 0x4F, 0x50, 0x30, 0x4F, 0x00,
    0x0C, 0x4D, 0x50, 0x2C, 0x4D, 0x00, 0x10, 0x4F, 0x50, 0x3E, 0x4F, 0x00, 0x76, 0x4D, 0x50, 0x81,
    0x1F, 0x4D, 0x00, 0x15, 0x4F, 0x50, 0x31, 0x4F, 0x00, 0x0B, 0x51, 0x50, 0x39, 0x51, 0x00, 0x03,
    0x51, 0x50, 0x6E, 0x51, 0x00, 0x0A, 0x4F, 0x50, 0x43, 0x4F, 0x00, 0x35, 0x4D, 0x50, 0x59, 0x4D,
    0x00, 0x1F, 0x4F, 0x50, 0x30, 0x4F, 0x00, 0x0C, 0x4D, 0x50, 0x2C, 0x4D, 0x00, 0x10, 0x4F, 0x50,
    0x3E, 0x4F, 0x00, 0x90, 0x6E, 0x48, 0x50, 0x83, 0x5F, 0x48, 0x00, 0x01, 0x47, 0x50, 0x81, 0x6F,
    0x47, 0x00, 0x3D, 0x47, 0x50, 0x77, 0x47, 0x00, 0x01, 0x48, 0x50, 0x3B, 0x48, 0x00, 0x01, 0x43,
    0x50, 0x77, 0x43, 0x00, 0x84, 0x59, 0x40, 0x50, 0x3B, 0x40, 0x00, 0x01, 0x43, 0x50, 0x3B, 0x43,
    0x00, 0x01, 0x40, 0x50, 0x3B, 0x40, 0x00, 0x01, 0x3E, 0x50, 0x3B, 0x3E, 0x00, 0x01, 0x41, 0x50,
    0x81, 0x15, 0x41, 0x00, 0x87, 0x5F, 0x40, 0x50, 0x3B, 0x40, 0x00, 0x01, 0x40, 0x50, 0x3B, 0x40,
    0x00, 0x01, 0x43, 0x50, 0x3B, 0x43, 0x00, 0x01, 0x40, 0x50, 0x3B, 0x40, 0x00, 0x01, 0x3E, 0x50,
    0x77, 0x3E, 0x00, 0x01, 0x41, 0x50, 0x81, 0x51, 0x41, 0x00, 0x83, 0x7F, 0x47, 0x50, 0x77, 0x47,
    0x00, 0x01, 0x43, 0x50, 0x3B, 0x43, 0x00, 0x01, 0x48, 0x50, 0x83, 0x5F, 0x48, 0x00, 0x01, 0x47,
    0x50, 0x81, 0x6F, 0x47, 0x00, 0x01, 0x48, 0x50, 0x59, 0x48, 0x00, 0x01, 0x43, 0x50, 0x59, 0x43,
    0x00, 0x01, 0x43, 0x50, 0x3B, 0x43, 0x00, 0x01, 0x43, 0x50, 0x77, 0x43, 0x00, 0x84, 0x59, 0x40,
    0x50, 0x3B, 0x40, 0x00, 0x01, 0x43, 0x50, 0x3B, 0x43, 0x00, 0x01, 0x40, 0x50, 0x3B, 0x40, 0x00,
    0x01, 0x3E, 0x50, 0x77, 0x3E, 0x00, 0x01, 0x41, 0x50, 0x81, 0x33, 0x41, 0x00, 0x87, 0x41, 0x4C,
    0x50, 0x77, 0x4C, 0x00, 0x01, 0x4F, 0x50, 0x77, 0x4F, 0x00, 0x01, 0x4C, 0x50, 0x3B, 0x4C, 0x00,
    0x01, 0x4A, 0x50, 0x77, 0x4A, 0x00, 0x01, 0x4D, 0x50, 0x81, 0x33, 0x4D, 0x00, 0x89, 0x6D, 0x47,
    0x50, 0x1D, 0x47, 0x00, 0x01, 0x47, 0x50, 0x1D, 0x47, 0x00, 0x01, 0x47, 0x50, 0x59, 0x47, 0x00,
    0x01, 0x48, 0x50, 0x59, 0x48, 0x00, 0x01, 0x4A, 0x50, 0x3B, 0x4A, 0x00, 0x01, 0x43, 0x50, 0x81,
    0x15, 0x43, 0x00, 0x87, 0x5F, 0x47, 0x50, 0x1D, 0x47, 0x00, 0x01, 0x47, 0x50, 0x1D, 0x47, 0x00,
    0x01, 0x47, 0x50, 0x59, 0x47, 0x00, 0x01, 0x48, 0x50, 0x59, 0x48, 0x00, 0x01, 0x4A, 0x50, 0x3B,
    0x4A, 0x00, 0x01, 0x43, 0x50, 0x81, 0x33, 0x43, 0x00, 0x01, 0x43, 0x50, 0x81, 0x51, 0x43, 0x00,
    0x85, 0x6F, 0x47, 0x50, 0x3B, 0x47, 0x00, 0x01, 0x47, 0x50, 0x59, 0x47, 0x00, 0x01, 0x48, 0x50,
    0x59, 0x48, 0x00, 0x01, 0x4A, 0x50, 0x3B, 0x4A, 0x00, 0x01, 0x43, 0x50, 0x81, 0x15, 0x43, 0x00,
    0x86, 0x2B, 0x47, 0x50, 0x81, 0x15, 0x47, 0x00, 0x86, 0x2B, 0x4A, 0x50, 0x3B, 0x4A, 0x00, 0x01,
    0x4C, 0x50, 0x77, 0x4C, 0x00, 0x86, 0x0D, 0x51, 0x50, 0x3B, 0x51, 0x00, 0x01, 0x53, 0x50, 0x77,
    0x53, 0x00, 0x87, 0x05, 0x47, 0x50, 0x3B, 0x47, 0x00, 0x01, 0x47, 0x50, 0x3B, 0x47, 0x00, 0x01,
    0x47, 0x50, 0x59, 0x47, 0x00, 0x01, 0x47, 0x50, 0x59, 0x47, 0x00, 0x01, 0x49, 0x50, 0x77, 0x49,
    0x00, 0x01, 0x49, 0x50, 0x81, 0x33, 0x49, 0x00, 0x82, 0x69, 0x47, 0x50, 0x3B, 0x47, 0x00, 0x01,
    0x47, 0x50, 0x3B, 0x47, 0x00, 0x01, 0x47, 0x50, 0x59, 0x47, 0x00, 0x01, 0x47, 0x50, 0x59, 0x47,
    0x00, 0x01, 0x49, 0x50, 0x3B, 0x49, 0x00, 0x01, 0x49, 0x50, 0x81, 0x15, 0x49, 0x00, 0x83, 0x07,
    0x47, 0x50, 0x3B, 0x47, 0x00, 0x01, 0x47, 0x50, 0x3B, 0x47, 0x00, 0x01, 0x47, 0x50, 0x3B, 0x47,
    0x00, 0x01, 0x47, 0x50, 0x59, 0x47, 0x00, 0x01, 0x47, 0x50, 0x59, 0x47, 0x00, 0x01, 0x49, 0x50,
    0x3B, 0x49, 0x00, 0x01, 0x49, 0x50, 0x81, 0x33, 0x49, 0x00, 0x01, 0x49, 0x50, 0x81, 0x33, 0x49,
    0x00, 0x81, 0x71, 0x4D, 0x50, 0x81, 0x1F, 0x4D, 0x00, 0x15, 0x4F, 0x50, 0x31, 0x4F, 0x00, 0x0B,
    0x51, 0x50, 0x39, 0x51, 0x00, 0x03, 0x51, 0x50, 0x6E, 0x51, 0x00, 0x0A, 0x4F, 0x50, 0x43, 0x4F,
    0x00, 0x35, 0x4D, 0x50, 0x59, 0x4D, 0x00, 0x1F, 0x4F, 0x50, 0x30, 0x4F, 0x00, 0x0C, 0x4D, 0x50,
    0x2C, 0x4D, 0x00, 0x10, 0x4F, 0x50, 0x3E, 0x4F, 0x00, 0x76, 0x4D, 0x50, 0x81, 0x1F, 0x4D, 0x00,
    0x15, 0x4F, 0x50, 0x31, 0x4F, 0x00, 0x0B, 0x51, 0x50, 0x39, 0x51, 0x00, 0x03, 0x51, 0x50, 0x6E,
    0x51, 0x00, 0x0A, 0x4F, 0x50, 0x43, 0x4F, 0x00, 0x35, 0x4D, 0x50, 0x59, 0x4D, 0x00, 0x1F, 0x4F,
    0x50, 0x30, 0x4F, 0x00, 0x0C, 0x4D, 0x50, 0x2C, 0x4D, 0x00, 0x10, 0x4F, 0x50, 0x3E, 0x4F, 0x00,
    0x76, 0x4D, 0x50, 0x81, 0x1F, 0x4D, 0x00, 0x15, 0x4F, 0x50, 0x31, 0x4F, 0x00, 0x0B, 0x51, 0x50,
    0x39, 0x51, 0x00, 0x03, 0x51, 0x50, 0x6E, 0x51, 0x00, 0x0A, 0x4F, 0x50, 0x43, 0x4F, 0x00, 0x35,
    0x4D, 0x50, 0x59, 0x4D, 0x00, 0x1F, 0x4F, 0x50, 0x30, 0x4F, 0x00, 0x0C, 0x4D, 0x50, 0x2C, 0x4D,
    0x00, 0x10, 0x4F, 0x50, 0x3E, 0x4F, 0x00, 0x91, 0x66, 0x4D, 0x50, 0x81, 0x1F, 0x4D, 0x00, 0x15,
    0x4F, 0x50, 0x31, 0x4F, 0x00, 0x0B, 0x51, 0x50, 0x39, 0x51, 0x00, 0x03, 0x51, 0x50, 0x6E, 0x51,
    0x00, 0x0A, 0x4F, 0x50, 0x43, 0x4F, 0x00, 0x35, 0x4D, 0x50, 0x59, 0x4D, 0x00, 0x1F, 0x4F, 0x50,
    0x30, 0x4F, 0x00, 0x0C, 0x4D, 0x50, 0x2C, 0x4D, 0x00, 0x10, 0x4F, 0x50, 0x3E, 0x4F, 0x00, 0x76,
    0x4D, 0x50, 0x81, 0x1F, 0x4D, 0x00, 0x15, 0x4F, 0x50, 0x31, 0x4F, 0x00, 0x0B, 0x51, 0x50, 0x39,
    0x51, 0x00, 0x03, 0x51, 0x50, 0x6E, 0x51, 0x00, 0x0A, 0x4F, 0x50, 0x43, 0x4F, 0x00, 0x35, 0x4D,
    0x50, 0x59, 0x4D, 0x00, 0x1F, 0x4F, 0x50, 0x30, 0x4F, 0x00, 0x0C, 0x4D, 0x50, 0x2C, 0x4D, 0x00,
    0x10, 0x4F, 0x50, 0x3E, 0x4F, 0x00, 0x76, 0x4D, 0x50, 0x81, 0x1F, 0x4D, 0x00, 0x15, 0x4F, 0x50,
    0x31, 0x4F, 0x00, 0x0B, 0x51, 0x50, 0x39, 0x51, 0x00, 0x03, 0x51, 0x50, 0x6E, 0x51, 0x00, 0x0A,
    0x4F, 0x50, 0x43, 0x4F, 0x00, 0x35, 0x4D, 0x50, 0x59, 0x4D, 0x00, 0x1F, 0x4F, 0x50, 0x30, 0x4F,
    0x00, 0x0C, 0x4D, 0x50, 0x2C, 0x4D, 0x00, 0x10, 0x4F, 0x50, 0x3E, 0x4F, 0x00, 0x76, 0x4D, 0x50,
    0x81, 0x1F, 0x4D, 0x00, 0x15, 0x4F, 0x50, 0x31, 0x4F, 0x00, 0x0B, 0x51, 0x50, 0x39, 0x51, 0x00,
    0x03, 0x51, 0x50, 0x6E, 0x51, 0x00, 0x0A, 0x4F, 0x50, 0x43, 0x4F, 0x00, 0x35, 0x4D, 0x50, 0x59,
    0x4D, 0x00, 0x1F, 0x4F, 0x50, 0x30, 0x4F, 0x00, 0x0C, 0x4D, 0x50, 0x2C, 0x4D, 0x00, 0x10, 0x4F,
    0x50, 0x3E, 0x4F, 0x00, 0x76, 0x4D, 0x50, 0x81, 0x1F, 0x4D, 0x00, 0x15, 0x4F, 0x50, 0x31, 0x4F,
    0x00, 0x0B, 0x51, 0x50, 0x39, 0x51, 0x00, 0x03, 0x51, 0x50, 0x6E, 0x51, 0x00, 0x0A, 0x4F, 0x50,
    0x43, 0x4F, 0x00, 0x35, 0x4D, 0x50, 0x59, 0x4D, 0x00, 0x1F, 0x4F, 0x50, 0x30, 0x4F, 0x00, 0x0C,
    0x4D, 0x50, 0x2C, 0x4D, 0x00, 0x10, 0x4F, 0x50, 0x3C, 0xB0, 0x0B, 0x6E, 0x02, 0x90, 0x4F, 0x00,
    0x29, 0xB0, 0x0B, 0x6D, 0x2C, 0x0B, 0x6C, 0x21, 0x90, 0x4D, 0x50, 0x0A, 0xB0, 0x0B, 0x6B, 0x2C,
    0x0B, 0x6A, 0x2C, 0x0B, 0x69, 0x2B, 0x0B, 0x68, 0x12, 0x90, 0x4D, 0x00, 0x15, 0x4F, 0x50, 0x05,
    0xB0, 0x0B, 0x67, 0x2B, 0x0B, 0x66, 0x01, 0x90, 0x4F, 0x00, 0x0B, 0x51, 0x50, 0x20, 0xB0, 0x0B,
    0x65, 0x19, 0x90, 0x51, 0x00, 0x03, 0x51, 0x50, 0x10, 0xB0, 0x0B, 0x64, 0x2B, 0x0B, 0x63, 0x2C,
    0x0B, 0x62, 0x07, 0x90, 0x51, 0x00, 0x0A, 0x4F, 0x50, 0x1B, 0xB0, 0x0B, 0x61, 0x28, 0x90, 0x4F,
    0x00, 0x03, 0xB0, 0x0B, 0x60, 0x2C, 0x0B, 0x5F, 0x06, 0x90, 0x4D, 0x50, 0x25, 0xB0, 0x0B, 0x5E,
    0x2C, 0x0B, 0x5D, 0x08, 0x90, 0x4D, 0x00, 0x1F, 0x4F, 0x50, 0x05, 0xB0, 0x0B, 0x5C, 0x2B, 0x90,
    0x4F, 0x00, 0x00, 0xB0, 0x0B, 0x5B, 0x0C, 0x90, 0x4D, 0x50, 0x20, 0xB0, 0x0B, 0x5A, 0x0C, 0x90,
    0x4D, 0x00, 0x10, 0x4F, 0x50, 0x0F, 0xB0, 0x0B, 0x59, 0x2C, 0x0B, 0x58, 0x03, 0x90, 0x4F, 0x00,
    0x29, 0xB0, 0x0B, 0x57, 0x2B, 0x0B, 0x56, 0x22, 0x90, 0x4D, 0x50, 0x0A, 0xB0, 0x0B, 0x55, 0x2C,
    0x0B, 0x54, 0x2B, 0x0B, 0x53, 0x2C, 0x0B, 0x52, 0x12, 0x90, 0x4D, 0x00, 0x15, 0x4F, 0x50, 0x04,
    0xB0, 0x0B, 0x51, 0x2C, 0x0B, 0x50, 0x01, 0x90, 0x4F, 0x00, 0x0B, 0x51, 0x50, 0x20, 0xB0, 0x0B,
    0x4F, 0x19, 0x90, 0x51, 0x00, 0x03, 0x51, 0x50, 0x0F, 0xB0, 0x0B, 0x4E, 0x2C, 0x0B, 0x4D, 0x2C,
    0x0B, 0x4C, 0x07, 0x90, 0x51, 0x00, 0x0A, 0x4F, 0x50, 0x1A, 0xB0, 0x0B, 0x4B, 0x29, 0x90, 0x4F,
    0x00, 0x03, 0xB0, 0x0B, 0x4A, 0x2B, 0x0B, 0x49, 0x07, 0x90, 0x4D, 0x50, 0x25, 0xB0, 0x0B, 0x48,
    0x2C, 0x0B, 0x47, 0x08, 0x90, 0x4D, 0x00, 0x1F, 0x4F, 0x50, 0x04, 0xB0, 0x0B, 0x46, 0x2C, 0x90,
    0x4F, 0x00, 0x00, 0xB0, 0x0B, 0x45, 0x0C, 0x90, 0x4D, 0x50, 0x1F, 0xB0, 0x0B, 0x44, 0x0D, 0x90,
    0x4D, 0x00, 0x10, 0x4F, 0x50, 0x0F, 0xB0, 0x0B, 0x43, 0x2C, 0x0B, 0x42, 0x03, 0x90, 0x4F, 0x00,
    0x28, 0xB0, 0x0B, 0x41, 0x2C, 0x0B, 0x40, 0x22, 0x90, 0x4D, 0x50, 0x0A, 0xB0, 0x0B, 0x3F, 0x2B,
    0x0B, 0x3E, 0x2C, 0x0B, 0x3D, 0x2B, 0x0B, 0x3C, 0x13, 0x90, 0x4D, 0x00, 0x15, 0x4F, 0x50, 0x04,
    0xB0, 0x0B, 0x3B, 0x2C, 0x0B, 0x3A, 0x01, 0x90, 0x4F, 0x00, 0x0B, 0x51, 0x50, 0x1F, 0xB0, 0x0B,
    0x39, 0x1A, 0x90, 0x51, 0x00, 0x03, 0x51, 0x50, 0x0F, 0xB0, 0x0B, 0x38, 0x2C, 0x0B, 0x37, 0x2B,
    0x0B, 0x36, 0x08, 0x90, 0x51, 0x00, 0x0A, 0x4F, 0x50, 0x1A, 0xB0, 0x0B, 0x35, 0x29, 0x90, 0x4F,
    0x00, 0x02, 0xB0, 0x0B, 0x34, 0x2C, 0x0B, 0x33, 0x07, 0x90, 0x4D, 0x50, 0x25, 0xB0, 0x0B, 0x32,
    0x2B, 0x0B, 0x31, 0x09, 0x90, 0x4D, 0x00, 0x1F, 0x4F, 0x50, 0x04, 0xB0, 0x0B, 0x30, 0x2B, 0x0B,
    0x2F, 0x01, 0x90, 0x4F, 0x00, 0x0C, 0x4D, 0x50, 0x1F, 0xB0, 0x0B, 0x2E, 0x0D, 0x90, 0x4D, 0x00,
    0x10, 0x4F, 0x50, 0x0F, 0xB0, 0x0B, 0x2D, 0x2B, 0x0B, 0x2C, 0x04, 0x90, 0x4F, 0x00, 0x28, 0xB0,
    0x0B, 0x2B, 0x2C, 0x0B, 0x2A, 0x22, 0x90, 0x4D, 0x50, 0x09, 0xB0, 0x0B, 0x29, 0x2C, 0x0B, 0x28,
    0x2B, 0x0B, 0x27, 0x2C, 0x0B, 0x26, 0x13, 0x90, 0x4D, 0x00, 0x15, 0x4F, 0x50, 0x04, 0xB0, 0x0B,
    0x25, 0x2B, 0x0B, 0x24, 0x02, 0x90, 0x4F, 0x00, 0x0B, 0x51, 0x50, 0x1F, 0xB0, 0x0B, 0x23, 0x1A,
    0x90, 0x51, 0x00, 0x03, 0x51, 0x50, 0x0E, 0xB0, 0x0B, 0x22, 0x2C, 0x0B, 0x21, 0x2C, 0x0B, 0x20,
    0x08, 0x90, 0x51, 0x00, 0x0A, 0x4F, 0x50, 0x19, 0xB0, 0x0B, 0x1F, 0x2A, 0x90, 0x4F, 0x00, 0x02,
    0xB0, 0x0B, 0x1E, 0x2C, 0x0B, 0x1D, 0x07, 0x90, 0x4D, 0x50, 0x24, 0xB0, 0x0B, 0x1C, 0x2C, 0x0B,
    0x1B, 0x09, 0x90, 0x4D, 0x00, 0x1F, 0x4F, 0x50, 0x03, 0xB0, 0x0B, 0x1A, 0x2C, 0x0B, 0x19, 0x01,
    0x90, 0x4F, 0x00, 0x0C, 0x4D, 0x50, 0x1F, 0xB0, 0x0B, 0x18, 0x0D, 0x90, 0x4D, 0x00, 0x10, 0x4F,
    0x50, 0x0E, 0xB0, 0x0B, 0x17, 0x2C, 0x0B, 0x16, 0x04, 0x90, 0x4F, 0x00, 0x28, 0xB0, 0x0B, 0x15,
    0x2B, 0x0B, 0x14, 0x23, 0x90, 0x4D, 0x50, 0x09, 0xB0, 0x0B, 0x13, 0x2B, 0x0B, 0x12, 0x2C, 0x0B,
    0x11, 0x2C, 0x0B, 0x10, 0x13, 0x90, 0x4D, 0x00, 0x15, 0x4F, 0x50, 0x03, 0xB0, 0x0B, 0x0F, 0x2C,
    0x0B, 0x0E, 0x02, 0x90, 0x4F, 0x00, 0x0B, 0x51, 0x50, 0x1E, 0xB0, 0x0B, 0x0D, 0x1B, 0x90, 0x51,
    0x00, 0x03, 0x51, 0x50, 0x0E, 0xB0, 0x0B, 0x0C, 0x2C, 0x0B, 0x0B, 0x2B, 0x0B, 0x0A, 0x09, 0x90,
    0x51, 0x00, 0x0A, 0x4F, 0x50, 0x19, 0xB0, 0x0B, 0x09, 0x2A, 0x90, 0x4F, 0x00, 0x02, 0xB0, 0x0B,
    0x08, 0x2B, 0x0B, 0x07, 0x08, 0x90, 0x4D, 0x50, 0x24, 0xB0, 0x0B, 0x06, 0x2B, 0x0B, 0x05, 0x0A,
    0x90, 0x4D, 0x00, 0x1F, 0x4F, 0x50, 0x03, 0xB0, 0x0B, 0x04, 0x2C, 0x0B, 0x03, 0x01, 0x90, 0x4F,
    0x00, 0x0C, 0x4D, 0x50, 0x1E, 0xB0, 0x0B, 0x02, 0x0E, 0x90, 0x4D, 0x00, 0x10, 0x4F, 0x50, 0x0E,
    0xB0, 0x0B, 0x01, 0x2C, 0x0B, 0x00, 0x04, 0x90, 0x4F, 0x00, 0x00, 0xFF, 0x2F, 0x00, 0x4D, 0x54,
    0x72, 0x6B, 0x00, 0x00, 0x10, 0x78, 0x00, 0xFF, 0x21, 0x01, 0x00, 0x00, 0xFF, 0x03, 0x03, 0x35,
    0x33, 0x20, 0x00, 0xB4, 0x07, 0x50, 0x00, 0x0A, 0x55, 0x02, 0x79, 0x00, 0x02, 0x00, 0x00, 0x02,
    0x20, 0x00, 0x02, 0x0B, 0x6E, 0x02, 0xC4, 0x35, 0x02, 0xB4, 0x5B, 0x37, 0x02, 0x5D, 0x00, 0x02,
    0xE4, 0x00, 0x40, 0x02, 0xB4, 0x65, 0x00, 0x02, 0x64, 0x00, 0x02, 0x06, 0x0C, 0x02, 0xE4, 0x00,
    0x40, 0x02, 0xB4, 0x63, 0x01, 0x02, 0x62, 0x20, 0x02, 0x06, 0x40, 0x02, 0x62, 0x21, 0x02, 0x06,
    0x40, 0x02, 0x62, 0x63, 0x02, 0x06, 0x40, 0x02, 0x62, 0x64, 0x02, 0x06, 0x40, 0x02, 0x62, 0x66,
    0x02, 0x06, 0x40, 0x81, 0x8A, 0x32, 0x94, 0x3B, 0x65, 0x83, 0x5E, 0x3B, 0x00, 0x02, 0x39, 0x65,
    0x83, 0x58, 0x39, 0x00, 0x08, 0x3B, 0x5F, 0x83, 0x60, 0x39, 0x64, 0x01, 0x3B, 0x00, 0x83, 0x46,
    0x39, 0x00, 0x19, 0x3B, 0x65, 0x83, 0x5E, 0x3B, 0x00, 0x02, 0x39, 0x65, 0x83, 0x58, 0x39, 0x00,
    0x08, 0x3B, 0x5F, 0x83, 0x60, 0x39, 0x64, 0x01, 0x3B, 0x00, 0x83, 0x46, 0x39, 0x00, 0x19, 0x3B,
    0x65, 0x83, 0x5E, 0x3B, 0x00, 0x02, 0x39, 0x65, 0x83, 0x58, 0x39, 0x00, 0x08, 0x3B, 0x5F, 0x83,
    0x60, 0x39, 0x64, 0x01, 0x3B, 0x00, 0x83, 0x46, 0x39, 0x00, 0x19, 0x3B, 0x65, 0x83, 0x5E, 0x3B,
    0x00, 0x02, 0x39, 0x65, 0x83, 0x58, 0x39, 0x00, 0x81, 0x00, 0x4A, 0x70, 0x00, 0x46, 0x70, 0x00,
    0x3E, 0x65, 0x00, 0x37, 0x65, 0x81, 0x1F, 0x37, 0x00, 0x00, 0x4A, 0x00, 0x00, 0x46, 0x00, 0x00,
    0x3E, 0x00, 0x15, 0x4C, 0x69, 0x00, 0x48, 0x69, 0x00, 0x3E, 0x5E, 0x00, 0x37, 0x5E, 0x31, 0x37,
    0x00, 0x00, 0x4C, 0x00, 0x00, 0x48, 0x00, 0x00, 0x3E, 0x00, 0x0B, 0x4D, 0x67, 0x00, 0x4A, 0x67,
    0x00, 0x3E, 0x5C, 0x00, 0x37, 0x5C, 0x39, 0x37, 0x00, 0x00, 0x4D, 0x00, 0x00, 0x4A, 0x00, 0x00,
    0x3E, 0x00, 0x03, 0x4D, 0x70, 0x00, 0x4A, 0x70, 0x00, 0x40, 0x65, 0x00, 0x3C, 0x65, 0x6E, 0x3C,
    0x00, 0x00, 0x4D, 0x00, 0x00, 0x4A, 0x00, 0x00, 0x40, 0x00, 0x0A, 0x4C, 0x69, 0x00, 0x48, 0x69,
    0x00, 0x40, 0x5E, 0x00, 0x3C, 0x5E, 0x43, 0x3C, 0x00, 0x00, 0x4C, 0x00, 0x00, 0x48, 0x00, 0x00,
    0x40, 0x00, 0x35, 0x3E, 0x65, 0x00, 0x4D, 0x70, 0x00, 0x4A, 0x70, 0x00, 0x3A, 0x65, 0x59, 0x3A,
    0x00, 0x00, 0x3E, 0x00, 0x00, 0x4D, 0x00, 0x00, 0x4A, 0x00, 0x1F, 0x4C, 0x70, 0x00, 0x48, 0x70,
    0x00, 0x40, 0x65, 0x00, 0x3C, 0x65, 0x30, 0x3C, 0x00, 0x00, 0x4C, 0x00, 0x00, 0x48, 0x00, 0x00,
    0x40, 0x00, 0x0C, 0x4A, 0x70, 0x00, 0x43, 0x70, 0x00, 0x3E, 0x65, 0x00, 0x3A, 0x65, 0x2C, 0x3A,
    0x00, 0x00, 0x4A, 0x00, 0x00, 0x43, 0x00, 0x00, 0x3E, 0x00, 0x10, 0x4C, 0x70, 0x00, 0x48, 0x70,
    0x00, 0x40, 0x65, 0x00, 0x3C, 0x65, 0x3E, 0x3C, 0x00, 0x00, 0x4C, 0x00, 0x00, 0x48, 0x00, 0x00,
    0x40, 0x00, 0x76, 0x4A, 0x70, 0x00, 0x46, 0x70, 0x00, 0x3E, 0x65, 0x00, 0x37, 0x65, 0x81, 0x1F,
    0x37, 0x00, 0x00, 0x4A, 0x00, 0x00, 0x46, 0x00, 0x00, 0x3E, 0x00, 0x15, 0x4C, 0x69, 0x00, 0x48,
    0x69, 0x00, 0x3E, 0x5E, 0x00, 0x37, 0x5E, 0x31, 0x37, 0x00, 0x00, 0x4C, 0x00, 0x00, 0x48, 0x00,
    0x00, 0x3E, 0x00, 0x0B, 0x4D, 0x67, 0x00, 0x4A, 0x67, 0x00, 0x3E, 0x5C, 0x00, 0x37, 0x5C, 0x39,
    0x37, 0x00, 0x00, 0x4D, 0x00, 0x00, 0x4A, 0x00, 0x00, 0x3E, 0x00, 0x03, 0x4D, 0x70, 0x00, 0x4A,
    0x70, 0x00, 0x40, 0x65, 0x00, 0x3C, 0x65, 0x6E, 0x3C, 0x00, 0x00, 0x4D, 0x00, 0x00, 0x4A, 0x00,
    0x00, 0x40, 0x00, 0x0A, 0x4C, 0x69, 0x00, 0x48, 0x69, 0x00, 0x40, 0x5E, 0x00, 0x3C, 0x5E, 0x43,
    0x3C, 0x00, 0x00, 0x4C, 0x00, 0x00, 0x48, 0x00, 0x00, 0x40, 0x00, 0x35, 0x3E, 0x65, 0x00, 0x4D,
    0x70, 0x00, 0x4A, 0x70, 0x00, 0x3A, 0x65, 0x59, 0x3A, 0x00, 0x00, 0x3E, 0x00, 0x00, 0x4D, 0x00,
    0x00, 0x4A, 0x00, 0x1F, 0x4C, 0x70, 0x00, 0x48, 0x70, 0x00, 0x40, 0x65, 0x00, 0x3C, 0x65, 0x30,
    0x3C, 0x00, 0x00, 0x4C, 0x00, 0x00, 0x48, 0x00, 0x00, 0x40, 0x00, 0x0C, 0x4A, 0x70, 0x00, 0x43,
    0x70, 0x00, 0x3E, 0x65, 0x00, 0x3A, 0x65, 0x2C, 0x3A, 0x00, 0x00, 0x4A, 0x00, 0x00, 0x43, 0x00,
    0x00, 0x3E, 0x00, 0x10, 0x4C, 0x70, 0x00, 0x48, 0x70, 0x00, 0x40, 0x65, 0x00, 0x3C, 0x65, 0x3E,
    0x3C, 0x00, 0x00, 0x4C, 0x00, 0x00, 0x48, 0x00, 0x00, 0x40, 0x00, 0x76, 0x4A, 0x70, 0x00, 0x46,
    0x70, 0x00, 0x3E, 0x65, 0x00, 0x37, 0x65, 0x81, 0x1F, 0x37, 0x00, 0x00, 0x4A, 0x00, 0x00, 0x46,
    0x00, 0x00, 0x3E, 0x00, 0x15, 0x4C, 0x69, 0x00, 0x48, 0x69, 0x00, 0x3E, 0x5E, 0x00, 0x37, 0x5E,
    0x31, 0x37, 0x00, 0x00, 0x4C, 0x00, 0x00, 0x48, 0x00, 0x00, 0x3E, 0x00, 0x0B, 0x4D, 0x67, 0x00,
    0x4A, 0x67, 0x00, 0x3E, 0x5C, 0x00, 0x37, 0x5C, 0x39, 0x37, 0x00, 0x00, 0x4D, 0x00, 0x00, 0x4A,
    0x00, 0x00, 0x3E, 0x00, 0x03, 0x4D, 0x70, 0x00, 0x4A, 0x70, 0x00, 0x40, 0x65, 0x00, 0x3C, 0x65,
    0x6E, 0x3C, 0x00, 0x00, 0x4D, 0x00, 0x00, 0x4A, 0x00, 0x00, 0x40, 0x00, 0x0A, 0x4C, 0x69, 0x00,
    0x48, 0x69, 0x00, 0x40, 0x5E, 0x00, 0x3C, 0x5E, 0x43, 0x3C, 0x00, 0x00, 0x4C, 0x00, 0x00, 0x48,
    0x00, 0x00, 0x40, 0x00, 0x35, 0x3E, 0x65, 0x00, 0x4D, 0x70, 0x00, 0x4A, 0x70, 0x00, 0x3A, 0x65,
    0x59, 0x3A, 0x00, 0x00, 0x3E, 0x00, 0x00, 0x4D, 0x00, 0x00, 0x4A, 0x00, 0x1F, 0x4C, 0x70, 0x00,
    0x48, 0x70, 0x00, 0x40, 0x65, 0x00, 0x3C, 0x65, 0x30, 0x3C, 0x00, 0x00, 0x4C, 0x00, 0x00, 0x48,
    0x00, 0x00, 0x40, 0x00, 0x0C, 0x4A, 0x70, 0x00, 0x43, 0x70, 0x00, 0x3E, 0x65, 0x00, 0x3A, 0x65,
    0x2C, 0x3A, 0x00, 0x00, 0x4A, 0x00, 0x00, 0x43, 0x00, 0x00, 0x3E, 0x00, 0x10, 0x4C, 0x70, 0x00,
    0x48, 0x70, 0x00, 0x40, 0x65, 0x00, 0x3C, 0x65, 0x3E, 0x3C, 0x00, 0x00, 0x4C, 0x00, 0x00, 0x48,
    0x00, 0x00, 0x40, 0x00, 0xF2, 0x2E, 0x3B, 0x65, 0x83, 0x5E, 0x3B, 0x00, 0x02, 0x39, 0x65, 0x83,
    0x58, 0x39, 0x00, 0x08, 0x3B, 0x5F, 0x83, 0x60, 0x39, 0x64, 0x01, 0x3B, 0x00, 0x83, 0x46, 0x39,
    0x00, 0x19, 0x3B, 0x65, 0x83, 0x5E, 0x3B, 0x00, 0x02, 0x39, 0x65, 0x83, 0x58, 0x39, 0x00, 0x08,
    0x3B, 0x5F, 0x83, 0x60, 0x39, 0x64, 0x01, 0x3B, 0x00, 0x83, 0x46, 0x39, 0x00, 0x19, 0x3B, 0x65,
    0x83, 0x5E, 0x3B, 0x00, 0x02, 0x39, 0x65, 0x83, 0x58, 0x39, 0x00, 0x08, 0x3B, 0x5F, 0x83, 0x60,
    0x39, 0x64, 0x01, 0x3B, 0x00, 0x83, 0x46, 0x39, 0x00, 0x19, 0x3B, 0x65, 0x83, 0x5E, 0x3B, 0x00,
    0x02, 0x39, 0x65, 0x83, 0x58, 0x39, 0x00, 0x81, 0x00, 0x4A, 0x70, 0x00, 0x46, 0x70, 0x00, 0x3E,
    0x65, 0x00, 0x37, 0x65, 0x81, 0x1F, 0x37, 0x00, 0x00, 0x4A, 0x00, 0x00, 0x46, 0x00, 0x00, 0x3E,
    0x00, 0x15, 0x4C, 0x69, 0x00, 0x48, 0x69, 0x00, 0x3E, 0x5E, 0x00, 0x37, 0x5E, 0x31, 0x37, 0x00,
    0x00, 0x4C, 0x00, 0x00, 0x48, 0x00, 0x00, 0x3E, 0x00, 0x0B, 0x4D, 0x67, 0x00, 0x4A, 0x67, 0x00,
    0x3E, 0x5C, 0x00, 0x37, 0x5C, 0x39, 0x37, 0x00, 0x00, 0x4D, 0x00, 0x00, 0x4A, 0x00, 0x00, 0x3E,
    0x00, 0x03, 0x4D, 0x70, 0x00, 0x4A, 0x70, 0x00, 0x40, 0x65, 0x00, 0x3C, 0x65, 0x6E, 0x3C, 0x00,
    0x00, 0x4D, 0x00, 0x00, 0x4A, 0x00, 0x00, 0x40, 0x00, 0x0A, 0x4C, 0x69, 0x00, 0x48, 0x69, 0x00,
    0x40, 0x5E, 0x00, 0x3C, 0x5E, 0x43, 0x3C, 0x00, 0x00, 0x4C, 0x00, 0x00, 0x48, 0x00, 0x00, 0x40,
    0x00, 0x35, 0x3E, 0x65, 0x00, 0x4D, 0x70, 0x00, 0x4A, 0x70, 0x00, 0x3A, 0x65, 0x59, 0x3A, 0x00,
    0x00, 0x3E, 0x00, 0x00, 0x4D, 0x00, 0x00, 0x4A, 0x00, 0x1F, 0x4C, 0x70, 0x00, 0x48, 0x70, 0x00,
    0x40, 0x65, 0x00, 0x3C, 0x65, 0x30, 0x3C, 0x00, 0x00, 0x4C, 0x00, 0x00, 0x48, 0x00, 0x00, 0x40,
    0x00, 0x0C, 0x4A, 0x70, 0x00, 0x43, 0x70, 0x00, 0x3E, 0x65, 0x00, 0x3A, 0x65, 0x2C, 0x3A, 0x00,
    0x00, 0x4A, 0x00, 0x00, 0x43, 0x00, 0x00, 0x3E, 0x00, 0x10, 0x4C, 0x70, 0x00, 0x48, 0x70, 0x00,
    0x40, 0x65, 0x00, 0x3C, 0x65, 0x3E, 0x3C, 0x00, 0x00, 0x4C, 0x00, 0x00, 0x48, 0x00, 0x00, 0x40,
    0x00, 0x76, 0x4A, 0x70, 0x00, 0x46, 0x70, 0x00, 0x3E, 0x65, 0x00, 0x37, 0x65, 0x81, 0x1F, 0x37,
    0x00, 0x00, 0x4A, 0x00, 0x00, 0x46, 0x00, 0x00, 0x3E, 0x00, 0x15, 0x4C, 0x69, 0x00, 0x48, 0x69,
    0x00, 0x3E, 0x5E, 0x00, 0x37, 0x5E, 0x31, 0x37, 0x00, 0x00, 0x4C, 0x00, 0x00, 0x48, 0x00, 0x00,
    0x3E, 0x00, 0x0B, 0x4D, 0x67, 0x00, 0x4A, 0x67, 0x00, 0x3E, 0x5C, 0x00, 0x37, 0x5C, 0x39, 0x37,
    0x00, 0x00, 0x4D, 0x00, 0x00, 0x4A, 0x00, 0x00, 0x3E, 0x00, 0x03, 0x4D, 0x70, 0x00, 0x4A, 0x70,
    0x00, 0x40, 0x65, 0x00, 0x3C, 0x65, 0x6E, 0x3C, 0x00, 0x00, 0x4D, 0x00, 0x00, 0x4A, 0x00, 0x00,
    0x40, 0x00, 0x0A, 0x4C, 0x69, 0x00, 0x48, 0x69, 0x00, 0x40, 0x5E, 0x00, 0x3C, 0x5E, 0x43, 0x3C,
    0x00, 0x00, 0x4C, 0x00, 0x00, 0x48, 0x00, 0x00, 0x40, 0x00, 0x35, 0x3E, 0x65, 0x00, 0x4D, 0x70,
    0x00, 0x4A, 0x70, 0x00, 0x3A, 0x65, 0x59, 0x3A, 0x00, 0x00, 0x3E, 0x00, 0x00, 0x4D, 0x00, 0x00,
    0x4A, 0x00, 0x1F, 0x4C, 0x70, 0x00, 0x48, 0x70, 0x00, 0x40, 0x65, 0x00, 0x3C, 0x65, 0x30, 0x3C,
    0x00, 0x00, 0x4C, 0x00, 0x00, 0x48, 0x00, 0x00, 0x40, 0x00, 0x0C, 0x4A, 0x70, 0x00, 0x43, 0x70,
    0x00, 0x3E, 0x65, 0x00, 0x3A, 0x65, 0x2C, 0x3A, 0x00, 0x00, 0x4A, 0x00, 0x00, 0x43, 0x00, 0x00,
    0x3E, 0x00, 0x10, 0x4C, 0x70, 0x00, 0x48, 0x70, 0x00, 0x40, 0x65, 0x00, 0x3C, 0x65, 0x3E, 0x3C,
    0x00, 0x00, 0x4C, 0x00, 0x00, 0x48, 0x00, 0x00, 0x40, 0x00, 0x76, 0x4A, 0x70, 0x00, 0x46, 0x70,
    0x00, 0x3E, 0x65, 0x00, 0x37, 0x65, 0x81, 0x1F, 0x37, 0x00, 0x00, 0x4A, 0x00, 0x00, 0x46, 0x00,
    0x00, 0x3E, 0x00, 0x15, 0x4C, 0x69, 0x00, 0x48, 0x69, 0x00, 0x3E, 0x5E, 0x00, 0x37, 0x5E, 0x31,
    0x37, 0x00, 0x00, 0x4C, 0x00, 0x00, 0x48, 0x00, 0x00, 0x3E, 0x00, 0x0B, 0x4D, 0x67, 0x00, 0x4A,
    0x67, 0x00, 0x3E, 0x5C, 0x00, 0x37, 0x5C, 0x39, 0x37, 0x00, 0x00, 0x4D, 0x00, 0x00, 0x4A, 0x00,
    0x00, 0x3E, 0x00, 0x03, 0x4D, 0x70, 0x00, 0x4A, 0x70, 0x00, 0x40, 0x65, 0x00, 0x3C, 0x65, 0x6E,
    0x3C, 0x00, 0x00, 0x4D, 0x00, 0x00, 0x4A, 0x00, 0x00, 0x40, 0x00, 0x0A, 0x4C, 0x69, 0x00, 0x48,
    0x69, 0x00, 0x40, 0x5E, 0x00, 0x3C, 0x5E, 0x43, 0x3C, 0x00, 0x00, 0x4C, 0x00, 0x00, 0x48, 0x00,
    0x00, 0x40, 0x00, 0x35, 0x3E, 0x65, 0x00, 0x4D, 0x70, 0x00, 0x4A, 0x70, 0x00, 0x3A, 0x65, 0x59,
    0x3A, 0x00, 0x00, 0x3E, 0x00, 0x00, 0x4D, 0x00, 0x00, 0x4A, 0x00, 0x1F, 0x4C, 0x70, 0x00, 0x48,
    0x70, 0x00, 0x40, 0x65, 0x00, 0x3C, 0x65, 0x30, 0x3C, 0x00, 0x00, 0x4C, 0x00, 0x00, 0x48, 0x00,
    0x00, 0x40, 0x00, 0x0C, 0x4A, 0x70, 0x00, 0x43, 0x70, 0x00, 0x3E, 0x65, 0x00, 0x3A, 0x65, 0x2C,
    0x3A, 0x00, 0x00, 0x4A, 0x00, 0x00, 0x43, 0x00, 0x00, 0x3E, 0x00, 0x10, 0x4C, 0x70, 0x00, 0x48,
    0x70, 0x00, 0x40, 0x65, 0x00, 0x3C, 0x65, 0x3E, 0x3C, 0x00, 0x00, 0x4C, 0x00, 0x00, 0x48, 0x00,
    0x00, 0x40, 0x00, 0x91, 0x66, 0x4A, 0x70, 0x00, 0x46, 0x70, 0x00, 0x3E, 0x65, 0x00, 0x37, 0x65,
    0x81, 0x1F, 0x37, 0x00, 0x00, 0x4A, 0x00, 0x00, 0x46, 0x00, 0x00, 0x3E, 0x00, 0x15, 0x4C, 0x69,
    0x00, 0x48, 0x69, 0x00, 0x3E, 0x5E, 0x00, 0x37, 0x5E, 0x31, 0x37, 0x00, 0x00, 0x4C, 0x00, 0x00,
    0x48, 0x00, 0x00, 0x3E, 0x00, 0x0B, 0x4D, 0x67, 0x00, 0x4A, 0x67, 0x00, 0x3E, 0x5C, 0x00, 0x37,
    0x5C, 0x39, 0x37, 0x00, 0x00, 0x4D, 0x00, 0x00, 0x4A, 0x00, 0x00, 0x3E, 0x00, 0x03, 0x4D, 0x70,
    0x00, 0x4A, 0x70, 0x00, 0x40, 0x65, 0x00, 0x3C, 0x65, 0x6E, 0x3C, 0x00, 0x00, 0x4D, 0x00, 0x00,
    0x4A, 0x00, 0x00, 0x40, 0x00, 0x0A, 0x4C, 0x69, 0x00, 0x48, 0x69, 0x00, 0x40, 0x5E, 0x00, 0x3C,
    0x5E, 0x43, 0x3C, 0x00, 0x00, 0x4C, 0x00, 0x00, 0x48, 0x00, 0x00, 0x40, 0x00, 0x35, 0x3E, 0x65,
    0x00, 0x4D, 0x70, 0x00, 0x4A, 0x70, 0x00, 0x3A, 0x65, 0x59, 0x3A, 0x00, 0x00, 0x3E, 0x00, 0x00,
    0x4D, 0x00, 0x00, 0x4A, 0x00, 0x1F, 0x4C, 0x70, 0x00, 0x48, 0x70, 0x00, 0x40, 0x65, 0x00, 0x3C,
    0x65, 0x30, 0x3C, 0x00, 0x00, 0x4C, 0x00, 0x00, 0x48, 0x00, 0x00, 0x40, 0x00, 0x0C, 0x4A, 0x70,
    0x00, 0x43, 0x70, 0x00, 0x3E, 0x65, 0x00, 0x3A, 0x65, 0x2C, 0x3A, 0x00, 0x00, 0x4A, 0x00, 0x00,
    0x43, 0x00, 0x00, 0x3E, 0x00, 0x10, 0x4C, 0x70, 0x00, 0x48, 0x70, 0x00, 0x40, 0x65, 0x00, 0x3C,
    0x65, 0x3E, 0x3C, 0x00, 0x00, 0x4C, 0x00, 0x00, 0x48, 0x00, 0x00, 0x40, 0x00, 0x76, 0x4A, 0x70,
    0x00, 0x46, 0x70, 0x00, 0x3E, 0x65, 0x00, 0x37, 0x65, 0x81, 0x1F, 0x37, 0x00, 0x00, 0x4A, 0x00,
    0x00, 0x46, 0x00, 0x00, 0x3E, 0x00, 0x15, 0x4C, 0x69, 0x00, 0x48, 0x69, 0x00, 0x3E, 0x5E, 0x00,
    0x37, 0x5E, 0x31, 0x37, 0x00, 0x00, 0x4C, 0x00, 0x00, 0x48, 0x00, 0x00, 0x3E, 0x00, 0x0B, 0x4D,
    0x67, 0x00, 0x4A, 0x67, 0x00, 0x3E, 0x5C, 0x00, 0x37, 0x5C, 0x39, 0x37, 0x00, 0x00, 0x4D, 0x00,
    0x00, 0x4A, 0x00, 0x00, 0x3E, 0x00, 0x03, 0x4D, 0x70, 0x00, 0x4A, 0x70, 0x00, 0x40, 0x65, 0x00,
    0x3C, 0x65, 0x6E, 0x3C, 0x00, 0x00, 0x4D, 0x00, 0x00, 0x4A, 0x00, 0x00, 0x40, 0x00, 0x0A, 0x4C,
    0x69, 0x00, 0x48, 0x69, 0x00, 0x40, 0x5E, 0x00, 0x3C, 0x5E, 0x43, 0x3C, 0x00, 0x00, 0x4C, 0x00,
    0x00, 0x48, 0x00, 0x00, 0x40, 0x00, 0x35, 0x3E, 0x65, 0x00, 0x4D, 0x70, 0x00, 0x4A, 0x70, 0x00,
    0x3A, 0x65, 0x59, 0x3A, 0x00, 0x00, 0x3E, 0x00, 0x00, 0x4D, 0x00, 0x00, 0x4A, 0x00, 0x1F, 0x4C,
    0x70, 0x00, 0x48, 0x70, 0x00, 0x40, 0x65, 0x00, 0x3C, 0x65, 0x30, 0x3C, 0x00, 0x00, 0x4C, 0x00,
    0x00, 0x48, 0x00, 0x00, 0x40, 0x00, 0x0C, 0x4A, 0x70, 0x00, 0x43, 0x70, 0x00, 0x3E, 0x65, 0x00,
    0x3A, 0x65, 0x2C, 0x3A, 0x00, 0x00, 0x4A, 0x00, 0x00, 0x43, 0x00, 0x00, 0x3E, 0x00, 0x10, 0x4C,
    0x70, 0x00, 0x48, 0x70, 0x00, 0x40, 0x65, 0x00, 0x3C, 0x65, 0x3E, 0x3C, 0x00, 0x00, 0x4C, 0x00,
    0x00, 0x48, 0x00, 0x00, 0x40, 0x00, 0x76, 0x4A, 0x70, 0x00, 0x46, 0x70, 0x00, 0x3E, 0x65, 0x00,
    0x37, 0x65, 0x81, 0x1F, 0x37, 0x00, 0x00, 0x4A, 0x00, 0x00, 0x46, 0x00, 0x00, 0x3E, 0x00, 0x15,
    0x4C, 0x69, 0x00, 0x48, 0x69, 0x00, 0x3E, 0x5E, 0x00, 0x37, 0x5E, 0x31, 0x37, 0x00, 0x00, 0x4C,
    0x00, 0x00, 0x48, 0x00, 0x00, 0x3E, 0x00, 0x0B, 0x4D, 0x67, 0x00, 0x4A, 0x67, 0x00, 0x3E, 0x5C,
    0x00, 0x37, 0x5C, 0x39, 0x37, 0x00, 0x00, 0x4D, 0x00, 0x00, 0x4A, 0x00, 0x00, 0x3E, 0x00, 0x03,
    0x4D, 0x70, 0x00, 0x4A, 0x70, 0x00, 0x40, 0x65, 0x00, 0x3C, 0x65, 0x6E, 0x3C, 0x00, 0x00, 0x4D,
    0x00, 0x00, 0x4A, 0x00, 0x00, 0x40, 0x00, 0x0A, 0x4C, 0x69, 0x00, 0x48, 0x69, 0x00, 0x40, 0x5E,
    0x00, 0x3C, 0x5E, 0x43, 0x3C, 0x00, 0x00, 0x4C, 0x00, 0x00, 0x48, 0x00, 0x00, 0x40, 0x00, 0x35,
    0x3E, 0x65, 0x00, 0x4D, 0x70, 0x00, 0x4A, 0x70, 0x00, 0x3A, 0x65, 0x59, 0x3A, 0x00, 0x00, 0x3E,
    0x00, 0x00, 0x4D, 0x00, 0x00, 0x4A, 0x00, 0x1F, 0x4C, 0x70, 0x00, 0x48, 0x70, 0x00, 0x40, 0x65,
    0x00, 0x3C, 0x65, 0x30, 0x3C, 0x00, 0x00, 0x4C, 0x00, 0x00, 0x48, 0x00, 0x00, 0x40, 0x00, 0x0C,
    0x4A, 0x70, 0x00, 0x43, 0x70, 0x00, 0x3E, 0x65, 0x00, 0x3A, 0x65, 0x2C, 0x3A, 0x00, 0x00, 0x4A,
    0x00, 0x00, 0x43, 0x00, 0x00, 0x3E, 0x00, 0x10, 0x4C, 0x70, 0x00, 0x48, 0x70, 0x00, 0x40, 0x65,
    0x00, 0x3C, 0x65, 0x3E, 0x3C, 0x00, 0x00, 0x4C, 0x00, 0x00, 0x48, 0x00, 0x00, 0x40, 0x00, 0x76,
    0x4A, 0x70, 0x00, 0x46, 0x70, 0x00, 0x3E, 0x65, 0x00, 0x37, 0x65, 0x81, 0x1F, 0x37, 0x00, 0x00,
    0x4A, 0x00, 0x00, 0x46, 0x00, 0x00, 0x3E, 0x00, 0x15, 0x4C, 0x69, 0x00, 0x48, 0x69, 0x00, 0x3E,
    0x5E, 0x00, 0x37, 0x5E, 0x31, 0x37, 0x00, 0x00, 0x4C, 0x00, 0x00, 0x48, 0x00, 0x00, 0x3E, 0x00,
    0x0B, 0x4D, 0x67, 0x00, 0x4A, 0x67, 0x00, 0x3E, 0x5C, 0x00, 0x37, 0x5C, 0x39, 0x37, 0x00, 0x00,
    0x4D, 0x00, 0x00, 0x4A, 0x00, 0x00, 0x3E, 0x00, 0x03, 0x4D, 0x70, 0x00, 0x4A, 0x70, 0x00, 0x40,
    0x65, 0x00, 0x3C, 0x65, 0x6E, 0x3C, 0x00, 0x00, 0x4D, 0x00, 0x00, 0x4A, 0x00, 0x00, 0x40, 0x00,
    0x0A, 0x4C, 0x69, 0x00, 0x48, 0x69, 0x00, 0x40, 0x5E, 0x00, 0x3C, 0x5E, 0x43, 0x3C, 0x00, 0x00,
    0x4C, 0x00, 0x00, 0x48, 0x00, 0x00, 0x40, 0x00, 0x35, 0x3E, 0x65, 0x00, 0x4D, 0x70, 0x00, 0x4A,
    0x70, 0x00, 0x3A, 0x65, 0x59, 0x3A, 0x00, 0x00, 0x3E, 0x00, 0x00, 0x4D, 0x00, 0x00, 0x4A, 0x00,
    0x1F, 0x4C, 0x70, 0x00, 0x48, 0x70, 0x00, 0x40, 0x65, 0x00, 0x3C, 0x65, 0x30, 0x3C, 0x00, 0x00,
    0x4C, 0x00, 0x00, 0x48, 0x00, 0x00, 0x40, 0x00, 0x0C, 0x4A, 0x70, 0x00, 0x43, 0x70, 0x00, 0x3E,
    0x65, 0x00, 0x3A, 0x65, 0x2C, 0x3A, 0x00, 0x00, 0x4A, 0x00, 0x00, 0x43, 0x00, 0x00, 0x3E, 0x00,
    0x10, 0x4C, 0x70, 0x00, 0x48, 0x70, 0x00, 0x40, 0x65, 0x00, 0x3C, 0x65, 0x3E, 0x3C, 0x00, 0x00,
    0x4C, 0x00, 0x00, 0x48, 0x00, 0x00, 0x40, 0x00, 0x76, 0x4A, 0x70, 0x00, 0x46, 0x70, 0x00, 0x3E,
    0x65, 0x00, 0x37, 0x65, 0x81, 0x1F, 0x37, 0x00, 0x00, 0x4A, 0x00, 0x00, 0x46, 0x00, 0x00, 0x3E,
    0x00, 0x15, 0x4C, 0x69, 0x00, 0x48, 0x69, 0x00, 0x3E, 0x5E, 0x00, 0x37, 0x5E, 0x31, 0x37, 0x00,
    0x00, 0x4C, 0x00, 0x00, 0x48, 0x00, 0x00, 0x3E, 0x00, 0x0B, 0x4D, 0x67, 0x00, 0x4A, 0x67, 0x00,
    0x3E, 0x5C, 0x00, 0x37, 0x5C, 0x39, 0x37, 0x00, 0x00, 0x4D, 0x00, 0x00, 0x4A, 0x00, 0x00, 0x3E,
    0x00, 0x03, 0x4D, 0x70, 0x00, 0x4A, 0x70, 0x00, 0x40, 0x65, 0x00, 0x3C, 0x65, 0x6E, 0x3C, 0x00,
    0x00, 0x4D, 0x00, 0x00, 0x4A, 0x00, 0x00, 0x40, 0x00, 0x0A, 0x4C, 0x69, 0x00, 0x48, 0x69, 0x00,
    0x40, 0x5E, 0x00, 0x3C, 0x5E, 0x43, 0x3C, 0x00, 0x00, 0x4C, 0x00, 0x00, 0x48, 0x00, 0x00, 0x40,
    0x00, 0x35, 0x3E, 0x65, 0x00, 0x4D, 0x70, 0x00, 0x4A, 0x70, 0x00, 0x3A, 0x65, 0x59, 0x3A, 0x00,
    0x00, 0x3E, 0x00, 0x00, 0x4D, 0x00, 0x00, 0x4A, 0x00, 0x1F, 0x4C, 0x70, 0x00, 0x48, 0x70, 0x00,
    0x40, 0x65, 0x00, 0x3C, 0x65, 0x30, 0x3C, 0x00, 0x00, 0x4C, 0x00, 0x00, 0x48, 0x00, 0x00, 0x40,
    0x00, 0x0C, 0x4A, 0x70, 0x00, 0x43, 0x70, 0x00, 0x3E, 0x65, 0x00, 0x3A, 0x65, 0x2C, 0x3A, 0x00,
    0x00, 0x4A, 0x00, 0x00, 0x43, 0x00, 0x00, 0x3E, 0x00, 0x10, 0x4C, 0x70, 0x00, 0x48, 0x70, 0x00,
    0x40, 0x65, 0x00, 0x3C, 0x65, 0x3C, 0xB4, 0x0B, 0x6E, 0x02, 0x94, 0x3C, 0x00, 0x00, 0x4C, 0x00,
    0x00, 0x48, 0x00, 0x00, 0x40, 0x00, 0x29, 0xB4, 0x0B, 0x6D, 0x2C, 0x0B, 0x6C, 0x21, 0x94, 0x4A,
    0x70, 0x00, 0x46, 0x70, 0x00, 0x3E, 0x65, 0x00, 0x37, 0x65, 0x0A, 0xB4, 0x0B, 0x6B, 0x2C, 0x0B,
    0x6A, 0x2C, 0x0B, 0x69, 0x2B, 0x0B, 0x68, 0x12, 0x94, 0x37, 0x00, 0x00, 0x4A, 0x00, 0x00, 0x46,
    0x00, 0x00, 0x3E, 0x00, 0x15, 0x4C, 0x69, 0x00, 0x48, 0x69, 0x00, 0x3E, 0x5E, 0x00, 0x37, 0x5E,
    0x05, 0xB4, 0x0B, 0x67, 0x2B, 0x0B, 0x66, 0x01, 0x94, 0x37, 0x00, 0x00, 0x4C, 0x00, 0x00, 0x48,
    0x00, 0x00, 0x3E, 0x00, 0x0B, 0x4D, 0x67, 0x00, 0x4A, 0x67, 0x00, 0x3E, 0x5C, 0x00, 0x37, 0x5C,
    0x20, 0xB4, 0x0B, 0x65, 0x19, 0x94, 0x37, 0x00, 0x00, 0x4D, 0x00, 0x00, 0x4A, 0x00, 0x00, 0x3E,
    0x00, 0x03, 0x4D, 0x70, 0x00, 0x4A, 0x70, 0x00, 0x40, 0x65, 0x00, 0x3C, 0x65, 0x10, 0xB4, 0x0B,
    0x64, 0x2B, 0x0B, 0x63, 0x2C, 0x0B, 0x62, 0x07, 0x94, 0x3C, 0x00, 0x00, 0x4D, 0x00, 0x00, 0x4A,
    0x00, 0x00, 0x40, 0x00, 0x0A, 0x4C, 0x69, 0x00, 0x48, 0x69, 0x00, 0x40, 0x5E, 0x00, 0x3C, 0x5E,
    0x1B, 0xB4, 0x0B, 0x61, 0x28, 0x94, 0x3C, 0x00, 0x00, 0x4C, 0x00, 0x00, 0x48, 0x00, 0x00, 0x40,
    0x00, 0x03, 0xB4, 0x0B, 0x60, 0x2C, 0x0B, 0x5F, 0x06, 0x94, 0x3E, 0x65, 0x00, 0x4D, 0x70, 0x00,
    0x4A, 0x70, 0x00, 0x3A, 0x65, 0x25, 0xB4, 0x0B, 0x5E, 0x2C, 0x0B, 0x5D, 0x08, 0x94, 0x3A, 0x00,
    0x00, 0x3E, 0x00, 0x00, 0x4D, 0x00, 0x00, 0x4A, 0x00, 0x1F, 0x4C, 0x70, 0x00, 0x48, 0x70, 0x00,
    0x40, 0x65, 0x00, 0x3C, 0x65, 0x05, 0xB4, 0x0B, 0x5C, 0x2B, 0x94, 0x3C, 0x00, 0x00, 0x4C, 0x00,
    0x00, 0x48, 0x00, 0x00, 0x40, 0x00, 0x00, 0xB4, 0x0B, 0x5B, 0x0C, 0x94, 0x4A, 0x70, 0x00, 0x43,
    0x70, 0x00, 0x3E, 0x65, 0x00, 0x3A, 0x65, 0x20, 0xB4, 0x0B, 0x5A, 0x0C, 0x94, 0x3A, 0x00, 0x00,
    0x4A, 0x00, 0x00, 0x43, 0x00, 0x00, 0x3E, 0x00, 0x10, 0x4C, 0x70, 0x00, 0x48, 0x70, 0x00, 0x40,
    0x65, 0x00, 0x3C, 0x65, 0x0F, 0xB4, 0x0B, 0x59, 0x2C, 0x0B, 0x58, 0x03, 0x94, 0x3C, 0x00, 0x00,
    0x4C, 0x00, 0x00, 0x48, 0x00, 0x00, 0x40, 0x00, 0x29, 0xB4, 0x0B, 0x57, 0x2B, 0x0B, 0x56, 0x22,
    0x94, 0x4A, 0x70, 0x00, 0x46, 0x70, 0x00, 0x3E, 0x65, 0x00, 0x37, 0x65, 0x0A, 0xB4, 0x0B, 0x55,
    0x2C, 0x0B, 0x54, 0x2B, 0x0B, 0x53, 0x2C, 0x0B, 0x52, 0x12, 0x94, 0x37, 0x00, 0x00, 0x4A, 0x00,
    0x00, 0x46, 0x00, 0x00, 0x3E, 0x00, 0x15, 0x4C, 0x69, 0x00, 0x48, 0x69, 0x00, 0x3E, 0x5E, 0x00,
    0x37, 0x5E, 0x04, 0xB4, 0x0B, 0x51, 0x2C, 0x0B, 0x50, 0x01, 0x94, 0x37, 0x00, 0x00, 0x4C, 0x00,
    0x00, 0x48, 0x00, 0x00, 0x3E, 0x00, 0x0B, 0x4D, 0x67, 0x00, 0x4A, 0x67, 0x00, 0x3E, 0x5C, 0x00,
    0x37, 0x5C, 0x20, 0xB4, 0x0B, 0x4F, 0x19, 0x94, 0x37, 0x00, 0x00, 0x4D, 0x00, 0x00, 0x4A, 0x00,
    0x00, 0x3E, 0x00, 0x03, 0x4D, 0x70, 0x00, 0x4A, 0x70, 0x00, 0x40, 0x65, 0x00, 0x3C, 0x65, 0x0F,
    0xB4, 0x0B, 0x4E, 0x2C, 0x0B, 0x4D, 0x2C, 0x0B, 0x4C, 0x07, 0x94, 0x3C, 0x00, 0x00, 0x4D, 0x00,
    0x00, 0x4A, 0x00, 0x00, 0x40, 0x00, 0x0A, 0x4C, 0x69, 0x00, 0x48, 0x69, 0x00, 0x40, 0x5E, 0x00,
    0x3C, 0x5E, 0x1A, 0xB4, 0x0B, 0x4B, 0x29, 0x94, 0x3C, 0x00, 0x00, 0x4C, 0x00, 0x00, 0x48, 0x00,
    0x00, 0x40, 0x00, 0x03, 0xB4, 0x0B, 0x4A, 0x2B, 0x0B, 0x49, 0x07, 0x94, 0x3E, 0x65, 0x00, 0x4D,
    0x70, 0x00, 0x4A, 0x70, 0x00, 0x3A, 0x65, 0x25, 0xB4, 0x0B, 0x48, 0x2C, 0x0B, 0x47, 0x08, 0x94,
    0x3A, 0x00, 0x00, 0x3E, 0x00, 0x00, 0x4D, 0x00, 0x00, 0x4A, 0x00, 0x1F, 0x4C, 0x70, 0x00, 0x48,
    0x70, 0x00, 0x40, 0x65, 0x00, 0x3C, 0x65, 0x04, 0xB4, 0x0B, 0x46, 0x2C, 0x94, 0x3C, 0x00, 0x00,
    0x4C, 0x00, 0x00, 0x48, 0x00, 0x00, 0x40, 0x00, 0x00, 0xB4, 0x0B, 0x45, 0x0C, 0x94, 0x4A, 0x70,
    0x00, 0x43, 0x70, 0x00, 0x3E, 0x65, 0x00, 0x3A, 0x65, 0x1F, 0xB4, 0x0B, 0x44, 0x0D, 0x94, 0x3A,
    0x00, 0x00, 0x4A, 0x00, 0x00, 0x43, 0x00, 0x00, 0x3E, 0x00, 0x10, 0x4C, 0x70, 0x00, 0x48, 0x70,
    0x00, 0x40, 0x65, 0x00, 0x3C, 0x65, 0x0F, 0xB4, 0x0B, 0x43, 0x2C, 0x0B, 0x42, 0x03, 0x94, 0x3C,
    0x00, 0x00, 0x4C, 0x00, 0x00, 0x48, 0x00, 0x00, 0x40, 0x00, 0x28, 0xB4, 0x0B, 0x41, 0x2C, 0x0B,
    0x40, 0x22, 0x94, 0x4A, 0x70, 0x00, 0x46, 0x70, 0x00, 0x3E, 0x65, 0x00, 0x37, 0x65, 0x0A, 0xB4,
    0x0B, 0x3F, 0x2B, 0x0B, 0x3E, 0x2C, 0x0B, 0x3D, 0x2B, 0x0B, 0x3C, 0x13, 0x94, 0x37, 0x00, 0x00,
    0x4A, 0x00, 0x00, 0x46, 0x00, 0x00, 0x3E, 0x00, 0x15, 0x4C, 0x69, 0x00, 0x48, 0x69, 0x00, 0x3E,
    0x5E, 0x00, 0x37, 0x5E, 0x04, 0xB4, 0x0B, 0x3B, 0x2C, 0x0B, 0x3A, 0x01, 0x94, 0x37, 0x00, 0x00,
    0x4C, 0x00, 0x00, 0x48, 0x00, 0x00, 0x3E, 0x00, 0x0B, 0x4D, 0x67, 0x00, 0x4A, 0x67, 0x00, 0x3E,
    0x5C, 0x00, 0x37, 0x5C, 0x1F, 0xB4, 0x0B, 0x39, 0x1A, 0x94, 0x37, 0x00, 0x00, 0x4D, 0x00, 0x00,
    0x4A, 0x00, 0x00, 0x3E, 0x00, 0x03, 0x4D, 0x70, 0x00, 0x4A, 0x70, 0x00, 0x40, 0x65, 0x00, 0x3C,
    0x65, 0x0F, 0xB4, 0x0B, 0x38, 0x2C, 0x0B, 0x37, 0x2B, 0x0B, 0x36, 0x08, 0x94, 0x3C, 0x00, 0x00,
    0x4D, 0x00, 0x00, 0x4A, 0x00, 0x00, 0x40, 0x00, 0x0A, 0x4C, 0x69, 0x00, 0x48, 0x69, 0x00, 0x40,
    0x5E, 0x00, 0x3C, 0x5E, 0x1A, 0xB4, 0x0B, 0x35, 0x29, 0x94, 0x3C, 0x00, 0x00, 0x4C, 0x00, 0x00,
    0x48, 0x00, 0x00, 0x40, 0x00, 0x02, 0xB4, 0x0B, 0x34, 0x2C, 0x0B, 0x33, 0x07, 0x94, 0x3E, 0x65,
    0x00, 0x4D, 0x70, 0x00, 0x4A, 0x70, 0x00, 0x3A, 0x65, 0x25, 0xB4, 0x0B, 0x32, 0x2B, 0x0B, 0x31,
    0x09, 0x94, 0x3A, 0x00, 0x00, 0x3E, 0x00, 0x00, 0x4D, 0x00, 0x00, 0x4A, 0x00, 0x1F, 0x4C, 0x70,
    0x00, 0x48, 0x70, 0x00, 0x40, 0x65, 0x00, 0x3C, 0x65, 0x04, 0xB4, 0x0B, 0x30, 0x2B, 0x0B, 0x2F,
    0x01, 0x94, 0x3C, 0x00, 0x00, 0x4C, 0x00, 0x00, 0x48, 0x00, 0x00, 0x40, 0x00, 0x0C, 0x4A, 0x70,
    0x00, 0x43, 0x70, 0x00, 0x3E, 0x65, 0x00, 0x3A, 0x65, 0x1F, 0xB4, 0x0B, 0x2E, 0x0D, 0x94, 0x3A,
    0x00, 0x00, 0x4A, 0x00, 0x00, 0x43, 0x00, 0x00, 0x3E, 0x00, 0x10, 0x4C, 0x70, 0x00, 0x48, 0x70,
    0x00, 0x40, 0x65, 0x00, 0x3C, 0x65, 0x0F, 0xB4, 0x0B, 0x2D, 0x2B, 0x0B, 0x2C, 0x04, 0x94, 0x3C,
    0x00, 0x00, 0x4C, 0x00, 0x00, 0x48, 0x00, 0x00, 0x40, 0x00, 0x28, 0xB4, 0x0B, 0x2B, 0x2C, 0x0B,
    0x2A, 0x22, 0x94, 0x4A, 0x70, 0x00, 0x46, 0x70, 0x00, 0x3E, 0x65, 0x00, 0x37, 0x65, 0x09, 0xB4,
    0x0B, 0x29, 0x2C, 0x0B, 0x28, 0x2B, 0x0B, 0x27, 0x2C, 0x0B, 0x26, 0x13, 0x94, 0x37, 0x00, 0x00,
    0x4A, 0x00, 0x00, 0x46, 0x00, 0x00, 0x3E, 0x00, 0x15, 0x4C, 0x69, 0x00, 0x48, 0x69, 0x00, 0x3E,
    0x5E, 0x00, 0x37, 0x5E, 0x04, 0xB4, 0x0B, 0x25, 0x2B, 0x0B, 0x24, 0x02, 0x94, 0x37, 0x00, 0x00,
    0x4C, 0x00, 0x00, 0x48, 0x00, 0x00, 0x3E, 0x00, 0x0B, 0x4D, 0x67, 0x00, 0x4A, 0x67, 0x00, 0x3E,
    0x5C, 0x00, 0x37, 0x5C, 0x1F, 0xB4, 0x0B, 0x23, 0x1A, 0x94, 0x37, 0x00, 0x00, 0x4D, 0x00, 0x00,
    0x4A, 0x00, 0x00, 0x3E, 0x00, 0x03, 0x4D, 0x70, 0x00, 0x4A, 0x70, 0x00, 0x40, 0x65, 0x00, 0x3C,
    0x65, 0x0E, 0xB4, 0x0B, 0x22, 0x2C, 0x0B, 0x21, 0x2C, 0x0B, 0x20, 0x08, 0x94, 0x3C, 0x00, 0x00,
    0x4D, 0x00, 0x00, 0x4A, 0x00, 0x00, 0x40, 0x00, 0x0A, 0x4C, 0x69, 0x00, 0x48, 0x69, 0x00, 0x40,
    0x5E, 0x00, 0x3C, 0x5E, 0x19, 0xB4, 0x0B, 0x1F, 0x2A, 0x94, 0x3C, 0x00, 0x00, 0x4C, 0x00, 0x00,
    0x48, 0x00, 0x00, 0x40, 0x00, 0x02, 0xB4, 0x0B, 0x1E, 0x2C, 0x0B, 0x1D, 0x07, 0x94, 0x3E, 0x65,
    0x00, 0x4D, 0x70, 0x00, 0x4A, 0x70, 0x00, 0x3A, 0x65, 0x24, 0xB4, 0x0B, 0x1C, 0x2C, 0x0B, 0x1B,
    0x09, 0x94, 0x3A, 0x00, 0x00, 0x3E, 0x00, 0x00, 0x4D, 0x00, 0x00, 0x4A, 0x00, 0x1F, 0x4C, 0x70,
    0x00, 0x48, 0x70, 0x00, 0x40, 0x65, 0x00, 0x3C, 0x65, 0x03, 0xB4, 0x0B, 0x1A, 0x2C, 0x0B, 0x19,
    0x01, 0x94, 0x3C, 0x00, 0x00, 0x4C, 0x00, 0x00, 0x48, 0x00, 0x00, 0x40, 0x00, 0x0C, 0x4A, 0x70,
    0x00, 0x43, 0x70, 0x00, 0x3E, 0x65, 0x00, 0x3A, 0x65, 0x1F, 0xB4, 0x0B, 0x18, 0x0D, 0x94, 0x3A,
    0x00, 0x00, 0x4A, 0x00, 0x00, 0x43, 0x00, 0x00, 0x3E, 0x00, 0x10, 0x4C, 0x70, 0x00, 0x48, 0x70,
    0x00, 0x40, 0x65, 0x00, 0x3C, 0x65, 0x0E, 0xB4, 0x0B, 0x17, 0x2C, 0x0B, 0x16, 0x04, 0x94, 0x3C,
    0x00, 0x00, 0x4C, 0x00, 0x00, 0x48, 0x00, 0x00, 0x40, 0x00, 0x28, 0xB4, 0x0B, 0x15, 0x2B, 0x0B,
    0x14, 0x23, 0x94, 0x4A, 0x70, 0x00, 0x46, 0x70, 0x00, 0x3E, 0x65, 0x00, 0x37, 0x65, 0x09, 0xB4,
    0x0B, 0x13, 0x2B, 0x0B, 0x12, 0x2C, 0x0B, 0x11, 0x2C, 0x0B, 0x10, 0x13, 0x94, 0x37, 0x00, 0x00,
    0x4A, 0x00, 0x00, 0x46, 0x00, 0x00, 0x3E, 0x00, 0x15, 0x4C, 0x69, 0x00, 0x48, 0x69, 0x00, 0x3E,
    0x5E, 0x00, 0x37, 0x5E, 0x03, 0xB4, 0x0B, 0x0F, 0x2C, 0x0B, 0x0E, 0x02, 0x94, 0x37, 0x00, 0x00,
    0x4C, 0x00, 0x00, 0x48, 0x00, 0x00, 0x3E, 0x00, 0x0B, 0x4D, 0x67, 0x00, 0x4A, 0x67, 0x00, 0x3E,
    0x5C, 0x00, 0x37, 0x5C, 0x1E, 0xB4, 0x0B, 0x0D, 0x1B, 0x94, 0x37, 0x00, 0x00, 0x4D, 0x00, 0x00,
    0x4A, 0x00, 0x00, 0x3E, 0x00, 0x03, 0x4D, 0x70, 0x00, 0x4A, 0x70, 0x00, 0x40, 0x65, 0x00, 0x3C,
    0x65, 0x0E, 0xB4, 0x0B, 0x0C, 0x2C, 0x0B, 0x0B, 0x2B, 0x0B, 0x0A, 0x09, 0x94, 0x3C, 0x00, 0x00,
    0x4D, 0x00, 0x00, 0x4A, 0x00, 0x00, 0x40, 0x00, 0x0A, 0x4C, 0x69, 0x00, 0x48, 0x69, 0x00, 0x40,
    0x5E, 0x00, 0x3C, 0x5E, 0x19, 0xB4, 0x0B, 0x09, 0x2A, 0x94, 0x3C, 0x00, 0x00, 0x4C, 0x00, 0x00,
    0x48, 0x00, 0x00, 0x40, 0x00, 0x02, 0xB4, 0x0B, 0x08, 0x2B, 0x0B, 0x07, 0x08, 0x94, 0x3E, 0x65,
    0x00, 0x4D, 0x70, 0x00, 0x4A, 0x70, 0x00, 0x3A, 0x65, 0x24, 0xB4, 0x0B, 0x06, 0x2B, 0x0B, 0x05,
    0x0A, 0x94, 0x3A, 0x00, 0x00, 0x3E, 0x00, 0x00, 0x4D, 0x00, 0x00, 0x4A, 0x00, 0x1F, 0x4C, 0x70,
    0x00, 0x48, 0x70, 0x00, 0x40, 0x65, 0x00, 0x3C, 0x65, 0x03, 0xB4, 0x0B, 0x04, 0x2C, 0x0B, 0x03,
    0x01, 0x94, 0x3C, 0x00, 0x00, 0x4C, 0x00, 0x00, 0x48, 0x00, 0x00, 0x40, 0x00, 0x0C, 0x4A, 0x70,
    0x00, 0x43, 0x70, 0x00, 0x3E, 0x65, 0x00, 0x3A, 0x65, 0x1E, 0xB4, 0x0B, 0x02, 0x0E, 0x94, 0x3A,
    0x00, 0x00, 0x4A, 0x00, 0x00, 0x43, 0x00, 0x00, 0x3E, 0x00, 0x10, 0x4C, 0x70, 0x00, 0x48, 0x70,
    0x00, 0x40, 0x65, 0x00, 0x3C, 0x65, 0x0E, 0xB4, 0x0B, 0x01, 0x2C, 0x0B, 0x00, 0x04, 0x94, 0x3C,
    0x00, 0x00, 0x4C, 0x00, 0x00, 0x48, 0x00, 0x00, 0x40, 0x00, 0x00, 0xFF, 0x2F, 0x00, 0x4D, 0x54,
    0x72, 0x6B, 0x00, 0x00, 0x01, 0x2D, 0x00, 0xFF, 0x21, 0x01, 0x00, 0x00, 0xFF, 0x03, 0x03, 0x34,
    0x39, 0x20, 0x00, 0xB5, 0x07, 0x5F, 0x00, 0x0A, 0x2D, 0x02, 0x79, 0x00, 0x02, 0x00, 0x00, 0x02,
    0x20, 0x00, 0x02, 0x0B, 0x6E, 0x02, 0xC5, 0x31, 0x02, 0xB5, 0x5B, 0x41, 0x02, 0x5D, 0x00, 0x02,
    0xE5, 0x00, 0x40, 0x02, 0xB5, 0x65, 0x00, 0x02, 0x64, 0x00, 0x02, 0x06, 0x0C, 0x02, 0xE5, 0x00,
    0x40, 0x02, 0xB5, 0x63, 0x01, 0x02, 0x62, 0x20, 0x02, 0x06, 0x40, 0x02, 0x62, 0x21, 0x02, 0x06,
    0x40, 0x02, 0x62, 0x63, 0x02, 0x06, 0x40, 0x02, 0x62, 0x64, 0x02, 0x06, 0x40, 0x02, 0x62, 0x66,
    0x02, 0x06, 0x40, 0xEA, 0x42, 0x95, 0x40, 0x46, 0x6B, 0x40, 0x00, 0x0D, 0x40, 0x49, 0x78, 0x40,
    0x00, 0x83, 0x60, 0x41, 0x46, 0x6B, 0x41, 0x00, 0x0D, 0x40, 0x46, 0x6B, 0x40, 0x00, 0x0D, 0x40,
    0x46, 0x6B, 0x40, 0x00, 0x0D, 0x40, 0x49, 0x78, 0x40, 0x00, 0x85, 0x50, 0x40, 0x46, 0x6B, 0x40,
    0x00, 0x0D, 0x40, 0x49, 0x78, 0x40, 0x00, 0x83, 0x60, 0x41, 0x46, 0x6B, 0x41, 0x00, 0x0D, 0x40,
    0x46, 0x6B, 0x40, 0x00, 0x0D, 0x40, 0x46, 0x6B, 0x40, 0x00, 0x0D, 0x40, 0x49, 0x78, 0x40, 0x00,
    0x83, 0x60, 0x41, 0x46, 0x6B, 0x41, 0x00, 0x0D, 0x40, 0x46, 0x6B, 0x40, 0x00, 0x0D, 0x40, 0x46,
    0x6B, 0x40, 0x00, 0x0D, 0x40, 0x49, 0x78, 0x40, 0x00, 0x81, 0x9D, 0x40, 0x40, 0x46, 0x6B, 0x40,
    0x00, 0x0D, 0x40, 0x49, 0x78, 0x40, 0x00, 0x83, 0x60, 0x41, 0x46, 0x6B, 0x41, 0x00, 0x0D, 0x40,
    0x46, 0x6B, 0x40, 0x00, 0x0D, 0x40, 0x46, 0x6B, 0x40, 0x00, 0x0D, 0x40, 0x49, 0x78, 0x40, 0x00,
    0x85, 0x50, 0x40, 0x46, 0x6B, 0x40, 0x00, 0x0D, 0x40, 0x49, 0x78, 0x40, 0x00, 0x83, 0x60, 0x41,
    0x46, 0x6B, 0x41, 0x00, 0x0D, 0x40, 0x46, 0x6B, 0x40, 0x00, 0x0D, 0x40, 0x46, 0x6B, 0x40, 0x00,
    0x0D, 0x40, 0x49, 0x78, 0x40, 0x00, 0x83, 0x60, 0x41, 0x46, 0x6B, 0x41, 0x00, 0x0D, 0x40, 0x46,
    0x6B, 0x40, 0x00, 0x0D, 0x40, 0x46, 0x6B, 0x40, 0x00, 0x0D, 0x40, 0x49, 0x78, 0x40, 0x00, 0x00,
    0xFF, 0x2F, 0x00, 0x4D, 0x54, 0x72, 0x6B, 0x00, 0x00, 0x04, 0xE6, 0x00, 0xFF, 0x21, 0x01, 0x00,
    0x00, 0xFF, 0x03, 0x03, 0x39, 0x35, 0x20, 0x00, 0xB6, 0x07, 0x50, 0x00, 0x0A, 0x42, 0x02, 0x79,
    0x00, 0x02, 0x00, 0x00, 0x02, 0x20, 0x00, 0x02, 0x0B, 0x6E, 0x02, 0xC6, 0x5F, 0x02, 0xB6, 0x5B,
    0x37, 0x02, 0x5D, 0x00, 0x02, 0xE6, 0x00, 0x40, 0x02, 0xB6, 0x65, 0x00, 0x02, 0x64, 0x00, 0x02,
    0x06, 0x0C, 0x02, 0xE6, 0x00, 0x40, 0x02, 0xB6, 0x63, 0x01, 0x02, 0x62, 0x20, 0x02, 0x06, 0x40,
    0x02, 0x62, 0x21, 0x02, 0x06, 0x40, 0x02, 0x62, 0x63, 0x02, 0x06, 0x40, 0x02, 0x62, 0x64, 0x02,
    0x06, 0x40, 0x02, 0x62, 0x66, 0x02, 0x06, 0x40, 0x85, 0x15, 0x96, 0x54, 0x47, 0x81, 0x1E, 0x43,
    0x20, 0x12, 0x48, 0x27, 0x16, 0x4C, 0x2C, 0x05, 0x43, 0x00, 0x09, 0x48, 0x00, 0x00, 0x4F, 0x37,
    0x11, 0x4C, 0x00, 0x0E, 0x4F, 0x00, 0x85, 0x4C, 0x54, 0x00, 0x0E, 0x53, 0x51, 0x6A, 0x54, 0x58,
    0x05, 0x53, 0x00, 0x37, 0x4F, 0x6C, 0x10, 0x54, 0x00, 0x82, 0x66, 0x4F, 0x00, 0x83, 0x24, 0x4C,
    0x59, 0x3A, 0x4C, 0x00, 0x00, 0x4D, 0x5A, 0x3A, 0x4C, 0x59, 0x04, 0x4D, 0x00, 0x31, 0x4C, 0x00,
    0x05, 0x4A, 0x54, 0x3F, 0x4D, 0x5A, 0x04, 0x4A, 0x00, 0x83, 0x5A, 0x4D, 0x00, 0x85, 0x54, 0x4C,
    0x58, 0x74, 0x4C, 0x00, 0x04, 0x4F, 0x55, 0x70, 0x4F, 0x00, 0x09, 0x4C, 0x56, 0x70, 0x4C, 0x00,
    0x04, 0x4A, 0x53, 0x32, 0x4A, 0x00, 0x0E, 0x4F, 0x5A, 0x85, 0x7C, 0x4F, 0x00, 0xBE, 0x75, 0x4F,
    0x42, 0x62, 0x4F, 0x00, 0x12, 0x4F, 0x51, 0x59, 0x4F, 0x00, 0x24, 0x4F, 0x47, 0x54, 0x4F, 0x00,
    0x20, 0x4F, 0x4B, 0x62, 0x4F, 0x00, 0x24, 0x4F, 0x3D, 0x58, 0x4F, 0x00, 0x19, 0x4D, 0x43, 0x2D,
    0x4D, 0x00, 0x0D, 0x48, 0x43, 0x4C, 0x48, 0x00, 0x1F, 0x4F, 0x47, 0x2D, 0x4F, 0x00, 0x16, 0x4D,
    0x3E, 0x35, 0x4D, 0x00, 0x0A, 0x48, 0x39, 0x3D, 0x4F, 0x42, 0x0E, 0x48, 0x00, 0x2C, 0x48, 0x40,
    0x28, 0x4F, 0x00, 0x0D, 0x48, 0x00, 0x07, 0x4A, 0x3E, 0x48, 0x4A, 0x00, 0x35, 0x4A, 0x3E, 0x43,
    0x4A, 0x00, 0x31, 0x4A, 0x3E, 0x51, 0x4A, 0x00, 0x35, 0x4A, 0x3D, 0x48, 0x4A, 0x00, 0x29, 0x51,
    0x42, 0x4F, 0x51, 0x00, 0x25, 0x51, 0x40, 0x31, 0x51, 0x00, 0x1B, 0x53, 0x40, 0x42, 0x53, 0x00,
    0x2E, 0x54, 0x40, 0x59, 0x54, 0x00, 0x4F, 0x53, 0x3E, 0x48, 0x53, 0x00, 0x81, 0x27, 0x4F, 0x3E,
    0x51, 0x4F, 0x00, 0x35, 0x4F, 0x3D, 0x47, 0x4F, 0x00, 0x22, 0x4F, 0x4A, 0x08, 0x4D, 0x43, 0x2D,
    0x4D, 0x00, 0x0D, 0x48, 0x43, 0x01, 0x4F, 0x00, 0x4B, 0x48, 0x00, 0x1F, 0x4F, 0x47, 0x2D, 0x4F,
    0x00, 0x16, 0x4D, 0x3E, 0x35, 0x4D, 0x00, 0x0A, 0x48, 0x39, 0x3D, 0x4F, 0x42, 0x0E, 0x48, 0x00,
    0x2C, 0x48, 0x40, 0x28, 0x4F, 0x00, 0x0D, 0x48, 0x00, 0x07, 0x4A, 0x3E, 0x48, 0x4A, 0x00, 0x35,
    0x4A, 0x3E, 0x43, 0x4A, 0x00, 0x31, 0x4A, 0x3E, 0x51, 0x4A, 0x00, 0x35, 0x4A, 0x3D, 0x48, 0x4A,
    0x00, 0x81, 0x0F, 0x4A, 0x46, 0x54, 0x4A, 0x00, 0x33, 0x4F, 0x3D, 0x2C, 0x4F, 0x00, 0x12, 0x53,
    0x4F, 0x47, 0x53, 0x00, 0x25, 0x54, 0x43, 0x3A, 0x54, 0x00, 0x0E, 0x54, 0x45, 0x3B, 0x48, 0x36,
    0x08, 0x54, 0x00, 0x28, 0x48, 0x00, 0x11, 0x53, 0x47, 0x2C, 0x53, 0x00, 0x1B, 0x4F, 0x43, 0x27,
    0x48, 0x47, 0x0A, 0x4F, 0x00, 0x15, 0x48, 0x00, 0x26, 0x4A, 0x3D, 0x55, 0x4A, 0x00, 0xC8, 0x2A,
    0xB6, 0x63, 0x01, 0x0C, 0x62, 0x63, 0x0B, 0x06, 0x2B, 0x83, 0x10, 0x96, 0x42, 0x64, 0x28, 0x42,
    0x00, 0x16, 0x42, 0x5B, 0x15, 0x42, 0x00, 0x0D, 0x42, 0x57, 0x27, 0x42, 0x00, 0x19, 0x42, 0x64,
    0x28, 0x42, 0x00, 0x0F, 0x40, 0x65, 0x31, 0x40, 0x00, 0x19, 0x40, 0x61, 0x18, 0x40, 0x00, 0x0D,
    0x40, 0x5B, 0x21, 0x40, 0x00, 0x1C, 0x40, 0x61, 0x21, 0x40, 0x00, 0x19, 0x40, 0x68, 0x25, 0x40,
    0x00, 0x08, 0x3E, 0x61, 0x25, 0x3E, 0x00, 0x12, 0x3E, 0x65, 0x28, 0x3E, 0x00, 0x12, 0x3E, 0x65,
    0x28, 0x3E, 0x00, 0x0F, 0x3E, 0x65, 0x2D, 0x3E, 0x00, 0x16, 0x3C, 0x65, 0x30, 0x3C, 0x00, 0x10,
    0x3C, 0x53, 0x15, 0x3C, 0x00, 0x0D, 0x3C, 0x68, 0x21, 0x3C, 0x00, 0x19, 0x3C, 0x71, 0x21, 0x3C,
    0x00, 0x16, 0x3C, 0x68, 0x1B, 0x3C, 0x00, 0x04, 0x3B, 0x65, 0x27, 0x3B, 0x00, 0x13, 0x3B, 0x65,
    0x27, 0x3B, 0x00, 0x13, 0x3B, 0x6C, 0x27, 0x3B, 0x00, 0x16, 0x3B, 0x68, 0x2B, 0x3B, 0x00, 0x12,
    0x39, 0x65, 0x25, 0x39, 0x00, 0x15, 0x39, 0x65, 0x31, 0x39, 0x00, 0x09, 0x39, 0x5B, 0x28, 0x39,
    0x00, 0x10, 0x39, 0x6C, 0x3D, 0x39, 0x00, 0x06, 0x37, 0x5B, 0x1E, 0x37, 0x00, 0x19, 0x37, 0x56,
    0x27, 0x37, 0x00, 0x19, 0x37, 0x56, 0x22, 0x37, 0x00, 0x18, 0x37, 0x53, 0x27, 0x37, 0x00, 0x17,
    0x35, 0x6C, 0x30, 0x35, 0x00, 0x05, 0x41, 0x58, 0x1B, 0x41, 0x00, 0x25, 0x41, 0x5E, 0x25, 0x41,
    0x00, 0x1C, 0x41, 0x5E, 0x1B, 0x41, 0x00, 0x1C, 0x41, 0x51, 0x15, 0x41, 0x00, 0x25, 0x41, 0x44,
    0x1E, 0x41, 0x00, 0x22, 0x41, 0x3B, 0x15, 0x41, 0x00, 0x2B, 0x41, 0x3B, 0x0F, 0x41, 0x00, 0xBD,
    0x0A, 0xB6, 0x63, 0x01, 0x0B, 0x62, 0x63, 0x0B, 0x06, 0x40, 0x81, 0x75, 0x96, 0x4F, 0x42, 0x62,
    0x4F, 0x00, 0x12, 0x4F, 0x51, 0x59, 0x4F, 0x00, 0x24, 0x4F, 0x47, 0x54, 0x4F, 0x00, 0x20, 0x4F,
    0x4B, 0x62, 0x4F, 0x00, 0x24, 0x4F, 0x3D, 0x58, 0x4F, 0x00, 0x19, 0x4D, 0x43, 0x2D, 0x4D, 0x00,
    0x0D, 0x48, 0x43, 0x4C, 0x48, 0x00, 0x1F, 0x4F, 0x47, 0x2D, 0x4F, 0x00, 0x16, 0x4D, 0x3E, 0x35,
    0x4D, 0x00, 0x0A, 0x48, 0x39, 0x3D, 0x4F, 0x42, 0x0E, 0x48, 0x00, 0x2C, 0x48, 0x40, 0x28, 0x4F,
    0x00, 0x0D, 0x48, 0x00, 0x07, 0x4A, 0x3E, 0x48, 0x4A, 0x00, 0x35, 0x4A, 0x3E, 0x43, 0x4A, 0x00,
    0x31, 0x4A, 0x3E, 0x51, 0x4A, 0x00, 0x35, 0x4A, 0x3D, 0x48, 0x4A, 0x00, 0x29, 0x51, 0x42, 0x4F,
    0x51, 0x00, 0x25, 0x51, 0x40, 0x31, 0x51, 0x00, 0x1B, 0x53, 0x40, 0x42, 0x53, 0x00, 0x2E, 0x54,
    0x40, 0x59, 0x54, 0x00, 0x4F, 0x53, 0x3E, 0x48, 0x53, 0x00, 0x81, 0x27, 0x4F, 0x3E, 0x51, 0x4F,
    0x00, 0x35, 0x4F, 0x3D, 0x47, 0x4F, 0x00, 0x22, 0x4F, 0x4A, 0x08, 0x4D, 0x43, 0x2D, 0x4D, 0x00,
    0x0D, 0x48, 0x43, 0x01, 0x4F, 0x00, 0x4B, 0x48, 0x00, 0x1F, 0x4F, 0x47, 0x2D, 0x4F, 0x00, 0x16,
    0x4D, 0x3E, 0x35, 0x4D, 0x00, 0x0A, 0x48, 0x39, 0x3D, 0x4F, 0x42, 0x0E, 0x48, 0x00, 0x2C, 0x48,
    0x40, 0x28, 0x4F, 0x00, 0x0D, 0x48, 0x00, 0x07, 0x4A, 0x3E, 0x48, 0x4A, 0x00, 0x35, 0x4A, 0x3E,
    0x43, 0x4A, 0x00, 0x31, 0x4A, 0x3E, 0x51, 0x4A, 0x00, 0x35, 0x4A, 0x3D, 0x48, 0x4A, 0x00, 0x81,
    0x0F, 0x4A, 0x46, 0x54, 0x4A, 0x00, 0x33, 0x4F, 0x3D, 0x2C, 0x4F, 0x00, 0x12, 0x53, 0x4F, 0x47,
    0x53, 0x00, 0x25, 0x54, 0x43, 0x3A, 0x54, 0x00, 0x0E, 0x54, 0x45, 0x3B, 0x48, 0x36, 0x08, 0x54,
    0x00, 0x28, 0x48, 0x00, 0x11, 0x53, 0x47, 0x2C, 0x53, 0x00, 0x1B, 0x4F, 0x43, 0x27, 0x48, 0x47,
    0x0A, 0x4F, 0x00, 0x15, 0x48, 0x00, 0x26, 0x4A, 0x3D, 0x55, 0x4A, 0x00, 0xC8, 0x2A, 0xB6, 0x63,
    0x01, 0x0C, 0x62, 0x63, 0x0B, 0x06, 0x2B, 0x83, 0x10, 0x96, 0x42, 0x64, 0x28, 0x42, 0x00, 0x16,
    0x42, 0x5B, 0x15, 0x42, 0x00, 0x0D, 0x42, 0x57, 0x27, 0x42, 0x00, 0x19, 0x42, 0x64, 0x28, 0x42,
    0x00, 0x0F, 0x40, 0x65, 0x31, 0x40, 0x00, 0x19, 0x40, 0x61, 0x18, 0x40, 0x00, 0x0D, 0x40, 0x5B,
    0x21, 0x40, 0x00, 0x1C, 0x40, 0x61, 0x21, 0x40, 0x00, 0x19, 0x40, 0x68, 0x25, 0x40, 0x00, 0x08,
    0x3E, 0x61, 0x25, 0x3E, 0x00, 0x12, 0x3E, 0x65, 0x28, 0x3E, 0x00, 0x12, 0x3E, 0x65, 0x28, 0x3E,
    0x00, 0x0F, 0x3E, 0x65, 0x2D, 0x3E, 0x00, 0x16, 0x3C, 0x65, 0x30, 0x3C, 0x00, 0x10, 0x3C, 0x53,
    0x15, 0x3C, 0x00, 0x0D, 0x3C, 0x68, 0x21, 0x3C, 0x00, 0x19, 0x3C, 0x71, 0x21, 0x3C, 0x00, 0x16,
    0x3C, 0x68, 0x1B, 0x3C, 0x00, 0x04, 0x3B, 0x65, 0x27, 0x3B, 0x00, 0x13, 0x3B, 0x65, 0x27, 0x3B,
    0x00, 0x13, 0x3B, 0x6C, 0x27, 0x3B, 0x00, 0x16, 0x3B, 0x68, 0x2B, 0x3B, 0x00, 0x12, 0x39, 0x65,
    0x25, 0x39, 0x00, 0x15, 0x39, 0x65, 0x31, 0x39, 0x00, 0x09, 0x39, 0x5B, 0x28, 0x39, 0x00, 0x10,
    0x39, 0x6C, 0x3D, 0x39, 0x00, 0x06, 0x37, 0x5B, 0x1E, 0x37, 0x00, 0x19, 0x37, 0x56, 0x27, 0x37,
    0x00, 0x19, 0x37, 0x56, 0x22, 0x37, 0x00, 0x18, 0x37, 0x53, 0x27, 0x37, 0x00, 0x17, 0x35, 0x6C,
    0x30, 0x35, 0x00, 0x05, 0x41, 0x58, 0x1B, 0x41, 0x00, 0x25, 0x41, 0x5E, 0x25, 0x41, 0x00, 0x1C,
    0x41, 0x5E, 0x1B, 0x41, 0x00, 0x1C, 0x41, 0x51, 0x15, 0x41, 0x00, 0x25, 0x41, 0x44, 0x1E, 0x41,
    0x00, 0x22, 0x41, 0x3B, 0x15, 0x41, 0x00, 0x2B, 0x41, 0x3B, 0x0F, 0x41, 0x00, 0x00, 0xFF, 0x2F,
    0x00, 0x4D, 0x54, 0x72, 0x6B, 0x00, 0x00, 0x03, 0x1E, 0x00, 0xFF, 0x21, 0x01, 0x00, 0x00, 0xFF,
    0x03, 0x03, 0x39, 0x39, 0x20, 0x00, 0xB7, 0x07, 0x55, 0x00, 0x0A, 0x69, 0x02, 0x79, 0x00, 0x02,
    0x00, 0x00, 0x02, 0x20, 0x00, 0x02, 0x0B, 0x6E, 0x02, 0xC7, 0x63, 0x02, 0xB7, 0x5B, 0x37, 0x02,
    0x5D, 0x00, 0x02, 0xE7, 0x00, 0x40, 0x02, 0xB7, 0x65, 0x00, 0x02, 0x64, 0x00, 0x02, 0x06, 0x0C,
    0x02, 0xE7, 0x00, 0x40, 0x02, 0xB7, 0x63, 0x01, 0x02, 0x62, 0x20, 0x02, 0x06, 0x40, 0x02, 0x62,
    0x21, 0x02, 0x06, 0x40, 0x02, 0x62, 0x63, 0x02, 0x06, 0x40, 0x02, 0x62, 0x64, 0x02, 0x06, 0x40,
    0x02, 0x62, 0x66, 0x02, 0x06, 0x40, 0x87, 0x12, 0x97, 0x48, 0x55, 0x85, 0x3B, 0x48, 0x00, 0x15,
    0x47, 0x5B, 0x78, 0x48, 0x57, 0x0F, 0x47, 0x00, 0x26, 0x48, 0x00, 0x07, 0x43, 0x62, 0x84, 0x27,
    0x43, 0x00, 0x81, 0x65, 0x40, 0x55, 0x3A, 0x40, 0x00, 0x02, 0x41, 0x55, 0x3C, 0x40, 0x55, 0x02,
    0x41, 0x00, 0x33, 0x40, 0x00, 0x07, 0x3E, 0x55, 0x3C, 0x41, 0x55, 0x07, 0x3E, 0x00, 0x83, 0x57,
    0x41, 0x00, 0x85, 0x52, 0x40, 0x55, 0x74, 0x40, 0x00, 0x04, 0x43, 0x55, 0x70, 0x43, 0x00, 0x08,
    0x40, 0x55, 0x70, 0x40, 0x00, 0x08, 0x3E, 0x55, 0x32, 0x3E, 0x00, 0x0A, 0x41, 0x55, 0x83, 0x16,
    0x41, 0x00, 0x81, 0xAF, 0x36, 0x42, 0x3B, 0x3C, 0x45, 0x37, 0x3C, 0x4A, 0x39, 0x0A, 0x45, 0x00,
    0x30, 0x4A, 0x00, 0x02, 0x45, 0x36, 0x36, 0x42, 0x00, 0x06, 0x40, 0x3B, 0x07, 0x45, 0x00, 0x35,
    0x45, 0x35, 0x3C, 0x4A, 0x39, 0x10, 0x45, 0x00, 0x2C, 0x45, 0x35, 0x3C, 0x45, 0x00, 0x00, 0x3E,
    0x3A, 0x02, 0x4A, 0x00, 0x02, 0x40, 0x00, 0x38, 0x45, 0x35, 0x3C, 0x4A, 0x3A, 0x10, 0x45, 0x00,
    0x2C, 0x45, 0x3A, 0x29, 0x3E, 0x00, 0x0B, 0x45, 0x00, 0x05, 0x4A, 0x00, 0x03, 0x3C, 0x3A, 0x3C,
    0x45, 0x35, 0x3C, 0x4A, 0x3A, 0x13, 0x45, 0x00, 0x29, 0x45, 0x37, 0x32, 0x3C, 0x00, 0x08, 0x45,
    0x00, 0x01, 0x4A, 0x00, 0x01, 0x3B, 0x3C, 0x3C, 0x43, 0x3A, 0x3C, 0x47, 0x3B, 0x01, 0x43, 0x00,
    0x3B, 0x43, 0x36, 0x01, 0x47, 0x00, 0x3B, 0x39, 0x37, 0x00, 0x45, 0x37, 0x01, 0x3B, 0x00, 0x03,
    0x43, 0x00, 0x38, 0x45, 0x37, 0x01, 0x45, 0x00, 0x3B, 0x4A, 0x3B, 0x09, 0x45, 0x00, 0x33, 0x45,
    0x36, 0x0A, 0x4A, 0x00, 0x2A, 0x39, 0x00, 0x08, 0x37, 0x39, 0x04, 0x45, 0x00, 0x38, 0x43, 0x36,
    0x3C, 0x47, 0x39, 0x01, 0x43, 0x00, 0x39, 0x47, 0x00, 0x02, 0x43, 0x35, 0x3C, 0x41, 0x3A, 0x00,
    0x35, 0x3B, 0x02, 0x43, 0x00, 0x02, 0x37, 0x00, 0x56, 0x47, 0x36, 0x5A, 0x4A, 0x34, 0x82, 0x01,
    0x35, 0x00, 0x24, 0x41, 0x00, 0x07, 0x47, 0x00, 0x05, 0x4A, 0x00, 0x9C, 0x0B, 0x3E, 0x5B, 0x00,
    0x3B, 0x5B, 0x31, 0x3E, 0x00, 0x09, 0x3B, 0x00, 0x02, 0x3C, 0x5A, 0x00, 0x40, 0x5B, 0x6F, 0x40,
    0x00, 0x01, 0x3C, 0x00, 0x08, 0x3E, 0x58, 0x00, 0x41, 0x5A, 0x78, 0x40, 0x57, 0x00, 0x43, 0x57,
    0x05, 0x41, 0x00, 0x00, 0x3E, 0x00, 0x72, 0x43, 0x00, 0x01, 0x41, 0x5A, 0x00, 0x45, 0x5A, 0x09,
    0x40, 0x00, 0x62, 0x45, 0x00, 0x0D, 0x43, 0x57, 0x00, 0x47, 0x58, 0x05, 0x41, 0x00, 0x81, 0x2F,
    0x40, 0x5C, 0x00, 0x48, 0x5A, 0x07, 0x47, 0x00, 0x00, 0x43, 0x00, 0x83, 0x44, 0x48, 0x00, 0x04,
    0x40, 0x00, 0x11, 0x40, 0x5B, 0x00, 0x47, 0x5A, 0x00, 0x43, 0x58, 0x83, 0x5F, 0x43, 0x00, 0x00,
    0x47, 0x00, 0x01, 0x40, 0x00, 0x00, 0x45, 0x57, 0x00, 0x41, 0x58, 0x00, 0x48, 0x57, 0x83, 0x60,
    0x48, 0x00, 0x00, 0x44, 0x58, 0x00, 0x47, 0x5A, 0x00, 0x40, 0x5B, 0x04, 0x41, 0x00, 0x00, 0x45,
    0x00, 0x83, 0x59, 0x47, 0x00, 0x00, 0x40, 0x00, 0x03, 0x45, 0x57, 0x00, 0x41, 0x58, 0x00, 0x48,
    0x57, 0x01, 0x44, 0x00, 0x83, 0x5F, 0x48, 0x00, 0x04, 0x41, 0x00, 0x00, 0x45, 0x00, 0x83, 0x5C,
    0x45, 0x57, 0x00, 0x41, 0x58, 0x00, 0x48, 0x57, 0x83, 0x60, 0x48, 0x00, 0x00, 0x47, 0x57, 0x00,
    0x43, 0x58, 0x00, 0x4A, 0x57, 0x04, 0x41, 0x00, 0x00, 0x45, 0x00, 0x83, 0x5C, 0x4A, 0x00, 0x04,
    0x47, 0x00, 0x00, 0x43, 0x00, 0xEC, 0x5C, 0x42, 0x3B, 0x3C, 0x45, 0x37, 0x3C, 0x4A, 0x39, 0x0A,
    0x45, 0x00, 0x30, 0x4A, 0x00, 0x02, 0x45, 0x36, 0x36, 0x42, 0x00, 0x06, 0x40, 0x3B, 0x07, 0x45,
    0x00, 0x35, 0x45, 0x35, 0x3C, 0x4A, 0x39, 0x10, 0x45, 0x00, 0x2C, 0x45, 0x35, 0x3C, 0x45, 0x00,
    0x00, 0x3E, 0x3A, 0x02, 0x4A, 0x00, 0x02, 0x40, 0x00, 0x38, 0x45, 0x35, 0x3C, 0x4A, 0x3A, 0x10,
    0x45, 0x00, 0x2C, 0x45, 0x3A, 0x29, 0x3E, 0x00, 0x0B, 0x45, 0x00, 0x05, 0x4A, 0x00, 0x03, 0x3C,
    0x3A, 0x3C, 0x45, 0x35, 0x3C, 0x4A, 0x3A, 0x13, 0x45, 0x00, 0x29, 0x45, 0x37, 0x32, 0x3C, 0x00,
    0x08, 0x45, 0x00, 0x01, 0x4A, 0x00, 0x01, 0x3B, 0x3C, 0x3C, 0x43, 0x3A, 0x3C, 0x47, 0x3B, 0x01,
    0x43, 0x00, 0x3B, 0x43, 0x36, 0x01, 0x47, 0x00, 0x3B, 0x39, 0x37, 0x00, 0x45, 0x37, 0x01, 0x3B,
    0x00, 0x03, 0x43, 0x00, 0x38, 0x45, 0x37, 0x01, 0x45, 0x00, 0x3B, 0x4A, 0x3B, 0x09, 0x45, 0x00,
    0x33, 0x45, 0x36, 0x0A, 0x4A, 0x00, 0x2A, 0x39, 0x00, 0x08, 0x37, 0x39, 0x04, 0x45, 0x00, 0x38,
    0x43, 0x36, 0x3C, 0x47, 0x39, 0x01, 0x43, 0x00, 0x39, 0x47, 0x00, 0x02, 0x43, 0x35, 0x3C, 0x41,
    0x3A, 0x00, 0x35, 0x3B, 0x02, 0x43, 0x00, 0x02, 0x37, 0x00, 0x56, 0x45, 0x36, 0x3C, 0x47, 0x36,
    0x3C, 0x4A, 0x34, 0x81, 0x63, 0x35, 0x00, 0x24, 0x41, 0x00, 0x07, 0x45, 0x00, 0x23, 0x4A, 0x00,
    0x19, 0x47, 0x00, 0x00, 0xFF, 0x2F, 0x00, 0x4D, 0x54, 0x72, 0x6B, 0x00, 0x00, 0x01, 0x54, 0x00,
    0xFF, 0x21, 0x01, 0x00, 0x00, 0xFF, 0x03, 0x03, 0x33, 0x30, 0x20, 0x00, 0xB8, 0x07, 0x64, 0x00,
    0x0A, 0x3C, 0x02, 0x79, 0x00, 0x02, 0x00, 0x00, 0x02, 0x20, 0x00, 0x02, 0x0B, 0x6E, 0x02, 0xC8,
    0x1E, 0x02, 0xB8, 0x5B, 0x41, 0x02, 0x5D, 0x00, 0x02, 0xE8, 0x00, 0x40, 0x02, 0xB8, 0x65, 0x00,
    0x02, 0x64, 0x00, 0x02, 0x06, 0x0C, 0x02, 0xE8, 0x00, 0x40, 0x02, 0xB8, 0x63, 0x01, 0x02, 0x62,
    0x20, 0x02, 0x06, 0x40, 0x02, 0x62, 0x21, 0x02, 0x06, 0x40, 0x02, 0x62, 0x63, 0x02, 0x06, 0x40,
    0x02, 0x62, 0x64, 0x02, 0x06, 0x40, 0x02, 0x62, 0x66, 0x02, 0x06, 0x40, 0x81, 0x8A, 0x32, 0x98,
    0x28, 0x65, 0x83, 0x59, 0x28, 0x00, 0x07, 0x2D, 0x63, 0x83, 0x60, 0x28, 0x66, 0x01, 0x2D, 0x00,
    0x81, 0x19, 0x28, 0x00, 0x1A, 0x28, 0x65, 0x82, 0x2C, 0x2D, 0x62, 0x03, 0x28, 0x00, 0x83, 0x4A,
    0x2D, 0x00, 0x13, 0x28, 0x65, 0x83, 0x59, 0x28, 0x00, 0x07, 0x2D, 0x63, 0x83, 0x60, 0x28, 0x66,
    0x01, 0x2D, 0x00, 0x81, 0x19, 0x28, 0x00, 0x1A, 0x28, 0x65, 0x82, 0x2C, 0x2D, 0x62, 0x03, 0x28,
    0x00, 0x83, 0x4A, 0x2D, 0x00, 0x13, 0x28, 0x65, 0x83, 0x59, 0x28, 0x00, 0x07, 0x2D, 0x63, 0x83,
    0x60, 0x28, 0x66, 0x01, 0x2D, 0x00, 0x81, 0x19, 0x28, 0x00, 0x1A, 0x28, 0x65, 0x82, 0x2C, 0x2D,
    0x62, 0x03, 0x28, 0x00, 0x83, 0x4A, 0x2D, 0x00, 0x13, 0x28, 0x65, 0x83, 0x59, 0x28, 0x00, 0x07,
    0x2D, 0x63, 0x83, 0x61, 0x2D, 0x00, 0x81, 0x88, 0x6F, 0x28, 0x65, 0x83, 0x59, 0x28, 0x00, 0x07,
    0x2D, 0x63, 0x83, 0x60, 0x28, 0x66, 0x01, 0x2D, 0x00, 0x81, 0x19, 0x28, 0x00, 0x1A, 0x28, 0x65,
    0x82, 0x2C, 0x2D, 0x62, 0x03, 0x28, 0x00, 0x83, 0x4A, 0x2D, 0x00, 0x13, 0x28, 0x65, 0x83, 0x59,
    0x28, 0x00, 0x07, 0x2D, 0x63, 0x83, 0x60, 0x28, 0x66, 0x01, 0x2D, 0x00, 0x81, 0x19, 0x28, 0x00,
    0x1A, 0x28, 0x65, 0x82, 0x2C, 0x2D, 0x62, 0x03, 0x28, 0x00, 0x83, 0x4A, 0x2D, 0x00, 0x13, 0x28,
    0x65, 0x83, 0x59, 0x28, 0x00, 0x07, 0x2D, 0x63, 0x83, 0x60, 0x28, 0x66, 0x01, 0x2D, 0x00, 0x81,
    0x19, 0x28, 0x00, 0x1A, 0x28, 0x65, 0x82, 0x2C, 0x2D, 0x62, 0x03, 0x28, 0x00, 0x83, 0x4A, 0x2D,
    0x00, 0x13, 0x28, 0x65, 0x83, 0x59, 0x28, 0x00, 0x07, 0x2D, 0x63, 0x83, 0x61, 0x2D, 0x00, 0x00,
    0xFF, 0x2F, 0x00, 0x4D, 0x54, 0x72, 0x6B, 0x00, 0x00, 0x01, 0xEE, 0x00, 0xFF, 0x21, 0x01, 0x00,
    0x00, 0xFF, 0x03, 0x03, 0x32, 0x39, 0x20, 0x00, 0xBB, 0x07, 0x5F, 0x00, 0x0A, 0x52, 0x02, 0x79,
    0x00, 0x02, 0x00, 0x00, 0x02, 0x20, 0x00, 0x02, 0x0B, 0x6E, 0x02, 0xCB, 0x1D, 0x02, 0xBB, 0x5B,
    0x37, 0x02, 0x5D, 0x00, 0x02, 0xEB, 0x00, 0x40, 0x02, 0xBB, 0x65, 0x00, 0x02, 0x64, 0x00, 0x02,
    0x06, 0x0C, 0x02, 0xEB, 0x00, 0x40, 0x02, 0xBB, 0x63, 0x01, 0x02, 0x62, 0x20, 0x02, 0x06, 0x40,
    0x02, 0x62, 0x21, 0x02, 0x06, 0x40, 0x02, 0x62, 0x63, 0x02, 0x06, 0x40, 0x02, 0x62, 0x64, 0x02,
    0x06, 0x40, 0x02, 0x62, 0x66, 0x02, 0x06, 0x40, 0x81, 0x8A, 0x32, 0x9B, 0x28, 0x65, 0x81, 0x16,
    0x28, 0x00, 0x1E, 0x28, 0x65, 0x82, 0x2B, 0x28, 0x00, 0x01, 0x2D, 0x62, 0x81, 0x27, 0x2D, 0x00,
    0x0D, 0x2D, 0x62, 0x82, 0x24, 0x2D, 0x00, 0x08, 0x28, 0x62, 0x81, 0x2C, 0x28, 0x00, 0x08, 0x28,
    0x62, 0x82, 0x2C, 0x2D, 0x62, 0x01, 0x28, 0x00, 0x81, 0x27, 0x2D, 0x00, 0x0C, 0x2D, 0x62, 0x82,
    0x11, 0x2D, 0x00, 0x1B, 0x28, 0x65, 0x81, 0x16, 0x28, 0x00, 0x1E, 0x28, 0x65, 0x82, 0x2B, 0x28,
    0x00, 0x01, 0x2D, 0x62, 0x81, 0x27, 0x2D, 0x00, 0x0D, 0x2D, 0x62, 0x82, 0x24, 0x2D, 0x00, 0x08,
    0x28, 0x62, 0x81, 0x2C, 0x28, 0x00, 0x08, 0x28, 0x62, 0x82, 0x2C, 0x2D, 0x62, 0x01, 0x28, 0x00,
    0x81, 0x27, 0x2D, 0x00, 0x0C, 0x2D, 0x62, 0x82, 0x11, 0x2D, 0x00, 0x1B, 0x28, 0x65, 0x81, 0x16,
    0x28, 0x00, 0x1E, 0x28, 0x65, 0x82, 0x2B, 0x28, 0x00, 0x01, 0x2D, 0x62, 0x81, 0x27, 0x2D, 0x00,
    0x0D, 0x2D, 0x62, 0x82, 0x24, 0x2D, 0x00, 0x08, 0x28, 0x62, 0x81, 0x2C, 0x28, 0x00, 0x08, 0x28,
    0x62, 0x82, 0x2C, 0x2D, 0x62, 0x01, 0x28, 0x00, 0x81, 0x27, 0x2D, 0x00, 0x0C, 0x2D, 0x62, 0x82,
    0x11, 0x2D, 0x00, 0x1B, 0x28, 0x65, 0x81, 0x16, 0x28, 0x00, 0x1E, 0x28, 0x65, 0x82, 0x2B, 0x28,
    0x00, 0x01, 0x2D, 0x62, 0x81, 0x27, 0x2D, 0x00, 0x0D, 0x2D, 0x62, 0x82, 0x24, 0x2D, 0x00, 0x81,
    0x88, 0x78, 0x28, 0x65, 0x81, 0x16, 0x28, 0x00, 0x1E, 0x28, 0x65, 0x82, 0x2B, 0x28, 0x00, 0x01,
    0x2D, 0x62, 0x81, 0x27, 0x2D, 0x00, 0x0D, 0x2D, 0x62, 0x82, 0x24, 0x2D, 0x00, 0x08, 0x28, 0x62,
    0x81, 0x2C, 0x28, 0x00, 0x08, 0x28, 0x62, 0x82, 0x2C, 0x2D, 0x62, 0x01, 0x28, 0x00, 0x81, 0x27,
    0x2D, 0x00, 0x0C, 0x2D, 0x62, 0x82, 0x11, 0x2D, 0x00, 0x1B, 0x28, 0x65, 0x81, 0x16, 0x28, 0x00,
    0x1E, 0x28, 0x65, 0x82, 0x2B, 0x28, 0x00, 0x01, 0x2D, 0x62, 0x81, 0x27, 0x2D, 0x00, 0x0D, 0x2D,
    0x62, 0x82, 0x24, 0x2D, 0x00, 0x08, 0x28, 0x62, 0x81, 0x2C, 0x28, 0x00, 0x08, 0x28, 0x62, 0x82,
    0x2C, 0x2D, 0x62, 0x01, 0x28, 0x00, 0x81, 0x27, 0x2D, 0x00, 0x0C, 0x2D, 0x62, 0x82, 0x11, 0x2D,
    0x00, 0x1B, 0x28, 0x65, 0x81, 0x16, 0x28, 0x00, 0x1E, 0x28, 0x65, 0x82, 0x2B, 0x28, 0x00, 0x01,
    0x2D, 0x62, 0x81, 0x27, 0x2D, 0x00, 0x0D, 0x2D, 0x62, 0x82, 0x24, 0x2D, 0x00, 0x08, 0x28, 0x62,
    0x81, 0x2C, 0x28, 0x00, 0x08, 0x28, 0x62, 0x82, 0x2C, 0x2D, 0x62, 0x01, 0x28, 0x00, 0x81, 0x27,
    0x2D, 0x00, 0x0C, 0x2D, 0x62, 0x82, 0x11, 0x2D, 0x00, 0x1B, 0x28, 0x65, 0x81, 0x16, 0x28, 0x00,
    0x1E, 0x28, 0x65, 0x82, 0x2B, 0x28, 0x00, 0x01, 0x2D, 0x62, 0x81, 0x27, 0x2D, 0x00, 0x0D, 0x2D,
    0x62, 0x82, 0x24, 0x2D, 0x00, 0x00, 0xFF, 0x2F, 0x00, 0x4D, 0x54, 0x72, 0x6B, 0x00, 0x00, 0x01,
    0x69, 0x00, 0xFF, 0x21, 0x01, 0x00, 0x00, 0xFF, 0x03, 0x02, 0x33, 0x20, 0x00, 0xBC, 0x07, 0x5F,
    0x00, 0x0A, 0x40, 0x02, 0x79, 0x00, 0x02, 0x00, 0x00, 0x02, 0x20, 0x00, 0x02, 0x0B, 0x6E, 0x02,
    0xCC, 0x03, 0x02, 0xBC, 0x5B, 0x41, 0x02, 0x5D, 0x00, 0x02, 0xEC, 0x00, 0x40, 0x02, 0xBC, 0x65,
    0x00, 0x02, 0x64, 0x00, 0x02, 0x06, 0x0C, 0x02, 0xEC, 0x00, 0x40, 0x02, 0xBC, 0x63, 0x01, 0x02,
    0x62, 0x20, 0x02, 0x06, 0x40, 0x02, 0x62, 0x21, 0x02, 0x06, 0x40, 0x02, 0x62, 0x63, 0x02, 0x06,
    0x40, 0x02, 0x62, 0x64, 0x02, 0x06, 0x40, 0x02, 0x62, 0x66, 0x02, 0x06, 0x40, 0x81, 0x91, 0x72,
    0x9C, 0x53, 0x5D, 0x83, 0x55, 0x53, 0x00, 0x86, 0x53, 0x53, 0x47, 0x72, 0x53, 0x00, 0x06, 0x51,
    0x4F, 0x6A, 0x51, 0x00, 0x0E, 0x51, 0x44, 0x61, 0x51, 0x00, 0x17, 0x51, 0x39, 0x54, 0x51, 0x00,
    0x24, 0x51, 0x2E, 0x78, 0x51, 0x00, 0x00, 0x51, 0x65, 0x83, 0x25, 0x51, 0x00, 0x83, 0x23, 0x51,
    0x3E, 0x78, 0x53, 0x4B, 0x0C, 0x51, 0x00, 0x82, 0x56, 0x53, 0x00, 0x06, 0x53, 0x44, 0x78, 0x53,
    0x00, 0x00, 0x51, 0x44, 0x82, 0x18, 0x51, 0x00, 0x81, 0x48, 0x53, 0x4F, 0x82, 0x50, 0x53, 0x00,
    0x18, 0x53, 0x46, 0x6E, 0x53, 0x00, 0x0A, 0x51, 0x39, 0x59, 0x51, 0x00, 0x1F, 0x51, 0x47, 0x82,
    0x09, 0x51, 0x00, 0x83, 0x47, 0x53, 0x46, 0x66, 0x53, 0x00, 0x12, 0x51, 0x53, 0x65, 0x51, 0x00,
    0x13, 0x51, 0x45, 0x5D, 0x51, 0x00, 0x1B, 0x51, 0x3B, 0x61, 0x51, 0x00, 0x17, 0x51, 0x39, 0x4B,
    0x51, 0x00, 0x81, 0x90, 0x5D, 0x53, 0x5D, 0x83, 0x55, 0x53, 0x00, 0x86, 0x53, 0x53, 0x47, 0x72,
    0x53, 0x00, 0x06, 0x51, 0x4F, 0x6A, 0x51, 0x00, 0x0E, 0x51, 0x44, 0x61, 0x51, 0x00, 0x17, 0x51,
    0x39, 0x54, 0x51, 0x00, 0x24, 0x51, 0x2E, 0x78, 0x51, 0x00, 0x00, 0x51, 0x65, 0x83, 0x25, 0x51,
    0x00, 0x83, 0x23, 0x51, 0x3E, 0x78, 0x53, 0x4B, 0x0C, 0x51, 0x00, 0x82, 0x56, 0x53, 0x00, 0x06,
    0x53, 0x44, 0x78, 0x53, 0x00, 0x00, 0x51, 0x44, 0x82, 0x18, 0x51, 0x00, 0x81, 0x48, 0x53, 0x4F,
    0x82, 0x50, 0x53, 0x00, 0x18, 0x53, 0x46, 0x6E, 0x53, 0x00, 0x0A, 0x51, 0x39, 0x59, 0x51, 0x00,
    0x1F, 0x51, 0x47, 0x82, 0x09, 0x51, 0x00, 0x83, 0x47, 0x53, 0x46, 0x66, 0x53, 0x00, 0x12, 0x51,
    0x53, 0x65, 0x51, 0x00, 0x13, 0x51, 0x45, 0x5D, 0x51, 0x00, 0x1B, 0x51, 0x3B, 0x61, 0x51, 0x00,
    0x17, 0x51, 0x39, 0x4B, 0x51, 0x00, 0x00, 0xFF, 0x2F, 0x00, 0x4D, 0x54, 0x72, 0x6B, 0x00, 0x00,
    0x1D, 0x3C, 0x00, 0xFF, 0x21, 0x01, 0x00, 0x00, 0xFF, 0x03, 0x03, 0x32, 0x37, 0x20, 0x00, 0xBD,
    0x07, 0x50, 0x00, 0x0A, 0x62, 0x02, 0x79, 0x00, 0x02, 0x00, 0x00, 0x02, 0x20, 0x00, 0x02, 0x0B,
    0x6E, 0x02, 0xCD, 0x1B, 0x02, 0xBD, 0x5B, 0x37, 0x02, 0x5D, 0x00, 0x02, 0xED, 0x00, 0x40, 0x02,
    0xBD, 0x65, 0x00, 0x02, 0x64, 0x00, 0x02, 0x06, 0x0C, 0x02, 0xED, 0x00, 0x40, 0x02, 0xBD, 0x63,
    0x01, 0x02, 0x62, 0x20, 0x02, 0x06, 0x40, 0x02, 0x62, 0x21, 0x02, 0x06, 0x40, 0x02, 0x62, 0x63,
    0x02, 0x06, 0x40, 0x02, 0x62, 0x64, 0x02, 0x06, 0x40, 0x02, 0x62, 0x66, 0x02, 0x06, 0x40, 0x87,
    0x13, 0x9D, 0x37, 0x51, 0x00, 0x3C, 0x4B, 0x01, 0x40, 0x56, 0x75, 0x3C, 0x00, 0x00, 0x37, 0x00,
    0x01, 0x3C, 0x53, 0x00, 0x37, 0x56, 0x00, 0x40, 0x56, 0x01, 0x40, 0x00, 0x3C, 0x37, 0x00, 0x00,
    0x40, 0x00, 0x01, 0x3C, 0x00, 0x00, 0x40, 0x52, 0x00, 0x37, 0x4F, 0x01, 0x3C, 0x58, 0x75, 0x3C,
    0x52, 0x01, 0x3C, 0x00, 0x00, 0x37, 0x4F, 0x00, 0x40, 0x52, 0x01, 0x40, 0x00, 0x00, 0x37, 0x00,
    0x3A, 0x3C, 0x52, 0x00, 0x40, 0x4D, 0x00, 0x37, 0x4D, 0x01, 0x37, 0x00, 0x00, 0x3C, 0x00, 0x00,
    0x40, 0x00, 0x38, 0x40, 0x00, 0x00, 0x3C, 0x00, 0x00, 0x37, 0x00, 0x02, 0x37, 0x58, 0x01, 0x3B,
    0x53, 0x35, 0x3B, 0x00, 0x00, 0x37, 0x00, 0x06, 0x37, 0x5B, 0x00, 0x3B, 0x5B, 0x00, 0x40, 0x61,
    0x23, 0x3B, 0x00, 0x19, 0x3B, 0x58, 0x07, 0x37, 0x00, 0x34, 0x37, 0x53, 0x18, 0x40, 0x00, 0x24,
    0x40, 0x61, 0x4B, 0x3B, 0x00, 0x2D, 0x3B, 0x5E, 0x0D, 0x37, 0x00, 0x30, 0x37, 0x51, 0x79, 0x37,
    0x00, 0x00, 0x41, 0x66, 0x00, 0x3C, 0x62, 0x00, 0x39, 0x5D, 0x02, 0x3B, 0x00, 0x03, 0x40, 0x00,
    0x74, 0x3C, 0x4E, 0x00, 0x39, 0x4C, 0x01, 0x39, 0x00, 0x00, 0x3C, 0x00, 0x3A, 0x41, 0x65, 0x01,
    0x41, 0x00, 0x00, 0x3C, 0x62, 0x00, 0x39, 0x5E, 0x01, 0x39, 0x00, 0x00, 0x3C, 0x00, 0x75, 0x3C,
    0x00, 0x00, 0x41, 0x00, 0x01, 0x3C, 0x4F, 0x00, 0x41, 0x56, 0x00, 0x39, 0x4C, 0x01, 0x39, 0x00,
    0x3A, 0x39, 0x00, 0x01, 0x3C, 0x5A, 0x00, 0x41, 0x5E, 0x00, 0x39, 0x56, 0x01, 0x41, 0x00, 0x00,
    0x3C, 0x00, 0x39, 0x40, 0x4E, 0x00, 0x3B, 0x48, 0x03, 0x3C, 0x00, 0x00, 0x39, 0x00, 0x00, 0x41,
    0x00, 0x32, 0x40, 0x00, 0x08, 0x38, 0x54, 0x01, 0x3B, 0x5B, 0x00, 0x40, 0x5B, 0x01, 0x3B, 0x00,
    0x77, 0x38, 0x00, 0x01, 0x38, 0x4B, 0x3C, 0x3B, 0x00, 0x01, 0x3B, 0x58, 0x02, 0x40, 0x5D, 0x01,
    0x40, 0x00, 0x73, 0x3B, 0x00, 0x01, 0x3B, 0x4D, 0x3C, 0x38, 0x50, 0x01, 0x38, 0x00, 0x3B, 0x3B,
    0x47, 0x01, 0x3B, 0x00, 0x38, 0x41, 0x66, 0x00, 0x3C, 0x62, 0x00, 0x39, 0x5D, 0x01, 0x38, 0x00,
    0x01, 0x3B, 0x00, 0x01, 0x40, 0x00, 0x76, 0x3C, 0x4E, 0x00, 0x39, 0x4C, 0x01, 0x39, 0x00, 0x00,
    0x3C, 0x00, 0x3A, 0x41, 0x65, 0x01, 0x41, 0x00, 0x00, 0x3C, 0x62, 0x00, 0x39, 0x5E, 0x01, 0x39,
    0x00, 0x00, 0x3C, 0x00, 0x75, 0x3C, 0x00, 0x00, 0x41, 0x00, 0x01, 0x3C, 0x4F, 0x00, 0x41, 0x56,
    0x00, 0x39, 0x4C, 0x01, 0x39, 0x00, 0x3A, 0x39, 0x00, 0x01, 0x3C, 0x5A, 0x00, 0x41, 0x5E, 0x00,
    0x39, 0x56, 0x01, 0x41, 0x00, 0x00, 0x3C, 0x00, 0x39, 0x40, 0x4E, 0x00, 0x3B, 0x48, 0x03, 0x3C,
    0x00, 0x00, 0x39, 0x00, 0x00, 0x41, 0x00, 0x32, 0x40, 0x00, 0x09, 0x3B, 0x00, 0x01, 0x39, 0x51,
    0x00, 0x42, 0x4E, 0x00, 0x3E, 0x64, 0x79, 0x39, 0x44, 0x01, 0x39, 0x00, 0x3C, 0x42, 0x64, 0x00,
    0x3E, 0x51, 0x01, 0x3E, 0x00, 0x00, 0x42, 0x00, 0x75, 0x39, 0x00, 0x01, 0x39, 0x53, 0x38, 0x3E,
    0x00, 0x00, 0x42, 0x00, 0x03, 0x3E, 0x65, 0x00, 0x42, 0x5F, 0x39, 0x39, 0x00, 0x04, 0x3B, 0x57,
    0x29, 0x3E, 0x00, 0x03, 0x3B, 0x00, 0x02, 0x42, 0x00, 0x0E, 0x3C, 0x53, 0x00, 0x39, 0x4F, 0x00,
    0x41, 0x61, 0x78, 0x39, 0x4C, 0x01, 0x39, 0x00, 0x3D, 0x3C, 0x55, 0x00, 0x41, 0x61, 0x01, 0x41,
    0x00, 0x00, 0x3C, 0x00, 0x75, 0x39, 0x00, 0x01, 0x39, 0x4B, 0x3A, 0x41, 0x00, 0x00, 0x3C, 0x5B,
    0x01, 0x3C, 0x00, 0x00, 0x41, 0x61, 0x28, 0x3C, 0x00, 0x04, 0x41, 0x00, 0x04, 0x39, 0x00, 0x0C,
    0x3B, 0x4B, 0x01, 0x40, 0x4D, 0x28, 0x40, 0x00, 0x08, 0x3B, 0x00, 0x0A, 0x37, 0x63, 0x01, 0x43,
    0x60, 0x00, 0x3E, 0x57, 0x00, 0x3B, 0x53, 0x75, 0x3B, 0x00, 0x01, 0x3B, 0x48, 0x3A, 0x37, 0x00,
    0x01, 0x37, 0x57, 0x02, 0x3E, 0x5E, 0x01, 0x3E, 0x00, 0x01, 0x43, 0x67, 0x01, 0x43, 0x00, 0x75,
    0x3E, 0x00, 0x01, 0x3E, 0x53, 0x3B, 0x3B, 0x50, 0x01, 0x3B, 0x00, 0x3A, 0x3E, 0x00, 0x01, 0x3E,
    0x53, 0x3C, 0x43, 0x00, 0x00, 0x37, 0x5C, 0x00, 0x3B, 0x51, 0x01, 0x3B, 0x00, 0x00, 0x37, 0x00,
    0x00, 0x43, 0x58, 0x00, 0x3E, 0x5C, 0x01, 0x3E, 0x00, 0x77, 0x37, 0x51, 0x01, 0x37, 0x00, 0x00,
    0x3B, 0x51, 0x00, 0x43, 0x5C, 0x00, 0x3E, 0x5C, 0x01, 0x3E, 0x00, 0x00, 0x3B, 0x00, 0x00, 0x43,
    0x00, 0x74, 0x37, 0x00, 0x01, 0x37, 0x48, 0x3C, 0x3B, 0x00, 0x01, 0x3B, 0x51, 0x3B, 0x43, 0x00,
    0x00, 0x3E, 0x4B, 0x01, 0x3E, 0x00, 0x00, 0x43, 0x58, 0x3B, 0x3B, 0x4E, 0x01, 0x3B, 0x00, 0x39,
    0x3B, 0x00, 0x00, 0x37, 0x00, 0x00, 0x3E, 0x00, 0x00, 0x43, 0x00, 0x04, 0x37, 0x51, 0x00, 0x3C,
    0x4B, 0x01, 0x40, 0x56, 0x75, 0x3C, 0x00, 0x00, 0x37, 0x00, 0x01, 0x3C, 0x53, 0x00, 0x37, 0x56,
    0x00, 0x40, 0x56, 0x01, 0x40, 0x00, 0x3C, 0x37, 0x00, 0x00, 0x40, 0x00, 0x01, 0x3C, 0x00, 0x00,
    0x40, 0x52, 0x00, 0x37, 0x4F, 0x01, 0x3C, 0x58, 0x75, 0x3C, 0x52, 0x01, 0x3C, 0x00, 0x00, 0x37,
    0x4F, 0x00, 0x40, 0x52, 0x01, 0x40, 0x00, 0x00, 0x37, 0x00, 0x3A, 0x3C, 0x52, 0x00, 0x40, 0x4D,
    0x00, 0x37, 0x4D, 0x01, 0x37, 0x00, 0x00, 0x3C, 0x00, 0x00, 0x40, 0x00, 0x38, 0x40, 0x00, 0x00,
    0x3C, 0x00, 0x00, 0x37, 0x00, 0x02, 0x37, 0x58, 0x01, 0x3B, 0x53, 0x35, 0x3B, 0x00, 0x00, 0x37,
    0x00, 0x06, 0x37, 0x5B, 0x00, 0x3B, 0x5B, 0x00, 0x40, 0x61, 0x23, 0x3B, 0x00, 0x19, 0x3B, 0x58,
    0x07, 0x37, 0x00, 0x34, 0x37, 0x53, 0x18, 0x40, 0x00, 0x24, 0x40, 0x61, 0x4B, 0x3B, 0x00, 0x2D,
    0x3B, 0x5E, 0x0D, 0x37, 0x00, 0x30, 0x37, 0x51, 0x79, 0x37, 0x00, 0x00, 0x41, 0x66, 0x00, 0x3C,
    0x62, 0x00, 0x39, 0x5D, 0x02, 0x3B, 0x00, 0x03, 0x40, 0x00, 0x74, 0x3C, 0x4E, 0x00, 0x39, 0x4C,
    0x01, 0x39, 0x00, 0x00, 0x3C, 0x00, 0x3A, 0x41, 0x65, 0x01, 0x41, 0x00, 0x00, 0x39, 0x5E, 0x01,
    0x39, 0x00, 0x75, 0x3C, 0x62, 0x01, 0x3C, 0x00, 0x3C, 0x39, 0x56, 0x01, 0x39, 0x00, 0x36, 0x39,
    0x00, 0x00, 0x41, 0x00, 0x00, 0x3C, 0x00, 0x03, 0x40, 0x4A, 0x00, 0x3B, 0x44, 0x35, 0x40, 0x00,
    0x01, 0x34, 0x54, 0x02, 0x38, 0x54, 0x06, 0x3B, 0x5B, 0x00, 0x40, 0x5B, 0x01, 0x3B, 0x00, 0x70,
    0x34, 0x00, 0x02, 0x38, 0x00, 0x06, 0x38, 0x4B, 0x3C, 0x3B, 0x00, 0x01, 0x3B, 0x58, 0x02, 0x40,
    0x5D, 0x01, 0x40, 0x00, 0x73, 0x3B, 0x00, 0x01, 0x3B, 0x4D, 0x3C, 0x38, 0x50, 0x01, 0x38, 0x00,
    0x3B, 0x3B, 0x47, 0x01, 0x3B, 0x00, 0x38, 0x41, 0x66, 0x00, 0x3C, 0x62, 0x00, 0x39, 0x5D, 0x01,
    0x38, 0x00, 0x01, 0x3B, 0x00, 0x01, 0x40, 0x00, 0x74, 0x39, 0x5E, 0x01, 0x39, 0x00, 0x01, 0x3C,
    0x4E, 0x01, 0x3C, 0x00, 0x3A, 0x41, 0x65, 0x01, 0x41, 0x00, 0x77, 0x3C, 0x67, 0x01, 0x3C, 0x00,
    0x3A, 0x39, 0x00, 0x01, 0x39, 0x61, 0x30, 0x39, 0x00, 0x00, 0x41, 0x00, 0x00, 0x3C, 0x00, 0x0A,
    0x40, 0x4E, 0x00, 0x3B, 0x48, 0x35, 0x40, 0x00, 0x09, 0x3B, 0x00, 0x01, 0x39, 0x51, 0x00, 0x42,
    0x4E, 0x00, 0x3E, 0x64, 0x79, 0x39, 0x44, 0x01, 0x39, 0x00, 0x3C, 0x42, 0x64, 0x01, 0x42, 0x00,
    0x75, 0x3E, 0x00, 0x01, 0x3E, 0x5E, 0x39, 0x39, 0x65, 0x01, 0x39, 0x00, 0x3C, 0x40, 0x4E, 0x02,
    0x3B, 0x57, 0x05, 0x39, 0x00, 0x00, 0x3E, 0x00, 0x00, 0x42, 0x00, 0x27, 0x3B, 0x00, 0x07, 0x40,
    0x00, 0x09, 0x3C, 0x53, 0x00, 0x39, 0x4F, 0x00, 0x41, 0x61, 0x78, 0x39, 0x4C, 0x01, 0x39, 0x00,
    0x3D, 0x3C, 0x55, 0x00, 0x41, 0x61, 0x01, 0x41, 0x00, 0x00, 0x3C, 0x00, 0x75, 0x3C, 0x00, 0x01,
    0x3C, 0x5C, 0x3A, 0x39, 0x5B, 0x01, 0x39, 0x00, 0x3B, 0x39, 0x00, 0x00, 0x41, 0x00, 0x00, 0x3C,
    0x00, 0x01, 0x3B, 0x40, 0x01, 0x40, 0x3D, 0x28, 0x40, 0x00, 0x08, 0x3B, 0x00, 0x0A, 0x37, 0x63,
    0x01, 0x43, 0x60, 0x00, 0x3E, 0x57, 0x00, 0x3B, 0x53, 0x75, 0x3B, 0x00, 0x01, 0x3B, 0x48, 0x3A,
    0x37, 0x00, 0x01, 0x37, 0x57, 0x02, 0x3E, 0x5E, 0x01, 0x3E, 0x00, 0x01, 0x43, 0x67, 0x01, 0x43,
    0x00, 0x75, 0x3E, 0x00, 0x01, 0x3E, 0x61, 0x3B, 0x3B, 0x50, 0x01, 0x3B, 0x00, 0x3A, 0x43, 0x00,
    0x01, 0x43, 0x61, 0x2F, 0x3E, 0x00, 0x0D, 0x37, 0x5C, 0x00, 0x3B, 0x51, 0x01, 0x3B, 0x00, 0x00,
    0x37, 0x00, 0x00, 0x43, 0x58, 0x00, 0x3E, 0x5C, 0x01, 0x43, 0x00, 0x77, 0x37, 0x51, 0x01, 0x37,
    0x00, 0x00, 0x3B, 0x51, 0x01, 0x3B, 0x00, 0x37, 0x43, 0x00, 0x04, 0x43, 0x63, 0x76, 0x3E, 0x00,
    0x01, 0x3E, 0x61, 0x3B, 0x3B, 0x58, 0x01, 0x3B, 0x00, 0x3A, 0x43, 0x00, 0x01, 0x43, 0x63, 0x3C,
    0x43, 0x00, 0x00, 0x3E, 0x00, 0x00, 0x3B, 0x00, 0x00, 0x37, 0x00, 0x02, 0x37, 0x51, 0x00, 0x3C,
    0x4B, 0x01, 0x40, 0x56, 0x75, 0x3C, 0x00, 0x00, 0x37, 0x00, 0x01, 0x3C, 0x53, 0x00, 0x37, 0x56,
    0x00, 0x40, 0x56, 0x01, 0x40, 0x00, 0x3C, 0x37, 0x00, 0x00, 0x40, 0x00, 0x01, 0x3C, 0x00, 0x00,
    0x40, 0x52, 0x00, 0x37, 0x4F, 0x01, 0x3C, 0x58, 0x75, 0x3C, 0x52, 0x01, 0x3C, 0x00, 0x00, 0x37,
    0x4F, 0x00, 0x40, 0x52, 0x01, 0x40, 0x00, 0x00, 0x37, 0x00, 0x3A, 0x3C, 0x52, 0x00, 0x40, 0x4D,
    0x00, 0x37, 0x4D, 0x01, 0x37, 0x00, 0x00, 0x3C, 0x00, 0x00, 0x40, 0x00, 0x38, 0x40, 0x00, 0x00,
    0x3C, 0x00, 0x00, 0x37, 0x00, 0x02, 0x37, 0x58, 0x01, 0x3B, 0x53, 0x35, 0x3B, 0x00, 0x00, 0x37,
    0x00, 0x06, 0x37, 0x5B, 0x00, 0x3B, 0x5B, 0x00, 0x40, 0x61, 0x23, 0x3B, 0x00, 0x19, 0x3B, 0x58,
    0x07, 0x37, 0x00, 0x34, 0x37, 0x53, 0x18, 0x40, 0x00, 0x24, 0x40, 0x61, 0x4B, 0x3B, 0x00, 0x2D,
    0x3B, 0x5E, 0x0D, 0x37, 0x00, 0x30, 0x37, 0x51, 0x79, 0x37, 0x00, 0x00, 0x41, 0x66, 0x00, 0x3C,
    0x62, 0x00, 0x39, 0x5D, 0x02, 0x3B, 0x00, 0x03, 0x40, 0x00, 0x74, 0x3C, 0x4E, 0x00, 0x39, 0x4C,
    0x01, 0x39, 0x00, 0x00, 0x3C, 0x00, 0x3A, 0x41, 0x65, 0x01, 0x41, 0x00, 0x00, 0x39, 0x5E, 0x01,
    0x39, 0x00, 0x75, 0x3C, 0x62, 0x01, 0x3C, 0x00, 0x3C, 0x39, 0x56, 0x01, 0x39, 0x00, 0x36, 0x39,
    0x00, 0x00, 0x41, 0x00, 0x00, 0x3C, 0x00, 0x03, 0x40, 0x4A, 0x00, 0x3B, 0x44, 0x35, 0x40, 0x00,
    0x01, 0x34, 0x54, 0x02, 0x38, 0x54, 0x06, 0x3B, 0x5B, 0x00, 0x40, 0x5B, 0x01, 0x3B, 0x00, 0x70,
    0x34, 0x00, 0x02, 0x38, 0x00, 0x06, 0x38, 0x4B, 0x3C, 0x3B, 0x00, 0x01, 0x3B, 0x58, 0x02, 0x40,
    0x5D, 0x01, 0x40, 0x00, 0x73, 0x3B, 0x00, 0x01, 0x3B, 0x4D, 0x3C, 0x38, 0x50, 0x01, 0x38, 0x00,
    0x3B, 0x3B, 0x47, 0x01, 0x3B, 0x00, 0x38, 0x41, 0x66, 0x00, 0x3C, 0x62, 0x00, 0x39, 0x5D, 0x01,
    0x38, 0x00, 0x01, 0x3B, 0x00, 0x01, 0x40, 0x00, 0x74, 0x39, 0x5E, 0x01, 0x39, 0x00, 0x01, 0x3C,
    0x4E, 0x01, 0x3C, 0x00, 0x3A, 0x41, 0x65, 0x01, 0x41, 0x00, 0x77, 0x3C, 0x67, 0x01, 0x3C, 0x00,
    0x3A, 0x39, 0x00, 0x01, 0x39, 0x61, 0x30, 0x39, 0x00, 0x00, 0x41, 0x00, 0x00, 0x3C, 0x00, 0x0A,
    0x40, 0x4E, 0x00, 0x3B, 0x48, 0x35, 0x40, 0x00, 0x09, 0x3B, 0x00, 0x01, 0x39, 0x51, 0x00, 0x42,
    0x4E, 0x00, 0x3E, 0x64, 0x79, 0x39, 0x44, 0x01, 0x39, 0x00, 0x3C, 0x42, 0x64, 0x01, 0x42, 0x00,
    0x75, 0x3E, 0x00, 0x01, 0x3E, 0x5E, 0x39, 0x39, 0x65, 0x01, 0x39, 0x00, 0x3C, 0x40, 0x4E, 0x02,
    0x3B, 0x57, 0x05, 0x39, 0x00, 0x00, 0x3E, 0x00, 0x00, 0x42, 0x00, 0x27, 0x3B, 0x00, 0x07, 0x40,
    0x00, 0x09, 0x3C, 0x53, 0x00, 0x39, 0x4F, 0x00, 0x41, 0x61, 0x78, 0x39, 0x4C, 0x01, 0x39, 0x00,
    0x3D, 0x3C, 0x55, 0x00, 0x41, 0x61, 0x01, 0x41, 0x00, 0x00, 0x3C, 0x00, 0x75, 0x3C, 0x00, 0x01,
    0x3C, 0x5C, 0x3A, 0x39, 0x5B, 0x01, 0x39, 0x00, 0x3B, 0x39, 0x00, 0x00, 0x41, 0x00, 0x00, 0x3C,
    0x00, 0x01, 0x3B, 0x40, 0x01, 0x40, 0x3D, 0x28, 0x40, 0x00, 0x08, 0x3B, 0x00, 0x0A, 0x37, 0x63,
    0x01, 0x43, 0x60, 0x00, 0x3E, 0x57, 0x00, 0x3B, 0x53, 0x75, 0x3B, 0x00, 0x01, 0x3B, 0x48, 0x3A,
    0x37, 0x00, 0x01, 0x37, 0x57, 0x02, 0x3E, 0x5E, 0x01, 0x3E, 0x00, 0x01, 0x43, 0x67, 0x01, 0x43,
    0x00, 0x75, 0x3E, 0x00, 0x01, 0x3E, 0x61, 0x38, 0x43, 0x00, 0x01, 0x43, 0x61, 0x3E, 0x3E, 0x50,
    0x01, 0x3E, 0x00, 0x3B, 0x3E, 0x00, 0x00, 0x37, 0x5C, 0x00, 0x3B, 0x51, 0x01, 0x3B, 0x00, 0x00,
    0x37, 0x00, 0x00, 0x43, 0x58, 0x00, 0x3E, 0x5C, 0x01, 0x43, 0x00, 0x76, 0x37, 0x00, 0x00, 0x3B,
    0x00, 0x01, 0x37, 0x51, 0x00, 0x3B, 0x51, 0x39, 0x43, 0x00, 0x03, 0x43, 0x63, 0x77, 0x3E, 0x00,
    0x01, 0x3E, 0x61, 0x3B, 0x43, 0x58, 0x01, 0x43, 0x00, 0x3D, 0x3E, 0x63, 0x01, 0x3E, 0x00, 0x37,
    0x3B, 0x00, 0x02, 0x43, 0x00, 0x00, 0x37, 0x63, 0x01, 0x37, 0x00, 0x00, 0x43, 0x60, 0x00, 0x3E,
    0x57, 0x00, 0x3B, 0x53, 0x01, 0x3E, 0x00, 0x74, 0x3B, 0x00, 0x01, 0x3B, 0x48, 0x3A, 0x37, 0x00,
    0x01, 0x37, 0x57, 0x02, 0x3E, 0x5E, 0x01, 0x3E, 0x00, 0x01, 0x43, 0x67, 0x01, 0x43, 0x00, 0x75,
    0x3E, 0x00, 0x01, 0x3E, 0x61, 0x38, 0x43, 0x00, 0x01, 0x43, 0x61, 0x3E, 0x3E, 0x50, 0x01, 0x3E,
    0x00, 0x3B, 0x3E, 0x00, 0x00, 0x37, 0x5C, 0x00, 0x3B, 0x51, 0x01, 0x3B, 0x00, 0x00, 0x37, 0x00,
    0x00, 0x43, 0x58, 0x00, 0x3E, 0x5C, 0x01, 0x43, 0x00, 0x76, 0x37, 0x00, 0x00, 0x3B, 0x00, 0x01,
    0x37, 0x51, 0x00, 0x3B, 0x51, 0x39, 0x43, 0x00, 0x03, 0x43, 0x63, 0x77, 0x3E, 0x00, 0x01, 0x3E,
    0x61, 0x3B, 0x43, 0x58, 0x01, 0x43, 0x00, 0x3D, 0x3E, 0x63, 0x01, 0x3E, 0x00, 0x37, 0x3B, 0x00,
    0x02, 0x43, 0x00, 0x00, 0x37, 0x63, 0x01, 0x37, 0x00, 0x00, 0x43, 0x60, 0x00, 0x3E, 0x57, 0x00,
    0x3B, 0x53, 0x01, 0x3E, 0x00, 0x74, 0x3B, 0x00, 0x01, 0x3B, 0x48, 0x3A, 0x37, 0x00, 0x01, 0x37,
    0x57, 0x02, 0x3E, 0x5E, 0x01, 0x3E, 0x00, 0x01, 0x43, 0x67, 0x01, 0x43, 0x00, 0x75, 0x3E, 0x00,
    0x01, 0x3E, 0x61, 0x38, 0x43, 0x00, 0x01, 0x43, 0x61, 0x3E, 0x3E, 0x50, 0x01, 0x3E, 0x00, 0x3B,
    0x3E, 0x00, 0x00, 0x37, 0x5C, 0x00, 0x3B, 0x51, 0x01, 0x3B, 0x00, 0x00, 0x37, 0x00, 0x00, 0x43,
    0x58, 0x00, 0x3E, 0x5C, 0x01, 0x43, 0x00, 0x76, 0x37, 0x00, 0x00, 0x3B, 0x00, 0x01, 0x37, 0x51,
    0x00, 0x3B, 0x51, 0x39, 0x43, 0x00, 0x03, 0x43, 0x63, 0x77, 0x3E, 0x00, 0x01, 0x3E, 0x61, 0x3B,
    0x43, 0x58, 0x01, 0x43, 0x00, 0x3D, 0x3E, 0x63, 0x01, 0x3E, 0x00, 0x37, 0x3B, 0x00, 0x02, 0x43,
    0x00, 0x00, 0x37, 0x63, 0x01, 0x37, 0x00, 0x00, 0x43, 0x60, 0x00, 0x3E, 0x57, 0x00, 0x3B, 0x53,
    0x01, 0x3E, 0x00, 0x74, 0x3B, 0x00, 0x01, 0x3B, 0x48, 0x3A, 0x37, 0x00, 0x01, 0x37, 0x57, 0x02,
    0x3E, 0x5E, 0x01, 0x3E, 0x00, 0x01, 0x43, 0x67, 0x01, 0x43, 0x00, 0x75, 0x3E, 0x00, 0x01, 0x3E,
    0x61, 0x38, 0x43, 0x00, 0x01, 0x43, 0x61, 0x3E, 0x3E, 0x50, 0x01, 0x3E, 0x00, 0x3B, 0x3E, 0x00,
    0x00, 0x37, 0x5C, 0x00, 0x3B, 0x51, 0x01, 0x3B, 0x00, 0x00, 0x37, 0x00, 0x00, 0x43, 0x58, 0x00,
    0x3E, 0x5C, 0x01, 0x43, 0x00, 0x76, 0x37, 0x00, 0x00, 0x3B, 0x00, 0x01, 0x37, 0x51, 0x00, 0x3B,
    0x51, 0x39, 0x43, 0x00, 0x03, 0x43, 0x63, 0x77, 0x3E, 0x00, 0x01, 0x3E, 0x61, 0x3B, 0x43, 0x58,
    0x01, 0x43, 0x00, 0x3D, 0x3E, 0x63, 0x01, 0x3E, 0x00, 0x37, 0x3B, 0x00, 0x02, 0x43, 0x00, 0x00,
    0x37, 0x63, 0x01, 0x37, 0x00, 0x00, 0x43, 0x60, 0x00, 0x3E, 0x57, 0x00, 0x3B, 0x53, 0x01, 0x3E,
    0x00, 0x74, 0x3B, 0x00, 0x01, 0x3B, 0x48, 0x3A, 0x37, 0x00, 0x01, 0x37, 0x57, 0x02, 0x3E, 0x5E,
    0x01, 0x3E, 0x00, 0x01, 0x43, 0x67, 0x01, 0x43, 0x00, 0x75, 0x3E, 0x00, 0x01, 0x3E, 0x61, 0x38,
    0x43, 0x00, 0x01, 0x43, 0x61, 0x3E, 0x3E, 0x50, 0x01, 0x3E, 0x00, 0x3B, 0x3E, 0x00, 0x00, 0x37,
    0x5C, 0x00, 0x3B, 0x51, 0x01, 0x3B, 0x00, 0x00, 0x37, 0x00, 0x00, 0x43, 0x58, 0x00, 0x3E, 0x5C,
    0x01, 0x43, 0x00, 0x76, 0x37, 0x00, 0x00, 0x3B, 0x00, 0x01, 0x37, 0x51, 0x00, 0x3B, 0x51, 0x39,
    0x43, 0x00, 0x03, 0x43, 0x63, 0x77, 0x3E, 0x00, 0x01, 0x3E, 0x61, 0x3B, 0x43, 0x58, 0x01, 0x43,
    0x00, 0x3D, 0x3E, 0x63, 0x01, 0x3E, 0x00, 0x37, 0x3B, 0x00, 0x01, 0x34, 0x5B, 0x01, 0x43, 0x00,
    0x00, 0x37, 0x00, 0x02, 0x3E, 0x00, 0x3A, 0x37, 0x4F, 0x3F, 0x3B, 0x54, 0x3C, 0x42, 0x56, 0x52,
    0x3B, 0x00, 0x25, 0x3B, 0x53, 0x14, 0x37, 0x00, 0x27, 0x37, 0x5B, 0x15, 0x3B, 0x00, 0x28, 0x3B,
    0x56, 0x32, 0x42, 0x00, 0x09, 0x34, 0x00, 0x01, 0x34, 0x60, 0x00, 0x40, 0x5B, 0x02, 0x3B, 0x00,
    0x02, 0x37, 0x00, 0x39, 0x39, 0x53, 0x3B, 0x3B, 0x58, 0x23, 0x40, 0x00, 0x1B, 0x40, 0x5D, 0x1B,
    0x3B, 0x00, 0x58, 0x39, 0x00, 0x00, 0x3B, 0x58, 0x3D, 0x39, 0x54, 0x0E, 0x3B, 0x00, 0x2D, 0x3B,
    0x53, 0x37, 0x3B, 0x00, 0x00, 0x39, 0x00, 0x00, 0x40, 0x00, 0x01, 0x34, 0x00, 0x04, 0x34, 0x5B,
    0x3D, 0x37, 0x4F, 0x3E, 0x3B, 0x54, 0x3D, 0x42, 0x56, 0x51, 0x3B, 0x00, 0x25, 0x3B, 0x53, 0x15,
    0x37, 0x00, 0x27, 0x37, 0x5B, 0x14, 0x3B, 0x00, 0x29, 0x3E, 0x56, 0x32, 0x42, 0x00, 0x09, 0x34,
    0x60, 0x01, 0x34, 0x00, 0x00, 0x3B, 0x5B, 0x02, 0x3E, 0x00, 0x02, 0x37, 0x00, 0x73, 0x39, 0x58,
    0x24, 0x3B, 0x00, 0x1B, 0x40, 0x5D, 0x1A, 0x39, 0x00, 0x59, 0x3B, 0x58, 0x3D, 0x39, 0x54, 0x0E,
    0x3B, 0x00, 0x2D, 0x40, 0x00, 0x00, 0x3E, 0x53, 0x37, 0x3E, 0x00, 0x00, 0x34, 0x00, 0x00, 0x39,
    0x00, 0x05, 0x34, 0x5B, 0x3D, 0x37, 0x4F, 0x3F, 0x3B, 0x54, 0x3C, 0x42, 0x56, 0x52, 0x3B, 0x00,
    0x25, 0x3B, 0x53, 0x14, 0x37, 0x00, 0x27, 0x37, 0x5B, 0x15, 0x3B, 0x00, 0x28, 0x3B, 0x56, 0x32,
    0x42, 0x00, 0x09, 0x34, 0x00, 0x01, 0x34, 0x60, 0x00, 0x40, 0x5B, 0x02, 0x3B, 0x00, 0x02, 0x37,
    0x00, 0x39, 0x39, 0x53, 0x3B, 0x3B, 0x58, 0x23, 0x40, 0x00, 0x1B, 0x40, 0x5D, 0x1B, 0x3B, 0x00,
    0x58, 0x39, 0x00, 0x00, 0x3B, 0x58, 0x3D, 0x39, 0x54, 0x0E, 0x3B, 0x00, 0x2D, 0x3B, 0x53, 0x37,
    0x3B, 0x00, 0x00, 0x39, 0x00, 0x00, 0x40, 0x00, 0x01, 0x34, 0x00, 0x04, 0x34, 0x5B, 0x3D, 0x37,
    0x4F, 0x3E, 0x3B, 0x54, 0x3D, 0x42, 0x56, 0x51, 0x3B, 0x00, 0x25, 0x3B, 0x53, 0x15, 0x37, 0x00,
    0x27, 0x37, 0x5B, 0x14, 0x3B, 0x00, 0x29, 0x3E, 0x56, 0x32, 0x42, 0x00, 0x09, 0x34, 0x60, 0x01,
    0x34, 0x00, 0x00, 0x3B, 0x5B, 0x02, 0x3E, 0x00, 0x02, 0x37, 0x00, 0x73, 0x39, 0x58, 0x24, 0x3B,
    0x00, 0x1B, 0x40, 0x5D, 0x1A, 0x39, 0x00, 0x59, 0x3B, 0x58, 0x3D, 0x39, 0x54, 0x0E, 0x3B, 0x00,
    0x2D, 0x40, 0x00, 0x00, 0x3E, 0x53, 0x37, 0x3E, 0x00, 0x00, 0x34, 0x00, 0x00, 0x39, 0x00, 0x05,
    0x34, 0x5B, 0x3D, 0x37, 0x4F, 0x3F, 0x3B, 0x54, 0x3C, 0x42, 0x56, 0x52, 0x3B, 0x00, 0x25, 0x3B,
    0x53, 0x14, 0x37, 0x00, 0x27, 0x37, 0x5B, 0x15, 0x3B, 0x00, 0x28, 0x3B, 0x56, 0x32, 0x42, 0x00,
    0x09, 0x34, 0x00, 0x01, 0x34, 0x60, 0x00, 0x40, 0x5B, 0x02, 0x3B, 0x00, 0x02, 0x37, 0x00, 0x39,
    0x39, 0x53, 0x3B, 0x3B, 0x58, 0x23, 0x40, 0x00, 0x1B, 0x40, 0x5D, 0x1B, 0x3B, 0x00, 0x58, 0x39,
    0x00, 0x00, 0x3B, 0x58, 0x3D, 0x39, 0x54, 0x0E, 0x3B, 0x00, 0x2D, 0x3B, 0x53, 0x37, 0x3B, 0x00,
    0x00, 0x39, 0x00, 0x00, 0x40, 0x00, 0x01, 0x34, 0x00, 0x04, 0x34, 0x5B, 0x3D, 0x37, 0x4F, 0x3E,
    0x3B, 0x54, 0x3D, 0x42, 0x56, 0x51, 0x3B, 0x00, 0x25, 0x3B, 0x53, 0x15, 0x37, 0x00, 0x27, 0x37,
    0x5B, 0x14, 0x3B, 0x00, 0x29, 0x3E, 0x56, 0x32, 0x42, 0x00, 0x09, 0x34, 0x60, 0x01, 0x34, 0x00,
    0x00, 0x3B, 0x5B, 0x02, 0x3E, 0x00, 0x02, 0x37, 0x00, 0x73, 0x39, 0x58, 0x24, 0x3B, 0x00, 0x1B,
    0x40, 0x5D, 0x1A, 0x39, 0x00, 0x59, 0x3B, 0x58, 0x3D, 0x39, 0x54, 0x0E, 0x3B, 0x00, 0x2D, 0x40,
    0x00, 0x00, 0x3E, 0x53, 0x37, 0x3E, 0x00, 0x00, 0x34, 0x00, 0x00, 0x39, 0x00, 0x05, 0x34, 0x5B,
    0x3D, 0x37, 0x4F, 0x3F, 0x3B, 0x54, 0x3C, 0x42, 0x56, 0x52, 0x3B, 0x00, 0x25, 0x3B, 0x53, 0x14,
    0x37, 0x00, 0x27, 0x37, 0x5B, 0x15, 0x3B, 0x00, 0x28, 0x3B, 0x56, 0x32, 0x42, 0x00, 0x09, 0x34,
    0x00, 0x01, 0x34, 0x60, 0x00, 0x40, 0x5B, 0x02, 0x3B, 0x00, 0x02, 0x37, 0x00, 0x39, 0x39, 0x53,
    0x3B, 0x3B, 0x58, 0x23, 0x40, 0x00, 0x1B, 0x40, 0x5D, 0x1B, 0x3B, 0x00, 0x58, 0x39, 0x00, 0x00,
    0x3B, 0x58, 0x3D, 0x39, 0x54, 0x0E, 0x3B, 0x00, 0x2D, 0x3B, 0x53, 0x37, 0x3B, 0x00, 0x00, 0x39,
    0x00, 0x00, 0x40, 0x00, 0x01, 0x34, 0x00, 0x07, 0x3E, 0x65, 0x76, 0x3A, 0x54, 0x3C, 0x37, 0x56,
    0x05, 0x3E, 0x00, 0x05, 0x3A, 0x00, 0x6F, 0x3A, 0x49, 0x39, 0x3A, 0x00, 0x02, 0x3E, 0x67, 0x3C,
    0x3A, 0x4E, 0x0F, 0x3E, 0x00, 0x13, 0x37, 0x00, 0x06, 0x3A, 0x00, 0x18, 0x3C, 0x62, 0x3E, 0x37,
    0x5D, 0x08, 0x3C, 0x00, 0x2D, 0x3C, 0x57, 0x3E, 0x3E, 0x62, 0x09, 0x3C, 0x00, 0x6E, 0x3C, 0x5D,
    0x09, 0x3E, 0x00, 0x0E, 0x37, 0x00, 0x23, 0x37, 0x5D, 0x0D, 0x3C, 0x00, 0x31, 0x3C, 0x57, 0x39,
    0x37, 0x00, 0x04, 0x3C, 0x00, 0x02, 0x3E, 0x65, 0x75, 0x3A, 0x54, 0x3D, 0x37, 0x56, 0x05, 0x3E,
    0x00, 0x04, 0x3A, 0x00, 0x6F, 0x3A, 0x49, 0x39, 0x3A, 0x00, 0x02, 0x3E, 0x67, 0x3C, 0x3A, 0x4E,
    0x0F, 0x3E, 0x00, 0x14, 0x37, 0x00, 0x05, 0x3A, 0x00, 0x18, 0x3C, 0x62, 0x3E, 0x37, 0x5D, 0x09,
    0x3C, 0x00, 0x2C, 0x3C, 0x57, 0x3E, 0x3E, 0x62, 0x09, 0x3C, 0x00, 0x6F, 0x3C, 0x5D, 0x08, 0x3E,
    0x00, 0x0D, 0x37, 0x00, 0x24, 0x37, 0x5D, 0x0E, 0x3C, 0x00, 0x31, 0x3C, 0x57, 0x38, 0x37, 0x00,
    0x04, 0x3E, 0x65, 0x01, 0x3C, 0x00, 0x74, 0x3A, 0x54, 0x3C, 0x37, 0x56, 0x06, 0x3E, 0x00, 0x04,
    0x3A, 0x00, 0x6F, 0x3A, 0x49, 0x39, 0x3A, 0x00, 0x02, 0x3E, 0x67, 0x3C, 0x3A, 0x4E, 0x0F, 0x3E,
    0x00, 0x13, 0x37, 0x00, 0x06, 0x3A, 0x00, 0x18, 0x3C, 0x62, 0x3E, 0x37, 0x5D, 0x09, 0x3C, 0x00,
    0x2C, 0x3C, 0x57, 0x3E, 0x3E, 0x62, 0x09, 0x3C, 0x00, 0x6E, 0x3C, 0x5D, 0x09, 0x3E, 0x00, 0x0D,
    0x37, 0x00, 0x24, 0x37, 0x5D, 0x0D, 0x3C, 0x00, 0x31, 0x3C, 0x57, 0x39, 0x37, 0x00, 0x04, 0x3C,
    0x00, 0x06, 0x36, 0x5F, 0x3D, 0x39, 0x5B, 0x3A, 0x3E, 0x5E, 0x34, 0x39, 0x00, 0x02, 0x36, 0x00,
    0x01, 0x37, 0x53, 0x3C, 0x34, 0x61, 0x03, 0x37, 0x00, 0x06, 0x3E, 0x00, 0x34, 0x3E, 0x58, 0x30,
    0x3E, 0x00, 0x0D, 0x3E, 0x68, 0x3B, 0x37, 0x5E, 0x3D, 0x3E, 0x00, 0x01, 0x3E, 0x56, 0x01, 0x32,
    0x6C, 0x02, 0x34, 0x00, 0x02, 0x37, 0x00, 0x32, 0x3E, 0x00, 0x04, 0x39, 0x5E, 0x3D, 0x3E, 0x5E,
    0x12, 0x39, 0x00, 0x28, 0x39, 0x56, 0x31, 0x32, 0x00, 0x06, 0x39, 0x00, 0x03, 0x3E, 0x00, 0x02,
    0x3C, 0x5B, 0x01, 0x30, 0x5B, 0x3A, 0x3E, 0x58, 0x14, 0x3C, 0x00, 0x23, 0x3E, 0x00, 0x07, 0x3E,
    0x65, 0x3A, 0x39, 0x43, 0x36, 0x30, 0x00, 0x06, 0x2F, 0x5B, 0x01, 0x3B, 0x58, 0x09, 0x39, 0x00,
    0x06, 0x3E, 0x00, 0x2D, 0x3E, 0x5B, 0x07, 0x3B, 0x00, 0x2A, 0x3E, 0x00, 0x0B, 0x3E, 0x5E, 0x3C,
    0x37, 0x4D, 0x3A, 0x2D, 0x56, 0x05, 0x2F, 0x00, 0x2A, 0x3E, 0x00, 0x11, 0x3E, 0x53, 0x2B, 0x3E,
    0x00, 0x0F, 0x3E, 0x61, 0x04, 0x37, 0x00, 0x36, 0x37, 0x4F, 0x3C, 0x37, 0x00, 0x01, 0x37, 0x56,
    0x01, 0x2D, 0x00, 0x01, 0x2B, 0x56, 0x01, 0x3E, 0x00, 0x3A, 0x3E, 0x5E, 0x27, 0x3E, 0x00, 0x15,
    0x3E, 0x65, 0x29, 0x37, 0x00, 0x15, 0x37, 0x58, 0x2B, 0x29, 0x49, 0x05, 0x37, 0x00, 0x01, 0x37,
    0x4F, 0x08, 0x3B, 0x52, 0x01, 0x2B, 0x00, 0x02, 0x3E, 0x00, 0x07, 0x3E, 0x59, 0x83, 0x57, 0x3E,
    0x00, 0x00, 0x3B, 0x00, 0x00, 0x29, 0x00, 0x00, 0x37, 0x00, 0x02, 0x37, 0x51, 0x00, 0x3C, 0x4B,
    0x01, 0x40, 0x56, 0x75, 0x3C, 0x00, 0x00, 0x37, 0x00, 0x01, 0x3C, 0x53, 0x00, 0x37, 0x56, 0x00,
    0x40, 0x56, 0x01, 0x40, 0x00, 0x3C, 0x37, 0x00, 0x00, 0x40, 0x00, 0x01, 0x3C, 0x00, 0x00, 0x40,
    0x52, 0x00, 0x37, 0x4F, 0x01, 0x3C, 0x58, 0x75, 0x3C, 0x52, 0x01, 0x3C, 0x00, 0x00, 0x37, 0x4F,
    0x00, 0x40, 0x52, 0x01, 0x40, 0x00, 0x00, 0x37, 0x00, 0x3A, 0x3C, 0x52, 0x00, 0x40, 0x4D, 0x00,
    0x37, 0x4D, 0x01, 0x37, 0x00, 0x00, 0x3C, 0x00, 0x00, 0x40, 0x00, 0x38, 0x40, 0x00, 0x00, 0x3C,
    0x00, 0x00, 0x37, 0x00, 0x02, 0x37, 0x58, 0x01, 0x3B, 0x53, 0x35, 0x3B, 0x00, 0x00, 0x37, 0x00,
    0x06, 0x37, 0x5B, 0x00, 0x3B, 0x5B, 0x00, 0x40, 0x61, 0x23, 0x3B, 0x00, 0x19, 0x3B, 0x58, 0x07,
    0x37, 0x00, 0x34, 0x37, 0x53, 0x18, 0x40, 0x00, 0x24, 0x40, 0x61, 0x4B, 0x3B, 0x00, 0x2D, 0x3B,
    0x5E, 0x0D, 0x37, 0x00, 0x30, 0x37, 0x51, 0x79, 0x37, 0x00, 0x00, 0x41, 0x66, 0x00, 0x3C, 0x62,
    0x00, 0x39, 0x5D, 0x02, 0x3B, 0x00, 0x03, 0x40, 0x00, 0x74, 0x3C, 0x4E, 0x00, 0x39, 0x4C, 0x01,
    0x39, 0x00, 0x00, 0x3C, 0x00, 0x3A, 0x41, 0x65, 0x01, 0x41, 0x00, 0x00, 0x39, 0x5E, 0x01, 0x39,
    0x00, 0x75, 0x3C, 0x62, 0x01, 0x3C, 0x00, 0x3C, 0x39, 0x56, 0x01, 0x39, 0x00, 0x36, 0x39, 0x00,
    0x00, 0x41, 0x00, 0x00, 0x3C, 0x00, 0x03, 0x40, 0x4A, 0x00, 0x3B, 0x44, 0x35, 0x40, 0x00, 0x01,
    0x34, 0x54, 0x02, 0x38, 0x54, 0x06, 0x3B, 0x5B, 0x00, 0x40, 0x5B, 0x01, 0x3B, 0x00, 0x70, 0x34,
    0x00, 0x02, 0x38, 0x00, 0x06, 0x38, 0x4B, 0x3C, 0x3B, 0x00, 0x01, 0x3B, 0x58, 0x02, 0x40, 0x5D,
    0x01, 0x40, 0x00, 0x73, 0x3B, 0x00, 0x01, 0x3B, 0x4D, 0x3C, 0x38, 0x50, 0x01, 0x38, 0x00, 0x3B,
    0x3B, 0x47, 0x01, 0x3B, 0x00, 0x38, 0x41, 0x66, 0x00, 0x3C, 0x62, 0x00, 0x39, 0x5D, 0x01, 0x38,
    0x00, 0x01, 0x3B, 0x00, 0x01, 0x40, 0x00, 0x74, 0x39, 0x5E, 0x01, 0x39, 0x00, 0x01, 0x3C, 0x4E,
    0x01, 0x3C, 0x00, 0x3A, 0x41, 0x65, 0x01, 0x41, 0x00, 0x77, 0x3C, 0x67, 0x01, 0x3C, 0x00, 0x3A,
    0x39, 0x00, 0x01, 0x39, 0x61, 0x30, 0x39, 0x00, 0x00, 0x41, 0x00, 0x00, 0x3C, 0x00, 0x0A, 0x40,
    0x4E, 0x00, 0x3B, 0x48, 0x35, 0x40, 0x00, 0x09, 0x3B, 0x00, 0x01, 0x39, 0x51, 0x00, 0x42, 0x4E,
    0x00, 0x3E, 0x64, 0x79, 0x39, 0x44, 0x01, 0x39, 0x00, 0x3C, 0x42, 0x64, 0x01, 0x42, 0x00, 0x75,
    0x3E, 0x00, 0x01, 0x3E, 0x5E, 0x39, 0x39, 0x65, 0x01, 0x39, 0x00, 0x3C, 0x40, 0x4E, 0x02, 0x3B,
    0x57, 0x05, 0x39, 0x00, 0x00, 0x3E, 0x00, 0x00, 0x42, 0x00, 0x27, 0x3B, 0x00, 0x07, 0x40, 0x00,
    0x09, 0x3C, 0x53, 0x00, 0x39, 0x4F, 0x00, 0x41, 0x61, 0x78, 0x39, 0x4C, 0x01, 0x39, 0x00, 0x3D,
    0x3C, 0x55, 0x00, 0x41, 0x61, 0x01, 0x41, 0x00, 0x00, 0x3C, 0x00, 0x75, 0x3C, 0x00, 0x01, 0x3C,
    0x5C, 0x3A, 0x39, 0x5B, 0x01, 0x39, 0x00, 0x3B, 0x39, 0x00, 0x00, 0x41, 0x00, 0x00, 0x3C, 0x00,
    0x01, 0x3B, 0x40, 0x01, 0x40, 0x3D, 0x28, 0x40, 0x00, 0x08, 0x3B, 0x00, 0x0A, 0x37, 0x63, 0x01,
    0x43, 0x60, 0x00, 0x3E, 0x57, 0x00, 0x3B, 0x53, 0x75, 0x3B, 0x00, 0x01, 0x3B, 0x48, 0x3A, 0x37,
    0x00, 0x01, 0x37, 0x57, 0x02, 0x3E, 0x5E, 0x01, 0x3E, 0x00, 0x01, 0x43, 0x67, 0x01, 0x43, 0x00,
    0x75, 0x3E, 0x00, 0x01, 0x3E, 0x61, 0x3B, 0x3B, 0x50, 0x01, 0x3B, 0x00, 0x3A, 0x43, 0x00, 0x01,
    0x43, 0x61, 0x2F, 0x3E, 0x00, 0x0D, 0x37, 0x5C, 0x00, 0x3B, 0x51, 0x01, 0x3B, 0x00, 0x00, 0x37,
    0x00, 0x00, 0x43, 0x58, 0x00, 0x3E, 0x5C, 0x01, 0x43, 0x00, 0x77, 0x37, 0x51, 0x01, 0x37, 0x00,
    0x00, 0x3B, 0x51, 0x01, 0x3B, 0x00, 0x37, 0x43, 0x00, 0x04, 0x43, 0x63, 0x76, 0x3E, 0x00, 0x01,
    0x3E, 0x61, 0x3B, 0x3B, 0x58, 0x01, 0x3B, 0x00, 0x3A, 0x43, 0x00, 0x01, 0x43, 0x63, 0x3C, 0x43,
    0x00, 0x00, 0x3E, 0x00, 0x00, 0x3B, 0x00, 0x00, 0x37, 0x00, 0x02, 0x37, 0x51, 0x00, 0x3C, 0x4B,
    0x01, 0x40, 0x56, 0x75, 0x3C, 0x00, 0x00, 0x37, 0x00, 0x01, 0x3C, 0x53, 0x00, 0x37, 0x56, 0x00,
    0x40, 0x56, 0x01, 0x40, 0x00, 0x3C, 0x37, 0x00, 0x00, 0x40, 0x00, 0x01, 0x3C, 0x00, 0x00, 0x40,
    0x52, 0x00, 0x37, 0x4F, 0x01, 0x3C, 0x58, 0x75, 0x3C, 0x52, 0x01, 0x3C, 0x00, 0x00, 0x37, 0x4F,
    0x00, 0x40, 0x52, 0x01, 0x40, 0x00, 0x00, 0x37, 0x00, 0x3A, 0x3C, 0x52, 0x00, 0x40, 0x4D, 0x00,
    0x37, 0x4D, 0x01, 0x37, 0x00, 0x00, 0x3C, 0x00, 0x00, 0x40, 0x00, 0x38, 0x40, 0x00, 0x00, 0x3C,
    0x00, 0x00, 0x37, 0x00, 0x02, 0x37, 0x58, 0x01, 0x3B, 0x53, 0x35, 0x3B, 0x00, 0x00, 0x37, 0x00,
    0x06, 0x37, 0x5B, 0x00, 0x3B, 0x5B, 0x00, 0x40, 0x61, 0x23, 0x3B, 0x00, 0x19, 0x3B, 0x58, 0x07,
    0x37, 0x00, 0x34, 0x37, 0x53, 0x18, 0x40, 0x00, 0x24, 0x40, 0x61, 0x4B, 0x3B, 0x00, 0x2D, 0x3B,
    0x5E, 0x0D, 0x37, 0x00, 0x30, 0x37, 0x51, 0x79, 0x37, 0x00, 0x00, 0x41, 0x66, 0x00, 0x3C, 0x62,
    0x00, 0x39, 0x5D, 0x02, 0x3B, 0x00, 0x03, 0x40, 0x00, 0x74, 0x3C, 0x4E, 0x00, 0x39, 0x4C, 0x01,
    0x39, 0x00, 0x00, 0x3C, 0x00, 0x3A, 0x41, 0x65, 0x01, 0x41, 0x00, 0x00, 0x39, 0x5E, 0x01, 0x39,
    0x00, 0x75, 0x3C, 0x62, 0x01, 0x3C, 0x00, 0x3C, 0x39, 0x56, 0x01, 0x39, 0x00, 0x36, 0x39, 0x00,
    0x00, 0x41, 0x00, 0x00, 0x3C, 0x00, 0x03, 0x40, 0x4A, 0x00, 0x3B, 0x44, 0x35, 0x40, 0x00, 0x01,
    0x34, 0x54, 0x02, 0x38, 0x54, 0x06, 0x3B, 0x5B, 0x00, 0x40, 0x5B, 0x01, 0x3B, 0x00, 0x70, 0x34,
    0x00, 0x02, 0x38, 0x00, 0x06, 0x38, 0x4B, 0x3C, 0x3B, 0x00, 0x01, 0x3B, 0x58, 0x02, 0x40, 0x5D,
    0x01, 0x40, 0x00, 0x73, 0x3B, 0x00, 0x01, 0x3B, 0x4D, 0x3C, 0x38, 0x50, 0x01, 0x38, 0x00, 0x3B,
    0x3B, 0x47, 0x01, 0x3B, 0x00, 0x38, 0x41, 0x66, 0x00, 0x3C, 0x62, 0x00, 0x39, 0x5D, 0x01, 0x38,
    0x00, 0x01, 0x3B, 0x00, 0x01, 0x40, 0x00, 0x74, 0x39, 0x5E, 0x01, 0x39, 0x00, 0x01, 0x3C, 0x4E,
    0x01, 0x3C, 0x00, 0x3A, 0x41, 0x65, 0x01, 0x41, 0x00, 0x77, 0x3C, 0x67, 0x01, 0x3C, 0x00, 0x3A,
    0x39, 0x00, 0x01, 0x39, 0x61, 0x30, 0x39, 0x00, 0x00, 0x41, 0x00, 0x00, 0x3C, 0x00, 0x0A, 0x40,
    0x4E, 0x00, 0x3B, 0x48, 0x35, 0x40, 0x00, 0x09, 0x3B, 0x00, 0x01, 0x39, 0x51, 0x00, 0x42, 0x4E,
    0x00, 0x3E, 0x64, 0x79, 0x39, 0x44, 0x01, 0x39, 0x00, 0x3C, 0x42, 0x64, 0x01, 0x42, 0x00, 0x75,
    0x3E, 0x00, 0x01, 0x3E, 0x5E, 0x39, 0x39, 0x65, 0x01, 0x39, 0x00, 0x3C, 0x40, 0x4E, 0x02, 0x3B,
    0x57, 0x05, 0x39, 0x00, 0x00, 0x3E, 0x00, 0x00, 0x42, 0x00, 0x27, 0x3B, 0x00, 0x07, 0x40, 0x00,
    0x09, 0x3C, 0x53, 0x00, 0x39, 0x4F, 0x00, 0x41, 0x61, 0x78, 0x39, 0x4C, 0x01, 0x39, 0x00, 0x3D,
    0x3C, 0x55, 0x00, 0x41, 0x61, 0x01, 0x41, 0x00, 0x00, 0x3C, 0x00, 0x75, 0x3C, 0x00, 0x01, 0x3C,
    0x5C, 0x3A, 0x39, 0x5B, 0x01, 0x39, 0x00, 0x3B, 0x39, 0x00, 0x00, 0x41, 0x00, 0x00, 0x3C, 0x00,
    0x01, 0x3B, 0x40, 0x01, 0x40, 0x3D, 0x28, 0x40, 0x00, 0x08, 0x3B, 0x00, 0x0A, 0x37, 0x63, 0x01,
    0x43, 0x60, 0x00, 0x3E, 0x57, 0x00, 0x3B, 0x53, 0x75, 0x3B, 0x00, 0x01, 0x3B, 0x48, 0x3A, 0x37,
    0x00, 0x01, 0x37, 0x57, 0x02, 0x3E, 0x5E, 0x01, 0x3E, 0x00, 0x01, 0x43, 0x67, 0x01, 0x43, 0x00,
    0x75, 0x3E, 0x00, 0x01, 0x3E, 0x61, 0x38, 0x43, 0x00, 0x01, 0x43, 0x61, 0x3E, 0x3E, 0x50, 0x01,
    0x3E, 0x00, 0x3B, 0x3E, 0x00, 0x00, 0x37, 0x5C, 0x00, 0x3B, 0x51, 0x01, 0x3B, 0x00, 0x00, 0x37,
    0x00, 0x00, 0x43, 0x58, 0x00, 0x3E, 0x5C, 0x01, 0x43, 0x00, 0x76, 0x37, 0x00, 0x00, 0x3B, 0x00,
    0x01, 0x37, 0x51, 0x00, 0x3B, 0x51, 0x39, 0x43, 0x00, 0x03, 0x43, 0x63, 0x77, 0x3E, 0x00, 0x01,
    0x3E, 0x61, 0x3B, 0x43, 0x58, 0x01, 0x43, 0x00, 0x3D, 0x3E, 0x63, 0x01, 0x3E, 0x00, 0x37, 0x3B,
    0x00, 0x02, 0x43, 0x00, 0x00, 0x37, 0x63, 0x00, 0x37, 0x63, 0x01, 0x37, 0x00, 0x00, 0x43, 0x60,
    0x00, 0x3E, 0x57, 0x00, 0x3B, 0x53, 0x01, 0x3E, 0x00, 0x74, 0x3B, 0x00, 0x01, 0x3B, 0x48, 0x3A,
    0x37, 0x00, 0x00, 0x37, 0x00, 0x01, 0x37, 0x57, 0x02, 0x3E, 0x5E, 0x01, 0x3E, 0x00, 0x01, 0x43,
    0x67, 0x01, 0x43, 0x00, 0x75, 0x3E, 0x00, 0x01, 0x3E, 0x61, 0x38, 0x43, 0x00, 0x01, 0x43, 0x61,
    0x3E, 0x3E, 0x50, 0x01, 0x3E, 0x00, 0x3B, 0x3E, 0x00, 0x00, 0x37, 0x5C, 0x00, 0x3B, 0x51, 0x01,
    0x3B, 0x00, 0x00, 0x37, 0x00, 0x00, 0x43, 0x58, 0x00, 0x3E, 0x5C, 0x01, 0x43, 0x00, 0x76, 0x37,
    0x00, 0x00, 0x3B, 0x00, 0x01, 0x37, 0x51, 0x00, 0x3B, 0x51, 0x39, 0x43, 0x00, 0x03, 0x43, 0x63,
    0x77, 0x3E, 0x00, 0x01, 0x3E, 0x61, 0x3B, 0x43, 0x58, 0x01, 0x43, 0x00, 0x3D, 0x3E, 0x63, 0x01,
    0x3E, 0x00, 0x37, 0x3B, 0x00, 0x02, 0x43, 0x00, 0x00, 0x37, 0x63, 0x01, 0x37, 0x00, 0x00, 0x43,
    0x60, 0x00, 0x3E, 0x57, 0x00, 0x3B, 0x53, 0x01, 0x3E, 0x00, 0x74, 0x3B, 0x00, 0x01, 0x3B, 0x48,
    0x3A, 0x37, 0x00, 0x01, 0x37, 0x57, 0x02, 0x3E, 0x5E, 0x01, 0x3E, 0x00, 0x01, 0x43, 0x67, 0x01,
    0x43, 0x00, 0x75, 0x3E, 0x00, 0x01, 0x3E, 0x61, 0x38, 0x43, 0x00, 0x01, 0x43, 0x61, 0x3E, 0x3E,
    0x50, 0x01, 0x3E, 0x00, 0x3B, 0x3E, 0x00, 0x00, 0x37, 0x5C, 0x00, 0x3B, 0x51, 0x01, 0x3B, 0x00,
    0x00, 0x37, 0x00, 0x00, 0x43, 0x58, 0x00, 0x3E, 0x5C, 0x01, 0x43, 0x00, 0x76, 0x37, 0x00, 0x00,
    0x3B, 0x00, 0x01, 0x37, 0x51, 0x00, 0x3B, 0x51, 0x39, 0x43, 0x00, 0x03, 0x43, 0x63, 0x77, 0x3E,
    0x00, 0x01, 0x3E, 0x61, 0x3B, 0x43, 0x58, 0x01, 0x43, 0x00, 0x3D, 0x3E, 0x63, 0x01, 0x3E, 0x00,
    0x37, 0x3B, 0x00, 0x02, 0x43, 0x00, 0x00, 0x37, 0x63, 0x01, 0x37, 0x00, 0x00, 0x43, 0x60, 0x00,
    0x3E, 0x57, 0x00, 0x3B, 0x53, 0x01, 0x3E, 0x00, 0x74, 0x3B, 0x00, 0x01, 0x3B, 0x48, 0x3A, 0x37,
    0x00, 0x01, 0x37, 0x57, 0x02, 0x3E, 0x5E, 0x01, 0x3E, 0x00, 0x01, 0x43, 0x67, 0x01, 0x43, 0x00,
    0x75, 0x3E, 0x00, 0x01, 0x3E, 0x61, 0x38, 0x43, 0x00, 0x01, 0x43, 0x61, 0x3E, 0x3E, 0x50, 0x01,
    0x3E, 0x00, 0x3B, 0x3E, 0x00, 0x00, 0x37, 0x5C, 0x00, 0x3B, 0x51, 0x01, 0x3B, 0x00, 0x00, 0x37,
    0x00, 0x00, 0x43, 0x58, 0x00, 0x3E, 0x5C, 0x01, 0x43, 0x00, 0x76, 0x37, 0x00, 0x00, 0x3B, 0x00,
    0x01, 0x37, 0x51, 0x00, 0x3B, 0x51, 0x39, 0x43, 0x00, 0x03, 0x43, 0x63, 0x77, 0x3E, 0x00, 0x01,
    0x3E, 0x61, 0x3B, 0x43, 0x58, 0x01, 0x43, 0x00, 0x3D, 0x3E, 0x63, 0x01, 0x3E, 0x00, 0x37, 0x3B,
    0x00, 0x02, 0x43, 0x00, 0x00, 0x37, 0x63, 0x01, 0x37, 0x00, 0x00, 0x43, 0x60, 0x00, 0x3E, 0x57,
    0x00, 0x3B, 0x53, 0x01, 0x3E, 0x00, 0x74, 0x3B, 0x00, 0x01, 0x3B, 0x48, 0x3A, 0x37, 0x00, 0x01,
    0x37, 0x57, 0x02, 0x3E, 0x5E, 0x01, 0x3E, 0x00, 0x01, 0x43, 0x67, 0x01, 0x43, 0x00, 0x75, 0x3E,
    0x00, 0x01, 0x3E, 0x61, 0x38, 0x43, 0x00, 0x01, 0x43, 0x61, 0x3E, 0x3E, 0x50, 0x01, 0x3E, 0x00,
    0x3B, 0x3E, 0x00, 0x00, 0x37, 0x5C, 0x00, 0x3B, 0x51, 0x01, 0x3B, 0x00, 0x00, 0x37, 0x00, 0x00,
    0x43, 0x58, 0x00, 0x3E, 0x5C, 0x01, 0x43, 0x00, 0x76, 0x37, 0x00, 0x00, 0x3B, 0x00, 0x01, 0x37,
    0x51, 0x00, 0x3B, 0x51, 0x39, 0x43, 0x00, 0x03, 0x43, 0x63, 0x77, 0x3E, 0x00, 0x01, 0x3E, 0x61,
    0x3B, 0x43, 0x58, 0x01, 0x43, 0x00, 0x3D, 0x3E, 0x63, 0x01, 0x3E, 0x00, 0x37, 0x3B, 0x00, 0x01,
    0x34, 0x5B, 0x01, 0x43, 0x00, 0x00, 0x37, 0x00, 0x02, 0x3E, 0x00, 0x3A, 0x37, 0x4F, 0x3F, 0x3B,
    0x54, 0x3C, 0x42, 0x56, 0x52, 0x3B, 0x00, 0x25, 0x3B, 0x53, 0x14, 0x37, 0x00, 0x27, 0x37, 0x5B,
    0x15, 0x3B, 0x00, 0x28, 0x3B, 0x56, 0x32, 0x42, 0x00, 0x09, 0x34, 0x00, 0x01, 0x34, 0x60, 0x00,
    0x40, 0x5B, 0x02, 0x3B, 0x00, 0x02, 0x37, 0x00, 0x39, 0x39, 0x53, 0x3B, 0x3B, 0x58, 0x23, 0x40,
    0x00, 0x1B, 0x40, 0x5D, 0x1B, 0x3B, 0x00, 0x58, 0x39, 0x00, 0x00, 0x3B, 0x58, 0x3D, 0x39, 0x54,
    0x0E, 0x3B, 0x00, 0x2D, 0x3B, 0x53, 0x37, 0x3B, 0x00, 0x00, 0x39, 0x00, 0x00, 0x40, 0x00, 0x01,
    0x34, 0x00, 0x04, 0x34, 0x5B, 0x3D, 0x37, 0x4F, 0x3E, 0x3B, 0x54, 0x3D, 0x42, 0x56, 0x51, 0x3B,
    0x00, 0x25, 0x3B, 0x53, 0x15, 0x37, 0x00, 0x27, 0x37, 0x5B, 0x14, 0x3B, 0x00, 0x29, 0x3E, 0x56,
    0x32, 0x42, 0x00, 0x09, 0x34, 0x60, 0x01, 0x34, 0x00, 0x00, 0x3B, 0x5B, 0x02, 0x3E, 0x00, 0x02,
    0x37, 0x00, 0x73, 0x39, 0x58, 0x24, 0x3B, 0x00, 0x1B, 0x40, 0x5D, 0x1A, 0x39, 0x00, 0x59, 0x3B,
    0x58, 0x3D, 0x39, 0x54, 0x0E, 0x3B, 0x00, 0x2D, 0x40, 0x00, 0x00, 0x3E, 0x53, 0x37, 0x3E, 0x00,
    0x00, 0x34, 0x00, 0x00, 0x39, 0x00, 0x05, 0x34, 0x5B, 0x3D, 0x37, 0x4F, 0x3F, 0x3B, 0x54, 0x3C,
    0x42, 0x56, 0x52, 0x3B, 0x00, 0x25, 0x3B, 0x53, 0x14, 0x37, 0x00, 0x27, 0x37, 0x5B, 0x15, 0x3B,
    0x00, 0x28, 0x3B, 0x56, 0x32, 0x42, 0x00, 0x09, 0x34, 0x00, 0x01, 0x34, 0x60, 0x00, 0x40, 0x5B,
    0x02, 0x3B, 0x00, 0x02, 0x37, 0x00, 0x39, 0x39, 0x53, 0x3B, 0x3B, 0x58, 0x23, 0x40, 0x00, 0x1B,
    0x40, 0x5D, 0x1B, 0x3B, 0x00, 0x58, 0x39, 0x00, 0x00, 0x3B, 0x58, 0x3D, 0x39, 0x54, 0x0E, 0x3B,
    0x00, 0x2D, 0x3B, 0x53, 0x37, 0x3B, 0x00, 0x00, 0x39, 0x00, 0x00, 0x40, 0x00, 0x01, 0x34, 0x00,
    0x04, 0x34, 0x5B, 0x3D, 0x37, 0x4F, 0x3E, 0x3B, 0x54, 0x3D, 0x42, 0x56, 0x51, 0x3B, 0x00, 0x25,
    0x3B, 0x53, 0x15, 0x37, 0x00, 0x27, 0x37, 0x5B, 0x14, 0x3B, 0x00, 0x29, 0x3E, 0x56, 0x32, 0x42,
    0x00, 0x09, 0x34, 0x60, 0x01, 0x34, 0x00, 0x00, 0x3B, 0x5B, 0x02, 0x3E, 0x00, 0x02, 0x37, 0x00,
    0x73, 0x39, 0x58, 0x24, 0x3B, 0x00, 0x1B, 0x40, 0x5D, 0x1A, 0x39, 0x00, 0x59, 0x3B, 0x58, 0x3D,
    0x39, 0x54, 0x0E, 0x3B, 0x00, 0x2D, 0x40, 0x00, 0x00, 0x3E, 0x53, 0x37, 0x3E, 0x00, 0x00, 0x34,
    0x00, 0x00, 0x39, 0x00, 0x05, 0x34, 0x5B, 0x3D, 0x37, 0x4F, 0x3F, 0x3B, 0x54, 0x3C, 0x42, 0x56,
    0x52, 0x3B, 0x00, 0x25, 0x3B, 0x53, 0x14, 0x37, 0x00, 0x27, 0x37, 0x5B, 0x15, 0x3B, 0x00, 0x28,
    0x3B, 0x56, 0x32, 0x42, 0x00, 0x09, 0x34, 0x00, 0x01, 0x34, 0x60, 0x00, 0x40, 0x5B, 0x02, 0x3B,
    0x00, 0x02, 0x37, 0x00, 0x39, 0x39, 0x53, 0x3B, 0x3B, 0x58, 0x23, 0x40, 0x00, 0x1B, 0x40, 0x5D,
    0x1B, 0x3B, 0x00, 0x58, 0x39, 0x00, 0x00, 0x3B, 0x58, 0x3D, 0x39, 0x54, 0x0E, 0x3B, 0x00, 0x2D,
    0x3B, 0x53, 0x37, 0x3B, 0x00, 0x00, 0x39, 0x00, 0x00, 0x40, 0x00, 0x01, 0x34, 0x00, 0x04, 0x34,
    0x5B, 0x3D, 0x37, 0x4F, 0x3E, 0x3B, 0x54, 0x3D, 0x42, 0x56, 0x51, 0x3B, 0x00, 0x25, 0x3B, 0x53,
    0x15, 0x37, 0x00, 0x27, 0x37, 0x5B, 0x14, 0x3B, 0x00, 0x29, 0x3E, 0x56, 0x32, 0x42, 0x00, 0x09,
    0x34, 0x60, 0x01, 0x34, 0x00, 0x00, 0x3B, 0x5B, 0x02, 0x3E, 0x00, 0x02, 0x37, 0x00, 0x73, 0x39,
    0x58, 0x24, 0x3B, 0x00, 0x1B, 0x40, 0x5D, 0x1A, 0x39, 0x00, 0x59, 0x3B, 0x58, 0x3D, 0x39, 0x54,
    0x0E, 0x3B, 0x00, 0x2D, 0x40, 0x00, 0x00, 0x3E, 0x53, 0x37, 0x3E, 0x00, 0x00, 0x34, 0x00, 0x00,
    0x39, 0x00, 0x05, 0x34, 0x5B, 0x3D, 0x37, 0x4F, 0x3F, 0x3B, 0x54, 0x3C, 0x42, 0x56, 0x52, 0x3B,
    0x00, 0x25, 0x3B, 0x53, 0x14, 0x37, 0x00, 0x27, 0x37, 0x5B, 0x15, 0x3B, 0x00, 0x28, 0x3B, 0x56,
    0x32, 0x42, 0x00, 0x09, 0x34, 0x00, 0x01, 0x34, 0x60, 0x00, 0x40, 0x5B, 0x02, 0x3B, 0x00, 0x02,
    0x37, 0x00, 0x39, 0x39, 0x53, 0x3B, 0x3B, 0x58, 0x23, 0x40, 0x00, 0x1B, 0x40, 0x5D, 0x1B, 0x3B,
    0x00, 0x58, 0x39, 0x00, 0x00, 0x3B, 0x58, 0x3D, 0x39, 0x54, 0x0E, 0x3B, 0x00, 0x2D, 0x3B, 0x53,
    0x37, 0x3B, 0x00, 0x00, 0x39, 0x00, 0x00, 0x40, 0x00, 0x01, 0x34, 0x00, 0x07, 0x3E, 0x65, 0x76,
    0x3A, 0x54, 0x3C, 0x37, 0x56, 0x05, 0x3E, 0x00, 0x05, 0x3A, 0x00, 0x6F, 0x3A, 0x49, 0x39, 0x3A,
    0x00, 0x02, 0x3E, 0x67, 0x3C, 0x3A, 0x4E, 0x0F, 0x3E, 0x00, 0x13, 0x37, 0x00, 0x06, 0x3A, 0x00,
    0x18, 0x3C, 0x62, 0x3E, 0x37, 0x5D, 0x08, 0x3C, 0x00, 0x2D, 0x3C, 0x57, 0x3E, 0x3E, 0x62, 0x09,
    0x3C, 0x00, 0x6E, 0x3C, 0x5D, 0x09, 0x3E, 0x00, 0x0E, 0x37, 0x00, 0x23, 0x37, 0x5D, 0x0D, 0x3C,
    0x00, 0x31, 0x3C, 0x57, 0x39, 0x37, 0x00, 0x04, 0x3C, 0x00, 0x02, 0x3E, 0x65, 0x75, 0x3A, 0x54,
    0x3D, 0x37, 0x56, 0x05, 0x3E, 0x00, 0x04, 0x3A, 0x00, 0x6F, 0x3A, 0x49, 0x39, 0x3A, 0x00, 0x02,
    0x3E, 0x67, 0x3C, 0x3A, 0x4E, 0x0F, 0x3E, 0x00, 0x14, 0x37, 0x00, 0x05, 0x3A, 0x00, 0x18, 0x3C,
    0x62, 0x3E, 0x37, 0x5D, 0x09, 0x3C, 0x00, 0x2C, 0x3C, 0x57, 0x3E, 0x3E, 0x62, 0x09, 0x3C, 0x00,
    0x6F, 0x3C, 0x5D, 0x08, 0x3E, 0x00, 0x0D, 0x37, 0x00, 0x24, 0x37, 0x5D, 0x0E, 0x3C, 0x00, 0x31,
    0x3C, 0x57, 0x38, 0x37, 0x00, 0x04, 0x3E, 0x65, 0x01, 0x3C, 0x00, 0x74, 0x3A, 0x54, 0x3C, 0x37,
    0x56, 0x06, 0x3E, 0x00, 0x04, 0x3A, 0x00, 0x6F, 0x3A, 0x49, 0x39, 0x3A, 0x00, 0x02, 0x3E, 0x67,
    0x3C, 0x3A, 0x4E, 0x0F, 0x3E, 0x00, 0x13, 0x37, 0x00, 0x06, 0x3A, 0x00, 0x18, 0x3C, 0x62, 0x3E,
    0x37, 0x5D, 0x09, 0x3C, 0x00, 0x2C, 0x3C, 0x57, 0x3E, 0x3E, 0x62, 0x09, 0x3C, 0x00, 0x6E, 0x3C,
    0x5D, 0x09, 0x3E, 0x00, 0x0D, 0x37, 0x00, 0x24, 0x37, 0x5D, 0x0D, 0x3C, 0x00, 0x31, 0x3C, 0x57,
    0x39, 0x37, 0x00, 0x04, 0x3C, 0x00, 0x06, 0x36, 0x5F, 0x3D, 0x39, 0x5B, 0x3A, 0x3E, 0x5E, 0x34,
    0x39, 0x00, 0x02, 0x36, 0x00, 0x01, 0x37, 0x53, 0x3C, 0x34, 0x61, 0x03, 0x37, 0x00, 0x06, 0x3E,
    0x00, 0x34, 0x3E, 0x58, 0x30, 0x3E, 0x00, 0x0D, 0x3E, 0x68, 0x3B, 0x37, 0x5E, 0x3D, 0x3E, 0x00,
    0x01, 0x3E, 0x56, 0x01, 0x32, 0x6C, 0x02, 0x34, 0x00, 0x02, 0x37, 0x00, 0x32, 0x3E, 0x00, 0x04,
    0x39, 0x5E, 0x3D, 0x3E, 0x5E, 0x12, 0x39, 0x00, 0x28, 0x39, 0x56, 0x31, 0x32, 0x00, 0x06, 0x39,
    0x00, 0x03, 0x3E, 0x00, 0x02, 0x3C, 0x5B, 0x01, 0x30, 0x5B, 0x3A, 0x3E, 0x58, 0x14, 0x3C, 0x00,
    0x23, 0x3E, 0x00, 0x07, 0x3E, 0x65, 0x3A, 0x39, 0x43, 0x36, 0x30, 0x00, 0x06, 0x2F, 0x5B, 0x01,
    0x3B, 0x58, 0x09, 0x39, 0x00, 0x06, 0x3E, 0x00, 0x2D, 0x3E, 0x5B, 0x07, 0x3B, 0x00, 0x2A, 0x3E,
    0x00, 0x0B, 0x3E, 0x5E, 0x3C, 0x37, 0x4D, 0x3A, 0x2D, 0x56, 0x05, 0x2F, 0x00, 0x2A, 0x3E, 0x00,
    0x11, 0x3E, 0x53, 0x2B, 0x3E, 0x00, 0x0F, 0x3E, 0x61, 0x04, 0x37, 0x00, 0x36, 0x37, 0x4F, 0x3C,
    0x37, 0x00, 0x01, 0x37, 0x56, 0x01, 0x2D, 0x00, 0x01, 0x2B, 0x56, 0x01, 0x3E, 0x00, 0x3A, 0x3E,
    0x5E, 0x27, 0x3E, 0x00, 0x15, 0x3E, 0x65, 0x29, 0x37, 0x00, 0x15, 0x37, 0x58, 0x2B, 0x29, 0x49,
    0x05, 0x37, 0x00, 0x01, 0x37, 0x4F, 0x08, 0x3B, 0x52, 0x01, 0x2B, 0x00, 0x02, 0x3E, 0x00, 0x07,
    0x3E, 0x59, 0x83, 0x57, 0x3E, 0x00, 0x00, 0x3B, 0x00, 0x00, 0x29, 0x00, 0x00, 0x37, 0x00, 0x02,
    0x3E, 0x65, 0x76, 0x3A, 0x54, 0x3C, 0x37, 0x56, 0x05, 0x3E, 0x00, 0x05, 0x3A, 0x00, 0x6F, 0x3A,
    0x49, 0x39, 0x3A, 0x00, 0x02, 0x3E, 0x67, 0x3C, 0x3A, 0x4E, 0x0F, 0x3E, 0x00, 0x13, 0x37, 0x00,
    0x06, 0x3A, 0x00, 0x18, 0x3C, 0x62, 0x3E, 0x37, 0x5D, 0x08, 0x3C, 0x00, 0x2D, 0x3C, 0x57, 0x3E,
    0x3E, 0x62, 0x09, 0x3C, 0x00, 0x6E, 0x3C, 0x5D, 0x09, 0x3E, 0x00, 0x0E, 0x37, 0x00, 0x23, 0x37,
    0x5D, 0x0D, 0x3C, 0x00, 0x31, 0x3C, 0x57, 0x39, 0x37, 0x00, 0x04, 0x3C, 0x00, 0x02, 0x3E, 0x65,
    0x75, 0x3A, 0x54, 0x3D, 0x37, 0x56, 0x05, 0x3E, 0x00, 0x04, 0x3A, 0x00, 0x6F, 0x3A, 0x49, 0x39,
    0x3A, 0x00, 0x02, 0x3E, 0x67, 0x3C, 0x3A, 0x4E, 0x0F, 0x3E, 0x00, 0x14, 0x37, 0x00, 0x05, 0x3A,
    0x00, 0x18, 0x3C, 0x62, 0x3E, 0x37, 0x5D, 0x09, 0x3C, 0x00, 0x2C, 0x3C, 0x57, 0x3E, 0x3E, 0x62,
    0x09, 0x3C, 0x00, 0x6F, 0x3C, 0x5D, 0x08, 0x3E, 0x00, 0x0D, 0x37, 0x00, 0x24, 0x37, 0x5D, 0x0E,
    0x3C, 0x00, 0x31, 0x3C, 0x57, 0x38, 0x37, 0x00, 0x04, 0x3E, 0x65, 0x01, 0x3C, 0x00, 0x74, 0x3A,
    0x54, 0x3C, 0x37, 0x56, 0x06, 0x3E, 0x00, 0x04, 0x3A, 0x00, 0x6F, 0x3A, 0x49, 0x39, 0x3A, 0x00,
    0x02, 0x3E, 0x67, 0x3C, 0x3A, 0x4E, 0x0F, 0x3E, 0x00, 0x13, 0x37, 0x00, 0x06, 0x3A, 0x00, 0x18,
    0x3C, 0x62, 0x3E, 0x37, 0x5D, 0x09, 0x3C, 0x00, 0x2C, 0x3C, 0x57, 0x3E, 0x3E, 0x62, 0x09, 0x3C,
    0x00, 0x6E, 0x3C, 0x5D, 0x09, 0x3E, 0x00, 0x0D, 0x37, 0x00, 0x24, 0x37, 0x5D, 0x0D, 0x3C, 0x00,
    0x31, 0x3C, 0x57, 0x39, 0x37, 0x00, 0x04, 0x3C, 0x00, 0x03, 0x3E, 0x65, 0x76, 0x3A, 0x54, 0x3C,
    0x37, 0x56, 0x05, 0x3E, 0x00, 0x05, 0x3A, 0x00, 0x6F, 0x3A, 0x49, 0x39, 0x3A, 0x00, 0x02, 0x3E,
    0x67, 0x3C, 0x3A, 0x4E, 0x0F, 0x3E, 0x00, 0x13, 0x37, 0x00, 0x06, 0x3A, 0x00, 0x18, 0x3C, 0x62,
    0x3E, 0x37, 0x5D, 0x08, 0x3C, 0x00, 0x2D, 0x3C, 0x57, 0x3E, 0x3E, 0x62, 0x09, 0x3C, 0x00, 0x6E,
    0x3C, 0x5D, 0x09, 0x3E, 0x00, 0x0E, 0x37, 0x00, 0x23, 0x37, 0x5D, 0x0D, 0x3C, 0x00, 0x31, 0x3C,
    0x57, 0x39, 0x37, 0x00, 0x04, 0x3C, 0x00, 0x02, 0x3E, 0x65, 0x75, 0x3A, 0x54, 0x3D, 0x37, 0x56,
    0x05, 0x3E, 0x00, 0x04, 0x3A, 0x00, 0x6F, 0x3A, 0x49, 0x39, 0x3A, 0x00, 0x02, 0x3E, 0x67, 0x3C,
    0x3A, 0x4E, 0x0F, 0x3E, 0x00, 0x14, 0x37, 0x00, 0x05, 0x3A, 0x00, 0x18, 0x3C, 0x62, 0x3E, 0x37,
    0x5D, 0x09, 0x3C, 0x00, 0x2C, 0x3C, 0x57, 0x3E, 0x3E, 0x62, 0x09, 0x3C, 0x00, 0x6F, 0x3C, 0x5D,
    0x08, 0x3E, 0x00, 0x0D, 0x37, 0x00, 0x24, 0x37, 0x5D, 0x0E, 0x3C, 0x00, 0x31, 0x3C, 0x57, 0x38,
    0x37, 0x00, 0x04, 0x3E, 0x65, 0x00, 0xBD, 0x0B, 0x6E, 0x01, 0x9D, 0x3C, 0x00, 0x2A, 0xBD, 0x0B,
    0x6D, 0x2C, 0x0B, 0x6C, 0x1E, 0x9D, 0x3A, 0x54, 0x0D, 0xBD, 0x0B, 0x6B, 0x2C, 0x0B, 0x6A, 0x03,
    0x9D, 0x37, 0x56, 0x06, 0x3E, 0x00, 0x04, 0x3A, 0x00, 0x1F, 0xBD, 0x0B, 0x69, 0x2B, 0x0B, 0x68,
    0x25, 0x9D, 0x3A, 0x49, 0x07, 0xBD, 0x0B, 0x67, 0x2B, 0x0B, 0x66, 0x07, 0x9D, 0x3A, 0x00, 0x02,
    0x3E, 0x67, 0x23, 0xBD, 0x0B, 0x65, 0x19, 0x9D, 0x3A, 0x4E, 0x0F, 0x3E, 0x00, 0x04, 0xBD, 0x0B,
    0x64, 0x0F, 0x9D, 0x37, 0x00, 0x06, 0x3A, 0x00, 0x16, 0xBD, 0x0B, 0x63, 0x02, 0x9D, 0x3C, 0x62,
    0x2A, 0xBD, 0x0B, 0x62, 0x14, 0x9D, 0x37, 0x5D, 0x09, 0x3C, 0x00, 0x0F, 0xBD, 0x0B, 0x61, 0x1D,
    0x9D, 0x3C, 0x57, 0x0E, 0xBD, 0x0B, 0x60, 0x2C, 0x0B, 0x5F, 0x04, 0x9D, 0x3E, 0x62, 0x09, 0x3C,
    0x00, 0x1E, 0xBD, 0x0B, 0x5E, 0x2C, 0x0B, 0x5D, 0x24, 0x9D, 0x3C, 0x5D, 0x08, 0xBD, 0x0B, 0x5C,
    0x01, 0x9D, 0x3E, 0x00, 0x0D, 0x37, 0x00, 0x1D, 0xBD, 0x0B, 0x5B, 0x07, 0x9D, 0x37, 0x5D, 0x0D,
    0x3C, 0x00, 0x18, 0xBD, 0x0B, 0x5A, 0x19, 0x9D, 0x3C, 0x57, 0x12, 0xBD, 0x0B, 0x59, 0x27, 0x9D,
    0x37, 0x00, 0x04, 0x3C, 0x00, 0x01, 0xBD, 0x0B, 0x58, 0x02, 0x9D, 0x3E, 0x65, 0x2A, 0xBD, 0x0B,
    0x57, 0x2B, 0x0B, 0x56, 0x21, 0x9D, 0x3A, 0x54, 0x0B, 0xBD, 0x0B, 0x55, 0x2C, 0x0B, 0x54, 0x05,
    0x9D, 0x37, 0x56, 0x05, 0x3E, 0x00, 0x05, 0x3A, 0x00, 0x1C, 0xBD, 0x0B, 0x53, 0x2C, 0x0B, 0x52,
    0x27, 0x9D, 0x3A, 0x49, 0x04, 0xBD, 0x0B, 0x51, 0x2C, 0x0B, 0x50, 0x09, 0x9D, 0x3A, 0x00, 0x02,
    0x3E, 0x67, 0x21, 0xBD, 0x0B, 0x4F, 0x1B, 0x9D, 0x3A, 0x4E, 0x0F, 0x3E, 0x00, 0x01, 0xBD, 0x0B,
    0x4E, 0x12, 0x9D, 0x37, 0x00, 0x06, 0x3A, 0x00, 0x14, 0xBD, 0x0B, 0x4D, 0x04, 0x9D, 0x3C, 0x62,
    0x28, 0xBD, 0x0B, 0x4C, 0x16, 0x9D, 0x37, 0x5D, 0x08, 0x3C, 0x00, 0x0D, 0xBD, 0x0B, 0x4B, 0x20,
    0x9D, 0x3C, 0x57, 0x0C, 0xBD, 0x0B, 0x4A, 0x2B, 0x0B, 0x49, 0x07, 0x9D, 0x3E, 0x62, 0x09, 0x3C,
    0x00, 0x1C, 0xBD, 0x0B, 0x48, 0x2C, 0x0B, 0x47, 0x26, 0x9D, 0x3C, 0x5D, 0x05, 0xBD, 0x0B, 0x46,
    0x04, 0x9D, 0x3E, 0x00, 0x0E, 0x37, 0x00, 0x1A, 0xBD, 0x0B, 0x45, 0x09, 0x9D, 0x37, 0x5D, 0x0D,
    0x3C, 0x00, 0x15, 0xBD, 0x0B, 0x44, 0x1C, 0x9D, 0x3C, 0x57, 0x10, 0xBD, 0x0B, 0x43, 0x29, 0x9D,
    0x37, 0x00, 0x03, 0xBD, 0x0B, 0x42, 0x01, 0x9D, 0x3C, 0x00, 0x02, 0x3E, 0x65, 0x28, 0xBD, 0x0B,
    0x41, 0x2C, 0x0B, 0x40, 0x21, 0x9D, 0x3A, 0x54, 0x0B, 0xBD, 0x0B, 0x3F, 0x2B, 0x0B, 0x3E, 0x07,
    0x9D, 0x37, 0x56, 0x05, 0x3E, 0x00, 0x04, 0x3A, 0x00, 0x1C, 0xBD, 0x0B, 0x3D, 0x2B, 0x0B, 0x3C,
    0x28, 0x9D, 0x3A, 0x49, 0x04, 0xBD, 0x0B, 0x3B, 0x2C, 0x0B, 0x3A, 0x09, 0x9D, 0x3A, 0x00, 0x02,
    0x3E, 0x67, 0x20, 0xBD, 0x0B, 0x39, 0x1C, 0x9D, 0x3A, 0x4E, 0x0F, 0x3E, 0x00, 0x01, 0xBD, 0x0B,
    0x38, 0x13, 0x9D, 0x37, 0x00, 0x05, 0x3A, 0x00, 0x14, 0xBD, 0x0B, 0x37, 0x04, 0x9D, 0x3C, 0x62,
    0x27, 0xBD, 0x0B, 0x36, 0x17, 0x9D, 0x37, 0x5D, 0x09, 0x3C, 0x00, 0x0C, 0xBD, 0x0B, 0x35, 0x20,
    0x9D, 0x3C, 0x57, 0x0B, 0xBD, 0x0B, 0x34, 0x2C, 0x0B, 0x33, 0x07, 0x9D, 0x3E, 0x62, 0x09, 0x3C,
    0x00, 0x1C, 0xBD, 0x0B, 0x32, 0x2B, 0x0B, 0x31, 0x28, 0x9D, 0x3C, 0x5D, 0x04, 0xBD, 0x0B, 0x30,
    0x04, 0x9D, 0x3E, 0x00, 0x0D, 0x37, 0x00, 0x1A, 0xBD, 0x0B, 0x2F, 0x0A, 0x9D, 0x37, 0x5D, 0x0E,
    0x3C, 0x00, 0x14, 0xBD, 0x0B, 0x2E, 0x1D, 0x9D, 0x3C, 0x57, 0x0F, 0xBD, 0x0B, 0x2D, 0x29, 0x9D,
    0x37, 0x00, 0x02, 0xBD, 0x0B, 0x2C, 0x02, 0x9D, 0x3E, 0x65, 0x01, 0x3C, 0x00, 0x29, 0xBD, 0x0B,
    0x2B, 0x2C, 0x0B, 0x2A, 0x1F, 0x9D, 0x3A, 0x54, 0x0C, 0xBD, 0x0B, 0x29, 0x2C, 0x0B, 0x28, 0x04,
    0x9D, 0x37, 0x56, 0x06, 0x3E, 0x00, 0x04, 0x3A, 0x00, 0x1D, 0xBD, 0x0B, 0x27, 0x2C, 0x0B, 0x26,
    0x26, 0x9D, 0x3A, 0x49, 0x06, 0xBD, 0x0B, 0x25, 0x2B, 0x0B, 0x24, 0x08, 0x9D, 0x3A, 0x00, 0x02,
    0x3E, 0x67, 0x22, 0xBD, 0x0B, 0x23, 0x1A, 0x9D, 0x3A, 0x4E, 0x0F, 0x3E, 0x00, 0x02, 0xBD, 0x0B,
    0x22, 0x11, 0x9D, 0x37, 0x00, 0x06, 0x3A, 0x00, 0x15, 0xBD, 0x0B, 0x21, 0x03, 0x9D, 0x3C, 0x62,
    0x29, 0xBD, 0x0B, 0x20, 0x15, 0x9D, 0x37, 0x5D, 0x09, 0x3C, 0x00, 0x0D, 0xBD, 0x0B, 0x1F, 0x1F,
    0x9D, 0x3C, 0x57, 0x0D, 0xBD, 0x0B, 0x1E, 0x2C, 0x0B, 0x1D, 0x05, 0x9D, 0x3E, 0x62, 0x09, 0x3C,
    0x00, 0x1D, 0xBD, 0x0B, 0x1C, 0x2C, 0x0B, 0x1B, 0x25, 0x9D, 0x3C, 0x5D, 0x06, 0xBD, 0x0B, 0x1A,
    0x03, 0x9D, 0x3E, 0x00, 0x0D, 0x37, 0x00, 0x1C, 0xBD, 0x0B, 0x19, 0x08, 0x9D, 0x37, 0x5D, 0x0D,
    0x3C, 0x00, 0x17, 0xBD, 0x0B, 0x18, 0x1A, 0x9D, 0x3C, 0x57, 0x11, 0xBD, 0x0B, 0x17, 0x28, 0x9D,
    0x37, 0x00, 0x04, 0x3C, 0x00, 0x00, 0xBD, 0x0B, 0x16, 0x03, 0x9D, 0x3E, 0x65, 0x29, 0xBD, 0x0B,
    0x15, 0x2B, 0x0B, 0x14, 0x22, 0x9D, 0x3A, 0x54, 0x0A, 0xBD, 0x0B, 0x13, 0x2B, 0x0B, 0x12, 0x07,
    0x9D, 0x37, 0x56, 0x05, 0x3E, 0x00, 0x05, 0x3A, 0x00, 0x1B, 0xBD, 0x0B, 0x11, 0x2C, 0x0B, 0x10,
    0x28, 0x9D, 0x3A, 0x49, 0x03, 0xBD, 0x0B, 0x0F, 0x2C, 0x0B, 0x0E, 0x0A, 0x9D, 0x3A, 0x00, 0x02,
    0x3E, 0x67, 0x1F, 0xBD, 0x0B, 0x0D, 0x1D, 0x9D, 0x3A, 0x4E, 0x0F, 0x3E, 0x00, 0x00, 0xBD, 0x0B,
    0x0C, 0x13, 0x9D, 0x37, 0x00, 0x06, 0x3A, 0x00, 0x13, 0xBD, 0x0B, 0x0B, 0x05, 0x9D, 0x3C, 0x62,
    0x26, 0xBD, 0x0B, 0x0A, 0x18, 0x9D, 0x37, 0x5D, 0x08, 0x3C, 0x00, 0x0C, 0xBD, 0x0B, 0x09, 0x21,
    0x9D, 0x3C, 0x57, 0x0B, 0xBD, 0x0B, 0x08, 0x2B, 0x0B, 0x07, 0x08, 0x9D, 0x3E, 0x62, 0x09, 0x3C,
    0x00, 0x1B, 0xBD, 0x0B, 0x06, 0x2B, 0x0B, 0x05, 0x28, 0x9D, 0x3C, 0x5D, 0x04, 0xBD, 0x0B, 0x04,
    0x05, 0x9D, 0x3E, 0x00, 0x0E, 0x37, 0x00, 0x19, 0xBD, 0x0B, 0x03, 0x0A, 0x9D, 0x37, 0x5D, 0x0D,
    0x3C, 0x00, 0x14, 0xBD, 0x0B, 0x02, 0x1D, 0x9D, 0x3C, 0x57, 0x0F, 0xBD, 0x0B, 0x01, 0x2A, 0x9D,
    0x37, 0x00, 0x02, 0xBD, 0x0B, 0x00, 0x02, 0x9D, 0x3C, 0x00, 0x00, 0xFF, 0x2F, 0x00, 0x4D, 0x54,
    0x72, 0x6B, 0x00, 0x00, 0x5B, 0x0F, 0x00, 0xFF, 0x21, 0x01, 0x00, 0x00, 0xFF, 0x03, 0x03, 0x32,
    0x35, 0x20, 0x00, 0xBE, 0x07, 0x5F, 0x00, 0x0A, 0x69, 0x02, 0x79, 0x00, 0x02, 0x00, 0x00, 0x02,
    0x20, 0x00, 0x02, 0x0B, 0x6E, 0x02, 0xCE, 0x19, 0x02, 0xBE, 0x5B, 0x4B, 0x02, 0x5D, 0x00, 0x02,
    0xEE, 0x00, 0x40, 0x02, 0xBE, 0x65, 0x00, 0x02, 0x64, 0x00, 0x02, 0x06, 0x0C, 0x02, 0xEE, 0x00,
    0x40, 0x02, 0xBE, 0x63, 0x01, 0x02, 0x62, 0x20, 0x02, 0x06, 0x40, 0x02, 0x62, 0x21, 0x02, 0x06,
    0x40, 0x02, 0x62, 0x63, 0x02, 0x06, 0x40, 0x02, 0x62, 0x64, 0x02, 0x06, 0x40, 0x02, 0x62, 0x66,
    0x02, 0x06, 0x40, 0x87, 0x12, 0x9E, 0x40, 0x51, 0x00, 0x37, 0x46, 0x00, 0x3C, 0x44, 0x02, 0x30,
    0x5B, 0x00, 0x34, 0x56, 0x01, 0x2B, 0x5B, 0x73, 0x34, 0x58, 0x00, 0x30, 0x5B, 0x01, 0x30, 0x00,
    0x00, 0x34, 0x00, 0x00, 0x3C, 0x00, 0x01, 0x37, 0x00, 0x00, 0x3C, 0x6D, 0x00, 0x43, 0x69, 0x00,
    0x40, 0x69, 0x01, 0x40, 0x00, 0x00, 0x37, 0x5E, 0x00, 0x2B, 0x53, 0x01, 0x2B, 0x00, 0x71, 0x34,
    0x00, 0x03, 0x43, 0x00, 0x00, 0x40, 0x00, 0x00, 0x30, 0x00, 0x00, 0x3C, 0x00, 0x00, 0x37, 0x00,
    0x00, 0x34, 0x51, 0x01, 0x37, 0x5B, 0x00, 0x3C, 0x63, 0x00, 0x30, 0x56, 0x00, 0x40, 0x5B, 0x00,
    0x43, 0x5B, 0x01, 0x2B, 0x58, 0x01, 0x2B, 0x00, 0x38, 0x43, 0x00, 0x00, 0x34, 0x00, 0x00, 0x40,
    0x00, 0x01, 0x2B, 0x00, 0x00, 0x34, 0x56, 0x00, 0x43, 0x4F, 0x00, 0x40, 0x4F, 0x01, 0x3C, 0x00,
    0x00, 0x30, 0x00, 0x00, 0x37, 0x00, 0x00, 0x2B, 0x4D, 0x01, 0x30, 0x53, 0x00, 0x3C, 0x5E, 0x00,
    0x37, 0x4A, 0x38, 0x3C, 0x00, 0x00, 0x37, 0x63, 0x01, 0x37, 0x00, 0x00, 0x3C, 0x66, 0x00, 0x43,
    0x69, 0x00, 0x40, 0x69, 0x00, 0x34, 0x68, 0x01, 0x34, 0x00, 0x00, 0x40, 0x00, 0x00, 0x2B, 0x00,
    0x00, 0x43, 0x00, 0x01, 0x2B, 0x5E, 0x00, 0x30, 0x61, 0x01, 0x30, 0x00, 0x39, 0x37, 0x00, 0x01,
    0x43, 0x53, 0x00, 0x40, 0x53, 0x00, 0x34, 0x5E, 0x00, 0x37, 0x48, 0x00, 0x3C, 0x66, 0x01, 0x3C,
    0x00, 0x00, 0x34, 0x00, 0x00, 0x43, 0x00, 0x00, 0x40, 0x00, 0x01, 0x2B, 0x58, 0x00, 0x30, 0x5B,
    0x01, 0x30, 0x00, 0x00, 0x2B, 0x00, 0x38, 0x37, 0x00, 0x00, 0x2B, 0x00, 0x00, 0x43, 0x00, 0x00,
    0x30, 0x00, 0x00, 0x40, 0x00, 0x00, 0x3C, 0x00, 0x00, 0x34, 0x00, 0x03, 0x37, 0x46, 0x00, 0x3B,
    0x44, 0x01, 0x2F, 0x5A, 0x01, 0x34, 0x56, 0x00, 0x28, 0x5A, 0x73, 0x34, 0x00, 0x00, 0x2F, 0x00,
    0x01, 0x34, 0x58, 0x00, 0x2F, 0x5A, 0x01, 0x3B, 0x00, 0x01, 0x3B, 0x6E, 0x00, 0x40, 0x6F, 0x00,
    0x37, 0x5B, 0x00, 0x28, 0x52, 0x01, 0x28, 0x00, 0x00, 0x37, 0x00, 0x73, 0x34, 0x00, 0x02, 0x37,
    0x00, 0x00, 0x2F, 0x00, 0x00, 0x3B, 0x00, 0x00, 0x40, 0x00, 0x00, 0x34, 0x51, 0x01, 0x28, 0x00,
    0x00, 0x37, 0x58, 0x00, 0x3B, 0x64, 0x00, 0x2F, 0x55, 0x00, 0x40, 0x61, 0x01, 0x28, 0x57, 0x39,
    0x40, 0x00, 0x01, 0x34, 0x00, 0x00, 0x28, 0x00, 0x01, 0x34, 0x56, 0x00, 0x40, 0x55, 0x00, 0x28,
    0x4C, 0x00, 0x2F, 0x52, 0x00, 0x3B, 0x5F, 0x00, 0x37, 0x47, 0x01, 0x37, 0x00, 0x00, 0x3B, 0x00,
    0x00, 0x2F, 0x00, 0x37, 0x37, 0x00, 0x00, 0x3B, 0x00, 0x01, 0x37, 0x60, 0x00, 0x3B, 0x67, 0x00,
    0x40, 0x6F, 0x00, 0x34, 0x68, 0x01, 0x34, 0x00, 0x00, 0x40, 0x00, 0x00, 0x28, 0x00, 0x00, 0x2F,
    0x00, 0x01, 0x28, 0x5D, 0x00, 0x2F, 0x60, 0x3B, 0x3B, 0x00, 0x00, 0x40, 0x59, 0x00, 0x34, 0x5E,
    0x00, 0x37, 0x45, 0x01, 0x37, 0x00, 0x00, 0x34, 0x00, 0x00, 0x40, 0x00, 0x00, 0x3B, 0x67, 0x01,
    0x28, 0x57, 0x00, 0x2F, 0x5A, 0x01, 0x2F, 0x00, 0x00, 0x28, 0x00, 0x38, 0x34, 0x00, 0x00, 0x37,
    0x00, 0x00, 0x2F, 0x00, 0x01, 0x40, 0x00, 0x00, 0x28, 0x00, 0x00, 0x3B, 0x00, 0x03, 0x39, 0x46,
    0x00, 0x3C, 0x44, 0x01, 0x30, 0x5A, 0x01, 0x35, 0x56, 0x00, 0x29, 0x5A, 0x73, 0x30, 0x00, 0x01,
    0x35, 0x58, 0x00, 0x30, 0x5A, 0x01, 0x35, 0x00, 0x00, 0x3C, 0x6E, 0x01, 0x3C, 0x00, 0x00, 0x41,
    0x6F, 0x00, 0x39, 0x5B, 0x00, 0x29, 0x52, 0x01, 0x29, 0x00, 0x00, 0x39, 0x00, 0x73, 0x35, 0x00,
    0x01, 0x39, 0x00, 0x00, 0x3C, 0x00, 0x01, 0x41, 0x00, 0x00, 0x30, 0x00, 0x00, 0x35, 0x51, 0x01,
    0x29, 0x00, 0x00, 0x39, 0x58, 0x00, 0x3C, 0x64, 0x00, 0x30, 0x55, 0x00, 0x41, 0x61, 0x01, 0x29,
    0x57, 0x39, 0x41, 0x00, 0x01, 0x35, 0x00, 0x00, 0x29, 0x00, 0x01, 0x35, 0x56, 0x00, 0x41, 0x55,
    0x00, 0x29, 0x4C, 0x00, 0x30, 0x52, 0x00, 0x3C, 0x5F, 0x00, 0x39, 0x47, 0x01, 0x39, 0x00, 0x00,
    0x3C, 0x00, 0x00, 0x30, 0x00, 0x37, 0x39, 0x00, 0x00, 0x3C, 0x00, 0x01, 0x39, 0x60, 0x00, 0x3C,
    0x67, 0x00, 0x41, 0x6F, 0x00, 0x35, 0x68, 0x01, 0x35, 0x00, 0x00, 0x41, 0x00, 0x00, 0x29, 0x00,
    0x01, 0x29, 0x5D, 0x00, 0x30, 0x60, 0x01, 0x30, 0x00, 0x3A, 0x41, 0x59, 0x00, 0x35, 0x5E, 0x00,
    0x39, 0x45, 0x00, 0x3C, 0x67, 0x01, 0x3C, 0x00, 0x00, 0x39, 0x00, 0x00, 0x41, 0x00, 0x00, 0x35,
    0x00, 0x01, 0x29, 0x57, 0x00, 0x30, 0x5A, 0x01, 0x30, 0x00, 0x00, 0x29, 0x00, 0x38, 0x35, 0x00,
    0x00, 0x3C, 0x00, 0x00, 0x41, 0x00, 0x00, 0x39, 0x00, 0x00, 0x29, 0x00, 0x00, 0x30, 0x00, 0x04,
    0x38, 0x46, 0x00, 0x3B, 0x44, 0x01, 0x2F, 0x5A, 0x01, 0x34, 0x56, 0x00, 0x28, 0x5A, 0x73, 0x2F,
    0x00, 0x01, 0x34, 0x58, 0x00, 0x2F, 0x5A, 0x01, 0x34, 0x00, 0x00, 0x3B, 0x6E, 0x01, 0x3B, 0x00,
    0x00, 0x40, 0x6F, 0x00, 0x38, 0x5B, 0x00, 0x28, 0x52, 0x01, 0x28, 0x00, 0x00, 0x38, 0x00, 0x73,
    0x34, 0x00, 0x01, 0x38, 0x00, 0x00, 0x3B, 0x00, 0x01, 0x40, 0x00, 0x00, 0x2F, 0x00, 0x00, 0x34,
    0x51, 0x01, 0x28, 0x00, 0x00, 0x38, 0x58, 0x00, 0x3B, 0x64, 0x00, 0x2F, 0x55, 0x00, 0x40, 0x61,
    0x01, 0x28, 0x57, 0x39, 0x40, 0x00, 0x01, 0x34, 0x00, 0x00, 0x28, 0x00, 0x01, 0x34, 0x56, 0x00,
    0x40, 0x55, 0x00, 0x28, 0x4C, 0x00, 0x2F, 0x52, 0x00, 0x3B, 0x5F, 0x00, 0x38, 0x47, 0x01, 0x38,
    0x00, 0x00, 0x3B, 0x00, 0x00, 0x2F, 0x00, 0x37, 0x38, 0x00, 0x00, 0x3B, 0x00, 0x01, 0x38, 0x60,
    0x00, 0x3B, 0x67, 0x00, 0x40, 0x6F, 0x00, 0x34, 0x68, 0x01, 0x34, 0x00, 0x00, 0x40, 0x00, 0x00,
    0x28, 0x00, 0x01, 0x28, 0x5D, 0x00, 0x2F, 0x60, 0x01, 0x2F, 0x00, 0x3A, 0x40, 0x59, 0x00, 0x34,
    0x5E, 0x00, 0x38, 0x45, 0x00, 0x3B, 0x67, 0x01, 0x3B, 0x00, 0x00, 0x38, 0x00, 0x00, 0x40, 0x00,
    0x00, 0x34, 0x00, 0x01, 0x28, 0x57, 0x00, 0x2F, 0x5A, 0x01, 0x2F, 0x00, 0x00, 0x28, 0x00, 0x38,
    0x34, 0x00, 0x00, 0x3B, 0x00, 0x00, 0x40, 0x00, 0x00, 0x38, 0x00, 0x00, 0x28, 0x00, 0x00, 0x2F,
    0x00, 0x04, 0x39, 0x46, 0x00, 0x3C, 0x44, 0x01, 0x30, 0x5A, 0x01, 0x35, 0x56, 0x00, 0x29, 0x5A,
    0x73, 0x30, 0x00, 0x01, 0x35, 0x58, 0x00, 0x30, 0x5A, 0x01, 0x35, 0x00, 0x00, 0x3C, 0x6E, 0x01,
    0x3C, 0x00, 0x00, 0x41, 0x6F, 0x00, 0x39, 0x5B, 0x00, 0x29, 0x52, 0x01, 0x29, 0x00, 0x00, 0x39,
    0x00, 0x73, 0x35, 0x00, 0x01, 0x39, 0x00, 0x00, 0x3C, 0x00, 0x01, 0x41, 0x00, 0x00, 0x30, 0x00,
    0x00, 0x35, 0x51, 0x01, 0x29, 0x00, 0x00, 0x39, 0x58, 0x00, 0x3C, 0x64, 0x00, 0x30, 0x55, 0x00,
    0x41, 0x61, 0x01, 0x29, 0x57, 0x39, 0x41, 0x00, 0x01, 0x35, 0x00, 0x00, 0x29, 0x00, 0x01, 0x35,
    0x56, 0x00, 0x41, 0x55, 0x00, 0x29, 0x4C, 0x00, 0x30, 0x52, 0x00, 0x3C, 0x5F, 0x00, 0x39, 0x47,
    0x01, 0x39, 0x00, 0x00, 0x3C, 0x00, 0x00, 0x30, 0x00, 0x37, 0x39, 0x00, 0x00, 0x3C, 0x00, 0x01,
    0x39, 0x60, 0x00, 0x3C, 0x67, 0x00, 0x41, 0x6F, 0x00, 0x35, 0x68, 0x01, 0x35, 0x00, 0x00, 0x41,
    0x00, 0x00, 0x29, 0x00, 0x01, 0x29, 0x5D, 0x00, 0x30, 0x60, 0x01, 0x30, 0x00, 0x3A, 0x41, 0x59,
    0x00, 0x35, 0x5E, 0x00, 0x39, 0x45, 0x00, 0x3C, 0x67, 0x01, 0x3C, 0x00, 0x00, 0x39, 0x00, 0x00,
    0x41, 0x00, 0x00, 0x35, 0x00, 0x01, 0x29, 0x57, 0x00, 0x30, 0x5A, 0x01, 0x30, 0x00, 0x00, 0x29,
    0x00, 0x38, 0x35, 0x00, 0x00, 0x3C, 0x00, 0x00, 0x41, 0x00, 0x00, 0x39, 0x00, 0x00, 0x29, 0x00,
    0x00, 0x30, 0x00, 0x04, 0x39, 0x46, 0x00, 0x3E, 0x44, 0x01, 0x32, 0x5A, 0x01, 0x36, 0x56, 0x00,
    0x2D, 0x5A, 0x73, 0x32, 0x00, 0x01, 0x36, 0x58, 0x00, 0x32, 0x5A, 0x01, 0x36, 0x00, 0x00, 0x3E,
    0x6E, 0x01, 0x3E, 0x00, 0x00, 0x42, 0x6F, 0x00, 0x39, 0x5B, 0x00, 0x2D, 0x52, 0x01, 0x2D, 0x00,
    0x00, 0x39, 0x00, 0x3D, 0x2D, 0x00, 0x00, 0x3E, 0x00, 0x00, 0x36, 0x56, 0x00, 0x42, 0x55, 0x01,
    0x42, 0x00, 0x00, 0x36, 0x00, 0x00, 0x2D, 0x4C, 0x00, 0x32, 0x52, 0x00, 0x3E, 0x5F, 0x00, 0x39,
    0x47, 0x01, 0x39, 0x00, 0x00, 0x32, 0x00, 0x35, 0x36, 0x00, 0x01, 0x42, 0x00, 0x00, 0x39, 0x00,
    0x00, 0x3E, 0x00, 0x00, 0x36, 0x51, 0x01, 0x2D, 0x00, 0x00, 0x39, 0x58, 0x00, 0x3E, 0x64, 0x00,
    0x32, 0x55, 0x00, 0x42, 0x61, 0x01, 0x32, 0x00, 0x00, 0x2D, 0x57, 0x73, 0x39, 0x00, 0x00, 0x42,
    0x00, 0x01, 0x39, 0x60, 0x00, 0x3E, 0x67, 0x00, 0x42, 0x6F, 0x00, 0x36, 0x68, 0x01, 0x36, 0x00,
    0x00, 0x3E, 0x00, 0x00, 0x32, 0x00, 0x01, 0x2D, 0x5D, 0x00, 0x32, 0x60, 0x01, 0x2D, 0x00, 0x3A,
    0x42, 0x59, 0x00, 0x36, 0x5E, 0x00, 0x39, 0x45, 0x00, 0x3E, 0x67, 0x01, 0x3E, 0x00, 0x00, 0x39,
    0x00, 0x00, 0x42, 0x00, 0x00, 0x36, 0x00, 0x01, 0x2D, 0x57, 0x00, 0x32, 0x5A, 0x01, 0x32, 0x00,
    0x00, 0x2D, 0x00, 0x38, 0x2D, 0x00, 0x00, 0x42, 0x00, 0x00, 0x36, 0x00, 0x00, 0x39, 0x00, 0x00,
    0x32, 0x00, 0x00, 0x3E, 0x00, 0x04, 0x39, 0x46, 0x00, 0x3C, 0x44, 0x01, 0x30, 0x5A, 0x01, 0x35,
    0x56, 0x00, 0x29, 0x5A, 0x73, 0x30, 0x00, 0x01, 0x35, 0x58, 0x00, 0x30, 0x5A, 0x01, 0x35, 0x00,
    0x00, 0x3C, 0x6E, 0x01, 0x3C, 0x00, 0x00, 0x41, 0x6F, 0x00, 0x39, 0x5B, 0x00, 0x29, 0x52, 0x01,
    0x29, 0x00, 0x00, 0x39, 0x00, 0x73, 0x35, 0x00, 0x01, 0x39, 0x00, 0x00, 0x3C, 0x00, 0x01, 0x41,
    0x00, 0x00, 0x30, 0x00, 0x00, 0x35, 0x51, 0x01, 0x29, 0x00, 0x00, 0x39, 0x58, 0x00, 0x3C, 0x64,
    0x00, 0x30, 0x55, 0x00, 0x41, 0x61, 0x01, 0x29, 0x57, 0x39, 0x41, 0x00, 0x01, 0x35, 0x00, 0x00,
    0x29, 0x00, 0x01, 0x35, 0x56, 0x00, 0x41, 0x55, 0x00, 0x29, 0x4C, 0x00, 0x30, 0x52, 0x00, 0x3C,
    0x5F, 0x00, 0x39, 0x47, 0x01, 0x39, 0x00, 0x00, 0x3C, 0x00, 0x00, 0x30, 0x00, 0x37, 0x39, 0x00,
    0x00, 0x3C, 0x00, 0x01, 0x39, 0x60, 0x00, 0x3C, 0x67, 0x00, 0x41, 0x6F, 0x00, 0x35, 0x68, 0x01,
    0x35, 0x00, 0x00, 0x41, 0x00, 0x00, 0x29, 0x00, 0x01, 0x29, 0x5D, 0x00, 0x30, 0x60, 0x01, 0x30,
    0x00, 0x3A, 0x41, 0x59, 0x00, 0x35, 0x5E, 0x00, 0x39, 0x45, 0x00, 0x3C, 0x67, 0x01, 0x3C, 0x00,
    0x00, 0x39, 0x00, 0x00, 0x41, 0x00, 0x00, 0x35, 0x00, 0x01, 0x29, 0x57, 0x00, 0x30, 0x5A, 0x01,
    0x30, 0x00, 0x00, 0x29, 0x00, 0x38, 0x35, 0x00, 0x00, 0x3C, 0x00, 0x00, 0x41, 0x00, 0x00, 0x39,
    0x00, 0x00, 0x29, 0x00, 0x00, 0x30, 0x00, 0x05, 0x3B, 0x46, 0x01, 0x3E, 0x44, 0x01, 0x32, 0x5A,
    0x01, 0x37, 0x56, 0x00, 0x2B, 0x5A, 0x73, 0x32, 0x00, 0x00, 0x37, 0x58, 0x01, 0x37, 0x00, 0x00,
    0x32, 0x5A, 0x01, 0x3B, 0x00, 0x00, 0x3E, 0x6E, 0x01, 0x3E, 0x00, 0x00, 0x43, 0x6F, 0x00, 0x3B,
    0x5B, 0x00, 0x2B, 0x52, 0x01, 0x2B, 0x00, 0x72, 0x37, 0x00, 0x02, 0x3E, 0x00, 0x01, 0x43, 0x00,
    0x00, 0x32, 0x00, 0x00, 0x3B, 0x00, 0x00, 0x37, 0x51, 0x01, 0x3B, 0x58, 0x00, 0x3E, 0x64, 0x00,
    0x32, 0x55, 0x00, 0x43, 0x61, 0x00, 0x2B, 0x57, 0x01, 0x2B, 0x00, 0x39, 0x2B, 0x00, 0x00, 0x43,
    0x00, 0x01, 0x37, 0x56, 0x00, 0x43, 0x55, 0x01, 0x37, 0x00, 0x00, 0x2B, 0x4C, 0x00, 0x32, 0x52,
    0x00, 0x3E, 0x5F, 0x00, 0x3B, 0x47, 0x01, 0x3B, 0x00, 0x00, 0x3E, 0x00, 0x00, 0x32, 0x00, 0x37,
    0x43, 0x00, 0x00, 0x3E, 0x00, 0x00, 0x37, 0x00, 0x00, 0x3B, 0x00, 0x01, 0x3B, 0x60, 0x00, 0x3E,
    0x67, 0x00, 0x43, 0x6F, 0x00, 0x37, 0x68, 0x01, 0x32, 0x00, 0x00, 0x2B, 0x00, 0x01, 0x2B, 0x5D,
    0x00, 0x32, 0x60, 0x3B, 0x43, 0x59, 0x00, 0x37, 0x5E, 0x00, 0x3B, 0x45, 0x00, 0x3E, 0x67, 0x01,
    0x3E, 0x00, 0x00, 0x3B, 0x00, 0x00, 0x43, 0x00, 0x00, 0x37, 0x00, 0x01, 0x2B, 0x57, 0x00, 0x32,
    0x5A, 0x01, 0x32, 0x00, 0x00, 0x2B, 0x00, 0x38, 0x32, 0x00, 0x00, 0x37, 0x00, 0x00, 0x3E, 0x00,
    0x00, 0x3B, 0x00, 0x01, 0x43, 0x00, 0x00, 0x2B, 0x00, 0x00, 0x3B, 0x46, 0x00, 0x3E, 0x44, 0x01,
    0x32, 0x5A, 0x01, 0x37, 0x56, 0x00, 0x2B, 0x5A, 0x73, 0x32, 0x00, 0x01, 0x37, 0x58, 0x00, 0x32,
    0x5A, 0x01, 0x37, 0x00, 0x00, 0x3E, 0x00, 0x01, 0x3E, 0x6E, 0x00, 0x43, 0x6F, 0x00, 0x3B, 0x5B,
    0x00, 0x2B, 0x52, 0x01, 0x2B, 0x00, 0x00, 0x3B, 0x00, 0x3B, 0x2B, 0x00, 0x00, 0x37, 0x00, 0x00,
    0x43, 0x00, 0x01, 0x37, 0x56, 0x00, 0x43, 0x55, 0x00, 0x2B, 0x4C, 0x00, 0x32, 0x52, 0x00, 0x3E,
    0x5F, 0x00, 0x3B, 0x47, 0x01, 0x3B, 0x00, 0x00, 0x3E, 0x00, 0x00, 0x32, 0x00, 0x37, 0x3B, 0x00,
    0x00, 0x3E, 0x00, 0x01, 0x32, 0x00, 0x00, 0x43, 0x00, 0x00, 0x37, 0x51, 0x01, 0x37, 0x00, 0x00,
    0x2B, 0x00, 0x00, 0x3B, 0x58, 0x00, 0x3E, 0x64, 0x00, 0x32, 0x55, 0x00, 0x43, 0x61, 0x01, 0x2B,
    0x57, 0x39, 0x43, 0x00, 0x01, 0x37, 0x00, 0x00, 0x2B, 0x00, 0x01, 0x3E, 0x00, 0x00, 0x3B, 0x00,
    0x00, 0x37, 0x56, 0x00, 0x43, 0x55, 0x00, 0x2B, 0x4C, 0x00, 0x32, 0x52, 0x01, 0x32, 0x00, 0x00,
    0x3E, 0x5F, 0x00, 0x3B, 0x47, 0x38, 0x3B, 0x60, 0x00, 0x3E, 0x67, 0x00, 0x43, 0x6F, 0x00, 0x37,
    0x68, 0x01, 0x37, 0x00, 0x00, 0x43, 0x00, 0x00, 0x3B, 0x00, 0x00, 0x3E, 0x00, 0x00, 0x2B, 0x00,
    0x01, 0x2B, 0x5D, 0x00, 0x32, 0x60, 0x01, 0x32, 0x00, 0x3A, 0x3B, 0x00, 0x00, 0x3E, 0x00, 0x00,
    0x43, 0x59, 0x00, 0x37, 0x5E, 0x01, 0x37, 0x00, 0x00, 0x43, 0x00, 0x00, 0x3B, 0x45, 0x00, 0x3E,
    0x67, 0x01, 0x32, 0x00, 0x00, 0x2B, 0x57, 0x01, 0x2B, 0x00, 0x00, 0x32, 0x5A, 0x38, 0x2B, 0x00,
    0x00, 0x37, 0x00, 0x00, 0x43, 0x00, 0x01, 0x3E, 0x00, 0x00, 0x3B, 0x00, 0x00, 0x32, 0x00, 0x04,
    0x40, 0x51, 0x00, 0x37, 0x46, 0x00, 0x3C, 0x44, 0x02, 0x30, 0x5B, 0x00, 0x34, 0x56, 0x01, 0x2B,
    0x5B, 0x73, 0x34, 0x58, 0x00, 0x30, 0x5B, 0x01, 0x30, 0x00, 0x00, 0x34, 0x00, 0x00, 0x3C, 0x00,
    0x01, 0x37, 0x00, 0x00, 0x3C, 0x6D, 0x00, 0x43, 0x69, 0x00, 0x40, 0x69, 0x01, 0x40, 0x00, 0x00,
    0x37, 0x5E, 0x00, 0x2B, 0x53, 0x01, 0x2B, 0x00, 0x71, 0x34, 0x00, 0x03, 0x43, 0x00, 0x00, 0x40,
    0x00, 0x00, 0x30, 0x00, 0x00, 0x3C, 0x00, 0x00, 0x37, 0x00, 0x00, 0x34, 0x51, 0x01, 0x37, 0x5B,
    0x00, 0x3C, 0x63, 0x00, 0x30, 0x56, 0x00, 0x40, 0x5B, 0x00, 0x43, 0x5B, 0x01, 0x2B, 0x58, 0x01,
    0x2B, 0x00, 0x38, 0x43, 0x00, 0x00, 0x34, 0x00, 0x00, 0x40, 0x00, 0x01, 0x2B, 0x00, 0x00, 0x34,
    0x56, 0x00, 0x43, 0x4F, 0x00, 0x40, 0x4F, 0x01, 0x3C, 0x00, 0x00, 0x30, 0x00, 0x00, 0x37, 0x00,
    0x00, 0x2B, 0x4D, 0x01, 0x30, 0x53, 0x00, 0x3C, 0x5E, 0x00, 0x37, 0x4A, 0x38, 0x3C, 0x00, 0x00,
    0x37, 0x63, 0x01, 0x37, 0x00, 0x00, 0x3C, 0x66, 0x00, 0x43, 0x69, 0x00, 0x40, 0x69, 0x00, 0x34,
    0x68, 0x01, 0x34, 0x00, 0x00, 0x40, 0x00, 0x00, 0x2B, 0x00, 0x00, 0x43, 0x00, 0x01, 0x2B, 0x5E,
    0x00, 0x30, 0x61, 0x01, 0x30, 0x00, 0x39, 0x37, 0x00, 0x01, 0x43, 0x53, 0x00, 0x40, 0x53, 0x00,
    0x34, 0x5E, 0x00, 0x37, 0x48, 0x00, 0x3C, 0x66, 0x01, 0x3C, 0x00, 0x00, 0x34, 0x00, 0x00, 0x43,
    0x00, 0x00, 0x40, 0x00, 0x01, 0x2B, 0x58, 0x00, 0x30, 0x5B, 0x01, 0x30, 0x00, 0x00, 0x2B, 0x00,
    0x38, 0x37, 0x00, 0x00, 0x2B, 0x00, 0x00, 0x43, 0x00, 0x00, 0x30, 0x00, 0x00, 0x40, 0x00, 0x00,
    0x3C, 0x00, 0x00, 0x34, 0x00, 0x03, 0x37, 0x46, 0x00, 0x3B, 0x44, 0x01, 0x2F, 0x5A, 0x01, 0x34,
    0x56, 0x00, 0x28, 0x5A, 0x73, 0x34, 0x00, 0x00, 0x2F, 0x00, 0x01, 0x34, 0x58, 0x00, 0x2F, 0x5A,
    0x01, 0x3B, 0x00, 0x01, 0x3B, 0x6E, 0x00, 0x40, 0x6F, 0x00, 0x37, 0x5B, 0x00, 0x28, 0x52, 0x01,
    0x28, 0x00, 0x00, 0x37, 0x00, 0x73, 0x34, 0x00, 0x02, 0x37, 0x00, 0x00, 0x2F, 0x00, 0x00, 0x3B,
    0x00, 0x00, 0x40, 0x00, 0x00, 0x34, 0x51, 0x01, 0x28, 0x00, 0x00, 0x37, 0x58, 0x00, 0x3B, 0x64,
    0x00, 0x2F, 0x55, 0x00, 0x40, 0x61, 0x01, 0x28, 0x57, 0x39, 0x40, 0x00, 0x01, 0x34, 0x00, 0x00,
    0x28, 0x00, 0x01, 0x34, 0x56, 0x00, 0x40, 0x55, 0x00, 0x28, 0x4C, 0x00, 0x2F, 0x52, 0x00, 0x3B,
    0x5F, 0x00, 0x37, 0x47, 0x01, 0x37, 0x00, 0x00, 0x3B, 0x00, 0x00, 0x2F, 0x00, 0x37, 0x37, 0x00,
    0x00, 0x3B, 0x00, 0x01, 0x37, 0x60, 0x00, 0x3B, 0x67, 0x00, 0x40, 0x6F, 0x00, 0x34, 0x68, 0x01,
    0x34, 0x00, 0x00, 0x40, 0x00, 0x00, 0x28, 0x00, 0x00, 0x2F, 0x00, 0x01, 0x28, 0x5D, 0x00, 0x2F,
    0x60, 0x3B, 0x3B, 0x00, 0x00, 0x40, 0x59, 0x00, 0x34, 0x5E, 0x00, 0x37, 0x45, 0x01, 0x37, 0x00,
    0x00, 0x34, 0x00, 0x00, 0x40, 0x00, 0x00, 0x3B, 0x67, 0x01, 0x28, 0x57, 0x00, 0x2F, 0x5A, 0x01,
    0x2F, 0x00, 0x00, 0x28, 0x00, 0x38, 0x34, 0x00, 0x00, 0x37, 0x00, 0x00, 0x2F, 0x00, 0x01, 0x40,
    0x00, 0x00, 0x28, 0x00, 0x00, 0x3B, 0x00, 0x03, 0x39, 0x46, 0x00, 0x3C, 0x44, 0x01, 0x30, 0x5A,
    0x01, 0x35, 0x56, 0x00, 0x29, 0x5A, 0x73, 0x30, 0x00, 0x01, 0x35, 0x58, 0x00, 0x30, 0x5A, 0x01,
    0x35, 0x00, 0x00, 0x3C, 0x6E, 0x01, 0x3C, 0x00, 0x00, 0x41, 0x6F, 0x00, 0x39, 0x5B, 0x00, 0x29,
    0x52, 0x01, 0x29, 0x00, 0x00, 0x39, 0x00, 0x73, 0x35, 0x00, 0x01, 0x39, 0x00, 0x00, 0x3C, 0x00,
    0x01, 0x41, 0x00, 0x00, 0x30, 0x00, 0x00, 0x35, 0x51, 0x01, 0x29, 0x00, 0x00, 0x39, 0x58, 0x00,
    0x3C, 0x64, 0x00, 0x30, 0x55, 0x00, 0x41, 0x61, 0x01, 0x29, 0x57, 0x39, 0x41, 0x00, 0x01, 0x35,
    0x00, 0x00, 0x29, 0x00, 0x01, 0x35, 0x56, 0x00, 0x41, 0x55, 0x00, 0x29, 0x4C, 0x00, 0x30, 0x52,
    0x00, 0x3C, 0x5F, 0x00, 0x39, 0x47, 0x01, 0x39, 0x00, 0x00, 0x3C, 0x00, 0x00, 0x30, 0x00, 0x37,
    0x39, 0x00, 0x00, 0x3C, 0x00, 0x01, 0x39, 0x60, 0x00, 0x3C, 0x67, 0x00, 0x41, 0x6F, 0x00, 0x35,
    0x68, 0x01, 0x35, 0x00, 0x00, 0x41, 0x00, 0x00, 0x29, 0x00, 0x01, 0x29, 0x5D, 0x00, 0x30, 0x60,
    0x01, 0x30, 0x00, 0x3A, 0x41, 0x59, 0x00, 0x35, 0x5E, 0x00, 0x39, 0x45, 0x00, 0x3C, 0x67, 0x01,
    0x3C, 0x00, 0x00, 0x39, 0x00, 0x00, 0x41, 0x00, 0x00, 0x35, 0x00, 0x01, 0x29, 0x57, 0x00, 0x30,
    0x5A, 0x01, 0x30, 0x00, 0x00, 0x29, 0x00, 0x38, 0x35, 0x00, 0x00, 0x3C, 0x00, 0x00, 0x41, 0x00,
    0x00, 0x39, 0x00, 0x00, 0x29, 0x00, 0x00, 0x30, 0x00, 0x04, 0x38, 0x46, 0x00, 0x3B, 0x44, 0x01,
    0x2F, 0x5A, 0x01, 0x34, 0x56, 0x00, 0x28, 0x5A, 0x73, 0x2F, 0x00, 0x01, 0x34, 0x58, 0x00, 0x2F,
    0x5A, 0x01, 0x34, 0x00, 0x00, 0x3B, 0x6E, 0x01, 0x3B, 0x00, 0x00, 0x40, 0x6F, 0x00, 0x38, 0x5B,
    0x00, 0x28, 0x52, 0x01, 0x28, 0x00, 0x00, 0x38, 0x00, 0x73, 0x34, 0x00, 0x01, 0x38, 0x00, 0x00,
    0x3B, 0x00, 0x01, 0x40, 0x00, 0x00, 0x2F, 0x00, 0x00, 0x34, 0x51, 0x01, 0x28, 0x00, 0x00, 0x38,
    0x58, 0x00, 0x3B, 0x64, 0x00, 0x2F, 0x55, 0x00, 0x40, 0x61, 0x01, 0x28, 0x57, 0x39, 0x40, 0x00,
    0x01, 0x34, 0x00, 0x00, 0x28, 0x00, 0x01, 0x34, 0x56, 0x00, 0x40, 0x55, 0x00, 0x28, 0x4C, 0x00,
    0x2F, 0x52, 0x00, 0x3B, 0x5F, 0x00, 0x38, 0x47, 0x01, 0x38, 0x00, 0x00, 0x3B, 0x00, 0x00, 0x2F,
    0x00, 0x37, 0x38, 0x00, 0x00, 0x3B, 0x00, 0x01, 0x38, 0x60, 0x00, 0x3B, 0x67, 0x00, 0x40, 0x6F,
    0x00, 0x34, 0x68, 0x01, 0x34, 0x00, 0x00, 0x40, 0x00, 0x00, 0x28, 0x00, 0x01, 0x28, 0x5D, 0x00,
    0x2F, 0x60, 0x01, 0x2F, 0x00, 0x3A, 0x40, 0x59, 0x00, 0x34, 0x5E, 0x00, 0x38, 0x45, 0x00, 0x3B,
    0x67, 0x01, 0x3B, 0x00, 0x00, 0x38, 0x00, 0x00, 0x40, 0x00, 0x00, 0x34, 0x00, 0x01, 0x28, 0x57,
    0x00, 0x2F, 0x5A, 0x01, 0x2F, 0x00, 0x00, 0x28, 0x00, 0x38, 0x34, 0x00, 0x00, 0x3B, 0x00, 0x00,
    0x40, 0x00, 0x00, 0x38, 0x00, 0x00, 0x28, 0x00, 0x00, 0x2F, 0x00, 0x04, 0x39, 0x46, 0x00, 0x3C,
    0x44, 0x01, 0x30, 0x5A, 0x01, 0x35, 0x56, 0x00, 0x29, 0x5A, 0x73, 0x30, 0x00, 0x01, 0x35, 0x58,
    0x00, 0x30, 0x5A, 0x01, 0x35, 0x00, 0x00, 0x3C, 0x6E, 0x01, 0x3C, 0x00, 0x00, 0x41, 0x6F, 0x00,
    0x39, 0x5B, 0x00, 0x29, 0x52, 0x01, 0x29, 0x00, 0x00, 0x39, 0x00, 0x73, 0x35, 0x00, 0x01, 0x39,
    0x00, 0x00, 0x3C, 0x00, 0x01, 0x41, 0x00, 0x00, 0x30, 0x00, 0x00, 0x35, 0x51, 0x01, 0x29, 0x00,
    0x00, 0x39, 0x58, 0x00, 0x3C, 0x64, 0x00, 0x30, 0x55, 0x00, 0x41, 0x61, 0x01, 0x29, 0x57, 0x39,
    0x41, 0x00, 0x01, 0x35, 0x00, 0x00, 0x29, 0x00, 0x01, 0x35, 0x56, 0x00, 0x41, 0x55, 0x00, 0x29,
    0x4C, 0x00, 0x30, 0x52, 0x00, 0x3C, 0x5F, 0x00, 0x39, 0x47, 0x01, 0x39, 0x00, 0x00, 0x3C, 0x00,
    0x00, 0x30, 0x00, 0x37, 0x39, 0x00, 0x00, 0x3C, 0x00, 0x01, 0x39, 0x60, 0x00, 0x3C, 0x67, 0x00,
    0x41, 0x6F, 0x00, 0x35, 0x68, 0x01, 0x35, 0x00, 0x00, 0x41, 0x00, 0x00, 0x29, 0x00, 0x01, 0x29,
    0x5D, 0x00, 0x30, 0x60, 0x01, 0x30, 0x00, 0x3A, 0x41, 0x59, 0x00, 0x35, 0x5E, 0x00, 0x39, 0x45,
    0x00, 0x3C, 0x67, 0x01, 0x3C, 0x00, 0x00, 0x39, 0x00, 0x00, 0x41, 0x00, 0x00, 0x35, 0x00, 0x01,
    0x29, 0x57, 0x00, 0x30, 0x5A, 0x01, 0x30, 0x00, 0x00, 0x29, 0x00, 0x38, 0x35, 0x00, 0x00, 0x3C,
    0x00, 0x00, 0x41, 0x00, 0x00, 0x39, 0x00, 0x00, 0x29, 0x00, 0x00, 0x30, 0x00, 0x04, 0x39, 0x46,
    0x00, 0x3E, 0x44, 0x01, 0x32, 0x5A, 0x01, 0x36, 0x56, 0x00, 0x2D, 0x5A, 0x73, 0x32, 0x00, 0x01,
    0x36, 0x58, 0x00, 0x32, 0x5A, 0x01, 0x36, 0x00, 0x00, 0x3E, 0x6E, 0x01, 0x3E, 0x00, 0x00, 0x42,
    0x6F, 0x00, 0x39, 0x5B, 0x00, 0x2D, 0x52, 0x01, 0x2D, 0x00, 0x00, 0x39, 0x00, 0x3D, 0x2D, 0x00,
    0x00, 0x3E, 0x00, 0x00, 0x36, 0x56, 0x00, 0x42, 0x55, 0x01, 0x42, 0x00, 0x00, 0x36, 0x00, 0x00,
    0x2D, 0x4C, 0x00, 0x32, 0x52, 0x00, 0x3E, 0x5F, 0x00, 0x39, 0x47, 0x01, 0x39, 0x00, 0x00, 0x32,
    0x00, 0x35, 0x36, 0x00, 0x01, 0x42, 0x00, 0x00, 0x39, 0x00, 0x00, 0x3E, 0x00, 0x00, 0x36, 0x51,
    0x01, 0x2D, 0x00, 0x00, 0x39, 0x58, 0x00, 0x3E, 0x64, 0x00, 0x32, 0x55, 0x00, 0x42, 0x61, 0x01,
    0x32, 0x00, 0x00, 0x2D, 0x57, 0x73, 0x39, 0x00, 0x00, 0x42, 0x00, 0x01, 0x39, 0x60, 0x00, 0x3E,
    0x67, 0x00, 0x42, 0x6F, 0x00, 0x36, 0x68, 0x01, 0x36, 0x00, 0x00, 0x3E, 0x00, 0x00, 0x32, 0x00,
    0x01, 0x2D, 0x5D, 0x00, 0x32, 0x60, 0x01, 0x2D, 0x00, 0x3A, 0x42, 0x59, 0x00, 0x36, 0x5E, 0x00,
    0x39, 0x45, 0x00, 0x3E, 0x67, 0x01, 0x3E, 0x00, 0x00, 0x39, 0x00, 0x00, 0x42, 0x00, 0x00, 0x36,
    0x00, 0x01, 0x2D, 0x57, 0x00, 0x32, 0x5A, 0x01, 0x32, 0x00, 0x00, 0x2D, 0x00, 0x38, 0x2D, 0x00,
    0x00, 0x42, 0x00, 0x00, 0x36, 0x00, 0x00, 0x39, 0x00, 0x00, 0x32, 0x00, 0x00, 0x3E, 0x00, 0x04,
    0x39, 0x46, 0x00, 0x3C, 0x44, 0x01, 0x30, 0x5A, 0x01, 0x35, 0x56, 0x00, 0x29, 0x5A, 0x73, 0x30,
    0x00, 0x01, 0x35, 0x58, 0x00, 0x30, 0x5A, 0x01, 0x35, 0x00, 0x00, 0x3C, 0x6E, 0x01, 0x3C, 0x00,
    0x00, 0x41, 0x6F, 0x00, 0x39, 0x5B, 0x00, 0x29, 0x52, 0x01, 0x29, 0x00, 0x00, 0x39, 0x00, 0x73,
    0x35, 0x00, 0x01, 0x39, 0x00, 0x00, 0x3C, 0x00, 0x01, 0x41, 0x00, 0x00, 0x30, 0x00, 0x00, 0x35,
    0x51, 0x01, 0x29, 0x00, 0x00, 0x39, 0x58, 0x00, 0x3C, 0x64, 0x00, 0x30, 0x55, 0x00, 0x41, 0x61,
    0x01, 0x29, 0x57, 0x39, 0x41, 0x00, 0x01, 0x35, 0x00, 0x00, 0x29, 0x00, 0x01, 0x35, 0x56, 0x00,
    0x41, 0x55, 0x00, 0x29, 0x4C, 0x00, 0x30, 0x52, 0x00, 0x3C, 0x5F, 0x00, 0x39, 0x47, 0x01, 0x39,
    0x00, 0x00, 0x3C, 0x00, 0x00, 0x30, 0x00, 0x37, 0x39, 0x00, 0x00, 0x3C, 0x00, 0x01, 0x39, 0x60,
    0x00, 0x3C, 0x67, 0x00, 0x41, 0x6F, 0x00, 0x35, 0x68, 0x01, 0x35, 0x00, 0x00, 0x41, 0x00, 0x00,
    0x29, 0x00, 0x01, 0x29, 0x5D, 0x00, 0x30, 0x60, 0x01, 0x30, 0x00, 0x3A, 0x41, 0x59, 0x00, 0x35,
    0x5E, 0x00, 0x39, 0x45, 0x00, 0x3C, 0x67, 0x01, 0x3C, 0x00, 0x00, 0x39, 0x00, 0x00, 0x41, 0x00,
    0x00, 0x35, 0x00, 0x01, 0x29, 0x57, 0x00, 0x30, 0x5A, 0x01, 0x30, 0x00, 0x00, 0x29, 0x00, 0x38,
    0x35, 0x00, 0x00, 0x3C, 0x00, 0x00, 0x41, 0x00, 0x00, 0x39, 0x00, 0x00, 0x29, 0x00, 0x00, 0x30,
    0x00, 0x05, 0x3B, 0x46, 0x01, 0x3E, 0x44, 0x01, 0x32, 0x5A, 0x01, 0x37, 0x56, 0x00, 0x2B, 0x5A,
    0x73, 0x32, 0x00, 0x00, 0x37, 0x58, 0x01, 0x37, 0x00, 0x00, 0x32, 0x5A, 0x01, 0x3B, 0x00, 0x00,
    0x3E, 0x6E, 0x01, 0x3E, 0x00, 0x00, 0x43, 0x6F, 0x00, 0x3B, 0x5B, 0x00, 0x2B, 0x52, 0x01, 0x2B,
    0x00, 0x72, 0x37, 0x00, 0x02, 0x3E, 0x00, 0x01, 0x43, 0x00, 0x00, 0x32, 0x00, 0x00, 0x3B, 0x00,
    0x00, 0x37, 0x51, 0x01, 0x3B, 0x58, 0x00, 0x3E, 0x64, 0x00, 0x32, 0x55, 0x00, 0x43, 0x61, 0x00,
    0x2B, 0x57, 0x01, 0x2B, 0x00, 0x39, 0x2B, 0x00, 0x00, 0x43, 0x00, 0x01, 0x37, 0x56, 0x00, 0x43,
    0x55, 0x01, 0x37, 0x00, 0x00, 0x2B, 0x4C, 0x00, 0x32, 0x52, 0x00, 0x3E, 0x5F, 0x00, 0x3B, 0x47,
    0x01, 0x3B, 0x00, 0x00, 0x3E, 0x00, 0x00, 0x32, 0x00, 0x37, 0x43, 0x00, 0x00, 0x3E, 0x00, 0x00,
    0x37, 0x00, 0x00, 0x3B, 0x00, 0x01, 0x3B, 0x60, 0x00, 0x3E, 0x67, 0x00, 0x43, 0x6F, 0x00, 0x37,
    0x68, 0x01, 0x32, 0x00, 0x00, 0x2B, 0x00, 0x01, 0x2B, 0x5D, 0x00, 0x32, 0x60, 0x3B, 0x43, 0x59,
    0x00, 0x37, 0x5E, 0x00, 0x3B, 0x45, 0x00, 0x3E, 0x67, 0x01, 0x3E, 0x00, 0x00, 0x3B, 0x00, 0x00,
    0x43, 0x00, 0x00, 0x37, 0x00, 0x01, 0x2B, 0x57, 0x00, 0x32, 0x5A, 0x01, 0x32, 0x00, 0x00, 0x2B,
    0x00, 0x38, 0x32, 0x00, 0x00, 0x37, 0x00, 0x00, 0x3E, 0x00, 0x00, 0x3B, 0x00, 0x01, 0x43, 0x00,
    0x00, 0x2B, 0x00, 0x00, 0x3B, 0x46, 0x00, 0x3E, 0x44, 0x01, 0x32, 0x5A, 0x01, 0x37, 0x56, 0x00,
    0x2B, 0x5A, 0x73, 0x32, 0x00, 0x01, 0x37, 0x58, 0x00, 0x32, 0x5A, 0x01, 0x37, 0x00, 0x00, 0x3E,
    0x00, 0x01, 0x3E, 0x6E, 0x00, 0x43, 0x6F, 0x00, 0x3B, 0x5B, 0x00, 0x2B, 0x52, 0x01, 0x2B, 0x00,
    0x00, 0x3B, 0x00, 0x3B, 0x2B, 0x00, 0x00, 0x37, 0x00, 0x00, 0x43, 0x00, 0x01, 0x37, 0x56, 0x00,
    0x43, 0x55, 0x00, 0x2B, 0x4C, 0x00, 0x32, 0x52, 0x00, 0x3E, 0x5F, 0x00, 0x3B, 0x47, 0x01, 0x3B,
    0x00, 0x00, 0x3E, 0x00, 0x00, 0x32, 0x00, 0x37, 0x3B, 0x00, 0x00, 0x3E, 0x00, 0x01, 0x32, 0x00,
    0x00, 0x43, 0x00, 0x00, 0x37, 0x51, 0x01, 0x37, 0x00, 0x00, 0x2B, 0x00, 0x00, 0x3B, 0x58, 0x00,
    0x3E, 0x64, 0x00, 0x32, 0x55, 0x00, 0x43, 0x61, 0x01, 0x2B, 0x57, 0x39, 0x43, 0x00, 0x01, 0x37,
    0x00, 0x00, 0x2B, 0x00, 0x01, 0x3E, 0x00, 0x00, 0x3B, 0x00, 0x00, 0x37, 0x56, 0x00, 0x43, 0x55,
    0x00, 0x2B, 0x4C, 0x00, 0x32, 0x52, 0x01, 0x32, 0x00, 0x00, 0x3E, 0x5F, 0x00, 0x3B, 0x47, 0x38,
    0x3B, 0x60, 0x00, 0x3E, 0x67, 0x00, 0x43, 0x6F, 0x00, 0x37, 0x68, 0x01, 0x37, 0x00, 0x00, 0x43,
    0x00, 0x00, 0x3B, 0x00, 0x00, 0x3E, 0x00, 0x00, 0x2B, 0x00, 0x01, 0x2B, 0x5D, 0x00, 0x32, 0x60,
    0x01, 0x32, 0x00, 0x3A, 0x3B, 0x00, 0x00, 0x3E, 0x00, 0x00, 0x43, 0x59, 0x00, 0x37, 0x5E, 0x01,
    0x37, 0x00, 0x00, 0x43, 0x00, 0x00, 0x3B, 0x45, 0x00, 0x3E, 0x67, 0x01, 0x32, 0x00, 0x00, 0x2B,
    0x57, 0x01, 0x2B, 0x00, 0x00, 0x32, 0x5A, 0x38, 0x2B, 0x00, 0x00, 0x37, 0x00, 0x00, 0x43, 0x00,
    0x01, 0x3E, 0x00, 0x00, 0x3B, 0x00, 0x00, 0x32, 0x00, 0x04, 0x40, 0x51, 0x00, 0x37, 0x46, 0x00,
    0x3C, 0x44, 0x02, 0x30, 0x5B, 0x00, 0x34, 0x56, 0x01, 0x2B, 0x5B, 0x73, 0x34, 0x58, 0x00, 0x30,
    0x5B, 0x01, 0x30, 0x00, 0x00, 0x34, 0x00, 0x00, 0x3C, 0x00, 0x01, 0x37, 0x00, 0x00, 0x3C, 0x6D,
    0x00, 0x43, 0x69, 0x00, 0x40, 0x69, 0x01, 0x40, 0x00, 0x00, 0x37, 0x5E, 0x00, 0x2B, 0x53, 0x01,
    0x2B, 0x00, 0x71, 0x34, 0x00, 0x03, 0x43, 0x00, 0x00, 0x40, 0x00, 0x00, 0x30, 0x00, 0x00, 0x3C,
    0x00, 0x00, 0x37, 0x00, 0x00, 0x34, 0x51, 0x01, 0x37, 0x5B, 0x00, 0x3C, 0x63, 0x00, 0x30, 0x56,
    0x00, 0x40, 0x5B, 0x00, 0x43, 0x5B, 0x01, 0x2B, 0x58, 0x01, 0x2B, 0x00, 0x38, 0x43, 0x00, 0x00,
    0x34, 0x00, 0x00, 0x40, 0x00, 0x01, 0x2B, 0x00, 0x00, 0x34, 0x56, 0x00, 0x43, 0x4F, 0x00, 0x40,
    0x4F, 0x01, 0x3C, 0x00, 0x00, 0x30, 0x00, 0x00, 0x37, 0x00, 0x00, 0x2B, 0x4D, 0x01, 0x30, 0x53,
    0x00, 0x3C, 0x5E, 0x00, 0x37, 0x4A, 0x38, 0x3C, 0x00, 0x00, 0x37, 0x63, 0x01, 0x37, 0x00, 0x00,
    0x3C, 0x66, 0x00, 0x43, 0x69, 0x00, 0x40, 0x69, 0x00, 0x34, 0x68, 0x01, 0x34, 0x00, 0x00, 0x40,
    0x00, 0x00, 0x2B, 0x00, 0x00, 0x43, 0x00, 0x01, 0x2B, 0x5E, 0x00, 0x30, 0x61, 0x01, 0x30, 0x00,
    0x39, 0x37, 0x00, 0x01, 0x43, 0x53, 0x00, 0x40, 0x53, 0x00, 0x34, 0x5E, 0x00, 0x37, 0x48, 0x00,
    0x3C, 0x66, 0x01, 0x3C, 0x00, 0x00, 0x34, 0x00, 0x00, 0x43, 0x00, 0x00, 0x40, 0x00, 0x01, 0x2B,
    0x58, 0x00, 0x30, 0x5B, 0x01, 0x30, 0x00, 0x00, 0x2B, 0x00, 0x38, 0x37, 0x00, 0x00, 0x2B, 0x00,
    0x00, 0x43, 0x00, 0x00, 0x30, 0x00, 0x00, 0x40, 0x00, 0x00, 0x3C, 0x00, 0x00, 0x34, 0x00, 0x03,
    0x37, 0x46, 0x00, 0x3B, 0x44, 0x01, 0x2F, 0x5A, 0x01, 0x34, 0x56, 0x00, 0x28, 0x5A, 0x73, 0x34,
    0x00, 0x00, 0x2F, 0x00, 0x01, 0x34, 0x58, 0x00, 0x2F, 0x5A, 0x01, 0x3B, 0x00, 0x01, 0x3B, 0x6E,
    0x00, 0x40, 0x6F, 0x00, 0x37, 0x5B, 0x00, 0x28, 0x52, 0x01, 0x28, 0x00, 0x00, 0x37, 0x00, 0x73,
    0x34, 0x00, 0x02, 0x37, 0x00, 0x00, 0x2F, 0x00, 0x00, 0x3B, 0x00, 0x00, 0x40, 0x00, 0x00, 0x34,
    0x51, 0x01, 0x28, 0x00, 0x00, 0x37, 0x58, 0x00, 0x3B, 0x64, 0x00, 0x2F, 0x55, 0x00, 0x40, 0x61,
    0x01, 0x28, 0x57, 0x39, 0x40, 0x00, 0x01, 0x34, 0x00, 0x00, 0x28, 0x00, 0x01, 0x34, 0x56, 0x00,
    0x40, 0x55, 0x00, 0x28, 0x4C, 0x00, 0x2F, 0x52, 0x00, 0x3B, 0x5F, 0x00, 0x37, 0x47, 0x01, 0x37,
    0x00, 0x00, 0x3B, 0x00, 0x00, 0x2F, 0x00, 0x37, 0x37, 0x00, 0x00, 0x3B, 0x00, 0x01, 0x37, 0x60,
    0x00, 0x3B, 0x67, 0x00, 0x40, 0x6F, 0x00, 0x34, 0x68, 0x01, 0x34, 0x00, 0x00, 0x40, 0x00, 0x00,
    0x28, 0x00, 0x00, 0x2F, 0x00, 0x01, 0x28, 0x5D, 0x00, 0x2F, 0x60, 0x3B, 0x3B, 0x00, 0x00, 0x40,
    0x59, 0x00, 0x34, 0x5E, 0x00, 0x37, 0x45, 0x01, 0x37, 0x00, 0x00, 0x34, 0x00, 0x00, 0x40, 0x00,
    0x00, 0x3B, 0x67, 0x01, 0x28, 0x57, 0x00, 0x2F, 0x5A, 0x01, 0x2F, 0x00, 0x00, 0x28, 0x00, 0x38,
    0x34, 0x00, 0x00, 0x37, 0x00, 0x00, 0x2F, 0x00, 0x01, 0x40, 0x00, 0x00, 0x28, 0x00, 0x00, 0x3B,
    0x00, 0x03, 0x39, 0x46, 0x00, 0x3C, 0x44, 0x01, 0x30, 0x5A, 0x01, 0x35, 0x56, 0x00, 0x29, 0x5A,
    0x73, 0x30, 0x00, 0x01, 0x35, 0x58, 0x00, 0x30, 0x5A, 0x01, 0x35, 0x00, 0x00, 0x3C, 0x6E, 0x01,
    0x3C, 0x00, 0x00, 0x41, 0x6F, 0x00, 0x39, 0x5B, 0x00, 0x29, 0x52, 0x01, 0x29, 0x00, 0x00, 0x39,
    0x00, 0x73, 0x35, 0x00, 0x01, 0x39, 0x00, 0x00, 0x3C, 0x00, 0x01, 0x41, 0x00, 0x00, 0x30, 0x00,
    0x00, 0x35, 0x51, 0x01, 0x29, 0x00, 0x00, 0x39, 0x58, 0x00, 0x3C, 0x64, 0x00, 0x30, 0x55, 0x00,
    0x41, 0x61, 0x01, 0x29, 0x57, 0x39, 0x41, 0x00, 0x01, 0x35, 0x00, 0x00, 0x29, 0x00, 0x01, 0x35,
    0x56, 0x00, 0x41, 0x55, 0x00, 0x29, 0x4C, 0x00, 0x30, 0x52, 0x00, 0x3C, 0x5F, 0x00, 0x39, 0x47,
    0x01, 0x39, 0x00, 0x00, 0x3C, 0x00, 0x00, 0x30, 0x00, 0x37, 0x39, 0x00, 0x00, 0x3C, 0x00, 0x01,
    0x39, 0x60, 0x00, 0x3C, 0x67, 0x00, 0x41, 0x6F, 0x00, 0x35, 0x68, 0x01, 0x35, 0x00, 0x00, 0x41,
    0x00, 0x00, 0x29, 0x00, 0x01, 0x29, 0x5D, 0x00, 0x30, 0x60, 0x01, 0x30, 0x00, 0x3A, 0x41, 0x59,
    0x00, 0x35, 0x5E, 0x00, 0x39, 0x45, 0x00, 0x3C, 0x67, 0x01, 0x3C, 0x00, 0x00, 0x39, 0x00, 0x00,
    0x41, 0x00, 0x00, 0x35, 0x00, 0x01, 0x29, 0x57, 0x00, 0x30, 0x5A, 0x01, 0x30, 0x00, 0x00, 0x29,
    0x00, 0x38, 0x35, 0x00, 0x00, 0x3C, 0x00, 0x00, 0x41, 0x00, 0x00, 0x39, 0x00, 0x00, 0x29, 0x00,
    0x00, 0x30, 0x00, 0x04, 0x38, 0x46, 0x00, 0x3B, 0x44, 0x01, 0x2F, 0x5A, 0x01, 0x34, 0x56, 0x00,
    0x28, 0x5A, 0x73, 0x2F, 0x00, 0x01, 0x34, 0x58, 0x00, 0x2F, 0x5A, 0x01, 0x34, 0x00, 0x00, 0x3B,
    0x6E, 0x01, 0x3B, 0x00, 0x00, 0x40, 0x6F, 0x00, 0x38, 0x5B, 0x00, 0x28, 0x52, 0x01, 0x28, 0x00,
    0x00, 0x38, 0x00, 0x73, 0x34, 0x00, 0x01, 0x38, 0x00, 0x00, 0x3B, 0x00, 0x01, 0x40, 0x00, 0x00,
    0x2F, 0x00, 0x00, 0x34, 0x51, 0x01, 0x28, 0x00, 0x00, 0x38, 0x58, 0x00, 0x3B, 0x64, 0x00, 0x2F,
    0x55, 0x00, 0x40, 0x61, 0x01, 0x28, 0x57, 0x39, 0x40, 0x00, 0x01, 0x34, 0x00, 0x00, 0x28, 0x00,
    0x01, 0x34, 0x56, 0x00, 0x40, 0x55, 0x00, 0x28, 0x4C, 0x00, 0x2F, 0x52, 0x00, 0x3B, 0x5F, 0x00,
    0x38, 0x47, 0x01, 0x38, 0x00, 0x00, 0x3B, 0x00, 0x00, 0x2F, 0x00, 0x37, 0x38, 0x00, 0x00, 0x3B,
    0x00, 0x01, 0x38, 0x60, 0x00, 0x3B, 0x67, 0x00, 0x40, 0x6F, 0x00, 0x34, 0x68, 0x01, 0x34, 0x00,
    0x00, 0x40, 0x00, 0x00, 0x28, 0x00, 0x01, 0x28, 0x5D, 0x00, 0x2F, 0x60, 0x01, 0x2F, 0x00, 0x3A,
    0x40, 0x59, 0x00, 0x34, 0x5E, 0x00, 0x38, 0x45, 0x00, 0x3B, 0x67, 0x01, 0x3B, 0x00, 0x00, 0x38,
    0x00, 0x00, 0x40, 0x00, 0x00, 0x34, 0x00, 0x01, 0x28, 0x57, 0x00, 0x2F, 0x5A, 0x01, 0x2F, 0x00,
    0x00, 0x28, 0x00, 0x38, 0x34, 0x00, 0x00, 0x3B, 0x00, 0x00, 0x40, 0x00, 0x00, 0x38, 0x00, 0x00,
    0x28, 0x00, 0x00, 0x2F, 0x00, 0x04, 0x39, 0x46, 0x00, 0x3C, 0x44, 0x01, 0x30, 0x5A, 0x01, 0x35,
    0x56, 0x00, 0x29, 0x5A, 0x73, 0x30, 0x00, 0x01, 0x35, 0x58, 0x00, 0x30, 0x5A, 0x01, 0x35, 0x00,
    0x00, 0x3C, 0x6E, 0x01, 0x3C, 0x00, 0x00, 0x41, 0x6F, 0x00, 0x39, 0x5B, 0x00, 0x29, 0x52, 0x01,
    0x29, 0x00, 0x00, 0x39, 0x00, 0x73, 0x35, 0x00, 0x01, 0x39, 0x00, 0x00, 0x3C, 0x00, 0x01, 0x41,
    0x00, 0x00, 0x30, 0x00, 0x00, 0x35, 0x51, 0x01, 0x29, 0x00, 0x00, 0x39, 0x58, 0x00, 0x3C, 0x64,
    0x00, 0x30, 0x55, 0x00, 0x41, 0x61, 0x01, 0x29, 0x57, 0x39, 0x41, 0x00, 0x01, 0x35, 0x00, 0x00,
    0x29, 0x00, 0x01, 0x35, 0x56, 0x00, 0x41, 0x55, 0x00, 0x29, 0x4C, 0x00, 0x30, 0x52, 0x00, 0x3C,
    0x5F, 0x00, 0x39, 0x47, 0x01, 0x39, 0x00, 0x00, 0x3C, 0x00, 0x00, 0x30, 0x00, 0x37, 0x39, 0x00,
    0x00, 0x3C, 0x00, 0x01, 0x39, 0x60, 0x00, 0x3C, 0x67, 0x00, 0x41, 0x6F, 0x00, 0x35, 0x68, 0x01,
    0x35, 0x00, 0x00, 0x41, 0x00, 0x00, 0x29, 0x00, 0x01, 0x29, 0x5D, 0x00, 0x30, 0x60, 0x01, 0x30,
    0x00, 0x3A, 0x41, 0x59, 0x00, 0x35, 0x5E, 0x00, 0x39, 0x45, 0x00, 0x3C, 0x67, 0x01, 0x3C, 0x00,
    0x00, 0x39, 0x00, 0x00, 0x41, 0x00, 0x00, 0x35, 0x00, 0x01, 0x29, 0x57, 0x00, 0x30, 0x5A, 0x01,
    0x30, 0x00, 0x00, 0x29, 0x00, 0x38, 0x35, 0x00, 0x00, 0x3C, 0x00, 0x00, 0x41, 0x00, 0x00, 0x39,
    0x00, 0x00, 0x29, 0x00, 0x00, 0x30, 0x00, 0x04, 0x39, 0x46, 0x00, 0x3E, 0x44, 0x01, 0x32, 0x5A,
    0x01, 0x36, 0x56, 0x00, 0x2D, 0x5A, 0x73, 0x32, 0x00, 0x01, 0x36, 0x58, 0x00, 0x32, 0x5A, 0x01,
    0x36, 0x00, 0x00, 0x3E, 0x6E, 0x01, 0x3E, 0x00, 0x00, 0x42, 0x6F, 0x00, 0x39, 0x5B, 0x00, 0x2D,
    0x52, 0x01, 0x2D, 0x00, 0x00, 0x39, 0x00, 0x3D, 0x2D, 0x00, 0x00, 0x3E, 0x00, 0x00, 0x36, 0x56,
    0x00, 0x42, 0x55, 0x01, 0x42, 0x00, 0x00, 0x36, 0x00, 0x00, 0x2D, 0x4C, 0x00, 0x32, 0x52, 0x00,
    0x3E, 0x5F, 0x00, 0x39, 0x47, 0x01, 0x39, 0x00, 0x00, 0x32, 0x00, 0x35, 0x36, 0x00, 0x01, 0x42,
    0x00, 0x00, 0x39, 0x00, 0x00, 0x3E, 0x00, 0x00, 0x36, 0x51, 0x01, 0x2D, 0x00, 0x00, 0x39, 0x58,
    0x00, 0x3E, 0x64, 0x00, 0x32, 0x55, 0x00, 0x42, 0x61, 0x01, 0x32, 0x00, 0x00, 0x2D, 0x57, 0x73,
    0x39, 0x00, 0x00, 0x42, 0x00, 0x01, 0x39, 0x60, 0x00, 0x3E, 0x67, 0x00, 0x42, 0x6F, 0x00, 0x36,
    0x68, 0x01, 0x36, 0x00, 0x00, 0x3E, 0x00, 0x00, 0x32, 0x00, 0x01, 0x2D, 0x5D, 0x00, 0x32, 0x60,
    0x01, 0x2D, 0x00, 0x3A, 0x42, 0x59, 0x00, 0x36, 0x5E, 0x00, 0x39, 0x45, 0x00, 0x3E, 0x67, 0x01,
    0x3E, 0x00, 0x00, 0x39, 0x00, 0x00, 0x42, 0x00, 0x00, 0x36, 0x00, 0x01, 0x2D, 0x57, 0x00, 0x32,
    0x5A, 0x01, 0x32, 0x00, 0x00, 0x2D, 0x00, 0x38, 0x2D, 0x00, 0x00, 0x42, 0x00, 0x00, 0x36, 0x00,
    0x00, 0x39, 0x00, 0x00, 0x32, 0x00, 0x00, 0x3E, 0x00, 0x04, 0x39, 0x46, 0x00, 0x3C, 0x44, 0x01,
    0x30, 0x5A, 0x01, 0x35, 0x56, 0x00, 0x29, 0x5A, 0x73, 0x30, 0x00, 0x01, 0x35, 0x58, 0x00, 0x30,
    0x5A, 0x01, 0x35, 0x00, 0x00, 0x3C, 0x6E, 0x01, 0x3C, 0x00, 0x00, 0x41, 0x6F, 0x00, 0x39, 0x5B,
    0x00, 0x29, 0x52, 0x01, 0x29, 0x00, 0x00, 0x39, 0x00, 0x73, 0x35, 0x00, 0x01, 0x39, 0x00, 0x00,
    0x3C, 0x00, 0x01, 0x41, 0x00, 0x00, 0x30, 0x00, 0x00, 0x35, 0x51, 0x01, 0x29, 0x00, 0x00, 0x39,
    0x58, 0x00, 0x3C, 0x64, 0x00, 0x30, 0x55, 0x00, 0x41, 0x61, 0x01, 0x29, 0x57, 0x39, 0x41, 0x00,
    0x01, 0x35, 0x00, 0x00, 0x29, 0x00, 0x01, 0x35, 0x56, 0x00, 0x41, 0x55, 0x00, 0x29, 0x4C, 0x00,
    0x30, 0x52, 0x00, 0x3C, 0x5F, 0x00, 0x39, 0x47, 0x01, 0x39, 0x00, 0x00, 0x3C, 0x00, 0x00, 0x30,
    0x00, 0x37, 0x39, 0x00, 0x00, 0x3C, 0x00, 0x01, 0x39, 0x60, 0x00, 0x3C, 0x67, 0x00, 0x41, 0x6F,
    0x00, 0x35, 0x68, 0x01, 0x35, 0x00, 0x00, 0x41, 0x00, 0x00, 0x29, 0x00, 0x01, 0x29, 0x5D, 0x00,
    0x30, 0x60, 0x01, 0x30, 0x00, 0x3A, 0x41, 0x59, 0x00, 0x35, 0x5E, 0x00, 0x39, 0x45, 0x00, 0x3C,
    0x67, 0x01, 0x3C, 0x00, 0x00, 0x39, 0x00, 0x00, 0x41, 0x00, 0x00, 0x35, 0x00, 0x01, 0x29, 0x57,
    0x00, 0x30, 0x5A, 0x01, 0x30, 0x00, 0x00, 0x29, 0x00, 0x38, 0x35, 0x00, 0x00, 0x3C, 0x00, 0x00,
    0x41, 0x00, 0x00, 0x39, 0x00, 0x00, 0x29, 0x00, 0x00, 0x30, 0x00, 0x05, 0x3B, 0x46, 0x01, 0x3E,
    0x44, 0x01, 0x32, 0x5A, 0x01, 0x37, 0x56, 0x00, 0x2B, 0x5A, 0x73, 0x32, 0x00, 0x00, 0x37, 0x58,
    0x01, 0x37, 0x00, 0x00, 0x32, 0x5A, 0x01, 0x3B, 0x00, 0x00, 0x3E, 0x6E, 0x01, 0x3E, 0x00, 0x00,
    0x43, 0x6F, 0x00, 0x3B, 0x5B, 0x00, 0x2B, 0x52, 0x01, 0x2B, 0x00, 0x72, 0x37, 0x00, 0x02, 0x3E,
    0x00, 0x01, 0x43, 0x00, 0x00, 0x32, 0x00, 0x00, 0x3B, 0x00, 0x00, 0x37, 0x51, 0x01, 0x3B, 0x58,
    0x00, 0x3E, 0x64, 0x00, 0x32, 0x55, 0x00, 0x43, 0x61, 0x00, 0x2B, 0x57, 0x01, 0x2B, 0x00, 0x39,
    0x2B, 0x00, 0x00, 0x43, 0x00, 0x01, 0x37, 0x56, 0x00, 0x43, 0x55, 0x01, 0x37, 0x00, 0x00, 0x2B,
    0x4C, 0x00, 0x32, 0x52, 0x00, 0x3E, 0x5F, 0x00, 0x3B, 0x47, 0x01, 0x3B, 0x00, 0x00, 0x3E, 0x00,
    0x00, 0x32, 0x00, 0x37, 0x43, 0x00, 0x00, 0x3E, 0x00, 0x00, 0x37, 0x00, 0x00, 0x3B, 0x00, 0x01,
    0x3B, 0x60, 0x00, 0x3E, 0x67, 0x00, 0x43, 0x6F, 0x00, 0x37, 0x68, 0x01, 0x32, 0x00, 0x00, 0x2B,
    0x00, 0x01, 0x2B, 0x5D, 0x00, 0x32, 0x60, 0x3B, 0x43, 0x59, 0x00, 0x37, 0x5E, 0x00, 0x3B, 0x45,
    0x00, 0x3E, 0x67, 0x01, 0x3E, 0x00, 0x00, 0x3B, 0x00, 0x00, 0x43, 0x00, 0x00, 0x37, 0x00, 0x01,
    0x2B, 0x57, 0x00, 0x32, 0x5A, 0x01, 0x32, 0x00, 0x00, 0x2B, 0x00, 0x38, 0x32, 0x00, 0x00, 0x37,
    0x00, 0x00, 0x3E, 0x00, 0x00, 0x3B, 0x00, 0x01, 0x43, 0x00, 0x00, 0x2B, 0x00, 0x00, 0x3B, 0x46,
    0x00, 0x3E, 0x44, 0x01, 0x32, 0x5A, 0x01, 0x37, 0x56, 0x00, 0x2B, 0x5A, 0x73, 0x32, 0x00, 0x01,
    0x37, 0x58, 0x00, 0x32, 0x5A, 0x01, 0x37, 0x00, 0x00, 0x3E, 0x00, 0x01, 0x3E, 0x6E, 0x00, 0x43,
    0x6F, 0x00, 0x3B, 0x5B, 0x00, 0x2B, 0x52, 0x01, 0x2B, 0x00, 0x00, 0x3B, 0x00, 0x3B, 0x2B, 0x00,
    0x00, 0x37, 0x00, 0x00, 0x43, 0x00, 0x01, 0x37, 0x56, 0x00, 0x43, 0x55, 0x00, 0x2B, 0x4C, 0x00,
    0x32, 0x52, 0x00, 0x3E, 0x5F, 0x00, 0x3B, 0x47, 0x01, 0x3B, 0x00, 0x00, 0x3E, 0x00, 0x00, 0x32,
    0x00, 0x37, 0x3B, 0x00, 0x00, 0x3E, 0x00, 0x01, 0x32, 0x00, 0x00, 0x43, 0x00, 0x00, 0x37, 0x51,
    0x01, 0x37, 0x00, 0x00, 0x2B, 0x00, 0x00, 0x3B, 0x58, 0x00, 0x3E, 0x64, 0x00, 0x32, 0x55, 0x00,
    0x43, 0x61, 0x01, 0x2B, 0x57, 0x39, 0x43, 0x00, 0x01, 0x37, 0x00, 0x00, 0x2B, 0x00, 0x01, 0x3E,
    0x00, 0x00, 0x3B, 0x00, 0x00, 0x37, 0x56, 0x00, 0x43, 0x55, 0x00, 0x2B, 0x4C, 0x00, 0x32, 0x52,
    0x01, 0x32, 0x00, 0x00, 0x3E, 0x5F, 0x00, 0x3B, 0x47, 0x38, 0x3B, 0x60, 0x00, 0x3E, 0x67, 0x00,
    0x43, 0x6F, 0x00, 0x37, 0x68, 0x01, 0x37, 0x00, 0x00, 0x43, 0x00, 0x00, 0x3B, 0x00, 0x00, 0x3E,
    0x00, 0x00, 0x2B, 0x00, 0x01, 0x2B, 0x5D, 0x00, 0x32, 0x60, 0x01, 0x32, 0x00, 0x3A, 0x3B, 0x00,
    0x00, 0x3E, 0x00, 0x00, 0x43, 0x59, 0x00, 0x37, 0x5E, 0x01, 0x37, 0x00, 0x00, 0x43, 0x00, 0x00,
    0x3B, 0x45, 0x00, 0x3E, 0x67, 0x01, 0x32, 0x00, 0x00, 0x2B, 0x57, 0x01, 0x2B, 0x00, 0x00, 0x32,
    0x5A, 0x38, 0x2B, 0x00, 0x00, 0x37, 0x00, 0x00, 0x43, 0x00, 0x01, 0x3E, 0x00, 0x00, 0x3B, 0x00,
    0x00, 0x32, 0x00, 0x05, 0x3B, 0x46, 0x01, 0x3E, 0x44, 0x01, 0x32, 0x5A, 0x01, 0x37, 0x56, 0x00,
    0x2B, 0x5A, 0x73, 0x32, 0x00, 0x00, 0x37, 0x58, 0x01, 0x37, 0x00, 0x00, 0x32, 0x5A, 0x01, 0x3B,
    0x00, 0x00, 0x3E, 0x6E, 0x01, 0x3E, 0x00, 0x00, 0x43, 0x6F, 0x00, 0x3B, 0x5B, 0x00, 0x2B, 0x52,
    0x01, 0x2B, 0x00, 0x72, 0x37, 0x00, 0x02, 0x3E, 0x00, 0x01, 0x43, 0x00, 0x00, 0x32, 0x00, 0x00,
    0x3B, 0x00, 0x00, 0x37, 0x51, 0x01, 0x3B, 0x58, 0x00, 0x3E, 0x64, 0x00, 0x32, 0x55, 0x00, 0x43,
    0x61, 0x00, 0x2B, 0x57, 0x01, 0x2B, 0x00, 0x39, 0x2B, 0x00, 0x00, 0x43, 0x00, 0x01, 0x37, 0x56,
    0x00, 0x43, 0x55, 0x01, 0x37, 0x00, 0x00, 0x2B, 0x4C, 0x00, 0x32, 0x52, 0x00, 0x3E, 0x5F, 0x00,
    0x3B, 0x47, 0x01, 0x3B, 0x00, 0x00, 0x3E, 0x00, 0x00, 0x32, 0x00, 0x37, 0x43, 0x00, 0x00, 0x3E,
    0x00, 0x00, 0x37, 0x00, 0x00, 0x3B, 0x00, 0x01, 0x3B, 0x60, 0x00, 0x3E, 0x67, 0x00, 0x43, 0x6F,
    0x00, 0x37, 0x68, 0x01, 0x32, 0x00, 0x00, 0x2B, 0x00, 0x01, 0x2B, 0x5D, 0x00, 0x32, 0x60, 0x3B,
    0x43, 0x59, 0x00, 0x37, 0x5E, 0x00, 0x3B, 0x45, 0x00, 0x3E, 0x67, 0x01, 0x3E, 0x00, 0x00, 0x3B,
    0x00, 0x00, 0x43, 0x00, 0x00, 0x37, 0x00, 0x01, 0x2B, 0x57, 0x00, 0x32, 0x5A, 0x01, 0x32, 0x00,
    0x00, 0x2B, 0x00, 0x38, 0x32, 0x00, 0x00, 0x37, 0x00, 0x00, 0x3E, 0x00, 0x00, 0x3B, 0x00, 0x01,
    0x43, 0x00, 0x00, 0x2B, 0x00, 0x00, 0x3B, 0x46, 0x00, 0x3E, 0x44, 0x01, 0x32, 0x5A, 0x01, 0x37,
    0x56, 0x00, 0x2B, 0x5A, 0x73, 0x32, 0x00, 0x01, 0x37, 0x58, 0x00, 0x32, 0x5A, 0x01, 0x37, 0x00,
    0x00, 0x3E, 0x00, 0x01, 0x3E, 0x6E, 0x00, 0x43, 0x6F, 0x00, 0x3B, 0x5B, 0x00, 0x2B, 0x52, 0x01,
    0x2B, 0x00, 0x00, 0x3B, 0x00, 0x3B, 0x2B, 0x00, 0x00, 0x37, 0x00, 0x00, 0x43, 0x00, 0x01, 0x37,
    0x56, 0x00, 0x43, 0x55, 0x00, 0x2B, 0x4C, 0x00, 0x32, 0x52, 0x00, 0x3E, 0x5F, 0x00, 0x3B, 0x47,
    0x01, 0x3B, 0x00, 0x00, 0x3E, 0x00, 0x00, 0x32, 0x00, 0x37, 0x3B, 0x00, 0x00, 0x3E, 0x00, 0x01,
    0x32, 0x00, 0x00, 0x43, 0x00, 0x00, 0x37, 0x51, 0x01, 0x37, 0x00, 0x00, 0x2B, 0x00, 0x00, 0x3B,
    0x58, 0x00, 0x3E, 0x64, 0x00, 0x32, 0x55, 0x00, 0x43, 0x61, 0x01, 0x2B, 0x57, 0x39, 0x43, 0x00,
    0x01, 0x37, 0x00, 0x00, 0x2B, 0x00, 0x01, 0x3E, 0x00, 0x00, 0x3B, 0x00, 0x00, 0x37, 0x56, 0x00,
    0x43, 0x55, 0x00, 0x2B, 0x4C, 0x00, 0x32, 0x52, 0x01, 0x32, 0x00, 0x00, 0x3E, 0x5F, 0x00, 0x3B,
    0x47, 0x38, 0x3B, 0x60, 0x00, 0x3E, 0x67, 0x00, 0x43, 0x6F, 0x00, 0x37, 0x68, 0x01, 0x37, 0x00,
    0x00, 0x43, 0x00, 0x00, 0x3B, 0x00, 0x00, 0x3E, 0x00, 0x00, 0x2B, 0x00, 0x01, 0x2B, 0x5D, 0x00,
    0x32, 0x60, 0x01, 0x32, 0x00, 0x3A, 0x3B, 0x00, 0x00, 0x3E, 0x00, 0x00, 0x43, 0x59, 0x00, 0x37,
    0x5E, 0x01, 0x37, 0x00, 0x00, 0x43, 0x00, 0x00, 0x3B, 0x45, 0x00, 0x3E, 0x67, 0x01, 0x32, 0x00,
    0x00, 0x2B, 0x57, 0x01, 0x2B, 0x00, 0x00, 0x32, 0x5A, 0x38, 0x2B, 0x00, 0x00, 0x37, 0x00, 0x00,
    0x43, 0x00, 0x01, 0x3E, 0x00, 0x00, 0x3B, 0x00, 0x00, 0x32, 0x00, 0x05, 0x3B, 0x46, 0x01, 0x3E,
    0x44, 0x01, 0x32, 0x5A, 0x01, 0x37, 0x56, 0x00, 0x2B, 0x5A, 0x73, 0x32, 0x00, 0x00, 0x37, 0x58,
    0x01, 0x37, 0x00, 0x00, 0x32, 0x5A, 0x01, 0x3B, 0x00, 0x00, 0x3E, 0x6E, 0x01, 0x3E, 0x00, 0x00,
    0x43, 0x6F, 0x00, 0x3B, 0x5B, 0x00, 0x2B, 0x52, 0x01, 0x2B, 0x00, 0x72, 0x37, 0x00, 0x02, 0x3E,
    0x00, 0x01, 0x43, 0x00, 0x00, 0x32, 0x00, 0x00, 0x3B, 0x00, 0x00, 0x37, 0x51, 0x01, 0x3B, 0x58,
    0x00, 0x3E, 0x64, 0x00, 0x32, 0x55, 0x00, 0x43, 0x61, 0x00, 0x2B, 0x57, 0x01, 0x2B, 0x00, 0x39,
    0x2B, 0x00, 0x00, 0x43, 0x00, 0x01, 0x37, 0x56, 0x00, 0x43, 0x55, 0x01, 0x37, 0x00, 0x00, 0x2B,
    0x4C, 0x00, 0x32, 0x52, 0x00, 0x3E, 0x5F, 0x00, 0x3B, 0x47, 0x01, 0x3B, 0x00, 0x00, 0x3E, 0x00,
    0x00, 0x32, 0x00, 0x37, 0x43, 0x00, 0x00, 0x3E, 0x00, 0x00, 0x37, 0x00, 0x00, 0x3B, 0x00, 0x01,
    0x3B, 0x60, 0x00, 0x3E, 0x67, 0x00, 0x43, 0x6F, 0x00, 0x37, 0x68, 0x01, 0x32, 0x00, 0x00, 0x2B,
    0x00, 0x01, 0x2B, 0x5D, 0x00, 0x32, 0x60, 0x3B, 0x43, 0x59, 0x00, 0x37, 0x5E, 0x00, 0x3B, 0x45,
    0x00, 0x3E, 0x67, 0x01, 0x3E, 0x00, 0x00, 0x3B, 0x00, 0x00, 0x43, 0x00, 0x00, 0x37, 0x00, 0x01,
    0x2B, 0x57, 0x00, 0x32, 0x5A, 0x01, 0x32, 0x00, 0x00, 0x2B, 0x00, 0x38, 0x32, 0x00, 0x00, 0x37,
    0x00, 0x00, 0x3E, 0x00, 0x00, 0x3B, 0x00, 0x01, 0x43, 0x00, 0x00, 0x2B, 0x00, 0x00, 0x3B, 0x46,
    0x00, 0x3E, 0x44, 0x01, 0x32, 0x5A, 0x01, 0x37, 0x56, 0x00, 0x2B, 0x5A, 0x73, 0x32, 0x00, 0x01,
    0x37, 0x58, 0x00, 0x32, 0x5A, 0x01, 0x37, 0x00, 0x00, 0x3E, 0x00, 0x01, 0x3E, 0x6E, 0x00, 0x43,
    0x6F, 0x00, 0x3B, 0x5B, 0x00, 0x2B, 0x52, 0x01, 0x2B, 0x00, 0x00, 0x3B, 0x00, 0x3B, 0x2B, 0x00,
    0x00, 0x37, 0x00, 0x00, 0x43, 0x00, 0x01, 0x37, 0x56, 0x00, 0x43, 0x55, 0x00, 0x2B, 0x4C, 0x00,
    0x32, 0x52, 0x00, 0x3E, 0x5F, 0x00, 0x3B, 0x47, 0x01, 0x3B, 0x00, 0x00, 0x3E, 0x00, 0x00, 0x32,
    0x00, 0x37, 0x3B, 0x00, 0x00, 0x3E, 0x00, 0x01, 0x32, 0x00, 0x00, 0x43, 0x00, 0x00, 0x37, 0x51,
    0x01, 0x37, 0x00, 0x00, 0x2B, 0x00, 0x00, 0x3B, 0x58, 0x00, 0x3E, 0x64, 0x00, 0x32, 0x55, 0x00,
    0x43, 0x61, 0x01, 0x2B, 0x57, 0x39, 0x43, 0x00, 0x01, 0x37, 0x00, 0x00, 0x2B, 0x00, 0x01, 0x3E,
    0x00, 0x00, 0x3B, 0x00, 0x00, 0x37, 0x56, 0x00, 0x43, 0x55, 0x00, 0x2B, 0x4C, 0x00, 0x32, 0x52,
    0x01, 0x32, 0x00, 0x00, 0x3E, 0x5F, 0x00, 0x3B, 0x47, 0x38, 0x3B, 0x60, 0x00, 0x3E, 0x67, 0x00,
    0x43, 0x6F, 0x00, 0x37, 0x68, 0x01, 0x37, 0x00, 0x00, 0x43, 0x00, 0x00, 0x3B, 0x00, 0x00, 0x3E,
    0x00, 0x00, 0x2B, 0x00, 0x01, 0x2B, 0x5D, 0x00, 0x32, 0x60, 0x01, 0x32, 0x00, 0x3A, 0x3B, 0x00,
    0x00, 0x3E, 0x00, 0x00, 0x43, 0x59, 0x00, 0x37, 0x5E, 0x01, 0x37, 0x00, 0x00, 0x43, 0x00, 0x00,
    0x3B, 0x45, 0x00, 0x3E, 0x67, 0x01, 0x32, 0x00, 0x00, 0x2B, 0x57, 0x01, 0x2B, 0x00, 0x00, 0x32,
    0x5A, 0x38, 0x2B, 0x00, 0x00, 0x37, 0x00, 0x00, 0x43, 0x00, 0x01, 0x3E, 0x00, 0x00, 0x3B, 0x00,
    0x00, 0x32, 0x00, 0x05, 0x3B, 0x46, 0x01, 0x3E, 0x44, 0x01, 0x32, 0x5A, 0x01, 0x37, 0x56, 0x00,
    0x2B, 0x5A, 0x73, 0x32, 0x00, 0x00, 0x37, 0x58, 0x01, 0x37, 0x00, 0x00, 0x32, 0x5A, 0x01, 0x3B,
    0x00, 0x00, 0x3E, 0x6E, 0x01, 0x3E, 0x00, 0x00, 0x43, 0x6F, 0x00, 0x3B, 0x5B, 0x00, 0x2B, 0x52,
    0x01, 0x2B, 0x00, 0x72, 0x37, 0x00, 0x02, 0x3E, 0x00, 0x01, 0x43, 0x00, 0x00, 0x32, 0x00, 0x00,
    0x3B, 0x00, 0x00, 0x37, 0x51, 0x01, 0x3B, 0x58, 0x00, 0x3E, 0x64, 0x00, 0x32, 0x55, 0x00, 0x43,
    0x61, 0x00, 0x2B, 0x57, 0x01, 0x2B, 0x00, 0x39, 0x2B, 0x00, 0x00, 0x43, 0x00, 0x01, 0x37, 0x56,
    0x00, 0x43, 0x55, 0x01, 0x37, 0x00, 0x00, 0x2B, 0x4C, 0x00, 0x32, 0x52, 0x00, 0x3E, 0x5F, 0x00,
    0x3B, 0x47, 0x01, 0x3B, 0x00, 0x00, 0x3E, 0x00, 0x00, 0x32, 0x00, 0x37, 0x43, 0x00, 0x00, 0x3E,
    0x00, 0x00, 0x37, 0x00, 0x00, 0x3B, 0x00, 0x01, 0x3B, 0x60, 0x00, 0x3E, 0x67, 0x00, 0x43, 0x6F,
    0x00, 0x37, 0x68, 0x01, 0x32, 0x00, 0x00, 0x2B, 0x00, 0x01, 0x2B, 0x5D, 0x00, 0x32, 0x60, 0x3B,
    0x43, 0x59, 0x00, 0x37, 0x5E, 0x00, 0x3B, 0x45, 0x00, 0x3E, 0x67, 0x01, 0x3E, 0x00, 0x00, 0x3B,
    0x00, 0x00, 0x43, 0x00, 0x00, 0x37, 0x00, 0x01, 0x2B, 0x57, 0x00, 0x32, 0x5A, 0x01, 0x32, 0x00,
    0x00, 0x2B, 0x00, 0x38, 0x32, 0x00, 0x00, 0x37, 0x00, 0x00, 0x3E, 0x00, 0x00, 0x3B, 0x00, 0x01,
    0x43, 0x00, 0x00, 0x2B, 0x00, 0x00, 0x3B, 0x46, 0x00, 0x3E, 0x44, 0x01, 0x32, 0x5A, 0x01, 0x37,
    0x56, 0x00, 0x2B, 0x5A, 0x73, 0x32, 0x00, 0x01, 0x37, 0x58, 0x00, 0x32, 0x5A, 0x01, 0x37, 0x00,
    0x00, 0x3E, 0x00, 0x01, 0x3E, 0x6E, 0x00, 0x43, 0x6F, 0x00, 0x3B, 0x5B, 0x00, 0x2B, 0x52, 0x01,
    0x2B, 0x00, 0x00, 0x3B, 0x00, 0x3B, 0x2B, 0x00, 0x00, 0x37, 0x00, 0x00, 0x43, 0x00, 0x01, 0x37,
    0x56, 0x00, 0x43, 0x55, 0x00, 0x2B, 0x4C, 0x00, 0x32, 0x52, 0x00, 0x3E, 0x5F, 0x00, 0x3B, 0x47,
    0x01, 0x3B, 0x00, 0x00, 0x3E, 0x00, 0x00, 0x32, 0x00, 0x37, 0x3B, 0x00, 0x00, 0x3E, 0x00, 0x01,
    0x32, 0x00, 0x00, 0x43, 0x00, 0x00, 0x37, 0x51, 0x01, 0x37, 0x00, 0x00, 0x2B, 0x00, 0x00, 0x3B,
    0x58, 0x00, 0x3E, 0x64, 0x00, 0x32, 0x55, 0x00, 0x43, 0x61, 0x01, 0x2B, 0x57, 0x39, 0x43, 0x00,
    0x01, 0x37, 0x00, 0x00, 0x2B, 0x00, 0x01, 0x3E, 0x00, 0x00, 0x3B, 0x00, 0x00, 0x37, 0x56, 0x00,
    0x43, 0x55, 0x00, 0x2B, 0x4C, 0x00, 0x32, 0x52, 0x01, 0x32, 0x00, 0x00, 0x3E, 0x5F, 0x00, 0x3B,
    0x47, 0x38, 0x3B, 0x60, 0x00, 0x3E, 0x67, 0x00, 0x43, 0x6F, 0x00, 0x37, 0x68, 0x01, 0x37, 0x00,
    0x00, 0x43, 0x00, 0x00, 0x3B, 0x00, 0x00, 0x3E, 0x00, 0x00, 0x2B, 0x00, 0x01, 0x2B, 0x5D, 0x00,
    0x32, 0x60, 0x01, 0x32, 0x00, 0x3A, 0x3B, 0x00, 0x00, 0x3E, 0x00, 0x00, 0x43, 0x59, 0x00, 0x37,
    0x5E, 0x01, 0x37, 0x00, 0x00, 0x43, 0x00, 0x00, 0x3B, 0x45, 0x00, 0x3E, 0x67, 0x01, 0x32, 0x00,
    0x00, 0x2B, 0x57, 0x01, 0x2B, 0x00, 0x00, 0x32, 0x5A, 0x38, 0x2B, 0x00, 0x00, 0x37, 0x00, 0x00,
    0x43, 0x00, 0x01, 0x3E, 0x00, 0x00, 0x3B, 0x00, 0x00, 0x32, 0x00, 0x05, 0x3B, 0x46, 0x01, 0x3E,
    0x44, 0x01, 0x32, 0x5A, 0x01, 0x37, 0x56, 0x00, 0x2B, 0x5A, 0x73, 0x32, 0x00, 0x00, 0x37, 0x58,
    0x01, 0x37, 0x00, 0x00, 0x32, 0x5A, 0x01, 0x3B, 0x00, 0x00, 0x3E, 0x6E, 0x01, 0x3E, 0x00, 0x00,
    0x43, 0x6F, 0x00, 0x3B, 0x5B, 0x00, 0x2B, 0x52, 0x01, 0x2B, 0x00, 0x72, 0x37, 0x00, 0x02, 0x3E,
    0x00, 0x01, 0x43, 0x00, 0x00, 0x32, 0x00, 0x00, 0x3B, 0x00, 0x00, 0x37, 0x51, 0x01, 0x3B, 0x58,
    0x00, 0x3E, 0x64, 0x00, 0x32, 0x55, 0x00, 0x43, 0x61, 0x00, 0x2B, 0x57, 0x01, 0x2B, 0x00, 0x39,
    0x2B, 0x00, 0x00, 0x43, 0x00, 0x01, 0x37, 0x56, 0x00, 0x43, 0x55, 0x01, 0x37, 0x00, 0x00, 0x2B,
    0x4C, 0x00, 0x32, 0x52, 0x00, 0x3E, 0x5F, 0x00, 0x3B, 0x47, 0x01, 0x3B, 0x00, 0x00, 0x3E, 0x00,
    0x00, 0x32, 0x00, 0x37, 0x43, 0x00, 0x00, 0x3E, 0x00, 0x00, 0x37, 0x00, 0x00, 0x3B, 0x00, 0x01,
    0x3B, 0x60, 0x00, 0x3E, 0x67, 0x00, 0x43, 0x6F, 0x00, 0x37, 0x68, 0x01, 0x32, 0x00, 0x00, 0x2B,
    0x00, 0x01, 0x2B, 0x5D, 0x00, 0x32, 0x60, 0x3B, 0x43, 0x59, 0x00, 0x37, 0x5E, 0x00, 0x3B, 0x45,
    0x00, 0x3E, 0x67, 0x01, 0x3E, 0x00, 0x00, 0x3B, 0x00, 0x00, 0x43, 0x00, 0x00, 0x37, 0x00, 0x01,
    0x2B, 0x57, 0x00, 0x32, 0x5A, 0x01, 0x32, 0x00, 0x00, 0x2B, 0x00, 0x38, 0x32, 0x00, 0x00, 0x37,
    0x00, 0x00, 0x3E, 0x00, 0x00, 0x3B, 0x00, 0x01, 0x43, 0x00, 0x00, 0x2B, 0x00, 0x00, 0x3B, 0x46,
    0x00, 0x3E, 0x44, 0x01, 0x32, 0x5A, 0x01, 0x37, 0x56, 0x00, 0x2B, 0x5A, 0x73, 0x32, 0x00, 0x01,
    0x37, 0x58, 0x00, 0x32, 0x5A, 0x01, 0x37, 0x00, 0x00, 0x3E, 0x00, 0x01, 0x3E, 0x6E, 0x00, 0x43,
    0x6F, 0x00, 0x3B, 0x5B, 0x00, 0x2B, 0x52, 0x01, 0x2B, 0x00, 0x00, 0x3B, 0x00, 0x3B, 0x2B, 0x00,
    0x00, 0x37, 0x00, 0x00, 0x43, 0x00, 0x01, 0x37, 0x56, 0x00, 0x43, 0x55, 0x00, 0x2B, 0x4C, 0x00,
    0x32, 0x52, 0x00, 0x3E, 0x5F, 0x00, 0x3B, 0x47, 0x01, 0x3B, 0x00, 0x00, 0x3E, 0x00, 0x00, 0x32,
    0x00, 0x37, 0x3B, 0x00, 0x00, 0x3E, 0x00, 0x01, 0x32, 0x00, 0x00, 0x43, 0x00, 0x00, 0x37, 0x51,
    0x01, 0x37, 0x00, 0x00, 0x2B, 0x00, 0x00, 0x3B, 0x58, 0x00, 0x3E, 0x64, 0x00, 0x32, 0x55, 0x00,
    0x43, 0x61, 0x01, 0x2B, 0x57, 0x39, 0x43, 0x00, 0x01, 0x37, 0x00, 0x00, 0x2B, 0x00, 0x01, 0x3E,
    0x00, 0x00, 0x3B, 0x00, 0x00, 0x37, 0x56, 0x00, 0x43, 0x55, 0x00, 0x2B, 0x4C, 0x00, 0x32, 0x52,
    0x01, 0x32, 0x00, 0x00, 0x3E, 0x5F, 0x00, 0x3B, 0x47, 0x38, 0x3B, 0x60, 0x00, 0x3E, 0x67, 0x00,
    0x43, 0x6F, 0x00, 0x37, 0x68, 0x01, 0x37, 0x00, 0x00, 0x43, 0x00, 0x00, 0x3B, 0x00, 0x00, 0x3E,
    0x00, 0x00, 0x2B, 0x00, 0x01, 0x2B, 0x5D, 0x00, 0x32, 0x60, 0x01, 0x32, 0x00, 0x3A, 0x3B, 0x00,
    0x00, 0x3E, 0x00, 0x00, 0x43, 0x59, 0x00, 0x37, 0x5E, 0x01, 0x37, 0x00, 0x00, 0x43, 0x00, 0x00,
    0x3B, 0x45, 0x00, 0x3E, 0x67, 0x01, 0x32, 0x00, 0x00, 0x2B, 0x57, 0x01, 0x2B, 0x00, 0x00, 0x32,
    0x5A, 0x38, 0x2B, 0x00, 0x00, 0x37, 0x00, 0x00, 0x43, 0x00, 0x01, 0x3E, 0x00, 0x00, 0x3B, 0x00,
    0x00, 0x32, 0x00, 0x05, 0x37, 0x46, 0x01, 0x3B, 0x44, 0x01, 0x2F, 0x5A, 0x01, 0x34, 0x56, 0x00,
    0x28, 0x5A, 0x73, 0x2F, 0x00, 0x00, 0x34, 0x58, 0x01, 0x34, 0x00, 0x00, 0x2F, 0x5A, 0x01, 0x37,
    0x00, 0x00, 0x3B, 0x6E, 0x01, 0x3B, 0x00, 0x00, 0x40, 0x6F, 0x00, 0x37, 0x5B, 0x00, 0x28, 0x52,
    0x01, 0x28, 0x00, 0x72, 0x34, 0x00, 0x02, 0x3B, 0x00, 0x01, 0x40, 0x00, 0x00, 0x2F, 0x00, 0x00,
    0x37, 0x00, 0x00, 0x34, 0x51, 0x01, 0x37, 0x58, 0x00, 0x3B, 0x64, 0x00, 0x2F, 0x55, 0x00, 0x40,
    0x61, 0x00, 0x28, 0x57, 0x01, 0x28, 0x00, 0x39, 0x28, 0x00, 0x00, 0x40, 0x00, 0x01, 0x34, 0x56,
    0x00, 0x40, 0x55, 0x01, 0x34, 0x00, 0x00, 0x28, 0x4C, 0x00, 0x2F, 0x52, 0x00, 0x3B, 0x5F, 0x00,
    0x37, 0x47, 0x01, 0x37, 0x00, 0x00, 0x3B, 0x00, 0x00, 0x2F, 0x00, 0x37, 0x40, 0x00, 0x00, 0x3B,
    0x00, 0x00, 0x34, 0x00, 0x00, 0x37, 0x00, 0x01, 0x37, 0x60, 0x00, 0x3B, 0x67, 0x00, 0x40, 0x6F,
    0x00, 0x34, 0x68, 0x01, 0x2F, 0x00, 0x00, 0x28, 0x00, 0x01, 0x28, 0x5D, 0x00, 0x2F, 0x60, 0x3B,
    0x40, 0x59, 0x00, 0x34, 0x5E, 0x00, 0x37, 0x45, 0x00, 0x3B, 0x67, 0x01, 0x3B, 0x00, 0x00, 0x37,
    0x00, 0x00, 0x40, 0x00, 0x00, 0x34, 0x00, 0x01, 0x28, 0x57, 0x00, 0x2F, 0x5A, 0x01, 0x2F, 0x00,
    0x00, 0x28, 0x00, 0x38, 0x2F, 0x00, 0x00, 0x34, 0x00, 0x00, 0x3B, 0x00, 0x00, 0x37, 0x00, 0x01,
    0x40, 0x00, 0x00, 0x28, 0x00, 0x00, 0x3D, 0x46, 0x01, 0x34, 0x5A, 0x01, 0x39, 0x56, 0x00, 0x2D,
    0x5A, 0x73, 0x34, 0x00, 0x01, 0x39, 0x58, 0x00, 0x34, 0x5A, 0x01, 0x39, 0x00, 0x01, 0x40, 0x6E,
    0x00, 0x3D, 0x5B, 0x00, 0x2D, 0x52, 0x01, 0x2D, 0x00, 0x00, 0x3D, 0x00, 0x3B, 0x39, 0x00, 0x00,
    0x2D, 0x00, 0x01, 0x39, 0x56, 0x00, 0x2D, 0x4C, 0x00, 0x34, 0x52, 0x00, 0x40, 0x5F, 0x00, 0x3D,
    0x47, 0x01, 0x3D, 0x00, 0x00, 0x40, 0x00, 0x00, 0x34, 0x00, 0x37, 0x3D, 0x00, 0x00, 0x40, 0x00,
    0x01, 0x34, 0x00, 0x00, 0x39, 0x51, 0x01, 0x39, 0x00, 0x00, 0x2D, 0x00, 0x00, 0x3D, 0x58, 0x00,
    0x40, 0x64, 0x00, 0x34, 0x55, 0x01, 0x2D, 0x57, 0x3A, 0x2D, 0x00, 0x00, 0x39, 0x00, 0x01, 0x3D,
    0x00, 0x00, 0x40, 0x00, 0x00, 0x39, 0x56, 0x00, 0x2D, 0x4C, 0x00, 0x34, 0x52, 0x01, 0x34, 0x00,
    0x00, 0x40, 0x5F, 0x00, 0x3D, 0x47, 0x38, 0x3D, 0x60, 0x00, 0x40, 0x67, 0x00, 0x39, 0x68, 0x01,
    0x39, 0x00, 0x00, 0x40, 0x00, 0x00, 0x2D, 0x00, 0x00, 0x3D, 0x00, 0x01, 0x2D, 0x5D, 0x00, 0x34,
    0x60, 0x01, 0x34, 0x00, 0x3A, 0x3D, 0x00, 0x00, 0x40, 0x00, 0x00, 0x39, 0x5E, 0x01, 0x39, 0x00,
    0x00, 0x3D, 0x45, 0x00, 0x40, 0x67, 0x01, 0x34, 0x00, 0x00, 0x2D, 0x57, 0x01, 0x2D, 0x00, 0x00,
    0x34, 0x5A, 0x38, 0x39, 0x00, 0x00, 0x2D, 0x00, 0x01, 0x3D, 0x00, 0x00, 0x40, 0x00, 0x00, 0x34,
    0x00, 0x05, 0x37, 0x46, 0x01, 0x3B, 0x44, 0x01, 0x2F, 0x5A, 0x01, 0x34, 0x56, 0x00, 0x28, 0x5A,
    0x73, 0x2F, 0x00, 0x00, 0x34, 0x58, 0x01, 0x34, 0x00, 0x00, 0x2F, 0x5A, 0x01, 0x37, 0x00, 0x00,
    0x3B, 0x6E, 0x01, 0x3B, 0x00, 0x00, 0x40, 0x6F, 0x00, 0x37, 0x5B, 0x00, 0x28, 0x52, 0x01, 0x28,
    0x00, 0x72, 0x34, 0x00, 0x02, 0x3B, 0x00, 0x01, 0x40, 0x00, 0x00, 0x2F, 0x00, 0x00, 0x37, 0x00,
    0x00, 0x34, 0x51, 0x01, 0x37, 0x58, 0x00, 0x3B, 0x64, 0x00, 0x2F, 0x55, 0x00, 0x40, 0x61, 0x00,
    0x28, 0x57, 0x01, 0x28, 0x00, 0x39, 0x28, 0x00, 0x00, 0x40, 0x00, 0x01, 0x34, 0x56, 0x00, 0x40,
    0x55, 0x01, 0x34, 0x00, 0x00, 0x28, 0x4C, 0x00, 0x2F, 0x52, 0x00, 0x3B, 0x5F, 0x00, 0x37, 0x47,
    0x01, 0x37, 0x00, 0x00, 0x3B, 0x00, 0x00, 0x2F, 0x00, 0x37, 0x40, 0x00, 0x00, 0x3B, 0x00, 0x00,
    0x34, 0x00, 0x00, 0x37, 0x00, 0x01, 0x37, 0x60, 0x00, 0x3B, 0x67, 0x00, 0x40, 0x6F, 0x00, 0x34,
    0x68, 0x01, 0x2F, 0x00, 0x00, 0x28, 0x00, 0x01, 0x28, 0x5D, 0x00, 0x2F, 0x60, 0x3B, 0x40, 0x59,
    0x00, 0x34, 0x5E, 0x00, 0x37, 0x45, 0x00, 0x3B, 0x67, 0x01, 0x3B, 0x00, 0x00, 0x37, 0x00, 0x00,
    0x40, 0x00, 0x00, 0x34, 0x00, 0x01, 0x28, 0x57, 0x00, 0x2F, 0x5A, 0x01, 0x2F, 0x00, 0x00, 0x28,
    0x00, 0x38, 0x2F, 0x00, 0x00, 0x34, 0x00, 0x00, 0x3B, 0x00, 0x00, 0x37, 0x00, 0x01, 0x40, 0x00,
    0x00, 0x28, 0x00, 0x00, 0x3D, 0x46, 0x01, 0x34, 0x5A, 0x01, 0x39, 0x56, 0x00, 0x2D, 0x5A, 0x73,
    0x34, 0x00, 0x01, 0x39, 0x58, 0x00, 0x34, 0x5A, 0x01, 0x39, 0x00, 0x01, 0x40, 0x6E, 0x00, 0x3D,
    0x5B, 0x00, 0x2D, 0x52, 0x01, 0x2D, 0x00, 0x00, 0x3D, 0x00, 0x3B, 0x39, 0x00, 0x00, 0x2D, 0x00,
    0x01, 0x39, 0x56, 0x00, 0x2D, 0x4C, 0x00, 0x34, 0x52, 0x00, 0x40, 0x5F, 0x00, 0x3D, 0x47, 0x01,
    0x3D, 0x00, 0x00, 0x40, 0x00, 0x00, 0x34, 0x00, 0x37, 0x3D, 0x00, 0x00, 0x40, 0x00, 0x01, 0x34,
    0x00, 0x00, 0x39, 0x51, 0x01, 0x39, 0x00, 0x00, 0x2D, 0x00, 0x00, 0x3D, 0x58, 0x00, 0x40, 0x64,
    0x00, 0x34, 0x55, 0x01, 0x2D, 0x57, 0x3A, 0x2D, 0x00, 0x00, 0x39, 0x00, 0x01, 0x3D, 0x00, 0x00,
    0x40, 0x00, 0x00, 0x39, 0x56, 0x00, 0x2D, 0x4C, 0x00, 0x34, 0x52, 0x01, 0x34, 0x00, 0x00, 0x40,
    0x5F, 0x00, 0x3D, 0x47, 0x38, 0x3D, 0x60, 0x00, 0x40, 0x67, 0x00, 0x39, 0x68, 0x01, 0x39, 0x00,
    0x00, 0x40, 0x00, 0x00, 0x2D, 0x00, 0x00, 0x3D, 0x00, 0x01, 0x2D, 0x5D, 0x00, 0x34, 0x60, 0x01,
    0x34, 0x00, 0x3A, 0x3D, 0x00, 0x00, 0x40, 0x00, 0x00, 0x39, 0x5E, 0x01, 0x39, 0x00, 0x00, 0x3D,
    0x45, 0x00, 0x40, 0x67, 0x01, 0x34, 0x00, 0x00, 0x2D, 0x57, 0x01, 0x2D, 0x00, 0x00, 0x34, 0x5A,
    0x38, 0x39, 0x00, 0x00, 0x2D, 0x00, 0x01, 0x3D, 0x00, 0x00, 0x40, 0x00, 0x00, 0x34, 0x00, 0x05,
    0x37, 0x46, 0x01, 0x3B, 0x44, 0x01, 0x2F, 0x5A, 0x01, 0x34, 0x56, 0x00, 0x28, 0x5A, 0x73, 0x2F,
    0x00, 0x00, 0x34, 0x58, 0x01, 0x34, 0x00, 0x00, 0x2F, 0x5A, 0x01, 0x37, 0x00, 0x00, 0x3B, 0x6E,
    0x01, 0x3B, 0x00, 0x00, 0x40, 0x6F, 0x00, 0x37, 0x5B, 0x00, 0x28, 0x52, 0x01, 0x28, 0x00, 0x72,
    0x34, 0x00, 0x02, 0x3B, 0x00, 0x01, 0x40, 0x00, 0x00, 0x2F, 0x00, 0x00, 0x37, 0x00, 0x00, 0x34,
    0x51, 0x01, 0x37, 0x58, 0x00, 0x3B, 0x64, 0x00, 0x2F, 0x55, 0x00, 0x40, 0x61, 0x00, 0x28, 0x57,
    0x01, 0x28, 0x00, 0x39, 0x28, 0x00, 0x00, 0x40, 0x00, 0x01, 0x34, 0x56, 0x00, 0x40, 0x55, 0x01,
    0x34, 0x00, 0x00, 0x28, 0x4C, 0x00, 0x2F, 0x52, 0x00, 0x3B, 0x5F, 0x00, 0x37, 0x47, 0x01, 0x37,
    0x00, 0x00, 0x3B, 0x00, 0x00, 0x2F, 0x00, 0x37, 0x40, 0x00, 0x00, 0x3B, 0x00, 0x00, 0x34, 0x00,
    0x00, 0x37, 0x00, 0x01, 0x37, 0x60, 0x00, 0x3B, 0x67, 0x00, 0x40, 0x6F, 0x00, 0x34, 0x68, 0x01,
    0x2F, 0x00, 0x00, 0x28, 0x00, 0x01, 0x28, 0x5D, 0x00, 0x2F, 0x60, 0x3B, 0x40, 0x59, 0x00, 0x34,
    0x5E, 0x00, 0x37, 0x45, 0x00, 0x3B, 0x67, 0x01, 0x3B, 0x00, 0x00, 0x37, 0x00, 0x00, 0x40, 0x00,
    0x00, 0x34, 0x00, 0x01, 0x28, 0x57, 0x00, 0x2F, 0x5A, 0x01, 0x2F, 0x00, 0x00, 0x28, 0x00, 0x38,
    0x2F, 0x00, 0x00, 0x34, 0x00, 0x00, 0x3B, 0x00, 0x00, 0x37, 0x00, 0x01, 0x40, 0x00, 0x00, 0x28,
    0x00, 0x00, 0x3D, 0x46, 0x01, 0x34, 0x5A, 0x01, 0x39, 0x56, 0x00, 0x2D, 0x5A, 0x73, 0x34, 0x00,
    0x01, 0x39, 0x58, 0x00, 0x34, 0x5A, 0x01, 0x39, 0x00, 0x01, 0x40, 0x6E, 0x00, 0x3D, 0x5B, 0x00,
    0x2D, 0x52, 0x01, 0x2D, 0x00, 0x00, 0x3D, 0x00, 0x3B, 0x39, 0x00, 0x00, 0x2D, 0x00, 0x01, 0x39,
    0x56, 0x00, 0x2D, 0x4C, 0x00, 0x34, 0x52, 0x00, 0x40, 0x5F, 0x00, 0x3D, 0x47, 0x01, 0x3D, 0x00,
    0x00, 0x40, 0x00, 0x00, 0x34, 0x00, 0x37, 0x3D, 0x00, 0x00, 0x40, 0x00, 0x01, 0x34, 0x00, 0x00,
    0x39, 0x51, 0x01, 0x39, 0x00, 0x00, 0x2D, 0x00, 0x00, 0x3D, 0x58, 0x00, 0x40, 0x64, 0x00, 0x34,
    0x55, 0x01, 0x2D, 0x57, 0x3A, 0x2D, 0x00, 0x00, 0x39, 0x00, 0x01, 0x3D, 0x00, 0x00, 0x40, 0x00,
    0x00, 0x39, 0x56, 0x00, 0x2D, 0x4C, 0x00, 0x34, 0x52, 0x01, 0x34, 0x00, 0x00, 0x40, 0x5F, 0x00,
    0x3D, 0x47, 0x38, 0x3D, 0x60, 0x00, 0x40, 0x67, 0x00, 0x39, 0x68, 0x01, 0x39, 0x00, 0x00, 0x40,
    0x00, 0x00, 0x2D, 0x00, 0x00, 0x3D, 0x00, 0x01, 0x2D, 0x5D, 0x00, 0x34, 0x60, 0x01, 0x34, 0x00,
    0x3A, 0x3D, 0x00, 0x00, 0x40, 0x00, 0x00, 0x39, 0x5E, 0x01, 0x39, 0x00, 0x00, 0x3D, 0x45, 0x00,
    0x40, 0x67, 0x01, 0x34, 0x00, 0x00, 0x2D, 0x57, 0x01, 0x2D, 0x00, 0x00, 0x34, 0x5A, 0x38, 0x39,
    0x00, 0x00, 0x2D, 0x00, 0x01, 0x3D, 0x00, 0x00, 0x40, 0x00, 0x00, 0x34, 0x00, 0x05, 0x37, 0x46,
    0x01, 0x3B, 0x44, 0x01, 0x2F, 0x5A, 0x01, 0x34, 0x56, 0x00, 0x28, 0x5A, 0x73, 0x2F, 0x00, 0x00,
    0x34, 0x58, 0x01, 0x34, 0x00, 0x00, 0x2F, 0x5A, 0x01, 0x37, 0x00, 0x00, 0x3B, 0x6E, 0x01, 0x3B,
    0x00, 0x00, 0x40, 0x6F, 0x00, 0x37, 0x5B, 0x00, 0x28, 0x52, 0x01, 0x28, 0x00, 0x72, 0x34, 0x00,
    0x02, 0x3B, 0x00, 0x01, 0x40, 0x00, 0x00, 0x2F, 0x00, 0x00, 0x37, 0x00, 0x00, 0x34, 0x51, 0x01,
    0x37, 0x58, 0x00, 0x3B, 0x64, 0x00, 0x2F, 0x55, 0x00, 0x40, 0x61, 0x00, 0x28, 0x57, 0x01, 0x28,
    0x00, 0x39, 0x28, 0x00, 0x00, 0x40, 0x00, 0x01, 0x34, 0x56, 0x00, 0x40, 0x55, 0x01, 0x34, 0x00,
    0x00, 0x28, 0x4C, 0x00, 0x2F, 0x52, 0x00, 0x3B, 0x5F, 0x00, 0x37, 0x47, 0x01, 0x37, 0x00, 0x00,
    0x3B, 0x00, 0x00, 0x2F, 0x00, 0x37, 0x40, 0x00, 0x00, 0x3B, 0x00, 0x00, 0x34, 0x00, 0x00, 0x37,
    0x00, 0x01, 0x37, 0x60, 0x00, 0x3B, 0x67, 0x00, 0x40, 0x6F, 0x00, 0x34, 0x68, 0x01, 0x2F, 0x00,
    0x00, 0x28, 0x00, 0x01, 0x28, 0x5D, 0x00, 0x2F, 0x60, 0x3B, 0x40, 0x59, 0x00, 0x34, 0x5E, 0x00,
    0x37, 0x45, 0x00, 0x3B, 0x67, 0x01, 0x3B, 0x00, 0x00, 0x37, 0x00, 0x00, 0x40, 0x00, 0x00, 0x34,
    0x00, 0x01, 0x28, 0x57, 0x00, 0x2F, 0x5A, 0x01, 0x2F, 0x00, 0x00, 0x28, 0x00, 0x38, 0x2F, 0x00,
    0x00, 0x34, 0x00, 0x00, 0x3B, 0x00, 0x00, 0x37, 0x00, 0x01, 0x40, 0x00, 0x00, 0x28, 0x00, 0x00,
    0x3D, 0x46, 0x01, 0x34, 0x5A, 0x01, 0x39, 0x56, 0x00, 0x2D, 0x5A, 0x73, 0x34, 0x00, 0x01, 0x39,
    0x58, 0x00, 0x34, 0x5A, 0x01, 0x39, 0x00, 0x01, 0x40, 0x6E, 0x00, 0x3D, 0x5B, 0x00, 0x2D, 0x52,
    0x01, 0x2D, 0x00, 0x00, 0x3D, 0x00, 0x3B, 0x39, 0x00, 0x00, 0x2D, 0x00, 0x01, 0x39, 0x56, 0x00,
    0x2D, 0x4C, 0x00, 0x34, 0x52, 0x00, 0x40, 0x5F, 0x00, 0x3D, 0x47, 0x01, 0x3D, 0x00, 0x00, 0x40,
    0x00, 0x00, 0x34, 0x00, 0x37, 0x3D, 0x00, 0x00, 0x40, 0x00, 0x01, 0x34, 0x00, 0x00, 0x39, 0x51,
    0x01, 0x39, 0x00, 0x00, 0x2D, 0x00, 0x00, 0x3D, 0x58, 0x00, 0x40, 0x64, 0x00, 0x34, 0x55, 0x01,
    0x2D, 0x57, 0x3A, 0x2D, 0x00, 0x00, 0x39, 0x00, 0x01, 0x3D, 0x00, 0x00, 0x40, 0x00, 0x00, 0x39,
    0x56, 0x00, 0x2D, 0x4C, 0x00, 0x34, 0x52, 0x01, 0x34, 0x00, 0x00, 0x40, 0x5F, 0x00, 0x3D, 0x47,
    0x38, 0x3D, 0x60, 0x00, 0x40, 0x67, 0x00, 0x39, 0x68, 0x01, 0x39, 0x00, 0x00, 0x40, 0x00, 0x00,
    0x2D, 0x00, 0x00, 0x3D, 0x00, 0x01, 0x2D, 0x5D, 0x00, 0x34, 0x60, 0x01, 0x34, 0x00, 0x3A, 0x3D,
    0x00, 0x00, 0x40, 0x00, 0x00, 0x39, 0x5E, 0x01, 0x39, 0x00, 0x00, 0x3D, 0x45, 0x00, 0x40, 0x67,
    0x01, 0x34, 0x00, 0x00, 0x2D, 0x57, 0x01, 0x2D, 0x00, 0x00, 0x34, 0x5A, 0x38, 0x39, 0x00, 0x00,
    0x2D, 0x00, 0x01, 0x3D, 0x00, 0x00, 0x40, 0x00, 0x00, 0x34, 0x00, 0x05, 0x37, 0x46, 0x01, 0x3B,
    0x44, 0x01, 0x2F, 0x5A, 0x01, 0x34, 0x56, 0x00, 0x28, 0x5A, 0x73, 0x2F, 0x00, 0x00, 0x34, 0x58,
    0x01, 0x34, 0x00, 0x00, 0x2F, 0x5A, 0x01, 0x37, 0x00, 0x00, 0x3B, 0x6E, 0x01, 0x3B, 0x00, 0x00,
    0x40, 0x6F, 0x00, 0x37, 0x5B, 0x00, 0x28, 0x52, 0x01, 0x28, 0x00, 0x72, 0x34, 0x00, 0x02, 0x3B,
    0x00, 0x01, 0x40, 0x00, 0x00, 0x2F, 0x00, 0x00, 0x37, 0x00, 0x00, 0x34, 0x51, 0x01, 0x37, 0x58,
    0x00, 0x3B, 0x64, 0x00, 0x2F, 0x55, 0x00, 0x40, 0x61, 0x00, 0x28, 0x57, 0x01, 0x28, 0x00, 0x39,
    0x28, 0x00, 0x00, 0x40, 0x00, 0x01, 0x34, 0x56, 0x00, 0x40, 0x55, 0x01, 0x34, 0x00, 0x00, 0x28,
    0x4C, 0x00, 0x2F, 0x52, 0x00, 0x3B, 0x5F, 0x00, 0x37, 0x47, 0x01, 0x37, 0x00, 0x00, 0x3B, 0x00,
    0x00, 0x2F, 0x00, 0x37, 0x40, 0x00, 0x00, 0x3B, 0x00, 0x00, 0x34, 0x00, 0x00, 0x37, 0x00, 0x01,
    0x37, 0x60, 0x00, 0x3B, 0x67, 0x00, 0x40, 0x6F, 0x00, 0x34, 0x68, 0x01, 0x2F, 0x00, 0x00, 0x28,
    0x00, 0x01, 0x28, 0x5D, 0x00, 0x2F, 0x60, 0x3B, 0x40, 0x59, 0x00, 0x34, 0x5E, 0x00, 0x37, 0x45,
    0x00, 0x3B, 0x67, 0x01, 0x3B, 0x00, 0x00, 0x37, 0x00, 0x00, 0x40, 0x00, 0x00, 0x34, 0x00, 0x01,
    0x28, 0x57, 0x00, 0x2F, 0x5A, 0x01, 0x2F, 0x00, 0x00, 0x28, 0x00, 0x38, 0x2F, 0x00, 0x00, 0x34,
    0x00, 0x00, 0x3B, 0x00, 0x00, 0x37, 0x00, 0x01, 0x40, 0x00, 0x00, 0x28, 0x00, 0x00, 0x3D, 0x46,
    0x01, 0x34, 0x5A, 0x01, 0x39, 0x56, 0x00, 0x2D, 0x5A, 0x73, 0x34, 0x00, 0x01, 0x39, 0x58, 0x00,
    0x34, 0x5A, 0x01, 0x39, 0x00, 0x01, 0x40, 0x6E, 0x00, 0x3D, 0x5B, 0x00, 0x2D, 0x52, 0x01, 0x2D,
    0x00, 0x00, 0x3D, 0x00, 0x3B, 0x39, 0x00, 0x00, 0x2D, 0x00, 0x01, 0x39, 0x56, 0x00, 0x2D, 0x4C,
    0x00, 0x34, 0x52, 0x00, 0x40, 0x5F, 0x00, 0x3D, 0x47, 0x01, 0x3D, 0x00, 0x00, 0x40, 0x00, 0x00,
    0x34, 0x00, 0x37, 0x3D, 0x00, 0x00, 0x40, 0x00, 0x01, 0x34, 0x00, 0x00, 0x39, 0x51, 0x01, 0x39,
    0x00, 0x00, 0x2D, 0x00, 0x00, 0x3D, 0x58, 0x00, 0x40, 0x64, 0x00, 0x34, 0x55, 0x01, 0x2D, 0x57,
    0x3A, 0x2D, 0x00, 0x00, 0x39, 0x00, 0x01, 0x3D, 0x00, 0x00, 0x40, 0x00, 0x00, 0x39, 0x56, 0x00,
    0x2D, 0x4C, 0x00, 0x34, 0x52, 0x01, 0x34, 0x00, 0x00, 0x40, 0x5F, 0x00, 0x3D, 0x47, 0x38, 0x3D,
    0x60, 0x00, 0x40, 0x67, 0x00, 0x39, 0x68, 0x01, 0x39, 0x00, 0x00, 0x40, 0x00, 0x00, 0x2D, 0x00,
    0x00, 0x3D, 0x00, 0x01, 0x2D, 0x5D, 0x00, 0x34, 0x60, 0x01, 0x34, 0x00, 0x3A, 0x3D, 0x00, 0x00,
    0x40, 0x00, 0x00, 0x39, 0x5E, 0x01, 0x39, 0x00, 0x00, 0x3D, 0x45, 0x00, 0x40, 0x67, 0x01, 0x34,
    0x00, 0x00, 0x2D, 0x57, 0x01, 0x2D, 0x00, 0x00, 0x34, 0x5A, 0x38, 0x39, 0x00, 0x00, 0x2D, 0x00,
    0x01, 0x3D, 0x00, 0x00, 0x40, 0x00, 0x00, 0x34, 0x00, 0x05, 0x37, 0x46, 0x01, 0x3B, 0x44, 0x01,
    0x2F, 0x5A, 0x01, 0x34, 0x56, 0x00, 0x28, 0x5A, 0x73, 0x2F, 0x00, 0x00, 0x34, 0x58, 0x01, 0x34,
    0x00, 0x00, 0x2F, 0x5A, 0x01, 0x37, 0x00, 0x00, 0x3B, 0x6E, 0x01, 0x3B, 0x00, 0x00, 0x40, 0x6F,
    0x00, 0x37, 0x5B, 0x00, 0x28, 0x52, 0x01, 0x28, 0x00, 0x72, 0x34, 0x00, 0x02, 0x3B, 0x00, 0x01,
    0x40, 0x00, 0x00, 0x2F, 0x00, 0x00, 0x37, 0x00, 0x00, 0x34, 0x51, 0x01, 0x37, 0x58, 0x00, 0x3B,
    0x64, 0x00, 0x2F, 0x55, 0x00, 0x40, 0x61, 0x00, 0x28, 0x57, 0x01, 0x28, 0x00, 0x39, 0x28, 0x00,
    0x00, 0x40, 0x00, 0x01, 0x34, 0x56, 0x00, 0x40, 0x55, 0x01, 0x34, 0x00, 0x00, 0x28, 0x4C, 0x00,
    0x2F, 0x52, 0x00, 0x3B, 0x5F, 0x00, 0x37, 0x47, 0x01, 0x37, 0x00, 0x00, 0x3B, 0x00, 0x00, 0x2F,
    0x00, 0x37, 0x40, 0x00, 0x00, 0x3B, 0x00, 0x00, 0x34, 0x00, 0x00, 0x37, 0x00, 0x01, 0x37, 0x60,
    0x00, 0x3B, 0x67, 0x00, 0x40, 0x6F, 0x00, 0x34, 0x68, 0x01, 0x2F, 0x00, 0x00, 0x28, 0x00, 0x01,
    0x28, 0x5D, 0x00, 0x2F, 0x60, 0x3B, 0x40, 0x59, 0x00, 0x34, 0x5E, 0x00, 0x37, 0x45, 0x00, 0x3B,
    0x67, 0x01, 0x3B, 0x00, 0x00, 0x37, 0x00, 0x00, 0x40, 0x00, 0x00, 0x34, 0x00, 0x01, 0x28, 0x57,
    0x00, 0x2F, 0x5A, 0x01, 0x2F, 0x00, 0x00, 0x28, 0x00, 0x38, 0x2F, 0x00, 0x00, 0x34, 0x00, 0x00,
    0x3B, 0x00, 0x00, 0x37, 0x00, 0x01, 0x40, 0x00, 0x00, 0x28, 0x00, 0x00, 0x3D, 0x46, 0x01, 0x34,
    0x5A, 0x01, 0x39, 0x56, 0x00, 0x2D, 0x5A, 0x73, 0x34, 0x00, 0x01, 0x39, 0x58, 0x00, 0x34, 0x5A,
    0x01, 0x39, 0x00, 0x01, 0x40, 0x6E, 0x00, 0x3D, 0x5B, 0x00, 0x2D, 0x52, 0x01, 0x2D, 0x00, 0x00,
    0x3D, 0x00, 0x3B, 0x39, 0x00, 0x00, 0x2D, 0x00, 0x01, 0x39, 0x56, 0x00, 0x2D, 0x4C, 0x00, 0x34,
    0x52, 0x00, 0x40, 0x5F, 0x00, 0x3D, 0x47, 0x01, 0x3D, 0x00, 0x00, 0x40, 0x00, 0x00, 0x34, 0x00,
    0x37, 0x3D, 0x00, 0x00, 0x40, 0x00, 0x01, 0x34, 0x00, 0x00, 0x39, 0x51, 0x01, 0x39, 0x00, 0x00,
    0x2D, 0x00, 0x00, 0x3D, 0x58, 0x00, 0x40, 0x64, 0x00, 0x34, 0x55, 0x01, 0x2D, 0x57, 0x3A, 0x2D,
    0x00, 0x00, 0x39, 0x00, 0x01, 0x3D, 0x00, 0x00, 0x40, 0x00, 0x00, 0x39, 0x56, 0x00, 0x2D, 0x4C,
    0x00, 0x34, 0x52, 0x01, 0x34, 0x00, 0x00, 0x40, 0x5F, 0x00, 0x3D, 0x47, 0x38, 0x3D, 0x60, 0x00,
    0x40, 0x67, 0x00, 0x39, 0x68, 0x01, 0x39, 0x00, 0x00, 0x40, 0x00, 0x00, 0x2D, 0x00, 0x00, 0x3D,
    0x00, 0x01, 0x2D, 0x5D, 0x00, 0x34, 0x60, 0x01, 0x34, 0x00, 0x3A, 0x3D, 0x00, 0x00, 0x40, 0x00,
    0x00, 0x39, 0x5E, 0x01, 0x39, 0x00, 0x00, 0x3D, 0x45, 0x00, 0x40, 0x67, 0x01, 0x34, 0x00, 0x00,
    0x2D, 0x57, 0x01, 0x2D, 0x00, 0x00, 0x34, 0x5A, 0x38, 0x39, 0x00, 0x00, 0x2D, 0x00, 0x01, 0x3D,
    0x00, 0x00, 0x40, 0x00, 0x00, 0x34, 0x00, 0x05, 0x37, 0x46, 0x01, 0x3B, 0x44, 0x01, 0x2F, 0x5A,
    0x01, 0x34, 0x56, 0x00, 0x28, 0x5A, 0x73, 0x2F, 0x00, 0x00, 0x34, 0x58, 0x01, 0x34, 0x00, 0x00,
    0x2F, 0x5A, 0x01, 0x37, 0x00, 0x00, 0x3B, 0x6E, 0x01, 0x3B, 0x00, 0x00, 0x40, 0x6F, 0x00, 0x37,
    0x5B, 0x00, 0x28, 0x52, 0x01, 0x28, 0x00, 0x72, 0x34, 0x00, 0x02, 0x3B, 0x00, 0x01, 0x40, 0x00,
    0x00, 0x2F, 0x00, 0x00, 0x37, 0x00, 0x00, 0x34, 0x51, 0x01, 0x37, 0x58, 0x00, 0x3B, 0x64, 0x00,
    0x2F, 0x55, 0x00, 0x40, 0x61, 0x00, 0x28, 0x57, 0x01, 0x28, 0x00, 0x39, 0x28, 0x00, 0x00, 0x40,
    0x00, 0x01, 0x34, 0x56, 0x00, 0x40, 0x55, 0x01, 0x34, 0x00, 0x00, 0x28, 0x4C, 0x00, 0x2F, 0x52,
    0x00, 0x3B, 0x5F, 0x00, 0x37, 0x47, 0x01, 0x37, 0x00, 0x00, 0x3B, 0x00, 0x00, 0x2F, 0x00, 0x37,
    0x40, 0x00, 0x00, 0x3B, 0x00, 0x00, 0x34, 0x00, 0x00, 0x37, 0x00, 0x01, 0x37, 0x60, 0x00, 0x3B,
    0x67, 0x00, 0x40, 0x6F, 0x00, 0x34, 0x68, 0x01, 0x2F, 0x00, 0x00, 0x28, 0x00, 0x01, 0x28, 0x5D,
    0x00, 0x2F, 0x60, 0x3B, 0x40, 0x59, 0x00, 0x34, 0x5E, 0x00, 0x37, 0x45, 0x00, 0x3B, 0x67, 0x01,
    0x3B, 0x00, 0x00, 0x37, 0x00, 0x00, 0x40, 0x00, 0x00, 0x34, 0x00, 0x01, 0x28, 0x57, 0x00, 0x2F,
    0x5A, 0x01, 0x2F, 0x00, 0x00, 0x28, 0x00, 0x38, 0x2F, 0x00, 0x00, 0x34, 0x00, 0x00, 0x3B, 0x00,
    0x00, 0x37, 0x00, 0x01, 0x40, 0x00, 0x00, 0x28, 0x00, 0x00, 0x3D, 0x46, 0x01, 0x34, 0x5A, 0x01,
    0x39, 0x56, 0x00, 0x2D, 0x5A, 0x73, 0x34, 0x00, 0x01, 0x39, 0x58, 0x00, 0x34, 0x5A, 0x01, 0x39,
    0x00, 0x01, 0x40, 0x6E, 0x00, 0x3D, 0x5B, 0x00, 0x2D, 0x52, 0x01, 0x2D, 0x00, 0x00, 0x3D, 0x00,
    0x3B, 0x39, 0x00, 0x00, 0x2D, 0x00, 0x01, 0x39, 0x56, 0x00, 0x2D, 0x4C, 0x00, 0x34, 0x52, 0x00,
    0x40, 0x5F, 0x00, 0x3D, 0x47, 0x01, 0x3D, 0x00, 0x00, 0x40, 0x00, 0x00, 0x34, 0x00, 0x37, 0x3D,
    0x00, 0x00, 0x40, 0x00, 0x01, 0x34, 0x00, 0x00, 0x39, 0x51, 0x01, 0x39, 0x00, 0x00, 0x2D, 0x00,
    0x00, 0x3D, 0x58, 0x00, 0x40, 0x64, 0x00, 0x34, 0x55, 0x01, 0x2D, 0x57, 0x3A, 0x2D, 0x00, 0x00,
    0x39, 0x00, 0x01, 0x3D, 0x00, 0x00, 0x40, 0x00, 0x00, 0x39, 0x56, 0x00, 0x2D, 0x4C, 0x00, 0x34,
    0x52, 0x01, 0x34, 0x00, 0x00, 0x40, 0x5F, 0x00, 0x3D, 0x47, 0x38, 0x3D, 0x60, 0x00, 0x40, 0x67,
    0x00, 0x39, 0x68, 0x01, 0x39, 0x00, 0x00, 0x40, 0x00, 0x00, 0x2D, 0x00, 0x00, 0x3D, 0x00, 0x01,
    0x2D, 0x5D, 0x00, 0x34, 0x60, 0x01, 0x34, 0x00, 0x3A, 0x3D, 0x00, 0x00, 0x40, 0x00, 0x00, 0x39,
    0x5E, 0x01, 0x39, 0x00, 0x00, 0x3D, 0x45, 0x00, 0x40, 0x67, 0x01, 0x34, 0x00, 0x00, 0x2D, 0x57,
    0x01, 0x2D, 0x00, 0x00, 0x34, 0x5A, 0x33, 0xBE, 0x0A, 0x66, 0x05, 0x9E, 0x39, 0x00, 0x00, 0x2D,
    0x00, 0x01, 0x3D, 0x00, 0x00, 0x40, 0x00, 0x00, 0x34, 0x00, 0x05, 0x3A, 0x64, 0x00, 0x37, 0x6C,
    0x00, 0x41, 0x7F, 0x7B, 0x41, 0x00, 0x00, 0x37, 0x00, 0x00, 0x3A, 0x5F, 0x01, 0x3A, 0x00, 0x00,
    0x37, 0x6C, 0x00, 0x41, 0x7F, 0x73, 0x3A, 0x00, 0x01, 0x3A, 0x5B, 0x00, 0x37, 0x61, 0x00, 0x41,
    0x7F, 0x01, 0x41, 0x00, 0x00, 0x37, 0x00, 0x38, 0x41, 0x00, 0x01, 0x41, 0x75, 0x03, 0x37, 0x53,
    0x00, 0x3A, 0x4C, 0x01, 0x3A, 0x00, 0x00, 0x37, 0x00, 0x39, 0x37, 0x00, 0x00, 0x41, 0x7A, 0x00,
    0x3A, 0x5B, 0x01, 0x3A, 0x00, 0x00, 0x41, 0x00, 0x00, 0x37, 0x68, 0x3C, 0x41, 0x00, 0x00, 0x3A,
    0x00, 0x01, 0x41, 0x7A, 0x00, 0x3A, 0x4C, 0x00, 0x37, 0x51, 0x01, 0x37, 0x00, 0x3A, 0x37, 0x00,
    0x00, 0x41, 0x00, 0x00, 0x3A, 0x00, 0x00, 0x3C, 0x6C, 0x02, 0x37, 0x71, 0x01, 0x40, 0x6C, 0x74,
    0x40, 0x00, 0x00, 0x37, 0x00, 0x01, 0x40, 0x7F, 0x00, 0x37, 0x7F, 0x02, 0x3C, 0x7F, 0x01, 0x3C,
    0x00, 0x36, 0x3C, 0x00, 0x01, 0x3C, 0x5B, 0x00, 0x40, 0x58, 0x00, 0x37, 0x4F, 0x01, 0x37, 0x00,
    0x00, 0x40, 0x00, 0x36, 0x40, 0x00, 0x01, 0x40, 0x49, 0x02, 0x3C, 0x00, 0x00, 0x37, 0x00, 0x01,
    0x3C, 0x53, 0x00, 0x37, 0x53, 0x3A, 0x40, 0x68, 0x00, 0x3C, 0x6C, 0x00, 0x37, 0x71, 0x01, 0x37,
    0x00, 0x00, 0x40, 0x00, 0x00, 0x3C, 0x00, 0x79, 0x40, 0x00, 0x00, 0x37, 0x00, 0x00, 0x3C, 0x5B,
    0x01, 0x3C, 0x00, 0x00, 0x40, 0x58, 0x00, 0x37, 0x53, 0x3A, 0x37, 0x00, 0x00, 0x40, 0x00, 0x00,
    0x3C, 0x00, 0x01, 0x3A, 0x52, 0x00, 0x37, 0x5A, 0x00, 0x41, 0x6D, 0x7B, 0x41, 0x00, 0x00, 0x3A,
    0x70, 0x00, 0x37, 0x77, 0x01, 0x37, 0x00, 0x00, 0x3A, 0x00, 0x00, 0x41, 0x7D, 0x73, 0x37, 0x00,
    0x00, 0x3A, 0x49, 0x01, 0x3A, 0x00, 0x00, 0x37, 0x4F, 0x00, 0x41, 0x6D, 0x01, 0x41, 0x00, 0x38,
    0x41, 0x63, 0x01, 0x41, 0x00, 0x02, 0x3A, 0x00, 0x01, 0x37, 0x41, 0x00, 0x3A, 0x3A, 0x01, 0x37,
    0x00, 0x38, 0x41, 0x00, 0x01, 0x41, 0x7D, 0x00, 0x3A, 0x6F, 0x00, 0x37, 0x74, 0x01, 0x37, 0x00,
    0x00, 0x3A, 0x00, 0x77, 0x3A, 0x00, 0x00, 0x37, 0x00, 0x00, 0x41, 0x00, 0x00, 0x3C, 0x6C, 0x03,
    0x37, 0x71, 0x00, 0x40, 0x6C, 0x75, 0x40, 0x7F, 0x00, 0x37, 0x7F, 0x01, 0x37, 0x00, 0x00, 0x40,
    0x00, 0x01, 0x3C, 0x00, 0x01, 0x3C, 0x7F, 0x37, 0x3C, 0x00, 0x00, 0x40, 0x00, 0x00, 0x37, 0x00,
    0x01, 0x3C, 0x5B, 0x00, 0x40, 0x58, 0x00, 0x37, 0x4F, 0x78, 0x37, 0x00, 0x00, 0x40, 0x00, 0x00,
    0x3C, 0x00, 0x01, 0x40, 0x49, 0x03, 0x3C, 0x53, 0x00, 0x37, 0x53, 0x3A, 0x37, 0x00, 0x00, 0x3C,
    0x00, 0x00, 0x40, 0x00, 0x02, 0x40, 0x78, 0x00, 0x3C, 0x7C, 0x00, 0x37, 0x7F, 0x36, 0x3C, 0x00,
    0x01, 0x37, 0x00, 0x00, 0x40, 0x00, 0x00, 0x3C, 0x5B, 0x01, 0x40, 0x58, 0x00, 0x37, 0x53, 0x3A,
    0x37, 0x00, 0x00, 0x40, 0x00, 0x00, 0x3C, 0x00, 0x06, 0x3A, 0x52, 0x00, 0x37, 0x5A, 0x00, 0x41,
    0x6D, 0x7B, 0x41, 0x00, 0x00, 0x3A, 0x70, 0x00, 0x37, 0x77, 0x01, 0x37, 0x00, 0x00, 0x3A, 0x00,
    0x00, 0x41, 0x7D, 0x73, 0x3A, 0x49, 0x00, 0x37, 0x4F, 0x01, 0x37, 0x00, 0x00, 0x3A, 0x00, 0x00,
    0x41, 0x6D, 0x01, 0x41, 0x00, 0x38, 0x41, 0x63, 0x01, 0x41, 0x00, 0x02, 0x3A, 0x00, 0x00, 0x37,
    0x41, 0x01, 0x37, 0x00, 0x00, 0x3A, 0x3A, 0x39, 0x41, 0x00, 0x00, 0x37, 0x00, 0x01, 0x41, 0x7D,
    0x00, 0x3A, 0x6F, 0x00, 0x37, 0x74, 0x01, 0x3A, 0x00, 0x3B, 0x41, 0x63, 0x01, 0x41, 0x00, 0x02,
    0x37, 0x41, 0x00, 0x3A, 0x3A, 0x01, 0x3A, 0x00, 0x00, 0x37, 0x00, 0x38, 0x3C, 0x6C, 0x01, 0x3A,
    0x00, 0x00, 0x37, 0x00, 0x00, 0x41, 0x00, 0x02, 0x37, 0x71, 0x00, 0x40, 0x6C, 0x3A, 0x3C, 0x00,
    0x01, 0x3C, 0x5F, 0x02, 0x37, 0x00, 0x01, 0x37, 0x64, 0x00, 0x40, 0x5F, 0x01, 0x40, 0x00, 0x36,
    0x40, 0x7F, 0x00, 0x37, 0x7F, 0x01, 0x37, 0x00, 0x00, 0x40, 0x00, 0x01, 0x3C, 0x00, 0x01, 0x3C,
    0x7F, 0x37, 0x37, 0x00, 0x00, 0x40, 0x00, 0x00, 0x3C, 0x5B, 0x01, 0x3C, 0x00, 0x00, 0x40, 0x58,
    0x00, 0x37, 0x4F, 0x77, 0x37, 0x00, 0x00, 0x3C, 0x00, 0x01, 0x40, 0x00, 0x01, 0x40, 0x49, 0x03,
    0x3C, 0x53, 0x00, 0x37, 0x53, 0x3A, 0x37, 0x00, 0x00, 0x3C, 0x00, 0x00, 0x40, 0x00, 0x02, 0x40,
    0x78, 0x00, 0x3C, 0x7C, 0x00, 0x37, 0x7F, 0x36, 0x3C, 0x00, 0x01, 0x37, 0x00, 0x00, 0x3C, 0x5B,
    0x00, 0x40, 0x58, 0x01, 0x40, 0x00, 0x00, 0x37, 0x53, 0x39, 0x40, 0x00, 0x01, 0x37, 0x00, 0x00,
    0x3C, 0x00, 0x90, 0x5B, 0xBE, 0x0A, 0x4D, 0x19, 0x9E, 0x40, 0x51, 0x00, 0x37, 0x46, 0x00, 0x3C,
    0x44, 0x02, 0x30, 0x5B, 0x00, 0x34, 0x56, 0x01, 0x2B, 0x5B, 0x73, 0x34, 0x58, 0x00, 0x30, 0x5B,
    0x01, 0x30, 0x00, 0x00, 0x34, 0x00, 0x00, 0x3C, 0x00, 0x01, 0x37, 0x00, 0x00, 0x3C, 0x6D, 0x00,
    0x43, 0x69, 0x00, 0x40, 0x69, 0x01, 0x40, 0x00, 0x00, 0x37, 0x5E, 0x00, 0x2B, 0x53, 0x01, 0x2B,
    0x00, 0x71, 0x34, 0x00, 0x03, 0x43, 0x00, 0x00, 0x40, 0x00, 0x00, 0x30, 0x00, 0x00, 0x3C, 0x00,
    0x00, 0x37, 0x00, 0x00, 0x34, 0x51, 0x01, 0x37, 0x5B, 0x00, 0x3C, 0x63, 0x00, 0x30, 0x56, 0x00,
    0x40, 0x5B, 0x00, 0x43, 0x5B, 0x01, 0x2B, 0x58, 0x01, 0x2B, 0x00, 0x38, 0x43, 0x00, 0x00, 0x34,
    0x00, 0x00, 0x40, 0x00, 0x01, 0x2B, 0x00, 0x00, 0x34, 0x56, 0x00, 0x43, 0x4F, 0x00, 0x40, 0x4F,
    0x01, 0x3C, 0x00, 0x00, 0x30, 0x00, 0x00, 0x37, 0x00, 0x00, 0x2B, 0x4D, 0x01, 0x30, 0x53, 0x00,
    0x3C, 0x5E, 0x00, 0x37, 0x4A, 0x38, 0x3C, 0x00, 0x00, 0x37, 0x63, 0x01, 0x37, 0x00, 0x00, 0x3C,
    0x66, 0x00, 0x43, 0x69, 0x00, 0x40, 0x69, 0x00, 0x34, 0x68, 0x01, 0x34, 0x00, 0x00, 0x40, 0x00,
    0x00, 0x2B, 0x00, 0x00, 0x43, 0x00, 0x01, 0x2B, 0x5E, 0x00, 0x30, 0x61, 0x01, 0x30, 0x00, 0x39,
    0x37, 0x00, 0x01, 0x43, 0x53, 0x00, 0x40, 0x53, 0x00, 0x34, 0x5E, 0x00, 0x37, 0x48, 0x00, 0x3C,
    0x66, 0x01, 0x3C, 0x00, 0x00, 0x34, 0x00, 0x00, 0x43, 0x00, 0x00, 0x40, 0x00, 0x01, 0x2B, 0x58,
    0x00, 0x30, 0x5B, 0x01, 0x30, 0x00, 0x00, 0x2B, 0x00, 0x38, 0x37, 0x00, 0x00, 0x2B, 0x00, 0x00,
    0x43, 0x00, 0x00, 0x30, 0x00, 0x00, 0x40, 0x00, 0x00, 0x3C, 0x00, 0x00, 0x34, 0x00, 0x03, 0x37,
    0x46, 0x00, 0x3B, 0x44, 0x01, 0x2F, 0x5A, 0x01, 0x34, 0x56, 0x00, 0x28, 0x5A, 0x73, 0x34, 0x00,
    0x00, 0x2F, 0x00, 0x01, 0x34, 0x58, 0x00, 0x2F, 0x5A, 0x01, 0x3B, 0x00, 0x01, 0x3B, 0x6E, 0x00,
    0x40, 0x6F, 0x00, 0x37, 0x5B, 0x00, 0x28, 0x52, 0x01, 0x28, 0x00, 0x00, 0x37, 0x00, 0x73, 0x34,
    0x00, 0x02, 0x37, 0x00, 0x00, 0x2F, 0x00, 0x00, 0x3B, 0x00, 0x00, 0x40, 0x00, 0x00, 0x34, 0x51,
    0x01, 0x28, 0x00, 0x00, 0x37, 0x58, 0x00, 0x3B, 0x64, 0x00, 0x2F, 0x55, 0x00, 0x40, 0x61, 0x01,
    0x28, 0x57, 0x39, 0x40, 0x00, 0x01, 0x34, 0x00, 0x00, 0x28, 0x00, 0x01, 0x34, 0x56, 0x00, 0x40,
    0x55, 0x00, 0x28, 0x4C, 0x00, 0x2F, 0x52, 0x00, 0x3B, 0x5F, 0x00, 0x37, 0x47, 0x01, 0x37, 0x00,
    0x00, 0x3B, 0x00, 0x00, 0x2F, 0x00, 0x37, 0x37, 0x00, 0x00, 0x3B, 0x00, 0x01, 0x37, 0x60, 0x00,
    0x3B, 0x67, 0x00, 0x40, 0x6F, 0x00, 0x34, 0x68, 0x01, 0x34, 0x00, 0x00, 0x40, 0x00, 0x00, 0x28,
    0x00, 0x00, 0x2F, 0x00, 0x01, 0x28, 0x5D, 0x00, 0x2F, 0x60, 0x3B, 0x3B, 0x00, 0x00, 0x40, 0x59,
    0x00, 0x34, 0x5E, 0x00, 0x37, 0x45, 0x01, 0x37, 0x00, 0x00, 0x34, 0x00, 0x00, 0x40, 0x00, 0x00,
    0x3B, 0x67, 0x01, 0x28, 0x57, 0x00, 0x2F, 0x5A, 0x01, 0x2F, 0x00, 0x00, 0x28, 0x00, 0x38, 0x34,
    0x00, 0x00, 0x37, 0x00, 0x00, 0x2F, 0x00, 0x01, 0x40, 0x00, 0x00, 0x28, 0x00, 0x00, 0x3B, 0x00,
    0x03, 0x39, 0x46, 0x00, 0x3C, 0x44, 0x01, 0x30, 0x5A, 0x01, 0x35, 0x56, 0x00, 0x29, 0x5A, 0x73,
    0x30, 0x00, 0x01, 0x35, 0x58, 0x00, 0x30, 0x5A, 0x01, 0x35, 0x00, 0x00, 0x3C, 0x6E, 0x01, 0x3C,
    0x00, 0x00, 0x41, 0x6F, 0x00, 0x39, 0x5B, 0x00, 0x29, 0x52, 0x01, 0x29, 0x00, 0x00, 0x39, 0x00,
    0x73, 0x35, 0x00, 0x01, 0x39, 0x00, 0x00, 0x3C, 0x00, 0x01, 0x41, 0x00, 0x00, 0x30, 0x00, 0x00,
    0x35, 0x51, 0x01, 0x29, 0x00, 0x00, 0x39, 0x58, 0x00, 0x3C, 0x64, 0x00, 0x30, 0x55, 0x00, 0x41,
    0x61, 0x01, 0x29, 0x57, 0x39, 0x41, 0x00, 0x01, 0x35, 0x00, 0x00, 0x29, 0x00, 0x01, 0x35, 0x56,
    0x00, 0x41, 0x55, 0x00, 0x29, 0x4C, 0x00, 0x30, 0x52, 0x00, 0x3C, 0x5F, 0x00, 0x39, 0x47, 0x01,
    0x39, 0x00, 0x00, 0x3C, 0x00, 0x00, 0x30, 0x00, 0x37, 0x39, 0x00, 0x00, 0x3C, 0x00, 0x01, 0x39,
    0x60, 0x00, 0x3C, 0x67, 0x00, 0x41, 0x6F, 0x00, 0x35, 0x68, 0x01, 0x35, 0x00, 0x00, 0x41, 0x00,
    0x00, 0x29, 0x00, 0x01, 0x29, 0x5D, 0x00, 0x30, 0x60, 0x01, 0x30, 0x00, 0x3A, 0x41, 0x59, 0x00,
    0x35, 0x5E, 0x00, 0x39, 0x45, 0x00, 0x3C, 0x67, 0x01, 0x3C, 0x00, 0x00, 0x39, 0x00, 0x00, 0x41,
    0x00, 0x00, 0x35, 0x00, 0x01, 0x29, 0x57, 0x00, 0x30, 0x5A, 0x01, 0x30, 0x00, 0x00, 0x29, 0x00,
    0x38, 0x35, 0x00, 0x00, 0x3C, 0x00, 0x00, 0x41, 0x00, 0x00, 0x39, 0x00, 0x00, 0x29, 0x00, 0x00,
    0x30, 0x00, 0x04, 0x38, 0x46, 0x00, 0x3B, 0x44, 0x01, 0x2F, 0x5A, 0x01, 0x34, 0x56, 0x00, 0x28,
    0x5A, 0x73, 0x2F, 0x00, 0x01, 0x34, 0x58, 0x00, 0x2F, 0x5A, 0x01, 0x34, 0x00, 0x00, 0x3B, 0x6E,
    0x01, 0x3B, 0x00, 0x00, 0x40, 0x6F, 0x00, 0x38, 0x5B, 0x00, 0x28, 0x52, 0x01, 0x28, 0x00, 0x00,
    0x38, 0x00, 0x73, 0x34, 0x00, 0x01, 0x38, 0x00, 0x00, 0x3B, 0x00, 0x01, 0x40, 0x00, 0x00, 0x2F,
    0x00, 0x00, 0x34, 0x51, 0x01, 0x28, 0x00, 0x00, 0x38, 0x58, 0x00, 0x3B, 0x64, 0x00, 0x2F, 0x55,
    0x00, 0x40, 0x61, 0x01, 0x28, 0x57, 0x39, 0x40, 0x00, 0x01, 0x34, 0x00, 0x00, 0x28, 0x00, 0x01,
    0x34, 0x56, 0x00, 0x40, 0x55, 0x00, 0x28, 0x4C, 0x00, 0x2F, 0x52, 0x00, 0x3B, 0x5F, 0x00, 0x38,
    0x47, 0x01, 0x38, 0x00, 0x00, 0x3B, 0x00, 0x00, 0x2F, 0x00, 0x37, 0x38, 0x00, 0x00, 0x3B, 0x00,
    0x01, 0x38, 0x60, 0x00, 0x3B, 0x67, 0x00, 0x40, 0x6F, 0x00, 0x34, 0x68, 0x01, 0x34, 0x00, 0x00,
    0x40, 0x00, 0x00, 0x28, 0x00, 0x01, 0x28, 0x5D, 0x00, 0x2F, 0x60, 0x01, 0x2F, 0x00, 0x3A, 0x40,
    0x59, 0x00, 0x34, 0x5E, 0x00, 0x38, 0x45, 0x00, 0x3B, 0x67, 0x01, 0x3B, 0x00, 0x00, 0x38, 0x00,
    0x00, 0x40, 0x00, 0x00, 0x34, 0x00, 0x01, 0x28, 0x57, 0x00, 0x2F, 0x5A, 0x01, 0x2F, 0x00, 0x00,
    0x28, 0x00, 0x38, 0x34, 0x00, 0x00, 0x3B, 0x00, 0x00, 0x40, 0x00, 0x00, 0x38, 0x00, 0x00, 0x28,
    0x00, 0x00, 0x2F, 0x00, 0x04, 0x39, 0x46, 0x00, 0x3C, 0x44, 0x01, 0x30, 0x5A, 0x01, 0x35, 0x56,
    0x00, 0x29, 0x5A, 0x73, 0x30, 0x00, 0x01, 0x35, 0x58, 0x00, 0x30, 0x5A, 0x01, 0x35, 0x00, 0x00,
    0x3C, 0x6E, 0x01, 0x3C, 0x00, 0x00, 0x41, 0x6F, 0x00, 0x39, 0x5B, 0x00, 0x29, 0x52, 0x01, 0x29,
    0x00, 0x00, 0x39, 0x00, 0x73, 0x35, 0x00, 0x01, 0x39, 0x00, 0x00, 0x3C, 0x00, 0x01, 0x41, 0x00,
    0x00, 0x30, 0x00, 0x00, 0x35, 0x51, 0x01, 0x29, 0x00, 0x00, 0x39, 0x58, 0x00, 0x3C, 0x64, 0x00,
    0x30, 0x55, 0x00, 0x41, 0x61, 0x01, 0x29, 0x57, 0x39, 0x41, 0x00, 0x01, 0x35, 0x00, 0x00, 0x29,
    0x00, 0x01, 0x35, 0x56, 0x00, 0x41, 0x55, 0x00, 0x29, 0x4C, 0x00, 0x30, 0x52, 0x00, 0x3C, 0x5F,
    0x00, 0x39, 0x47, 0x01, 0x39, 0x00, 0x00, 0x3C, 0x00, 0x00, 0x30, 0x00, 0x37, 0x39, 0x00, 0x00,
    0x3C, 0x00, 0x01, 0x39, 0x60, 0x00, 0x3C, 0x67, 0x00, 0x41, 0x6F, 0x00, 0x35, 0x68, 0x01, 0x35,
    0x00, 0x00, 0x41, 0x00, 0x00, 0x29, 0x00, 0x01, 0x29, 0x5D, 0x00, 0x30, 0x60, 0x01, 0x30, 0x00,
    0x3A, 0x41, 0x59, 0x00, 0x35, 0x5E, 0x00, 0x39, 0x45, 0x00, 0x3C, 0x67, 0x01, 0x3C, 0x00, 0x00,
    0x39, 0x00, 0x00, 0x41, 0x00, 0x00, 0x35, 0x00, 0x01, 0x29, 0x57, 0x00, 0x30, 0x5A, 0x01, 0x30,
    0x00, 0x00, 0x29, 0x00, 0x38, 0x35, 0x00, 0x00, 0x3C, 0x00, 0x00, 0x41, 0x00, 0x00, 0x39, 0x00,
    0x00, 0x29, 0x00, 0x00, 0x30, 0x00, 0x04, 0x39, 0x46, 0x00, 0x3E, 0x44, 0x01, 0x32, 0x5A, 0x01,
    0x36, 0x56, 0x00, 0x2D, 0x5A, 0x73, 0x32, 0x00, 0x01, 0x36, 0x58, 0x00, 0x32, 0x5A, 0x01, 0x36,
    0x00, 0x00, 0x3E, 0x6E, 0x01, 0x3E, 0x00, 0x00, 0x42, 0x6F, 0x00, 0x39, 0x5B, 0x00, 0x2D, 0x52,
    0x01, 0x2D, 0x00, 0x00, 0x39, 0x00, 0x3D, 0x2D, 0x00, 0x00, 0x3E, 0x00, 0x00, 0x36, 0x56, 0x00,
    0x42, 0x55, 0x01, 0x42, 0x00, 0x00, 0x36, 0x00, 0x00, 0x2D, 0x4C, 0x00, 0x32, 0x52, 0x00, 0x3E,
    0x5F, 0x00, 0x39, 0x47, 0x01, 0x39, 0x00, 0x00, 0x32, 0x00, 0x35, 0x36, 0x00, 0x01, 0x42, 0x00,
    0x00, 0x39, 0x00, 0x00, 0x3E, 0x00, 0x00, 0x36, 0x51, 0x01, 0x2D, 0x00, 0x00, 0x39, 0x58, 0x00,
    0x3E, 0x64, 0x00, 0x32, 0x55, 0x00, 0x42, 0x61, 0x01, 0x32, 0x00, 0x00, 0x2D, 0x57, 0x73, 0x39,
    0x00, 0x00, 0x42, 0x00, 0x01, 0x39, 0x60, 0x00, 0x3E, 0x67, 0x00, 0x42, 0x6F, 0x00, 0x36, 0x68,
    0x01, 0x36, 0x00, 0x00, 0x3E, 0x00, 0x00, 0x32, 0x00, 0x01, 0x2D, 0x5D, 0x00, 0x32, 0x60, 0x01,
    0x2D, 0x00, 0x3A, 0x42, 0x59, 0x00, 0x36, 0x5E, 0x00, 0x39, 0x45, 0x00, 0x3E, 0x67, 0x01, 0x3E,
    0x00, 0x00, 0x39, 0x00, 0x00, 0x42, 0x00, 0x00, 0x36, 0x00, 0x01, 0x2D, 0x57, 0x00, 0x32, 0x5A,
    0x01, 0x32, 0x00, 0x00, 0x2D, 0x00, 0x38, 0x2D, 0x00, 0x00, 0x42, 0x00, 0x00, 0x36, 0x00, 0x00,
    0x39, 0x00, 0x00, 0x32, 0x00, 0x00, 0x3E, 0x00, 0x04, 0x39, 0x46, 0x00, 0x3C, 0x44, 0x01, 0x30,
    0x5A, 0x01, 0x35, 0x56, 0x00, 0x29, 0x5A, 0x73, 0x30, 0x00, 0x01, 0x35, 0x58, 0x00, 0x30, 0x5A,
    0x01, 0x35, 0x00, 0x00, 0x3C, 0x6E, 0x01, 0x3C, 0x00, 0x00, 0x41, 0x6F, 0x00, 0x39, 0x5B, 0x00,
    0x29, 0x52, 0x01, 0x29, 0x00, 0x00, 0x39, 0x00, 0x73, 0x35, 0x00, 0x01, 0x39, 0x00, 0x00, 0x3C,
    0x00, 0x01, 0x41, 0x00, 0x00, 0x30, 0x00, 0x00, 0x35, 0x51, 0x01, 0x29, 0x00, 0x00, 0x39, 0x58,
    0x00, 0x3C, 0x64, 0x00, 0x30, 0x55, 0x00, 0x41, 0x61, 0x01, 0x29, 0x57, 0x39, 0x41, 0x00, 0x01,
    0x35, 0x00, 0x00, 0x29, 0x00, 0x01, 0x35, 0x56, 0x00, 0x41, 0x55, 0x00, 0x29, 0x4C, 0x00, 0x30,
    0x52, 0x00, 0x3C, 0x5F, 0x00, 0x39, 0x47, 0x01, 0x39, 0x00, 0x00, 0x3C, 0x00, 0x00, 0x30, 0x00,
    0x37, 0x39, 0x00, 0x00, 0x3C, 0x00, 0x01, 0x39, 0x60, 0x00, 0x3C, 0x67, 0x00, 0x41, 0x6F, 0x00,
    0x35, 0x68, 0x01, 0x35, 0x00, 0x00, 0x41, 0x00, 0x00, 0x29, 0x00, 0x01, 0x29, 0x5D, 0x00, 0x30,
    0x60, 0x01, 0x30, 0x00, 0x3A, 0x41, 0x59, 0x00, 0x35, 0x5E, 0x00, 0x39, 0x45, 0x00, 0x3C, 0x67,
    0x01, 0x3C, 0x00, 0x00, 0x39, 0x00, 0x00, 0x41, 0x00, 0x00, 0x35, 0x00, 0x01, 0x29, 0x57, 0x00,
    0x30, 0x5A, 0x01, 0x30, 0x00, 0x00, 0x29, 0x00, 0x38, 0x35, 0x00, 0x00, 0x3C, 0x00, 0x00, 0x41,
    0x00, 0x00, 0x39, 0x00, 0x00, 0x29, 0x00, 0x00, 0x30, 0x00, 0x05, 0x3B, 0x46, 0x01, 0x3E, 0x44,
    0x01, 0x32, 0x5A, 0x01, 0x37, 0x56, 0x00, 0x2B, 0x5A, 0x73, 0x32, 0x00, 0x00, 0x37, 0x58, 0x01,
    0x37, 0x00, 0x00, 0x32, 0x5A, 0x01, 0x3B, 0x00, 0x00, 0x3E, 0x6E, 0x01, 0x3E, 0x00, 0x00, 0x43,
    0x6F, 0x00, 0x3B, 0x5B, 0x00, 0x2B, 0x52, 0x01, 0x2B, 0x00, 0x72, 0x37, 0x00, 0x02, 0x3E, 0x00,
    0x01, 0x43, 0x00, 0x00, 0x32, 0x00, 0x00, 0x3B, 0x00, 0x00, 0x37, 0x51, 0x01, 0x3B, 0x58, 0x00,
    0x3E, 0x64, 0x00, 0x32, 0x55, 0x00, 0x43, 0x61, 0x00, 0x2B, 0x57, 0x01, 0x2B, 0x00, 0x39, 0x2B,
    0x00, 0x00, 0x43, 0x00, 0x01, 0x37, 0x56, 0x00, 0x43, 0x55, 0x01, 0x37, 0x00, 0x00, 0x2B, 0x4C,
    0x00, 0x32, 0x52, 0x00, 0x3E, 0x5F, 0x00, 0x3B, 0x47, 0x01, 0x3B, 0x00, 0x00, 0x3E, 0x00, 0x00,
    0x32, 0x00, 0x37, 0x43, 0x00, 0x00, 0x3E, 0x00, 0x00, 0x37, 0x00, 0x00, 0x3B, 0x00, 0x01, 0x3B,
    0x60, 0x00, 0x3E, 0x67, 0x00, 0x43, 0x6F, 0x00, 0x37, 0x68, 0x01, 0x32, 0x00, 0x00, 0x2B, 0x00,
    0x01, 0x2B, 0x5D, 0x00, 0x32, 0x60, 0x3B, 0x43, 0x59, 0x00, 0x37, 0x5E, 0x00, 0x3B, 0x45, 0x00,
    0x3E, 0x67, 0x01, 0x3E, 0x00, 0x00, 0x3B, 0x00, 0x00, 0x43, 0x00, 0x00, 0x37, 0x00, 0x01, 0x2B,
    0x57, 0x00, 0x32, 0x5A, 0x01, 0x32, 0x00, 0x00, 0x2B, 0x00, 0x38, 0x32, 0x00, 0x00, 0x37, 0x00,
    0x00, 0x3E, 0x00, 0x00, 0x3B, 0x00, 0x01, 0x43, 0x00, 0x00, 0x2B, 0x00, 0x00, 0x3B, 0x46, 0x00,
    0x3E, 0x44, 0x01, 0x32, 0x5A, 0x01, 0x37, 0x56, 0x00, 0x2B, 0x5A, 0x73, 0x32, 0x00, 0x01, 0x37,
    0x58, 0x00, 0x32, 0x5A, 0x01, 0x37, 0x00, 0x00, 0x3E, 0x00, 0x01, 0x3E, 0x6E, 0x00, 0x43, 0x6F,
    0x00, 0x3B, 0x5B, 0x00, 0x2B, 0x52, 0x01, 0x2B, 0x00, 0x00, 0x3B, 0x00, 0x3B, 0x2B, 0x00, 0x00,
    0x37, 0x00, 0x00, 0x43, 0x00, 0x01, 0x37, 0x56, 0x00, 0x43, 0x55, 0x00, 0x2B, 0x4C, 0x00, 0x32,
    0x52, 0x00, 0x3E, 0x5F, 0x00, 0x3B, 0x47, 0x01, 0x3B, 0x00, 0x00, 0x3E, 0x00, 0x00, 0x32, 0x00,
    0x37, 0x3B, 0x00, 0x00, 0x3E, 0x00, 0x01, 0x32, 0x00, 0x00, 0x43, 0x00, 0x00, 0x37, 0x51, 0x01,
    0x37, 0x00, 0x00, 0x2B, 0x00, 0x00, 0x3B, 0x58, 0x00, 0x3E, 0x64, 0x00, 0x32, 0x55, 0x00, 0x43,
    0x61, 0x01, 0x2B, 0x57, 0x39, 0x43, 0x00, 0x01, 0x37, 0x00, 0x00, 0x2B, 0x00, 0x01, 0x3E, 0x00,
    0x00, 0x3B, 0x00, 0x00, 0x37, 0x56, 0x00, 0x43, 0x55, 0x00, 0x2B, 0x4C, 0x00, 0x32, 0x52, 0x01,
    0x32, 0x00, 0x00, 0x3E, 0x5F, 0x00, 0x3B, 0x47, 0x38, 0x3B, 0x60, 0x00, 0x3E, 0x67, 0x00, 0x43,
    0x6F, 0x00, 0x37, 0x68, 0x01, 0x37, 0x00, 0x00, 0x43, 0x00, 0x00, 0x3B, 0x00, 0x00, 0x3E, 0x00,
    0x00, 0x2B, 0x00, 0x01, 0x2B, 0x5D, 0x00, 0x32, 0x60, 0x01, 0x32, 0x00, 0x3A, 0x3B, 0x00, 0x00,
    0x3E, 0x00, 0x00, 0x43, 0x59, 0x00, 0x37, 0x5E, 0x01, 0x37, 0x00, 0x00, 0x43, 0x00, 0x00, 0x3B,
    0x45, 0x00, 0x3E, 0x67, 0x01, 0x32, 0x00, 0x00, 0x2B, 0x57, 0x01, 0x2B, 0x00, 0x00, 0x32, 0x5A,
    0x38, 0x2B, 0x00, 0x00, 0x37, 0x00, 0x00, 0x43, 0x00, 0x01, 0x3E, 0x00, 0x00, 0x3B, 0x00, 0x00,
    0x32, 0x00, 0x04, 0x40, 0x51, 0x00, 0x37, 0x46, 0x00, 0x3C, 0x44, 0x02, 0x30, 0x5B, 0x00, 0x34,
    0x56, 0x01, 0x2B, 0x5B, 0x73, 0x34, 0x58, 0x00, 0x30, 0x5B, 0x01, 0x30, 0x00, 0x00, 0x34, 0x00,
    0x00, 0x3C, 0x00, 0x01, 0x37, 0x00, 0x00, 0x3C, 0x6D, 0x00, 0x43, 0x69, 0x00, 0x40, 0x69, 0x01,
    0x40, 0x00, 0x00, 0x37, 0x5E, 0x00, 0x2B, 0x53, 0x01, 0x2B, 0x00, 0x71, 0x34, 0x00, 0x03, 0x43,
    0x00, 0x00, 0x40, 0x00, 0x00, 0x30, 0x00, 0x00, 0x3C, 0x00, 0x00, 0x37, 0x00, 0x00, 0x34, 0x51,
    0x01, 0x37, 0x5B, 0x00, 0x3C, 0x63, 0x00, 0x30, 0x56, 0x00, 0x40, 0x5B, 0x00, 0x43, 0x5B, 0x01,
    0x2B, 0x58, 0x01, 0x2B, 0x00, 0x38, 0x43, 0x00, 0x00, 0x34, 0x00, 0x00, 0x40, 0x00, 0x01, 0x2B,
    0x00, 0x00, 0x34, 0x56, 0x00, 0x43, 0x4F, 0x00, 0x40, 0x4F, 0x01, 0x3C, 0x00, 0x00, 0x30, 0x00,
    0x00, 0x37, 0x00, 0x00, 0x2B, 0x4D, 0x01, 0x30, 0x53, 0x00, 0x3C, 0x5E, 0x00, 0x37, 0x4A, 0x38,
    0x3C, 0x00, 0x00, 0x37, 0x63, 0x01, 0x37, 0x00, 0x00, 0x3C, 0x66, 0x00, 0x43, 0x69, 0x00, 0x40,
    0x69, 0x00, 0x34, 0x68, 0x01, 0x34, 0x00, 0x00, 0x40, 0x00, 0x00, 0x2B, 0x00, 0x00, 0x43, 0x00,
    0x01, 0x2B, 0x5E, 0x00, 0x30, 0x61, 0x01, 0x30, 0x00, 0x39, 0x37, 0x00, 0x01, 0x43, 0x53, 0x00,
    0x40, 0x53, 0x00, 0x34, 0x5E, 0x00, 0x37, 0x48, 0x00, 0x3C, 0x66, 0x01, 0x3C, 0x00, 0x00, 0x34,
    0x00, 0x00, 0x43, 0x00, 0x00, 0x40, 0x00, 0x01, 0x2B, 0x58, 0x00, 0x30, 0x5B, 0x01, 0x30, 0x00,
    0x00, 0x2B, 0x00, 0x38, 0x37, 0x00, 0x00, 0x2B, 0x00, 0x00, 0x43, 0x00, 0x00, 0x30, 0x00, 0x00,
    0x40, 0x00, 0x00, 0x3C, 0x00, 0x00, 0x34, 0x00, 0x03, 0x37, 0x46, 0x00, 0x3B, 0x44, 0x01, 0x2F,
    0x5A, 0x01, 0x34, 0x56, 0x00, 0x28, 0x5A, 0x73, 0x34, 0x00, 0x00, 0x2F, 0x00, 0x01, 0x34, 0x58,
    0x00, 0x2F, 0x5A, 0x01, 0x3B, 0x00, 0x01, 0x3B, 0x6E, 0x00, 0x40, 0x6F, 0x00, 0x37, 0x5B, 0x00,
    0x28, 0x52, 0x01, 0x28, 0x00, 0x00, 0x37, 0x00, 0x73, 0x34, 0x00, 0x02, 0x37, 0x00, 0x00, 0x2F,
    0x00, 0x00, 0x3B, 0x00, 0x00, 0x40, 0x00, 0x00, 0x34, 0x51, 0x01, 0x28, 0x00, 0x00, 0x37, 0x58,
    0x00, 0x3B, 0x64, 0x00, 0x2F, 0x55, 0x00, 0x40, 0x61, 0x01, 0x28, 0x57, 0x39, 0x40, 0x00, 0x01,
    0x34, 0x00, 0x00, 0x28, 0x00, 0x01, 0x34, 0x56, 0x00, 0x40, 0x55, 0x00, 0x28, 0x4C, 0x00, 0x2F,
    0x52, 0x00, 0x3B, 0x5F, 0x00, 0x37, 0x47, 0x01, 0x37, 0x00, 0x00, 0x3B, 0x00, 0x00, 0x2F, 0x00,
    0x37, 0x37, 0x00, 0x00, 0x3B, 0x00, 0x01, 0x37, 0x60, 0x00, 0x3B, 0x67, 0x00, 0x40, 0x6F, 0x00,
    0x34, 0x68, 0x01, 0x34, 0x00, 0x00, 0x40, 0x00, 0x00, 0x28, 0x00, 0x00, 0x2F, 0x00, 0x01, 0x28,
    0x5D, 0x00, 0x2F, 0x60, 0x3B, 0x3B, 0x00, 0x00, 0x40, 0x59, 0x00, 0x34, 0x5E, 0x00, 0x37, 0x45,
    0x01, 0x37, 0x00, 0x00, 0x34, 0x00, 0x00, 0x40, 0x00, 0x00, 0x3B, 0x67, 0x01, 0x28, 0x57, 0x00,
    0x2F, 0x5A, 0x01, 0x2F, 0x00, 0x00, 0x28, 0x00, 0x38, 0x34, 0x00, 0x00, 0x37, 0x00, 0x00, 0x2F,
    0x00, 0x01, 0x40, 0x00, 0x00, 0x28, 0x00, 0x00, 0x3B, 0x00, 0x03, 0x39, 0x46, 0x00, 0x3C, 0x44,
    0x01, 0x30, 0x5A, 0x01, 0x35, 0x56, 0x00, 0x29, 0x5A, 0x73, 0x30, 0x00, 0x01, 0x35, 0x58, 0x00,
    0x30, 0x5A, 0x01, 0x35, 0x00, 0x00, 0x3C, 0x6E, 0x01, 0x3C, 0x00, 0x00, 0x41, 0x6F, 0x00, 0x39,
    0x5B, 0x00, 0x29, 0x52, 0x01, 0x29, 0x00, 0x00, 0x39, 0x00, 0x73, 0x35, 0x00, 0x01, 0x39, 0x00,
    0x00, 0x3C, 0x00, 0x01, 0x41, 0x00, 0x00, 0x30, 0x00, 0x00, 0x35, 0x51, 0x01, 0x29, 0x00, 0x00,
    0x39, 0x58, 0x00, 0x3C, 0x64, 0x00, 0x30, 0x55, 0x00, 0x41, 0x61, 0x01, 0x29, 0x57, 0x39, 0x41,
    0x00, 0x01, 0x35, 0x00, 0x00, 0x29, 0x00, 0x01, 0x35, 0x56, 0x00, 0x41, 0x55, 0x00, 0x29, 0x4C,
    0x00, 0x30, 0x52, 0x00, 0x3C, 0x5F, 0x00, 0x39, 0x47, 0x01, 0x39, 0x00, 0x00, 0x3C, 0x00, 0x00,
    0x30, 0x00, 0x37, 0x39, 0x00, 0x00, 0x3C, 0x00, 0x01, 0x39, 0x60, 0x00, 0x3C, 0x67, 0x00, 0x41,
    0x6F, 0x00, 0x35, 0x68, 0x01, 0x35, 0x00, 0x00, 0x41, 0x00, 0x00, 0x29, 0x00, 0x01, 0x29, 0x5D,
    0x00, 0x30, 0x60, 0x01, 0x30, 0x00, 0x3A, 0x41, 0x59, 0x00, 0x35, 0x5E, 0x00, 0x39, 0x45, 0x00,
    0x3C, 0x67, 0x01, 0x3C, 0x00, 0x00, 0x39, 0x00, 0x00, 0x41, 0x00, 0x00, 0x35, 0x00, 0x01, 0x29,
    0x57, 0x00, 0x30, 0x5A, 0x01, 0x30, 0x00, 0x00, 0x29, 0x00, 0x38, 0x35, 0x00, 0x00, 0x3C, 0x00,
    0x00, 0x41, 0x00, 0x00, 0x39, 0x00, 0x00, 0x29, 0x00, 0x00, 0x30, 0x00, 0x04, 0x38, 0x46, 0x00,
    0x3B, 0x44, 0x01, 0x2F, 0x5A, 0x01, 0x34, 0x56, 0x00, 0x28, 0x5A, 0x73, 0x2F, 0x00, 0x01, 0x34,
    0x58, 0x00, 0x2F, 0x5A, 0x01, 0x34, 0x00, 0x00, 0x3B, 0x6E, 0x01, 0x3B, 0x00, 0x00, 0x40, 0x6F,
    0x00, 0x38, 0x5B, 0x00, 0x28, 0x52, 0x01, 0x28, 0x00, 0x00, 0x38, 0x00, 0x73, 0x34, 0x00, 0x01,
    0x38, 0x00, 0x00, 0x3B, 0x00, 0x01, 0x40, 0x00, 0x00, 0x2F, 0x00, 0x00, 0x34, 0x51, 0x01, 0x28,
    0x00, 0x00, 0x38, 0x58, 0x00, 0x3B, 0x64, 0x00, 0x2F, 0x55, 0x00, 0x40, 0x61, 0x01, 0x28, 0x57,
    0x39, 0x40, 0x00, 0x01, 0x34, 0x00, 0x00, 0x28, 0x00, 0x01, 0x34, 0x56, 0x00, 0x40, 0x55, 0x00,
    0x28, 0x4C, 0x00, 0x2F, 0x52, 0x00, 0x3B, 0x5F, 0x00, 0x38, 0x47, 0x01, 0x38, 0x00, 0x00, 0x3B,
    0x00, 0x00, 0x2F, 0x00, 0x37, 0x38, 0x00, 0x00, 0x3B, 0x00, 0x01, 0x38, 0x60, 0x00, 0x3B, 0x67,
    0x00, 0x40, 0x6F, 0x00, 0x34, 0x68, 0x01, 0x34, 0x00, 0x00, 0x40, 0x00, 0x00, 0x28, 0x00, 0x01,
    0x28, 0x5D, 0x00, 0x2F, 0x60, 0x01, 0x2F, 0x00, 0x3A, 0x40, 0x59, 0x00, 0x34, 0x5E, 0x00, 0x38,
    0x45, 0x00, 0x3B, 0x67, 0x01, 0x3B, 0x00, 0x00, 0x38, 0x00, 0x00, 0x40, 0x00, 0x00, 0x34, 0x00,
    0x01, 0x28, 0x57, 0x00, 0x2F, 0x5A, 0x01, 0x2F, 0x00, 0x00, 0x28, 0x00, 0x38, 0x34, 0x00, 0x00,
    0x3B, 0x00, 0x00, 0x40, 0x00, 0x00, 0x38, 0x00, 0x00, 0x28, 0x00, 0x00, 0x2F, 0x00, 0x04, 0x39,
    0x46, 0x00, 0x3C, 0x44, 0x01, 0x30, 0x5A, 0x01, 0x35, 0x56, 0x00, 0x29, 0x5A, 0x73, 0x30, 0x00,
    0x01, 0x35, 0x58, 0x00, 0x30, 0x5A, 0x01, 0x35, 0x00, 0x00, 0x3C, 0x6E, 0x01, 0x3C, 0x00, 0x00,
    0x41, 0x6F, 0x00, 0x39, 0x5B, 0x00, 0x29, 0x52, 0x01, 0x29, 0x00, 0x00, 0x39, 0x00, 0x73, 0x35,
    0x00, 0x01, 0x39, 0x00, 0x00, 0x3C, 0x00, 0x01, 0x41, 0x00, 0x00, 0x30, 0x00, 0x00, 0x35, 0x51,
    0x01, 0x29, 0x00, 0x00, 0x39, 0x58, 0x00, 0x3C, 0x64, 0x00, 0x30, 0x55, 0x00, 0x41, 0x61, 0x01,
    0x29, 0x57, 0x39, 0x41, 0x00, 0x01, 0x35, 0x00, 0x00, 0x29, 0x00, 0x01, 0x35, 0x56, 0x00, 0x41,
    0x55, 0x00, 0x29, 0x4C, 0x00, 0x30, 0x52, 0x00, 0x3C, 0x5F, 0x00, 0x39, 0x47, 0x01, 0x39, 0x00,
    0x00, 0x3C, 0x00, 0x00, 0x30, 0x00, 0x37, 0x39, 0x00, 0x00, 0x3C, 0x00, 0x01, 0x39, 0x60, 0x00,
    0x3C, 0x67, 0x00, 0x41, 0x6F, 0x00, 0x35, 0x68, 0x01, 0x35, 0x00, 0x00, 0x41, 0x00, 0x00, 0x29,
    0x00, 0x01, 0x29, 0x5D, 0x00, 0x30, 0x60, 0x01, 0x30, 0x00, 0x3A, 0x41, 0x59, 0x00, 0x35, 0x5E,
    0x00, 0x39, 0x45, 0x00, 0x3C, 0x67, 0x01, 0x3C, 0x00, 0x00, 0x39, 0x00, 0x00, 0x41, 0x00, 0x00,
    0x35, 0x00, 0x01, 0x29, 0x57, 0x00, 0x30, 0x5A, 0x01, 0x30, 0x00, 0x00, 0x29, 0x00, 0x38, 0x35,
    0x00, 0x00, 0x3C, 0x00, 0x00, 0x41, 0x00, 0x00, 0x39, 0x00, 0x00, 0x29, 0x00, 0x00, 0x30, 0x00,
    0x04, 0x39, 0x46, 0x00, 0x3E, 0x44, 0x01, 0x32, 0x5A, 0x01, 0x36, 0x56, 0x00, 0x2D, 0x5A, 0x73,
    0x32, 0x00, 0x01, 0x36, 0x58, 0x00, 0x32, 0x5A, 0x01, 0x36, 0x00, 0x00, 0x3E, 0x6E, 0x01, 0x3E,
    0x00, 0x00, 0x42, 0x6F, 0x00, 0x39, 0x5B, 0x00, 0x2D, 0x52, 0x01, 0x2D, 0x00, 0x00, 0x39, 0x00,
    0x3D, 0x2D, 0x00, 0x00, 0x3E, 0x00, 0x00, 0x36, 0x56, 0x00, 0x42, 0x55, 0x01, 0x42, 0x00, 0x00,
    0x36, 0x00, 0x00, 0x2D, 0x4C, 0x00, 0x32, 0x52, 0x00, 0x3E, 0x5F, 0x00, 0x39, 0x47, 0x01, 0x39,
    0x00, 0x00, 0x32, 0x00, 0x35, 0x36, 0x00, 0x01, 0x42, 0x00, 0x00, 0x39, 0x00, 0x00, 0x3E, 0x00,
    0x00, 0x36, 0x51, 0x01, 0x2D, 0x00, 0x00, 0x39, 0x58, 0x00, 0x3E, 0x64, 0x00, 0x32, 0x55, 0x00,
    0x42, 0x61, 0x01, 0x32, 0x00, 0x00, 0x2D, 0x57, 0x73, 0x39, 0x00, 0x00, 0x42, 0x00, 0x01, 0x39,
    0x60, 0x00, 0x3E, 0x67, 0x00, 0x42, 0x6F, 0x00, 0x36, 0x68, 0x01, 0x36, 0x00, 0x00, 0x3E, 0x00,
    0x00, 0x32, 0x00, 0x01, 0x2D, 0x5D, 0x00, 0x32, 0x60, 0x01, 0x2D, 0x00, 0x3A, 0x42, 0x59, 0x00,
    0x36, 0x5E, 0x00, 0x39, 0x45, 0x00, 0x3E, 0x67, 0x01, 0x3E, 0x00, 0x00, 0x39, 0x00, 0x00, 0x42,
    0x00, 0x00, 0x36, 0x00, 0x01, 0x2D, 0x57, 0x00, 0x32, 0x5A, 0x01, 0x32, 0x00, 0x00, 0x2D, 0x00,
    0x38, 0x2D, 0x00, 0x00, 0x42, 0x00, 0x00, 0x36, 0x00, 0x00, 0x39, 0x00, 0x00, 0x32, 0x00, 0x00,
    0x3E, 0x00, 0x04, 0x39, 0x46, 0x00, 0x3C, 0x44, 0x01, 0x30, 0x5A, 0x01, 0x35, 0x56, 0x00, 0x29,
    0x5A, 0x73, 0x30, 0x00, 0x01, 0x35, 0x58, 0x00, 0x30, 0x5A, 0x01, 0x35, 0x00, 0x00, 0x3C, 0x6E,
    0x01, 0x3C, 0x00, 0x00, 0x41, 0x6F, 0x00, 0x39, 0x5B, 0x00, 0x29, 0x52, 0x01, 0x29, 0x00, 0x00,
    0x39, 0x00, 0x73, 0x35, 0x00, 0x01, 0x39, 0x00, 0x00, 0x3C, 0x00, 0x01, 0x41, 0x00, 0x00, 0x30,
    0x00, 0x00, 0x35, 0x51, 0x01, 0x29, 0x00, 0x00, 0x39, 0x58, 0x00, 0x3C, 0x64, 0x00, 0x30, 0x55,
    0x00, 0x41, 0x61, 0x01, 0x29, 0x57, 0x39, 0x41, 0x00, 0x01, 0x35, 0x00, 0x00, 0x29, 0x00, 0x01,
    0x35, 0x56, 0x00, 0x41, 0x55, 0x00, 0x29, 0x4C, 0x00, 0x30, 0x52, 0x00, 0x3C, 0x5F, 0x00, 0x39,
    0x47, 0x01, 0x39, 0x00, 0x00, 0x3C, 0x00, 0x00, 0x30, 0x00, 0x37, 0x39, 0x00, 0x00, 0x3C, 0x00,
    0x01, 0x39, 0x60, 0x00, 0x3C, 0x67, 0x00, 0x41, 0x6F, 0x00, 0x35, 0x68, 0x01, 0x35, 0x00, 0x00,
    0x41, 0x00, 0x00, 0x29, 0x00, 0x01, 0x29, 0x5D, 0x00, 0x30, 0x60, 0x01, 0x30, 0x00, 0x3A, 0x41,
    0x59, 0x00, 0x35, 0x5E, 0x00, 0x39, 0x45, 0x00, 0x3C, 0x67, 0x01, 0x3C, 0x00, 0x00, 0x39, 0x00,
    0x00, 0x41, 0x00, 0x00, 0x35, 0x00, 0x01, 0x29, 0x57, 0x00, 0x30, 0x5A, 0x01, 0x30, 0x00, 0x00,
    0x29, 0x00, 0x38, 0x35, 0x00, 0x00, 0x3C, 0x00, 0x00, 0x41, 0x00, 0x00, 0x39, 0x00, 0x00, 0x29,
    0x00, 0x00, 0x30, 0x00, 0x05, 0x3B, 0x46, 0x01, 0x3E, 0x44, 0x01, 0x32, 0x5A, 0x01, 0x37, 0x56,
    0x00, 0x2B, 0x5A, 0x73, 0x32, 0x00, 0x00, 0x37, 0x58, 0x01, 0x37, 0x00, 0x00, 0x32, 0x5A, 0x01,
    0x3B, 0x00, 0x00, 0x3E, 0x6E, 0x01, 0x3E, 0x00, 0x00, 0x43, 0x6F, 0x00, 0x3B, 0x5B, 0x00, 0x2B,
    0x52, 0x01, 0x2B, 0x00, 0x72, 0x37, 0x00, 0x02, 0x3E, 0x00, 0x01, 0x43, 0x00, 0x00, 0x32, 0x00,
    0x00, 0x3B, 0x00, 0x00, 0x37, 0x51, 0x01, 0x3B, 0x58, 0x00, 0x3E, 0x64, 0x00, 0x32, 0x55, 0x00,
    0x43, 0x61, 0x00, 0x2B, 0x57, 0x01, 0x2B, 0x00, 0x39, 0x2B, 0x00, 0x00, 0x43, 0x00, 0x01, 0x37,
    0x56, 0x00, 0x43, 0x55, 0x01, 0x37, 0x00, 0x00, 0x2B, 0x4C, 0x00, 0x32, 0x52, 0x00, 0x3E, 0x5F,
    0x00, 0x3B, 0x47, 0x01, 0x3B, 0x00, 0x00, 0x3E, 0x00, 0x00, 0x32, 0x00, 0x37, 0x43, 0x00, 0x00,
    0x3E, 0x00, 0x00, 0x37, 0x00, 0x00, 0x3B, 0x00, 0x01, 0x3B, 0x60, 0x00, 0x3E, 0x67, 0x00, 0x43,
    0x6F, 0x00, 0x37, 0x68, 0x01, 0x32, 0x00, 0x00, 0x2B, 0x00, 0x01, 0x2B, 0x5D, 0x00, 0x32, 0x60,
    0x3B, 0x43, 0x59, 0x00, 0x37, 0x5E, 0x00, 0x3B, 0x45, 0x00, 0x3E, 0x67, 0x01, 0x3E, 0x00, 0x00,
    0x3B, 0x00, 0x00, 0x43, 0x00, 0x00, 0x37, 0x00, 0x01, 0x2B, 0x57, 0x00, 0x32, 0x5A, 0x01, 0x32,
    0x00, 0x00, 0x2B, 0x00, 0x38, 0x32, 0x00, 0x00, 0x37, 0x00, 0x00, 0x3E, 0x00, 0x00, 0x3B, 0x00,
    0x01, 0x43, 0x00, 0x00, 0x2B, 0x00, 0x00, 0x3B, 0x46, 0x00, 0x3E, 0x44, 0x01, 0x32, 0x5A, 0x01,
    0x37, 0x56, 0x00, 0x2B, 0x5A, 0x73, 0x32, 0x00, 0x01, 0x37, 0x58, 0x00, 0x32, 0x5A, 0x01, 0x37,
    0x00, 0x00, 0x3E, 0x00, 0x01, 0x3E, 0x6E, 0x00, 0x43, 0x6F, 0x00, 0x3B, 0x5B, 0x00, 0x2B, 0x52,
    0x01, 0x2B, 0x00, 0x00, 0x3B, 0x00, 0x3B, 0x2B, 0x00, 0x00, 0x37, 0x00, 0x00, 0x43, 0x00, 0x01,
    0x37, 0x56, 0x00, 0x43, 0x55, 0x00, 0x2B, 0x4C, 0x00, 0x32, 0x52, 0x00, 0x3E, 0x5F, 0x00, 0x3B,
    0x47, 0x01, 0x3B, 0x00, 0x00, 0x3E, 0x00, 0x00, 0x32, 0x00, 0x37, 0x3B, 0x00, 0x00, 0x3E, 0x00,
    0x01, 0x32, 0x00, 0x00, 0x43, 0x00, 0x00, 0x37, 0x51, 0x01, 0x37, 0x00, 0x00, 0x2B, 0x00, 0x00,
    0x3B, 0x58, 0x00, 0x3E, 0x64, 0x00, 0x32, 0x55, 0x00, 0x43, 0x61, 0x01, 0x2B, 0x57, 0x39, 0x43,
    0x00, 0x01, 0x37, 0x00, 0x00, 0x2B, 0x00, 0x01, 0x3E, 0x00, 0x00, 0x3B, 0x00, 0x00, 0x37, 0x56,
    0x00, 0x43, 0x55, 0x00, 0x2B, 0x4C, 0x00, 0x32, 0x52, 0x01, 0x32, 0x00, 0x00, 0x3E, 0x5F, 0x00,
    0x3B, 0x47, 0x38, 0x3B, 0x60, 0x00, 0x3E, 0x67, 0x00, 0x43, 0x6F, 0x00, 0x37, 0x68, 0x01, 0x37,
    0x00, 0x00, 0x43, 0x00, 0x00, 0x3B, 0x00, 0x00, 0x3E, 0x00, 0x00, 0x2B, 0x00, 0x01, 0x2B, 0x5D,
    0x00, 0x32, 0x60, 0x01, 0x32, 0x00, 0x3A, 0x3B, 0x00, 0x00, 0x3E, 0x00, 0x00, 0x43, 0x59, 0x00,
    0x37, 0x5E, 0x01, 0x37, 0x00, 0x00, 0x43, 0x00, 0x00, 0x3B, 0x45, 0x00, 0x3E, 0x67, 0x01, 0x32,
    0x00, 0x00, 0x2B, 0x57, 0x01, 0x2B, 0x00, 0x00, 0x32, 0x5A, 0x38, 0x2B, 0x00, 0x00, 0x37, 0x00,
    0x00, 0x43, 0x00, 0x01, 0x3E, 0x00, 0x00, 0x3B, 0x00, 0x00, 0x32, 0x00, 0x05, 0x3B, 0x46, 0x01,
    0x3E, 0x44, 0x01, 0x32, 0x5A, 0x01, 0x37, 0x56, 0x00, 0x2B, 0x5A, 0x73, 0x32, 0x00, 0x00, 0x37,
    0x58, 0x01, 0x37, 0x00, 0x00, 0x32, 0x5A, 0x01, 0x3B, 0x00, 0x00, 0x3E, 0x6E, 0x01, 0x3E, 0x00,
    0x00, 0x43, 0x6F, 0x00, 0x3B, 0x5B, 0x00, 0x2B, 0x52, 0x01, 0x2B, 0x00, 0x72, 0x37, 0x00, 0x02,
    0x3E, 0x00, 0x01, 0x43, 0x00, 0x00, 0x32, 0x00, 0x00, 0x3B, 0x00, 0x00, 0x37, 0x51, 0x01, 0x3B,
    0x58, 0x00, 0x3E, 0x64, 0x00, 0x32, 0x55, 0x00, 0x43, 0x61, 0x00, 0x2B, 0x57, 0x01, 0x2B, 0x00,
    0x39, 0x2B, 0x00, 0x00, 0x43, 0x00, 0x01, 0x37, 0x56, 0x00, 0x43, 0x55, 0x01, 0x37, 0x00, 0x00,
    0x2B, 0x4C, 0x00, 0x32, 0x52, 0x00, 0x3E, 0x5F, 0x00, 0x3B, 0x47, 0x01, 0x3B, 0x00, 0x00, 0x3E,
    0x00, 0x00, 0x32, 0x00, 0x37, 0x43, 0x00, 0x00, 0x3E, 0x00, 0x00, 0x37, 0x00, 0x00, 0x3B, 0x00,
    0x01, 0x3B, 0x60, 0x00, 0x3E, 0x67, 0x00, 0x43, 0x6F, 0x00, 0x37, 0x68, 0x01, 0x32, 0x00, 0x00,
    0x2B, 0x00, 0x01, 0x2B, 0x5D, 0x00, 0x32, 0x60, 0x3B, 0x43, 0x59, 0x00, 0x37, 0x5E, 0x00, 0x3B,
    0x45, 0x00, 0x3E, 0x67, 0x01, 0x3E, 0x00, 0x00, 0x3B, 0x00, 0x00, 0x43, 0x00, 0x00, 0x37, 0x00,
    0x01, 0x2B, 0x57, 0x00, 0x32, 0x5A, 0x01, 0x32, 0x00, 0x00, 0x2B, 0x00, 0x38, 0x32, 0x00, 0x00,
    0x37, 0x00, 0x00, 0x3E, 0x00, 0x00, 0x3B, 0x00, 0x01, 0x43, 0x00, 0x00, 0x2B, 0x00, 0x00, 0x3B,
    0x46, 0x00, 0x3E, 0x44, 0x01, 0x32, 0x5A, 0x01, 0x37, 0x56, 0x00, 0x2B, 0x5A, 0x73, 0x32, 0x00,
    0x01, 0x37, 0x58, 0x00, 0x32, 0x5A, 0x01, 0x37, 0x00, 0x00, 0x3E, 0x00, 0x01, 0x3E, 0x6E, 0x00,
    0x43, 0x6F, 0x00, 0x3B, 0x5B, 0x00, 0x2B, 0x52, 0x01, 0x2B, 0x00, 0x00, 0x3B, 0x00, 0x3B, 0x2B,
    0x00, 0x00, 0x37, 0x00, 0x00, 0x43, 0x00, 0x01, 0x37, 0x56, 0x00, 0x43, 0x55, 0x00, 0x2B, 0x4C,
    0x00, 0x32, 0x52, 0x00, 0x3E, 0x5F, 0x00, 0x3B, 0x47, 0x01, 0x3B, 0x00, 0x00, 0x3E, 0x00, 0x00,
    0x32, 0x00, 0x37, 0x3B, 0x00, 0x00, 0x3E, 0x00, 0x01, 0x32, 0x00, 0x00, 0x43, 0x00, 0x00, 0x37,
    0x51, 0x01, 0x37, 0x00, 0x00, 0x2B, 0x00, 0x00, 0x3B, 0x58, 0x00, 0x3E, 0x64, 0x00, 0x32, 0x55,
    0x00, 0x43, 0x61, 0x01, 0x2B, 0x57, 0x39, 0x43, 0x00, 0x01, 0x37, 0x00, 0x00, 0x2B, 0x00, 0x01,
    0x3E, 0x00, 0x00, 0x3B, 0x00, 0x00, 0x37, 0x56, 0x00, 0x43, 0x55, 0x00, 0x2B, 0x4C, 0x00, 0x32,
    0x52, 0x01, 0x32, 0x00, 0x00, 0x3E, 0x5F, 0x00, 0x3B, 0x47, 0x38, 0x3B, 0x60, 0x00, 0x3E, 0x67,
    0x00, 0x43, 0x6F, 0x00, 0x37, 0x68, 0x01, 0x37, 0x00, 0x00, 0x43, 0x00, 0x00, 0x3B, 0x00, 0x00,
    0x3E, 0x00, 0x00, 0x2B, 0x00, 0x01, 0x2B, 0x5D, 0x00, 0x32, 0x60, 0x01, 0x32, 0x00, 0x3A, 0x3B,
    0x00, 0x00, 0x3E, 0x00, 0x00, 0x43, 0x59, 0x00, 0x37, 0x5E, 0x01, 0x37, 0x00, 0x00, 0x43, 0x00,
    0x00, 0x3B, 0x45, 0x00, 0x3E, 0x67, 0x01, 0x32, 0x00, 0x00, 0x2B, 0x57, 0x01, 0x2B, 0x00, 0x00,
    0x32, 0x5A, 0x38, 0x2B, 0x00, 0x00, 0x37, 0x00, 0x00, 0x43, 0x00, 0x01, 0x3E, 0x00, 0x00, 0x3B,
    0x00, 0x00, 0x32, 0x00, 0x05, 0x3B, 0x46, 0x01, 0x3E, 0x44, 0x01, 0x32, 0x5A, 0x01, 0x37, 0x56,
    0x00, 0x2B, 0x5A, 0x73, 0x32, 0x00, 0x00, 0x37, 0x58, 0x01, 0x37, 0x00, 0x00, 0x32, 0x5A, 0x01,
    0x3B, 0x00, 0x00, 0x3E, 0x6E, 0x01, 0x3E, 0x00, 0x00, 0x43, 0x6F, 0x00, 0x3B, 0x5B, 0x00, 0x2B,
    0x52, 0x01, 0x2B, 0x00, 0x72, 0x37, 0x00, 0x02, 0x3E, 0x00, 0x01, 0x43, 0x00, 0x00, 0x32, 0x00,
    0x00, 0x3B, 0x00, 0x00, 0x37, 0x51, 0x01, 0x3B, 0x58, 0x00, 0x3E, 0x64, 0x00, 0x32, 0x55, 0x00,
    0x43, 0x61, 0x00, 0x2B, 0x57, 0x01, 0x2B, 0x00, 0x39, 0x2B, 0x00, 0x00, 0x43, 0x00, 0x01, 0x37,
    0x56, 0x00, 0x43, 0x55, 0x01, 0x37, 0x00, 0x00, 0x2B, 0x4C, 0x00, 0x32, 0x52, 0x00, 0x3E, 0x5F,
    0x00, 0x3B, 0x47, 0x01, 0x3B, 0x00, 0x00, 0x3E, 0x00, 0x00, 0x32, 0x00, 0x37, 0x43, 0x00, 0x00,
    0x3E, 0x00, 0x00, 0x37, 0x00, 0x00, 0x3B, 0x00, 0x01, 0x3B, 0x60, 0x00, 0x3E, 0x67, 0x00, 0x43,
    0x6F, 0x00, 0x37, 0x68, 0x01, 0x32, 0x00, 0x00, 0x2B, 0x00, 0x01, 0x2B, 0x5D, 0x00, 0x32, 0x60,
    0x3B, 0x43, 0x59, 0x00, 0x37, 0x5E, 0x00, 0x3B, 0x45, 0x00, 0x3E, 0x67, 0x01, 0x3E, 0x00, 0x00,
    0x3B, 0x00, 0x00, 0x43, 0x00, 0x00, 0x37, 0x00, 0x01, 0x2B, 0x57, 0x00, 0x32, 0x5A, 0x01, 0x32,
    0x00, 0x00, 0x2B, 0x00, 0x38, 0x32, 0x00, 0x00, 0x37, 0x00, 0x00, 0x3E, 0x00, 0x00, 0x3B, 0x00,
    0x01, 0x43, 0x00, 0x00, 0x2B, 0x00, 0x00, 0x3B, 0x46, 0x00, 0x3E, 0x44, 0x01, 0x32, 0x5A, 0x01,
    0x37, 0x56, 0x00, 0x2B, 0x5A, 0x73, 0x32, 0x00, 0x01, 0x37, 0x58, 0x00, 0x32, 0x5A, 0x01, 0x37,
    0x00, 0x00, 0x3E, 0x00, 0x01, 0x3E, 0x6E, 0x00, 0x43, 0x6F, 0x00, 0x3B, 0x5B, 0x00, 0x2B, 0x52,
    0x01, 0x2B, 0x00, 0x00, 0x3B, 0x00, 0x3B, 0x2B, 0x00, 0x00, 0x37, 0x00, 0x00, 0x43, 0x00, 0x01,
    0x37, 0x56, 0x00, 0x43, 0x55, 0x00, 0x2B, 0x4C, 0x00, 0x32, 0x52, 0x00, 0x3E, 0x5F, 0x00, 0x3B,
    0x47, 0x01, 0x3B, 0x00, 0x00, 0x3E, 0x00, 0x00, 0x32, 0x00, 0x37, 0x3B, 0x00, 0x00, 0x3E, 0x00,
    0x01, 0x32, 0x00, 0x00, 0x43, 0x00, 0x00, 0x37, 0x51, 0x01, 0x37, 0x00, 0x00, 0x2B, 0x00, 0x00,
    0x3B, 0x58, 0x00, 0x3E, 0x64, 0x00, 0x32, 0x55, 0x00, 0x43, 0x61, 0x01, 0x2B, 0x57, 0x39, 0x43,
    0x00, 0x01, 0x37, 0x00, 0x00, 0x2B, 0x00, 0x01, 0x3E, 0x00, 0x00, 0x3B, 0x00, 0x00, 0x37, 0x56,
    0x00, 0x43, 0x55, 0x00, 0x2B, 0x4C, 0x00, 0x32, 0x52, 0x01, 0x32, 0x00, 0x00, 0x3E, 0x5F, 0x00,
    0x3B, 0x47, 0x38, 0x3B, 0x60, 0x00, 0x3E, 0x67, 0x00, 0x43, 0x6F, 0x00, 0x37, 0x68, 0x01, 0x37,
    0x00, 0x00, 0x43, 0x00, 0x00, 0x3B, 0x00, 0x00, 0x3E, 0x00, 0x00, 0x2B, 0x00, 0x01, 0x2B, 0x5D,
    0x00, 0x32, 0x60, 0x01, 0x32, 0x00, 0x3A, 0x3B, 0x00, 0x00, 0x3E, 0x00, 0x00, 0x43, 0x59, 0x00,
    0x37, 0x5E, 0x01, 0x37, 0x00, 0x00, 0x43, 0x00, 0x00, 0x3B, 0x45, 0x00, 0x3E, 0x67, 0x01, 0x32,
    0x00, 0x00, 0x2B, 0x57, 0x01, 0x2B, 0x00, 0x00, 0x32, 0x5A, 0x38, 0x2B, 0x00, 0x00, 0x37, 0x00,
    0x00, 0x43, 0x00, 0x01, 0x3E, 0x00, 0x00, 0x3B, 0x00, 0x00, 0x32, 0x00, 0x05, 0x3B, 0x46, 0x01,
    0x3E, 0x44, 0x01, 0x32, 0x5A, 0x01, 0x37, 0x56, 0x00, 0x2B, 0x5A, 0x73, 0x32, 0x00, 0x00, 0x37,
    0x58, 0x01, 0x37, 0x00, 0x00, 0x32, 0x5A, 0x01, 0x3B, 0x00, 0x00, 0x3E, 0x6E, 0x01, 0x3E, 0x00,
    0x00, 0x43, 0x6F, 0x00, 0x3B, 0x5B, 0x00, 0x2B, 0x52, 0x01, 0x2B, 0x00, 0x72, 0x37, 0x00, 0x02,
    0x3E, 0x00, 0x01, 0x43, 0x00, 0x00, 0x32, 0x00, 0x00, 0x3B, 0x00, 0x00, 0x37, 0x51, 0x01, 0x3B,
    0x58, 0x00, 0x3E, 0x64, 0x00, 0x32, 0x55, 0x00, 0x43, 0x61, 0x00, 0x2B, 0x57, 0x01, 0x2B, 0x00,
    0x39, 0x2B, 0x00, 0x00, 0x43, 0x00, 0x01, 0x37, 0x56, 0x00, 0x43, 0x55, 0x01, 0x37, 0x00, 0x00,
    0x2B, 0x4C, 0x00, 0x32, 0x52, 0x00, 0x3E, 0x5F, 0x00, 0x3B, 0x47, 0x01, 0x3B, 0x00, 0x00, 0x3E,
    0x00, 0x00, 0x32, 0x00, 0x37, 0x43, 0x00, 0x00, 0x3E, 0x00, 0x00, 0x37, 0x00, 0x00, 0x3B, 0x00,
    0x01, 0x3B, 0x60, 0x00, 0x3E, 0x67, 0x00, 0x43, 0x6F, 0x00, 0x37, 0x68, 0x01, 0x32, 0x00, 0x00,
    0x2B, 0x00, 0x01, 0x2B, 0x5D, 0x00, 0x32, 0x60, 0x3B, 0x43, 0x59, 0x00, 0x37, 0x5E, 0x00, 0x3B,
    0x45, 0x00, 0x3E, 0x67, 0x01, 0x3E, 0x00, 0x00, 0x3B, 0x00, 0x00, 0x43, 0x00, 0x00, 0x37, 0x00,
    0x01, 0x2B, 0x57, 0x00, 0x32, 0x5A, 0x01, 0x32, 0x00, 0x00, 0x2B, 0x00, 0x38, 0x32, 0x00, 0x00,
    0x37, 0x00, 0x00, 0x3E, 0x00, 0x00, 0x3B, 0x00, 0x01, 0x43, 0x00, 0x00, 0x2B, 0x00, 0x00, 0x3B,
    0x46, 0x00, 0x3E, 0x44, 0x01, 0x32, 0x5A, 0x01, 0x37, 0x56, 0x00, 0x2B, 0x5A, 0x73, 0x32, 0x00,
    0x01, 0x37, 0x58, 0x00, 0x32, 0x5A, 0x01, 0x37, 0x00, 0x00, 0x3E, 0x00, 0x01, 0x3E, 0x6E, 0x00,
    0x43, 0x6F, 0x00, 0x3B, 0x5B, 0x00, 0x2B, 0x52, 0x01, 0x2B, 0x00, 0x00, 0x3B, 0x00, 0x3B, 0x2B,
    0x00, 0x00, 0x37, 0x00, 0x00, 0x43, 0x00, 0x01, 0x37, 0x56, 0x00, 0x43, 0x55, 0x00, 0x2B, 0x4C,
    0x00, 0x32, 0x52, 0x00, 0x3E, 0x5F, 0x00, 0x3B, 0x47, 0x01, 0x3B, 0x00, 0x00, 0x3E, 0x00, 0x00,
    0x32, 0x00, 0x37, 0x3B, 0x00, 0x00, 0x3E, 0x00, 0x01, 0x32, 0x00, 0x00, 0x43, 0x00, 0x00, 0x37,
    0x51, 0x01, 0x37, 0x00, 0x00, 0x2B, 0x00, 0x00, 0x3B, 0x58, 0x00, 0x3E, 0x64, 0x00, 0x32, 0x55,
    0x00, 0x43, 0x61, 0x01, 0x2B, 0x57, 0x39, 0x43, 0x00, 0x01, 0x37, 0x00, 0x00, 0x2B, 0x00, 0x01,
    0x3E, 0x00, 0x00, 0x3B, 0x00, 0x00, 0x37, 0x56, 0x00, 0x43, 0x55, 0x00, 0x2B, 0x4C, 0x00, 0x32,
    0x52, 0x01, 0x32, 0x00, 0x00, 0x3E, 0x5F, 0x00, 0x3B, 0x47, 0x38, 0x3B, 0x60, 0x00, 0x3E, 0x67,
    0x00, 0x43, 0x6F, 0x00, 0x37, 0x68, 0x01, 0x37, 0x00, 0x00, 0x43, 0x00, 0x00, 0x3B, 0x00, 0x00,
    0x3E, 0x00, 0x00, 0x2B, 0x00, 0x01, 0x2B, 0x5D, 0x00, 0x32, 0x60, 0x01, 0x32, 0x00, 0x3A, 0x3B,
    0x00, 0x00, 0x3E, 0x00, 0x00, 0x43, 0x59, 0x00, 0x37, 0x5E, 0x01, 0x37, 0x00, 0x00, 0x43, 0x00,
    0x00, 0x3B, 0x45, 0x00, 0x3E, 0x67, 0x01, 0x32, 0x00, 0x00, 0x2B, 0x57, 0x01, 0x2B, 0x00, 0x00,
    0x32, 0x5A, 0x38, 0x2B, 0x00, 0x00, 0x37, 0x00, 0x00, 0x43, 0x00, 0x01, 0x3E, 0x00, 0x00, 0x3B,
    0x00, 0x00, 0x32, 0x00, 0x05, 0x3B, 0x46, 0x01, 0x3E, 0x44, 0x01, 0x32, 0x5A, 0x01, 0x37, 0x56,
    0x00, 0x2B, 0x5A, 0x73, 0x32, 0x00, 0x00, 0x37, 0x58, 0x01, 0x37, 0x00, 0x00, 0x32, 0x5A, 0x01,
    0x3B, 0x00, 0x00, 0x3E, 0x6E, 0x01, 0x3E, 0x00, 0x00, 0x43, 0x6F, 0x00, 0x3B, 0x5B, 0x00, 0x2B,
    0x52, 0x01, 0x2B, 0x00, 0x72, 0x37, 0x00, 0x02, 0x3E, 0x00, 0x01, 0x43, 0x00, 0x00, 0x32, 0x00,
    0x00, 0x3B, 0x00, 0x00, 0x37, 0x51, 0x01, 0x3B, 0x58, 0x00, 0x3E, 0x64, 0x00, 0x32, 0x55, 0x00,
    0x43, 0x61, 0x00, 0x2B, 0x57, 0x01, 0x2B, 0x00, 0x39, 0x2B, 0x00, 0x00, 0x43, 0x00, 0x01, 0x37,
    0x56, 0x00, 0x43, 0x55, 0x01, 0x37, 0x00, 0x00, 0x2B, 0x4C, 0x00, 0x32, 0x52, 0x00, 0x3E, 0x5F,
    0x00, 0x3B, 0x47, 0x01, 0x3B, 0x00, 0x00, 0x3E, 0x00, 0x00, 0x32, 0x00, 0x37, 0x43, 0x00, 0x00,
    0x3E, 0x00, 0x00, 0x37, 0x00, 0x00, 0x3B, 0x00, 0x01, 0x3B, 0x60, 0x00, 0x3E, 0x67, 0x00, 0x43,
    0x6F, 0x00, 0x37, 0x68, 0x01, 0x32, 0x00, 0x00, 0x2B, 0x00, 0x01, 0x2B, 0x5D, 0x00, 0x32, 0x60,
    0x3B, 0x43, 0x59, 0x00, 0x37, 0x5E, 0x00, 0x3B, 0x45, 0x00, 0x3E, 0x67, 0x01, 0x3E, 0x00, 0x00,
    0x3B, 0x00, 0x00, 0x43, 0x00, 0x00, 0x37, 0x00, 0x01, 0x2B, 0x57, 0x00, 0x32, 0x5A, 0x01, 0x32,
    0x00, 0x00, 0x2B, 0x00, 0x38, 0x32, 0x00, 0x00, 0x37, 0x00, 0x00, 0x3E, 0x00, 0x00, 0x3B, 0x00,
    0x01, 0x43, 0x00, 0x00, 0x2B, 0x00, 0x00, 0x3B, 0x46, 0x00, 0x3E, 0x44, 0x01, 0x32, 0x5A, 0x01,
    0x37, 0x56, 0x00, 0x2B, 0x5A, 0x73, 0x32, 0x00, 0x01, 0x37, 0x58, 0x00, 0x32, 0x5A, 0x01, 0x37,
    0x00, 0x00, 0x3E, 0x00, 0x01, 0x3E, 0x6E, 0x00, 0x43, 0x6F, 0x00, 0x3B, 0x5B, 0x00, 0x2B, 0x52,
    0x01, 0x2B, 0x00, 0x00, 0x3B, 0x00, 0x3B, 0x2B, 0x00, 0x00, 0x37, 0x00, 0x00, 0x43, 0x00, 0x01,
    0x37, 0x56, 0x00, 0x43, 0x55, 0x00, 0x2B, 0x4C, 0x00, 0x32, 0x52, 0x00, 0x3E, 0x5F, 0x00, 0x3B,
    0x47, 0x01, 0x3B, 0x00, 0x00, 0x3E, 0x00, 0x00, 0x32, 0x00, 0x37, 0x3B, 0x00, 0x00, 0x3E, 0x00,
    0x01, 0x32, 0x00, 0x00, 0x43, 0x00, 0x00, 0x37, 0x51, 0x01, 0x37, 0x00, 0x00, 0x2B, 0x00, 0x00,
    0x3B, 0x58, 0x00, 0x3E, 0x64, 0x00, 0x32, 0x55, 0x00, 0x43, 0x61, 0x01, 0x2B, 0x57, 0x39, 0x43,
    0x00, 0x01, 0x37, 0x00, 0x00, 0x2B, 0x00, 0x01, 0x3E, 0x00, 0x00, 0x3B, 0x00, 0x00, 0x37, 0x56,
    0x00, 0x43, 0x55, 0x00, 0x2B, 0x4C, 0x00, 0x32, 0x52, 0x01, 0x32, 0x00, 0x00, 0x3E, 0x5F, 0x00,
    0x3B, 0x47, 0x38, 0x3B, 0x60, 0x00, 0x3E, 0x67, 0x00, 0x43, 0x6F, 0x00, 0x37, 0x68, 0x01, 0x37,
    0x00, 0x00, 0x43, 0x00, 0x00, 0x3B, 0x00, 0x00, 0x3E, 0x00, 0x00, 0x2B, 0x00, 0x01, 0x2B, 0x5D,
    0x00, 0x32, 0x60, 0x01, 0x32, 0x00, 0x3A, 0x3B, 0x00, 0x00, 0x3E, 0x00, 0x00, 0x43, 0x59, 0x00,
    0x37, 0x5E, 0x01, 0x37, 0x00, 0x00, 0x43, 0x00, 0x00, 0x3B, 0x45, 0x00, 0x3E, 0x67, 0x01, 0x32,
    0x00, 0x00, 0x2B, 0x57, 0x01, 0x2B, 0x00, 0x00, 0x32, 0x5A, 0x38, 0x2B, 0x00, 0x00, 0x37, 0x00,
    0x00, 0x43, 0x00, 0x01, 0x3E, 0x00, 0x00, 0x3B, 0x00, 0x00, 0x32, 0x00, 0x05, 0x37, 0x46, 0x01,
    0x3B, 0x44, 0x01, 0x2F, 0x5A, 0x01, 0x34, 0x56, 0x00, 0x28, 0x5A, 0x73, 0x2F, 0x00, 0x00, 0x34,
    0x58, 0x01, 0x34, 0x00, 0x00, 0x2F, 0x5A, 0x01, 0x37, 0x00, 0x00, 0x3B, 0x6E, 0x01, 0x3B, 0x00,
    0x00, 0x40, 0x6F, 0x00, 0x37, 0x5B, 0x00, 0x28, 0x52, 0x01, 0x28, 0x00, 0x72, 0x34, 0x00, 0x02,
    0x3B, 0x00, 0x01, 0x40, 0x00, 0x00, 0x2F, 0x00, 0x00, 0x37, 0x00, 0x00, 0x34, 0x51, 0x01, 0x37,
    0x58, 0x00, 0x3B, 0x64, 0x00, 0x2F, 0x55, 0x00, 0x40, 0x61, 0x00, 0x28, 0x57, 0x01, 0x28, 0x00,
    0x39, 0x28, 0x00, 0x00, 0x40, 0x00, 0x01, 0x34, 0x56, 0x00, 0x40, 0x55, 0x01, 0x34, 0x00, 0x00,
    0x28, 0x4C, 0x00, 0x2F, 0x52, 0x00, 0x3B, 0x5F, 0x00, 0x37, 0x47, 0x01, 0x37, 0x00, 0x00, 0x3B,
    0x00, 0x00, 0x2F, 0x00, 0x37, 0x40, 0x00, 0x00, 0x3B, 0x00, 0x00, 0x34, 0x00, 0x00, 0x37, 0x00,
    0x01, 0x37, 0x60, 0x00, 0x3B, 0x67, 0x00, 0x40, 0x6F, 0x00, 0x34, 0x68, 0x01, 0x2F, 0x00, 0x00,
    0x28, 0x00, 0x01, 0x28, 0x5D, 0x00, 0x2F, 0x60, 0x3B, 0x40, 0x59, 0x00, 0x34, 0x5E, 0x00, 0x37,
    0x45, 0x00, 0x3B, 0x67, 0x01, 0x3B, 0x00, 0x00, 0x37, 0x00, 0x00, 0x40, 0x00, 0x00, 0x34, 0x00,
    0x01, 0x28, 0x57, 0x00, 0x2F, 0x5A, 0x01, 0x2F, 0x00, 0x00, 0x28, 0x00, 0x38, 0x2F, 0x00, 0x00,
    0x34, 0x00, 0x00, 0x3B, 0x00, 0x00, 0x37, 0x00, 0x01, 0x40, 0x00, 0x00, 0x28, 0x00, 0x00, 0x3D,
    0x46, 0x01, 0x34, 0x5A, 0x01, 0x39, 0x56, 0x00, 0x2D, 0x5A, 0x73, 0x34, 0x00, 0x01, 0x39, 0x58,
    0x00, 0x34, 0x5A, 0x01, 0x39, 0x00, 0x01, 0x40, 0x6E, 0x00, 0x3D, 0x5B, 0x00, 0x2D, 0x52, 0x01,
    0x2D, 0x00, 0x00, 0x3D, 0x00, 0x3B, 0x39, 0x00, 0x00, 0x2D, 0x00, 0x01, 0x39, 0x56, 0x00, 0x2D,
    0x4C, 0x00, 0x34, 0x52, 0x00, 0x40, 0x5F, 0x00, 0x3D, 0x47, 0x01, 0x3D, 0x00, 0x00, 0x40, 0x00,
    0x00, 0x34, 0x00, 0x37, 0x3D, 0x00, 0x00, 0x40, 0x00, 0x01, 0x34, 0x00, 0x00, 0x39, 0x51, 0x01,
    0x39, 0x00, 0x00, 0x2D, 0x00, 0x00, 0x3D, 0x58, 0x00, 0x40, 0x64, 0x00, 0x34, 0x55, 0x01, 0x2D,
    0x57, 0x3A, 0x2D, 0x00, 0x00, 0x39, 0x00, 0x01, 0x3D, 0x00, 0x00, 0x40, 0x00, 0x00, 0x39, 0x56,
    0x00, 0x2D, 0x4C, 0x00, 0x34, 0x52, 0x01, 0x34, 0x00, 0x00, 0x40, 0x5F, 0x00, 0x3D, 0x47, 0x38,
    0x3D, 0x60, 0x00, 0x40, 0x67, 0x00, 0x39, 0x68, 0x01, 0x39, 0x00, 0x00, 0x40, 0x00, 0x00, 0x2D,
    0x00, 0x00, 0x3D, 0x00, 0x01, 0x2D, 0x5D, 0x00, 0x34, 0x60, 0x01, 0x34, 0x00, 0x3A, 0x3D, 0x00,
    0x00, 0x40, 0x00, 0x00, 0x39, 0x5E, 0x01, 0x39, 0x00, 0x00, 0x3D, 0x45, 0x00, 0x40, 0x67, 0x01,
    0x34, 0x00, 0x00, 0x2D, 0x57, 0x01, 0x2D, 0x00, 0x00, 0x34, 0x5A, 0x38, 0x39, 0x00, 0x00, 0x2D,
    0x00, 0x01, 0x3D, 0x00, 0x00, 0x40, 0x00, 0x00, 0x34, 0x00, 0x05, 0x37, 0x46, 0x01, 0x3B, 0x44,
    0x01, 0x2F, 0x5A, 0x01, 0x34, 0x56, 0x00, 0x28, 0x5A, 0x73, 0x2F, 0x00, 0x00, 0x34, 0x58, 0x01,
    0x34, 0x00, 0x00, 0x2F, 0x5A, 0x01, 0x37, 0x00, 0x00, 0x3B, 0x6E, 0x01, 0x3B, 0x00, 0x00, 0x40,
    0x6F, 0x00, 0x37, 0x5B, 0x00, 0x28, 0x52, 0x01, 0x28, 0x00, 0x72, 0x34, 0x00, 0x02, 0x3B, 0x00,
    0x01, 0x40, 0x00, 0x00, 0x2F, 0x00, 0x00, 0x37, 0x00, 0x00, 0x34, 0x51, 0x01, 0x37, 0x58, 0x00,
    0x3B, 0x64, 0x00, 0x2F, 0x55, 0x00, 0x40, 0x61, 0x00, 0x28, 0x57, 0x01, 0x28, 0x00, 0x39, 0x28,
    0x00, 0x00, 0x40, 0x00, 0x01, 0x34, 0x56, 0x00, 0x40, 0x55, 0x01, 0x34, 0x00, 0x00, 0x28, 0x4C,
    0x00, 0x2F, 0x52, 0x00, 0x3B, 0x5F, 0x00, 0x37, 0x47, 0x01, 0x37, 0x00, 0x00, 0x3B, 0x00, 0x00,
    0x2F, 0x00, 0x37, 0x40, 0x00, 0x00, 0x3B, 0x00, 0x00, 0x34, 0x00, 0x00, 0x37, 0x00, 0x01, 0x37,
    0x60, 0x00, 0x3B, 0x67, 0x00, 0x40, 0x6F, 0x00, 0x34, 0x68, 0x01, 0x2F, 0x00, 0x00, 0x28, 0x00,
    0x01, 0x28, 0x5D, 0x00, 0x2F, 0x60, 0x3B, 0x40, 0x59, 0x00, 0x34, 0x5E, 0x00, 0x37, 0x45, 0x00,
    0x3B, 0x67, 0x01, 0x3B, 0x00, 0x00, 0x37, 0x00, 0x00, 0x40, 0x00, 0x00, 0x34, 0x00, 0x01, 0x28,
    0x57, 0x00, 0x2F, 0x5A, 0x01, 0x2F, 0x00, 0x00, 0x28, 0x00, 0x38, 0x2F, 0x00, 0x00, 0x34, 0x00,
    0x00, 0x3B, 0x00, 0x00, 0x37, 0x00, 0x01, 0x40, 0x00, 0x00, 0x28, 0x00, 0x00, 0x3D, 0x46, 0x01,
    0x34, 0x5A, 0x01, 0x39, 0x56, 0x00, 0x2D, 0x5A, 0x73, 0x34, 0x00, 0x01, 0x39, 0x58, 0x00, 0x34,
    0x5A, 0x01, 0x39, 0x00, 0x01, 0x40, 0x6E, 0x00, 0x3D, 0x5B, 0x00, 0x2D, 0x52, 0x01, 0x2D, 0x00,
    0x00, 0x3D, 0x00, 0x3B, 0x39, 0x00, 0x00, 0x2D, 0x00, 0x01, 0x39, 0x56, 0x00, 0x2D, 0x4C, 0x00,
    0x34, 0x52, 0x00, 0x40, 0x5F, 0x00, 0x3D, 0x47, 0x01, 0x3D, 0x00, 0x00, 0x40, 0x00, 0x00, 0x34,
    0x00, 0x37, 0x3D, 0x00, 0x00, 0x40, 0x00, 0x01, 0x34, 0x00, 0x00, 0x39, 0x51, 0x01, 0x39, 0x00,
    0x00, 0x2D, 0x00, 0x00, 0x3D, 0x58, 0x00, 0x40, 0x64, 0x00, 0x34, 0x55, 0x01, 0x2D, 0x57, 0x3A,
    0x2D, 0x00, 0x00, 0x39, 0x00, 0x01, 0x3D, 0x00, 0x00, 0x40, 0x00, 0x00, 0x39, 0x56, 0x00, 0x2D,
    0x4C, 0x00, 0x34, 0x52, 0x01, 0x34, 0x00, 0x00, 0x40, 0x5F, 0x00, 0x3D, 0x47, 0x38, 0x3D, 0x60,
    0x00, 0x40, 0x67, 0x00, 0x39, 0x68, 0x01, 0x39, 0x00, 0x00, 0x40, 0x00, 0x00, 0x2D, 0x00, 0x00,
    0x3D, 0x00, 0x01, 0x2D, 0x5D, 0x00, 0x34, 0x60, 0x01, 0x34, 0x00, 0x3A, 0x3D, 0x00, 0x00, 0x40,
    0x00, 0x00, 0x39, 0x5E, 0x01, 0x39, 0x00, 0x00, 0x3D, 0x45, 0x00, 0x40, 0x67, 0x01, 0x34, 0x00,
    0x00, 0x2D, 0x57, 0x01, 0x2D, 0x00, 0x00, 0x34, 0x5A, 0x38, 0x39, 0x00, 0x00, 0x2D, 0x00, 0x01,
    0x3D, 0x00, 0x00, 0x40, 0x00, 0x00, 0x34, 0x00, 0x05, 0x37, 0x46, 0x01, 0x3B, 0x44, 0x01, 0x2F,
    0x5A, 0x01, 0x34, 0x56, 0x00, 0x28, 0x5A, 0x73, 0x2F, 0x00, 0x00, 0x34, 0x58, 0x01, 0x34, 0x00,
    0x00, 0x2F, 0x5A, 0x01, 0x37, 0x00, 0x00, 0x3B, 0x6E, 0x01, 0x3B, 0x00, 0x00, 0x40, 0x6F, 0x00,
    0x37, 0x5B, 0x00, 0x28, 0x52, 0x01, 0x28, 0x00, 0x72, 0x34, 0x00, 0x02, 0x3B, 0x00, 0x01, 0x40,
    0x00, 0x00, 0x2F, 0x00, 0x00, 0x37, 0x00, 0x00, 0x34, 0x51, 0x01, 0x37, 0x58, 0x00, 0x3B, 0x64,
    0x00, 0x2F, 0x55, 0x00, 0x40, 0x61, 0x00, 0x28, 0x57, 0x01, 0x28, 0x00, 0x39, 0x28, 0x00, 0x00,
    0x40, 0x00, 0x01, 0x34, 0x56, 0x00, 0x40, 0x55, 0x01, 0x34, 0x00, 0x00, 0x28, 0x4C, 0x00, 0x2F,
    0x52, 0x00, 0x3B, 0x5F, 0x00, 0x37, 0x47, 0x01, 0x37, 0x00, 0x00, 0x3B, 0x00, 0x00, 0x2F, 0x00,
    0x37, 0x40, 0x00, 0x00, 0x3B, 0x00, 0x00, 0x34, 0x00, 0x00, 0x37, 0x00, 0x01, 0x37, 0x60, 0x00,
    0x3B, 0x67, 0x00, 0x40, 0x6F, 0x00, 0x34, 0x68, 0x01, 0x2F, 0x00, 0x00, 0x28, 0x00, 0x01, 0x28,
    0x5D, 0x00, 0x2F, 0x60, 0x3B, 0x40, 0x59, 0x00, 0x34, 0x5E, 0x00, 0x37, 0x45, 0x00, 0x3B, 0x67,
    0x01, 0x3B, 0x00, 0x00, 0x37, 0x00, 0x00, 0x40, 0x00, 0x00, 0x34, 0x00, 0x01, 0x28, 0x57, 0x00,
    0x2F, 0x5A, 0x01, 0x2F, 0x00, 0x00, 0x28, 0x00, 0x38, 0x2F, 0x00, 0x00, 0x34, 0x00, 0x00, 0x3B,
    0x00, 0x00, 0x37, 0x00, 0x01, 0x40, 0x00, 0x00, 0x28, 0x00, 0x00, 0x3D, 0x46, 0x01, 0x34, 0x5A,
    0x01, 0x39, 0x56, 0x00, 0x2D, 0x5A, 0x73, 0x34, 0x00, 0x01, 0x39, 0x58, 0x00, 0x34, 0x5A, 0x01,
    0x39, 0x00, 0x01, 0x40, 0x6E, 0x00, 0x3D, 0x5B, 0x00, 0x2D, 0x52, 0x01, 0x2D, 0x00, 0x00, 0x3D,
    0x00, 0x3B, 0x39, 0x00, 0x00, 0x2D, 0x00, 0x01, 0x39, 0x56, 0x00, 0x2D, 0x4C, 0x00, 0x34, 0x52,
    0x00, 0x40, 0x5F, 0x00, 0x3D, 0x47, 0x01, 0x3D, 0x00, 0x00, 0x40, 0x00, 0x00, 0x34, 0x00, 0x37,
    0x3D, 0x00, 0x00, 0x40, 0x00, 0x01, 0x34, 0x00, 0x00, 0x39, 0x51, 0x01, 0x39, 0x00, 0x00, 0x2D,
    0x00, 0x00, 0x3D, 0x58, 0x00, 0x40, 0x64, 0x00, 0x34, 0x55, 0x01, 0x2D, 0x57, 0x3A, 0x2D, 0x00,
    0x00, 0x39, 0x00, 0x01, 0x3D, 0x00, 0x00, 0x40, 0x00, 0x00, 0x39, 0x56, 0x00, 0x2D, 0x4C, 0x00,
    0x34, 0x52, 0x01, 0x34, 0x00, 0x00, 0x40, 0x5F, 0x00, 0x3D, 0x47, 0x38, 0x3D, 0x60, 0x00, 0x40,
    0x67, 0x00, 0x39, 0x68, 0x01, 0x39, 0x00, 0x00, 0x40, 0x00, 0x00, 0x2D, 0x00, 0x00, 0x3D, 0x00,
    0x01, 0x2D, 0x5D, 0x00, 0x34, 0x60, 0x01, 0x34, 0x00, 0x3A, 0x3D, 0x00, 0x00, 0x40, 0x00, 0x00,
    0x39, 0x5E, 0x01, 0x39, 0x00, 0x00, 0x3D, 0x45, 0x00, 0x40, 0x67, 0x01, 0x34, 0x00, 0x00, 0x2D,
    0x57, 0x01, 0x2D, 0x00, 0x00, 0x34, 0x5A, 0x38, 0x39, 0x00, 0x00, 0x2D, 0x00, 0x01, 0x3D, 0x00,
    0x00, 0x40, 0x00, 0x00, 0x34, 0x00, 0x05, 0x37, 0x46, 0x01, 0x3B, 0x44, 0x01, 0x2F, 0x5A, 0x01,
    0x34, 0x56, 0x00, 0x28, 0x5A, 0x73, 0x2F, 0x00, 0x00, 0x34, 0x58, 0x01, 0x34, 0x00, 0x00, 0x2F,
    0x5A, 0x01, 0x37, 0x00, 0x00, 0x3B, 0x6E, 0x01, 0x3B, 0x00, 0x00, 0x40, 0x6F, 0x00, 0x37, 0x5B,
    0x00, 0x28, 0x52, 0x01, 0x28, 0x00, 0x72, 0x34, 0x00, 0x02, 0x3B, 0x00, 0x01, 0x40, 0x00, 0x00,
    0x2F, 0x00, 0x00, 0x37, 0x00, 0x00, 0x34, 0x51, 0x01, 0x37, 0x58, 0x00, 0x3B, 0x64, 0x00, 0x2F,
    0x55, 0x00, 0x40, 0x61, 0x00, 0x28, 0x57, 0x01, 0x28, 0x00, 0x39, 0x28, 0x00, 0x00, 0x40, 0x00,
    0x01, 0x34, 0x56, 0x00, 0x40, 0x55, 0x01, 0x34, 0x00, 0x00, 0x28, 0x4C, 0x00, 0x2F, 0x52, 0x00,
    0x3B, 0x5F, 0x00, 0x37, 0x47, 0x01, 0x37, 0x00, 0x00, 0x3B, 0x00, 0x00, 0x2F, 0x00, 0x37, 0x40,
    0x00, 0x00, 0x3B, 0x00, 0x00, 0x34, 0x00, 0x00, 0x37, 0x00, 0x01, 0x37, 0x60, 0x00, 0x3B, 0x67,
    0x00, 0x40, 0x6F, 0x00, 0x34, 0x68, 0x01, 0x2F, 0x00, 0x00, 0x28, 0x00, 0x01, 0x28, 0x5D, 0x00,
    0x2F, 0x60, 0x3B, 0x40, 0x59, 0x00, 0x34, 0x5E, 0x00, 0x37, 0x45, 0x00, 0x3B, 0x67, 0x01, 0x3B,
    0x00, 0x00, 0x37, 0x00, 0x00, 0x40, 0x00, 0x00, 0x34, 0x00, 0x01, 0x28, 0x57, 0x00, 0x2F, 0x5A,
    0x01, 0x2F, 0x00, 0x00, 0x28, 0x00, 0x38, 0x2F, 0x00, 0x00, 0x34, 0x00, 0x00, 0x3B, 0x00, 0x00,
    0x37, 0x00, 0x01, 0x40, 0x00, 0x00, 0x28, 0x00, 0x00, 0x3D, 0x46, 0x01, 0x34, 0x5A, 0x01, 0x39,
    0x56, 0x00, 0x2D, 0x5A, 0x73, 0x34, 0x00, 0x01, 0x39, 0x58, 0x00, 0x34, 0x5A, 0x01, 0x39, 0x00,
    0x01, 0x40, 0x6E, 0x00, 0x3D, 0x5B, 0x00, 0x2D, 0x52, 0x01, 0x2D, 0x00, 0x00, 0x3D, 0x00, 0x3B,
    0x39, 0x00, 0x00, 0x2D, 0x00, 0x01, 0x39, 0x56, 0x00, 0x2D, 0x4C, 0x00, 0x34, 0x52, 0x00, 0x40,
    0x5F, 0x00, 0x3D, 0x47, 0x01, 0x3D, 0x00, 0x00, 0x40, 0x00, 0x00, 0x34, 0x00, 0x37, 0x3D, 0x00,
    0x00, 0x40, 0x00, 0x01, 0x34, 0x00, 0x00, 0x39, 0x51, 0x01, 0x39, 0x00, 0x00, 0x2D, 0x00, 0x00,
    0x3D, 0x58, 0x00, 0x40, 0x64, 0x00, 0x34, 0x55, 0x01, 0x2D, 0x57, 0x3A, 0x2D, 0x00, 0x00, 0x39,
    0x00, 0x01, 0x3D, 0x00, 0x00, 0x40, 0x00, 0x00, 0x39, 0x56, 0x00, 0x2D, 0x4C, 0x00, 0x34, 0x52,
    0x01, 0x34, 0x00, 0x00, 0x40, 0x5F, 0x00, 0x3D, 0x47, 0x38, 0x3D, 0x60, 0x00, 0x40, 0x67, 0x00,
    0x39, 0x68, 0x01, 0x39, 0x00, 0x00, 0x40, 0x00, 0x00, 0x2D, 0x00, 0x00, 0x3D, 0x00, 0x01, 0x2D,
    0x5D, 0x00, 0x34, 0x60, 0x01, 0x34, 0x00, 0x3A, 0x3D, 0x00, 0x00, 0x40, 0x00, 0x00, 0x39, 0x5E,
    0x01, 0x39, 0x00, 0x00, 0x3D, 0x45, 0x00, 0x40, 0x67, 0x01, 0x34, 0x00, 0x00, 0x2D, 0x57, 0x01,
    0x2D, 0x00, 0x00, 0x34, 0x5A, 0x38, 0x39, 0x00, 0x00, 0x2D, 0x00, 0x01, 0x3D, 0x00, 0x00, 0x40,
    0x00, 0x00, 0x34, 0x00, 0x05, 0x37, 0x46, 0x01, 0x3B, 0x44, 0x01, 0x2F, 0x5A, 0x01, 0x34, 0x56,
    0x00, 0x28, 0x5A, 0x73, 0x2F, 0x00, 0x00, 0x34, 0x58, 0x01, 0x34, 0x00, 0x00, 0x2F, 0x5A, 0x01,
    0x37, 0x00, 0x00, 0x3B, 0x6E, 0x01, 0x3B, 0x00, 0x00, 0x40, 0x6F, 0x00, 0x37, 0x5B, 0x00, 0x28,
    0x52, 0x01, 0x28, 0x00, 0x72, 0x34, 0x00, 0x02, 0x3B, 0x00, 0x01, 0x40, 0x00, 0x00, 0x2F, 0x00,
    0x00, 0x37, 0x00, 0x00, 0x34, 0x51, 0x01, 0x37, 0x58, 0x00, 0x3B, 0x64, 0x00, 0x2F, 0x55, 0x00,
    0x40, 0x61, 0x00, 0x28, 0x57, 0x01, 0x28, 0x00, 0x39, 0x28, 0x00, 0x00, 0x40, 0x00, 0x01, 0x34,
    0x56, 0x00, 0x40, 0x55, 0x01, 0x34, 0x00, 0x00, 0x28, 0x4C, 0x00, 0x2F, 0x52, 0x00, 0x3B, 0x5F,
    0x00, 0x37, 0x47, 0x01, 0x37, 0x00, 0x00, 0x3B, 0x00, 0x00, 0x2F, 0x00, 0x37, 0x40, 0x00, 0x00,
    0x3B, 0x00, 0x00, 0x34, 0x00, 0x00, 0x37, 0x00, 0x01, 0x37, 0x60, 0x00, 0x3B, 0x67, 0x00, 0x40,
    0x6F, 0x00, 0x34, 0x68, 0x01, 0x2F, 0x00, 0x00, 0x28, 0x00, 0x01, 0x28, 0x5D, 0x00, 0x2F, 0x60,
    0x3B, 0x40, 0x59, 0x00, 0x34, 0x5E, 0x00, 0x37, 0x45, 0x00, 0x3B, 0x67, 0x01, 0x3B, 0x00, 0x00,
    0x37, 0x00, 0x00, 0x40, 0x00, 0x00, 0x34, 0x00, 0x01, 0x28, 0x57, 0x00, 0x2F, 0x5A, 0x01, 0x2F,
    0x00, 0x00, 0x28, 0x00, 0x38, 0x2F, 0x00, 0x00, 0x34, 0x00, 0x00, 0x3B, 0x00, 0x00, 0x37, 0x00,
    0x01, 0x40, 0x00, 0x00, 0x28, 0x00, 0x00, 0x3D, 0x46, 0x01, 0x34, 0x5A, 0x01, 0x39, 0x56, 0x00,
    0x2D, 0x5A, 0x73, 0x34, 0x00, 0x01, 0x39, 0x58, 0x00, 0x34, 0x5A, 0x01, 0x39, 0x00, 0x01, 0x40,
    0x6E, 0x00, 0x3D, 0x5B, 0x00, 0x2D, 0x52, 0x01, 0x2D, 0x00, 0x00, 0x3D, 0x00, 0x3B, 0x39, 0x00,
    0x00, 0x2D, 0x00, 0x01, 0x39, 0x56, 0x00, 0x2D, 0x4C, 0x00, 0x34, 0x52, 0x00, 0x40, 0x5F, 0x00,
    0x3D, 0x47, 0x01, 0x3D, 0x00, 0x00, 0x40, 0x00, 0x00, 0x34, 0x00, 0x37, 0x3D, 0x00, 0x00, 0x40,
    0x00, 0x01, 0x34, 0x00, 0x00, 0x39, 0x51, 0x01, 0x39, 0x00, 0x00, 0x2D, 0x00, 0x00, 0x3D, 0x58,
    0x00, 0x40, 0x64, 0x00, 0x34, 0x55, 0x01, 0x2D, 0x57, 0x3A, 0x2D, 0x00, 0x00, 0x39, 0x00, 0x01,
    0x3D, 0x00, 0x00, 0x40, 0x00, 0x00, 0x39, 0x56, 0x00, 0x2D, 0x4C, 0x00, 0x34, 0x52, 0x01, 0x34,
    0x00, 0x00, 0x40, 0x5F, 0x00, 0x3D, 0x47, 0x38, 0x3D, 0x60, 0x00, 0x40, 0x67, 0x00, 0x39, 0x68,
    0x01, 0x39, 0x00, 0x00, 0x40, 0x00, 0x00, 0x2D, 0x00, 0x00, 0x3D, 0x00, 0x01, 0x2D, 0x5D, 0x00,
    0x34, 0x60, 0x01, 0x34, 0x00, 0x3A, 0x3D, 0x00, 0x00, 0x40, 0x00, 0x00, 0x39, 0x5E, 0x01, 0x39,
    0x00, 0x00, 0x3D, 0x45, 0x00, 0x40, 0x67, 0x01, 0x34, 0x00, 0x00, 0x2D, 0x57, 0x01, 0x2D, 0x00,
    0x00, 0x34, 0x5A, 0x38, 0x39, 0x00, 0x00, 0x2D, 0x00, 0x01, 0x3D, 0x00, 0x00, 0x40, 0x00, 0x00,
    0x34, 0x00, 0x05, 0x37, 0x46, 0x01, 0x3B, 0x44, 0x01, 0x2F, 0x5A, 0x01, 0x34, 0x56, 0x00, 0x28,
    0x5A, 0x73, 0x2F, 0x00, 0x00, 0x34, 0x58, 0x01, 0x34, 0x00, 0x00, 0x2F, 0x5A, 0x01, 0x37, 0x00,
    0x00, 0x3B, 0x6E, 0x01, 0x3B, 0x00, 0x00, 0x40, 0x6F, 0x00, 0x37, 0x5B, 0x00, 0x28, 0x52, 0x01,
    0x28, 0x00, 0x72, 0x34, 0x00, 0x02, 0x3B, 0x00, 0x01, 0x40, 0x00, 0x00, 0x2F, 0x00, 0x00, 0x37,
    0x00, 0x00, 0x34, 0x51, 0x01, 0x37, 0x58, 0x00, 0x3B, 0x64, 0x00, 0x2F, 0x55, 0x00, 0x40, 0x61,
    0x00, 0x28, 0x57, 0x01, 0x28, 0x00, 0x39, 0x28, 0x00, 0x00, 0x40, 0x00, 0x01, 0x34, 0x56, 0x00,
    0x40, 0x55, 0x01, 0x34, 0x00, 0x00, 0x28, 0x4C, 0x00, 0x2F, 0x52, 0x00, 0x3B, 0x5F, 0x00, 0x37,
    0x47, 0x01, 0x37, 0x00, 0x00, 0x3B, 0x00, 0x00, 0x2F, 0x00, 0x37, 0x40, 0x00, 0x00, 0x3B, 0x00,
    0x00, 0x34, 0x00, 0x00, 0x37, 0x00, 0x01, 0x37, 0x60, 0x00, 0x3B, 0x67, 0x00, 0x40, 0x6F, 0x00,
    0x34, 0x68, 0x01, 0x2F, 0x00, 0x00, 0x28, 0x00, 0x01, 0x28, 0x5D, 0x00, 0x2F, 0x60, 0x3B, 0x40,
    0x59, 0x00, 0x34, 0x5E, 0x00, 0x37, 0x45, 0x00, 0x3B, 0x67, 0x01, 0x3B, 0x00, 0x00, 0x37, 0x00,
    0x00, 0x40, 0x00, 0x00, 0x34, 0x00, 0x01, 0x28, 0x57, 0x00, 0x2F, 0x5A, 0x01, 0x2F, 0x00, 0x00,
    0x28, 0x00, 0x38, 0x2F, 0x00, 0x00, 0x34, 0x00, 0x00, 0x3B, 0x00, 0x00, 0x37, 0x00, 0x01, 0x40,
    0x00, 0x00, 0x28, 0x00, 0x00, 0x3D, 0x46, 0x01, 0x34, 0x5A, 0x01, 0x39, 0x56, 0x00, 0x2D, 0x5A,
    0x73, 0x34, 0x00, 0x01, 0x39, 0x58, 0x00, 0x34, 0x5A, 0x01, 0x39, 0x00, 0x01, 0x40, 0x6E, 0x00,
    0x3D, 0x5B, 0x00, 0x2D, 0x52, 0x01, 0x2D, 0x00, 0x00, 0x3D, 0x00, 0x3B, 0x39, 0x00, 0x00, 0x2D,
    0x00, 0x01, 0x39, 0x56, 0x00, 0x2D, 0x4C, 0x00, 0x34, 0x52, 0x00, 0x40, 0x5F, 0x00, 0x3D, 0x47,
    0x01, 0x3D, 0x00, 0x00, 0x40, 0x00, 0x00, 0x34, 0x00, 0x37, 0x3D, 0x00, 0x00, 0x40, 0x00, 0x01,
    0x34, 0x00, 0x00, 0x39, 0x51, 0x01, 0x39, 0x00, 0x00, 0x2D, 0x00, 0x00, 0x3D, 0x58, 0x00, 0x40,
    0x64, 0x00, 0x34, 0x55, 0x01, 0x2D, 0x57, 0x3A, 0x2D, 0x00, 0x00, 0x39, 0x00, 0x01, 0x3D, 0x00,
    0x00, 0x40, 0x00, 0x00, 0x39, 0x56, 0x00, 0x2D, 0x4C, 0x00, 0x34, 0x52, 0x01, 0x34, 0x00, 0x00,
    0x40, 0x5F, 0x00, 0x3D, 0x47, 0x38, 0x3D, 0x60, 0x00, 0x40, 0x67, 0x00, 0x39, 0x68, 0x01, 0x39,
    0x00, 0x00, 0x40, 0x00, 0x00, 0x2D, 0x00, 0x00, 0x3D, 0x00, 0x01, 0x2D, 0x5D, 0x00, 0x34, 0x60,
    0x01, 0x34, 0x00, 0x3A, 0x3D, 0x00, 0x00, 0x40, 0x00, 0x00, 0x39, 0x5E, 0x01, 0x39, 0x00, 0x00,
    0x3D, 0x45, 0x00, 0x40, 0x67, 0x01, 0x34, 0x00, 0x00, 0x2D, 0x57, 0x01, 0x2D, 0x00, 0x00, 0x34,
    0x5A, 0x38, 0x39, 0x00, 0x00, 0x2D, 0x00, 0x01, 0x3D, 0x00, 0x00, 0x40, 0x00, 0x00, 0x34, 0x00,
    0x05, 0x37, 0x46, 0x01, 0x3B, 0x44, 0x01, 0x2F, 0x5A, 0x01, 0x34, 0x56, 0x00, 0x28, 0x5A, 0x73,
    0x2F, 0x00, 0x00, 0x34, 0x58, 0x01, 0x34, 0x00, 0x00, 0x2F, 0x5A, 0x01, 0x37, 0x00, 0x00, 0x3B,
    0x6E, 0x01, 0x3B, 0x00, 0x00, 0x40, 0x6F, 0x00, 0x37, 0x5B, 0x00, 0x28, 0x52, 0x01, 0x28, 0x00,
    0x72, 0x34, 0x00, 0x02, 0x3B, 0x00, 0x01, 0x40, 0x00, 0x00, 0x2F, 0x00, 0x00, 0x37, 0x00, 0x00,
    0x34, 0x51, 0x01, 0x37, 0x58, 0x00, 0x3B, 0x64, 0x00, 0x2F, 0x55, 0x00, 0x40, 0x61, 0x00, 0x28,
    0x57, 0x01, 0x28, 0x00, 0x39, 0x28, 0x00, 0x00, 0x40, 0x00, 0x01, 0x34, 0x56, 0x00, 0x40, 0x55,
    0x01, 0x34, 0x00, 0x00, 0x28, 0x4C, 0x00, 0x2F, 0x52, 0x00, 0x3B, 0x5F, 0x00, 0x37, 0x47, 0x01,
    0x37, 0x00, 0x00, 0x3B, 0x00, 0x00, 0x2F, 0x00, 0x37, 0x40, 0x00, 0x00, 0x3B, 0x00, 0x00, 0x34,
    0x00, 0x00, 0x37, 0x00, 0x01, 0x37, 0x60, 0x00, 0x3B, 0x67, 0x00, 0x40, 0x6F, 0x00, 0x34, 0x68,
    0x01, 0x2F, 0x00, 0x00, 0x28, 0x00, 0x01, 0x28, 0x5D, 0x00, 0x2F, 0x60, 0x3B, 0x40, 0x59, 0x00,
    0x34, 0x5E, 0x00, 0x37, 0x45, 0x00, 0x3B, 0x67, 0x01, 0x3B, 0x00, 0x00, 0x37, 0x00, 0x00, 0x40,
    0x00, 0x00, 0x34, 0x00, 0x01, 0x28, 0x57, 0x00, 0x2F, 0x5A, 0x01, 0x2F, 0x00, 0x00, 0x28, 0x00,
    0x38, 0x2F, 0x00, 0x00, 0x34, 0x00, 0x00, 0x3B, 0x00, 0x00, 0x37, 0x00, 0x01, 0x40, 0x00, 0x00,
    0x28, 0x00, 0x00, 0x3D, 0x46, 0x01, 0x34, 0x5A, 0x01, 0x39, 0x56, 0x00, 0x2D, 0x5A, 0x73, 0x34,
    0x00, 0x01, 0x39, 0x58, 0x00, 0x34, 0x5A, 0x01, 0x39, 0x00, 0x01, 0x40, 0x6E, 0x00, 0x3D, 0x5B,
    0x00, 0x2D, 0x52, 0x01, 0x2D, 0x00, 0x00, 0x3D, 0x00, 0x3B, 0x39, 0x00, 0x00, 0x2D, 0x00, 0x01,
    0x39, 0x56, 0x00, 0x2D, 0x4C, 0x00, 0x34, 0x52, 0x00, 0x40, 0x5F, 0x00, 0x3D, 0x47, 0x01, 0x3D,
    0x00, 0x00, 0x40, 0x00, 0x00, 0x34, 0x00, 0x37, 0x3D, 0x00, 0x00, 0x40, 0x00, 0x01, 0x34, 0x00,
    0x00, 0x39, 0x51, 0x01, 0x39, 0x00, 0x00, 0x2D, 0x00, 0x00, 0x3D, 0x58, 0x00, 0x40, 0x64, 0x00,
    0x34, 0x55, 0x01, 0x2D, 0x57, 0x3A, 0x2D, 0x00, 0x00, 0x39, 0x00, 0x01, 0x3D, 0x00, 0x00, 0x40,
    0x00, 0x00, 0x39, 0x56, 0x00, 0x2D, 0x4C, 0x00, 0x34, 0x52, 0x01, 0x34, 0x00, 0x00, 0x40, 0x5F,
    0x00, 0x3D, 0x47, 0x38, 0x3D, 0x60, 0x00, 0x40, 0x67, 0x00, 0x39, 0x68, 0x01, 0x39, 0x00, 0x00,
    0x40, 0x00, 0x00, 0x2D, 0x00, 0x00, 0x3D, 0x00, 0x01, 0x2D, 0x5D, 0x00, 0x34, 0x60, 0x01, 0x34,
    0x00, 0x3A, 0x3D, 0x00, 0x00, 0x40, 0x00, 0x00, 0x39, 0x5E, 0x01, 0x39, 0x00, 0x00, 0x3D, 0x45,
    0x00, 0x40, 0x67, 0x01, 0x34, 0x00, 0x00, 0x2D, 0x57, 0x01, 0x2D, 0x00, 0x00, 0x34, 0x5A, 0x33,
    0xBE, 0x0A, 0x66, 0x05, 0x9E, 0x39, 0x00, 0x00, 0x2D, 0x00, 0x01, 0x3D, 0x00, 0x00, 0x40, 0x00,
    0x00, 0x34, 0x00, 0x05, 0x3A, 0x64, 0x00, 0x37, 0x6C, 0x00, 0x41, 0x7F, 0x7B, 0x41, 0x00, 0x00,
    0x37, 0x00, 0x00, 0x3A, 0x5F, 0x01, 0x3A, 0x00, 0x00, 0x37, 0x6C, 0x00, 0x41, 0x7F, 0x73, 0x3A,
    0x00, 0x01, 0x3A, 0x5B, 0x00, 0x37, 0x61, 0x00, 0x41, 0x7F, 0x01, 0x41, 0x00, 0x00, 0x37, 0x00,
    0x38, 0x41, 0x00, 0x01, 0x41, 0x75, 0x03, 0x37, 0x53, 0x00, 0x3A, 0x4C, 0x01, 0x3A, 0x00, 0x00,
    0x37, 0x00, 0x39, 0x37, 0x00, 0x00, 0x41, 0x7A, 0x00, 0x3A, 0x5B, 0x01, 0x3A, 0x00, 0x00, 0x41,
    0x00, 0x00, 0x37, 0x68, 0x3C, 0x41, 0x00, 0x00, 0x3A, 0x00, 0x01, 0x41, 0x7A, 0x00, 0x3A, 0x4C,
    0x00, 0x37, 0x51, 0x01, 0x37, 0x00, 0x3A, 0x37, 0x00, 0x00, 0x41, 0x00, 0x00, 0x3A, 0x00, 0x00,
    0x3C, 0x6C, 0x02, 0x37, 0x71, 0x01, 0x40, 0x6C, 0x74, 0x40, 0x00, 0x00, 0x37, 0x00, 0x01, 0x40,
    0x7F, 0x00, 0x37, 0x7F, 0x02, 0x3C, 0x7F, 0x01, 0x3C, 0x00, 0x36, 0x3C, 0x00, 0x01, 0x3C, 0x5B,
    0x00, 0x40, 0x58, 0x00, 0x37, 0x4F, 0x01, 0x37, 0x00, 0x00, 0x40, 0x00, 0x36, 0x40, 0x00, 0x01,
    0x40, 0x49, 0x02, 0x3C, 0x00, 0x00, 0x37, 0x00, 0x01, 0x3C, 0x53, 0x00, 0x37, 0x53, 0x3A, 0x40,
    0x68, 0x00, 0x3C, 0x6C, 0x00, 0x37, 0x71, 0x01, 0x37, 0x00, 0x00, 0x40, 0x00, 0x00, 0x3C, 0x00,
    0x79, 0x40, 0x00, 0x00, 0x37, 0x00, 0x00, 0x3C, 0x5B, 0x01, 0x3C, 0x00, 0x00, 0x40, 0x58, 0x00,
    0x37, 0x53, 0x3A, 0x37, 0x00, 0x00, 0x40, 0x00, 0x00, 0x3C, 0x00, 0x01, 0x3A, 0x52, 0x00, 0x37,
    0x5A, 0x00, 0x41, 0x6D, 0x7B, 0x41, 0x00, 0x00, 0x3A, 0x70, 0x00, 0x37, 0x77, 0x01, 0x37, 0x00,
    0x00, 0x3A, 0x00, 0x00, 0x41, 0x7D, 0x73, 0x37, 0x00, 0x00, 0x3A, 0x49, 0x01, 0x3A, 0x00, 0x00,
    0x37, 0x4F, 0x00, 0x41, 0x6D, 0x01, 0x41, 0x00, 0x38, 0x41, 0x63, 0x01, 0x41, 0x00, 0x02, 0x3A,
    0x00, 0x01, 0x37, 0x41, 0x00, 0x3A, 0x3A, 0x01, 0x37, 0x00, 0x38, 0x41, 0x00, 0x01, 0x41, 0x7D,
    0x00, 0x3A, 0x6F, 0x00, 0x37, 0x74, 0x01, 0x37, 0x00, 0x00, 0x3A, 0x00, 0x77, 0x3A, 0x00, 0x00,
    0x37, 0x00, 0x00, 0x41, 0x00, 0x00, 0x3C, 0x6C, 0x03, 0x37, 0x71, 0x00, 0x40, 0x6C, 0x75, 0x40,
    0x7F, 0x00, 0x37, 0x7F, 0x01, 0x37, 0x00, 0x00, 0x40, 0x00, 0x01, 0x3C, 0x00, 0x01, 0x3C, 0x7F,
    0x37, 0x3C, 0x00, 0x00, 0x40, 0x00, 0x00, 0x37, 0x00, 0x01, 0x3C, 0x5B, 0x00, 0x40, 0x58, 0x00,
    0x37, 0x4F, 0x78, 0x37, 0x00, 0x00, 0x40, 0x00, 0x00, 0x3C, 0x00, 0x01, 0x40, 0x49, 0x03, 0x3C,
    0x53, 0x00, 0x37, 0x53, 0x3A, 0x37, 0x00, 0x00, 0x3C, 0x00, 0x00, 0x40, 0x00, 0x02, 0x40, 0x78,
    0x00, 0x3C, 0x7C, 0x00, 0x37, 0x7F, 0x36, 0x3C, 0x00, 0x01, 0x37, 0x00, 0x00, 0x40, 0x00, 0x00,
    0x3C, 0x5B, 0x01, 0x40, 0x58, 0x00, 0x37, 0x53, 0x3A, 0x37, 0x00, 0x00, 0x40, 0x00, 0x00, 0x3C,
    0x00, 0x06, 0x3A, 0x52, 0x00, 0x37, 0x5A, 0x00, 0x41, 0x6D, 0x7B, 0x41, 0x00, 0x00, 0x3A, 0x70,
    0x00, 0x37, 0x77, 0x01, 0x37, 0x00, 0x00, 0x3A, 0x00, 0x00, 0x41, 0x7D, 0x73, 0x3A, 0x49, 0x00,
    0x37, 0x4F, 0x01, 0x37, 0x00, 0x00, 0x3A, 0x00, 0x00, 0x41, 0x6D, 0x01, 0x41, 0x00, 0x38, 0x41,
    0x63, 0x01, 0x41, 0x00, 0x02, 0x3A, 0x00, 0x00, 0x37, 0x41, 0x01, 0x37, 0x00, 0x00, 0x3A, 0x3A,
    0x39, 0x41, 0x00, 0x00, 0x37, 0x00, 0x01, 0x41, 0x7D, 0x00, 0x3A, 0x6F, 0x00, 0x37, 0x74, 0x01,
    0x3A, 0x00, 0x3B, 0x41, 0x63, 0x01, 0x41, 0x00, 0x02, 0x37, 0x41, 0x00, 0x3A, 0x3A, 0x01, 0x3A,
    0x00, 0x00, 0x37, 0x00, 0x38, 0x3C, 0x6C, 0x01, 0x3A, 0x00, 0x00, 0x37, 0x00, 0x00, 0x41, 0x00,
    0x02, 0x37, 0x71, 0x00, 0x40, 0x6C, 0x3A, 0x3C, 0x00, 0x01, 0x3C, 0x5F, 0x02, 0x37, 0x00, 0x01,
    0x37, 0x64, 0x00, 0x40, 0x5F, 0x01, 0x40, 0x00, 0x36, 0x40, 0x7F, 0x00, 0x37, 0x7F, 0x01, 0x37,
    0x00, 0x00, 0x40, 0x00, 0x01, 0x3C, 0x00, 0x01, 0x3C, 0x7F, 0x37, 0x37, 0x00, 0x00, 0x40, 0x00,
    0x00, 0x3C, 0x5B, 0x01, 0x3C, 0x00, 0x00, 0x40, 0x58, 0x00, 0x37, 0x4F, 0x77, 0x37, 0x00, 0x00,
    0x3C, 0x00, 0x01, 0x40, 0x00, 0x01, 0x40, 0x49, 0x03, 0x3C, 0x53, 0x00, 0x37, 0x53, 0x3A, 0x37,
    0x00, 0x00, 0x3C, 0x00, 0x00, 0x40, 0x00, 0x02, 0x40, 0x78, 0x00, 0x3C, 0x7C, 0x00, 0x37, 0x7F,
    0x36, 0x3C, 0x00, 0x01, 0x37, 0x00, 0x00, 0x3C, 0x5B, 0x00, 0x40, 0x58, 0x01, 0x40, 0x00, 0x00,
    0x37, 0x53, 0x39, 0x40, 0x00, 0x01, 0x37, 0x00, 0x00, 0x3C, 0x00, 0x90, 0x75, 0x3A, 0x64, 0x00,
    0x37, 0x6C, 0x00, 0x41, 0x7F, 0x7B, 0x41, 0x00, 0x00, 0x37, 0x00, 0x00, 0x3A, 0x5F, 0x01, 0x3A,
    0x00, 0x00, 0x37, 0x6C, 0x00, 0x41, 0x7F, 0x73, 0x3A, 0x00, 0x01, 0x3A, 0x5B, 0x00, 0x37, 0x61,
    0x00, 0x41, 0x7F, 0x01, 0x41, 0x00, 0x00, 0x37, 0x00, 0x38, 0x41, 0x00, 0x01, 0x41, 0x75, 0x03,
    0x37, 0x53, 0x00, 0x3A, 0x4C, 0x01, 0x3A, 0x00, 0x00, 0x37, 0x00, 0x39, 0x37, 0x00, 0x00, 0x41,
    0x7A, 0x00, 0x3A, 0x5B, 0x01, 0x3A, 0x00, 0x00, 0x41, 0x00, 0x00, 0x37, 0x68, 0x3C, 0x41, 0x00,
    0x00, 0x3A, 0x00, 0x01, 0x41, 0x7A, 0x00, 0x3A, 0x4C, 0x00, 0x37, 0x51, 0x01, 0x37, 0x00, 0x3A,
    0x37, 0x00, 0x00, 0x41, 0x00, 0x00, 0x3A, 0x00, 0x00, 0x3C, 0x6C, 0x02, 0x37, 0x71, 0x01, 0x40,
    0x6C, 0x74, 0x40, 0x00, 0x00, 0x37, 0x00, 0x01, 0x40, 0x7F, 0x00, 0x37, 0x7F, 0x02, 0x3C, 0x7F,
    0x01, 0x3C, 0x00, 0x36, 0x3C, 0x00, 0x01, 0x3C, 0x5B, 0x00, 0x40, 0x58, 0x00, 0x37, 0x4F, 0x01,
    0x37, 0x00, 0x00, 0x40, 0x00, 0x36, 0x40, 0x00, 0x01, 0x40, 0x49, 0x02, 0x3C, 0x00, 0x00, 0x37,
    0x00, 0x01, 0x3C, 0x53, 0x00, 0x37, 0x53, 0x3A, 0x40, 0x68, 0x00, 0x3C, 0x6C, 0x00, 0x37, 0x71,
    0x01, 0x37, 0x00, 0x00, 0x40, 0x00, 0x00, 0x3C, 0x00, 0x79, 0x40, 0x00, 0x00, 0x37, 0x00, 0x00,
    0x3C, 0x5B, 0x01, 0x3C, 0x00, 0x00, 0x40, 0x58, 0x00, 0x37, 0x53, 0x3A, 0x37, 0x00, 0x00, 0x40,
    0x00, 0x00, 0x3C, 0x00, 0x01, 0x3A, 0x52, 0x00, 0x37, 0x5A, 0x00, 0x41, 0x6D, 0x7B, 0x41, 0x00,
    0x00, 0x3A, 0x70, 0x00, 0x37, 0x77, 0x01, 0x37, 0x00, 0x00, 0x3A, 0x00, 0x00, 0x41, 0x7D, 0x73,
    0x37, 0x00, 0x00, 0x3A, 0x49, 0x01, 0x3A, 0x00, 0x00, 0x37, 0x4F, 0x00, 0x41, 0x6D, 0x01, 0x41,
    0x00, 0x38, 0x41, 0x63, 0x01, 0x41, 0x00, 0x02, 0x3A, 0x00, 0x01, 0x37, 0x41, 0x00, 0x3A, 0x3A,
    0x01, 0x37, 0x00, 0x38, 0x41, 0x00, 0x01, 0x41, 0x7D, 0x00, 0x3A, 0x6F, 0x00, 0x37, 0x74, 0x01,
    0x37, 0x00, 0x00, 0x3A, 0x00, 0x77, 0x3A, 0x00, 0x00, 0x37, 0x00, 0x00, 0x41, 0x00, 0x00, 0x3C,
    0x6C, 0x03, 0x37, 0x71, 0x00, 0x40, 0x6C, 0x75, 0x40, 0x7F, 0x00, 0x37, 0x7F, 0x01, 0x37, 0x00,
    0x00, 0x40, 0x00, 0x01, 0x3C, 0x00, 0x01, 0x3C, 0x7F, 0x37, 0x3C, 0x00, 0x00, 0x40, 0x00, 0x00,
    0x37, 0x00, 0x01, 0x3C, 0x5B, 0x00, 0x40, 0x58, 0x00, 0x37, 0x4F, 0x78, 0x37, 0x00, 0x00, 0x40,
    0x00, 0x00, 0x3C, 0x00, 0x01, 0x40, 0x49, 0x03, 0x3C, 0x53, 0x00, 0x37, 0x53, 0x3A, 0x37, 0x00,
    0x00, 0x3C, 0x00, 0x00, 0x40, 0x00, 0x02, 0x40, 0x78, 0x00, 0x3C, 0x7C, 0x00, 0x37, 0x7F, 0x36,
    0x3C, 0x00, 0x01, 0x37, 0x00, 0x00, 0x40, 0x00, 0x00, 0x3C, 0x5B, 0x01, 0x40, 0x58, 0x00, 0x37,
    0x53, 0x3A, 0x37, 0x00, 0x00, 0x40, 0x00, 0x00, 0x3C, 0x00, 0x06, 0x3A, 0x52, 0x00, 0x37, 0x5A,
    0x00, 0x41, 0x6D, 0x7B, 0x41, 0x00, 0x00, 0x3A, 0x70, 0x00, 0x37, 0x77, 0x01, 0x37, 0x00, 0x00,
    0x3A, 0x00, 0x00, 0x41, 0x7D, 0x73, 0x3A, 0x49, 0x00, 0x37, 0x4F, 0x01, 0x37, 0x00, 0x00, 0x3A,
    0x00, 0x00, 0x41, 0x6D, 0x01, 0x41, 0x00, 0x38, 0x41, 0x63, 0x01, 0x41, 0x00, 0x02, 0x3A, 0x00,
    0x00, 0x37, 0x41, 0x01, 0x37, 0x00, 0x00, 0x3A, 0x3A, 0x39, 0x41, 0x00, 0x00, 0x37, 0x00, 0x01,
    0x41, 0x7D, 0x00, 0x3A, 0x6F, 0x00, 0x37, 0x74, 0x01, 0x3A, 0x00, 0x3B, 0x41, 0x63, 0x01, 0x41,
    0x00, 0x02, 0x37, 0x41, 0x00, 0x3A, 0x3A, 0x01, 0x3A, 0x00, 0x00, 0x37, 0x00, 0x38, 0x3C, 0x6C,
    0x01, 0x3A, 0x00, 0x00, 0x37, 0x00, 0x00, 0x41, 0x00, 0x02, 0x37, 0x71, 0x00, 0x40, 0x6C, 0x3A,
    0x3C, 0x00, 0x01, 0x3C, 0x5F, 0x02, 0x37, 0x00, 0x01, 0x37, 0x64, 0x00, 0x40, 0x5F, 0x01, 0x40,
    0x00, 0x36, 0x40, 0x7F, 0x00, 0x37, 0x7F, 0x01, 0x37, 0x00, 0x00, 0x40, 0x00, 0x01, 0x3C, 0x00,
    0x01, 0x3C, 0x7F, 0x37, 0x37, 0x00, 0x00, 0x40, 0x00, 0x00, 0x3C, 0x5B, 0x01, 0x3C, 0x00, 0x00,
    0x40, 0x58, 0x00, 0x37, 0x4F, 0x77, 0x37, 0x00, 0x00, 0x3C, 0x00, 0x01, 0x40, 0x00, 0x01, 0x40,
    0x49, 0x03, 0x3C, 0x53, 0x00, 0x37, 0x53, 0x3A, 0x37, 0x00, 0x00, 0x3C, 0x00, 0x00, 0x40, 0x00,
    0x02, 0x40, 0x78, 0x00, 0x3C, 0x7C, 0x00, 0x37, 0x7F, 0x36, 0x3C, 0x00, 0x01, 0x37, 0x00, 0x00,
    0x3C, 0x5B, 0x00, 0x40, 0x58, 0x01, 0x40, 0x00, 0x00, 0x37, 0x53, 0x39, 0x40, 0x00, 0x01, 0x37,
    0x00, 0x00, 0x3C, 0x00, 0x05, 0x3A, 0x64, 0x00, 0x37, 0x6C, 0x00, 0x41, 0x7F, 0x7B, 0x41, 0x00,
    0x00, 0x37, 0x00, 0x00, 0x3A, 0x5F, 0x01, 0x3A, 0x00, 0x00, 0x37, 0x6C, 0x00, 0x41, 0x7F, 0x73,
    0x3A, 0x00, 0x01, 0x3A, 0x5B, 0x00, 0x37, 0x61, 0x00, 0x41, 0x7F, 0x01, 0x41, 0x00, 0x00, 0x37,
    0x00, 0x38, 0x41, 0x00, 0x01, 0x41, 0x75, 0x03, 0x37, 0x53, 0x00, 0x3A, 0x4C, 0x01, 0x3A, 0x00,
    0x00, 0x37, 0x00, 0x39, 0x37, 0x00, 0x00, 0x41, 0x7A, 0x00, 0x3A, 0x5B, 0x01, 0x3A, 0x00, 0x00,
    0x41, 0x00, 0x00, 0x37, 0x68, 0x3C, 0x41, 0x00, 0x00, 0x3A, 0x00, 0x01, 0x41, 0x7A, 0x00, 0x3A,
    0x4C, 0x00, 0x37, 0x51, 0x01, 0x37, 0x00, 0x3A, 0x37, 0x00, 0x00, 0x41, 0x00, 0x00, 0x3A, 0x00,
    0x00, 0x3C, 0x6C, 0x02, 0x37, 0x71, 0x01, 0x40, 0x6C, 0x74, 0x40, 0x00, 0x00, 0x37, 0x00, 0x01,
    0x40, 0x7F, 0x00, 0x37, 0x7F, 0x02, 0x3C, 0x7F, 0x01, 0x3C, 0x00, 0x36, 0x3C, 0x00, 0x01, 0x3C,
    0x5B, 0x00, 0x40, 0x58, 0x00, 0x37, 0x4F, 0x01, 0x37, 0x00, 0x00, 0x40, 0x00, 0x36, 0x40, 0x00,
    0x01, 0x40, 0x49, 0x02, 0x3C, 0x00, 0x00, 0x37, 0x00, 0x01, 0x3C, 0x53, 0x00, 0x37, 0x53, 0x3A,
    0x40, 0x68, 0x00, 0x3C, 0x6C, 0x00, 0x37, 0x71, 0x01, 0x37, 0x00, 0x00, 0x40, 0x00, 0x00, 0x3C,
    0x00, 0x79, 0x40, 0x00, 0x00, 0x37, 0x00, 0x00, 0x3C, 0x5B, 0x01, 0x3C, 0x00, 0x00, 0x40, 0x58,
    0x00, 0x37, 0x53, 0x3A, 0x37, 0x00, 0x00, 0x40, 0x00, 0x00, 0x3C, 0x00, 0x01, 0x3A, 0x52, 0x00,
    0x37, 0x5A, 0x00, 0x41, 0x6D, 0x7B, 0x41, 0x00, 0x00, 0x3A, 0x70, 0x00, 0x37, 0x77, 0x01, 0x37,
    0x00, 0x00, 0x3A, 0x00, 0x00, 0x41, 0x7D, 0x73, 0x37, 0x00, 0x00, 0x3A, 0x49, 0x01, 0x3A, 0x00,
    0x00, 0x37, 0x4F, 0x00, 0x41, 0x6D, 0x01, 0x41, 0x00, 0x38, 0x41, 0x63, 0x01, 0x41, 0x00, 0x02,
    0x3A, 0x00, 0x01, 0x37, 0x41, 0x00, 0x3A, 0x3A, 0x01, 0x37, 0x00, 0x38, 0x41, 0x00, 0x01, 0x41,
    0x7D, 0x00, 0x3A, 0x6F, 0x00, 0x37, 0x74, 0x01, 0x37, 0x00, 0x00, 0x3A, 0x00, 0x77, 0x3A, 0x00,
    0x00, 0x37, 0x00, 0x00, 0x41, 0x00, 0x00, 0x3C, 0x6C, 0x03, 0x37, 0x71, 0x00, 0x40, 0x6C, 0x75,
    0x40, 0x7F, 0x00, 0x37, 0x7F, 0x01, 0x37, 0x00, 0x00, 0x40, 0x00, 0x01, 0x3C, 0x00, 0x01, 0x3C,
    0x7F, 0x37, 0x3C, 0x00, 0x00, 0x40, 0x00, 0x00, 0x37, 0x00, 0x01, 0x3C, 0x5B, 0x00, 0x40, 0x58,
    0x00, 0x37, 0x4F, 0x78, 0x37, 0x00, 0x00, 0x40, 0x00, 0x00, 0x3C, 0x00, 0x01, 0x40, 0x49, 0x03,
    0x3C, 0x53, 0x00, 0x37, 0x53, 0x3A, 0x37, 0x00, 0x00, 0x3C, 0x00, 0x00, 0x40, 0x00, 0x02, 0x40,
    0x78, 0x00, 0x3C, 0x7C, 0x00, 0x37, 0x7F, 0x36, 0x3C, 0x00, 0x01, 0x37, 0x00, 0x00, 0x40, 0x00,
    0x00, 0x3C, 0x5B, 0x01, 0x40, 0x58, 0x00, 0x37, 0x53, 0x3A, 0x37, 0x00, 0x00, 0x40, 0x00, 0x00,
    0x3C, 0x00, 0x06, 0x3A, 0x52, 0x00, 0x37, 0x5A, 0x00, 0x41, 0x6D, 0x00, 0xBE, 0x0B, 0x6E, 0x2B,
    0x0B, 0x6D, 0x2C, 0x0B, 0x6C, 0x24, 0x9E, 0x41, 0x00, 0x00, 0x3A, 0x70, 0x00, 0x37, 0x77, 0x01,
    0x37, 0x00, 0x00, 0x3A, 0x00, 0x00, 0x41, 0x7D, 0x06, 0xBE, 0x0B, 0x6B, 0x2C, 0x0B, 0x6A, 0x2C,
    0x0B, 0x69, 0x15, 0x9E, 0x3A, 0x49, 0x00, 0x37, 0x4F, 0x01, 0x37, 0x00, 0x00, 0x3A, 0x00, 0x00,
    0x41, 0x6D, 0x01, 0x41, 0x00, 0x14, 0xBE, 0x0B, 0x68, 0x24, 0x9E, 0x41, 0x63, 0x01, 0x41, 0x00,
    0x02, 0x3A, 0x00, 0x00, 0x37, 0x41, 0x01, 0x37, 0x00, 0x00, 0x3A, 0x3A, 0x04, 0xBE, 0x0B, 0x67,
    0x2B, 0x0B, 0x66, 0x0A, 0x9E, 0x41, 0x00, 0x00, 0x37, 0x00, 0x01, 0x41, 0x7D, 0x00, 0x3A, 0x6F,
    0x00, 0x37, 0x74, 0x01, 0x3A, 0x00, 0x20, 0xBE, 0x0B, 0x65, 0x1B, 0x9E, 0x41, 0x63, 0x01, 0x41,
    0x00, 0x02, 0x37, 0x41, 0x00, 0x3A, 0x3A, 0x01, 0x3A, 0x00, 0x00, 0x37, 0x00, 0x0D, 0xBE, 0x0B,
    0x64, 0x2B, 0x9E, 0x3C, 0x6C, 0x00, 0xBE, 0x0B, 0x63, 0x01, 0x9E, 0x3A, 0x00, 0x00, 0x37, 0x00,
    0x00, 0x41, 0x00, 0x02, 0x37, 0x71, 0x00, 0x40, 0x6C, 0x29, 0xBE, 0x0B, 0x62, 0x11, 0x9E, 0x3C,
    0x00, 0x01, 0x3C, 0x5F, 0x02, 0x37, 0x00, 0x01, 0x37, 0x64, 0x00, 0x40, 0x5F, 0x01, 0x40, 0x00,
    0x16, 0xBE, 0x0B, 0x61, 0x20, 0x9E, 0x40, 0x7F, 0x00, 0x37, 0x7F, 0x01, 0x37, 0x00, 0x00, 0x40,
    0x00, 0x01, 0x3C, 0x00, 0x01, 0x3C, 0x7F, 0x08, 0xBE, 0x0B, 0x60, 0x2C, 0x0B, 0x5F, 0x03, 0x9E,
    0x37, 0x00, 0x00, 0x40, 0x00, 0x00, 0x3C, 0x5B, 0x01, 0x3C, 0x00, 0x00, 0x40, 0x58, 0x00, 0x37,
    0x4F, 0x27, 0xBE, 0x0B, 0x5E, 0x2C, 0x0B, 0x5D, 0x24, 0x9E, 0x37, 0x00, 0x00, 0x3C, 0x00, 0x01,
    0x40, 0x00, 0x01, 0x40, 0x49, 0x03, 0x3C, 0x53, 0x00, 0x37, 0x53, 0x03, 0xBE, 0x0B, 0x5C, 0x2B,
    0x0B, 0x5B, 0x0C, 0x9E, 0x37, 0x00, 0x00, 0x3C, 0x00, 0x00, 0x40, 0x00, 0x02, 0x40, 0x78, 0x00,
    0x3C, 0x7C, 0x00, 0x37, 0x7F, 0x1E, 0xBE, 0x0B, 0x5A, 0x18, 0x9E, 0x3C, 0x00, 0x01, 0x37, 0x00,
    0x00, 0x3C, 0x5B, 0x00, 0x40, 0x58, 0x01, 0x40, 0x00, 0x00, 0x37, 0x53, 0x11, 0xBE, 0x0B, 0x59,
    0x28, 0x9E, 0x40, 0x00, 0x01, 0x37, 0x00, 0x00, 0x3C, 0x00, 0x03, 0xBE, 0x0B, 0x58, 0x02, 0x9E,
    0x3A, 0x64, 0x00, 0x37, 0x6C, 0x00, 0x41, 0x7F, 0x2A, 0xBE, 0x0B, 0x57, 0x2B, 0x0B, 0x56, 0x26,
    0x9E, 0x41, 0x00, 0x00, 0x37, 0x00, 0x00, 0x3A, 0x5F, 0x01, 0x3A, 0x00, 0x00, 0x37, 0x6C, 0x00,
    0x41, 0x7F, 0x05, 0xBE, 0x0B, 0x55, 0x2C, 0x0B, 0x54, 0x2B, 0x0B, 0x53, 0x17, 0x9E, 0x3A, 0x00,
    0x01, 0x3A, 0x5B, 0x00, 0x37, 0x61, 0x00, 0x41, 0x7F, 0x01, 0x41, 0x00, 0x00, 0x37, 0x00, 0x13,
    0xBE, 0x0B, 0x52, 0x25, 0x9E, 0x41, 0x00, 0x01, 0x41, 0x75, 0x03, 0x37, 0x53, 0x00, 0x3A, 0x4C,
    0x01, 0x3A, 0x00, 0x00, 0x37, 0x00, 0x01, 0xBE, 0x0B, 0x51, 0x2C, 0x0B, 0x50, 0x0C, 0x9E, 0x37,
    0x00, 0x00, 0x41, 0x7A, 0x00, 0x3A, 0x5B, 0x01, 0x3A, 0x00, 0x00, 0x41, 0x00, 0x00, 0x37, 0x68,
    0x1F, 0xBE, 0x0B, 0x4F, 0x1D, 0x9E, 0x41, 0x00, 0x00, 0x3A, 0x00, 0x01, 0x41, 0x7A, 0x00, 0x3A,
    0x4C, 0x00, 0x37, 0x51, 0x01, 0x37, 0x00, 0x0C, 0xBE, 0x0B, 0x4E, 0x2C, 0x0B, 0x4D, 0x02, 0x9E,
    0x37, 0x00, 0x00, 0x41, 0x00, 0x00, 0x3A, 0x00, 0x00, 0x3C, 0x6C, 0x02, 0x37, 0x71, 0x01, 0x40,
    0x6C, 0x27, 0xBE, 0x0B, 0x4C, 0x2B, 0x0B, 0x4B, 0x22, 0x9E, 0x40, 0x00, 0x00, 0x37, 0x00, 0x01,
    0x40, 0x7F, 0x00, 0x37, 0x7F, 0x02, 0x3C, 0x7F, 0x01, 0x3C, 0x00, 0x06, 0xBE, 0x0B, 0x4A, 0x2B,
    0x0B, 0x49, 0x05, 0x9E, 0x3C, 0x00, 0x01, 0x3C, 0x5B, 0x00, 0x40, 0x58, 0x00, 0x37, 0x4F, 0x01,
    0x37, 0x00, 0x00, 0x40, 0x00, 0x25, 0xBE, 0x0B, 0x48, 0x11, 0x9E, 0x40, 0x00, 0x01, 0x40, 0x49,
    0x02, 0x3C, 0x00, 0x00, 0x37, 0x00, 0x01, 0x3C, 0x53, 0x00, 0x37, 0x53, 0x17, 0xBE, 0x0B, 0x47,
    0x23, 0x9E, 0x40, 0x68, 0x00, 0x3C, 0x6C, 0x00, 0x37, 0x71, 0x01, 0x37, 0x00, 0x00, 0x40, 0x00,
    0x00, 0x3C, 0x00, 0x07, 0xBE, 0x0B, 0x46, 0x2C, 0x0B, 0x45, 0x2B, 0x0B, 0x44, 0x1B, 0x9E, 0x40,
    0x00, 0x00, 0x37, 0x00, 0x00, 0x3C, 0x5B, 0x01, 0x3C, 0x00, 0x00, 0x40, 0x58, 0x00, 0x37, 0x53,
    0x10, 0xBE, 0x0B, 0x43, 0x2A, 0x9E, 0x37, 0x00, 0x00, 0x40, 0x00, 0x00, 0x3C, 0x00, 0x01, 0x3A,
    0x52, 0x00, 0x37, 0x5A, 0x00, 0x41, 0x6D, 0x01, 0xBE, 0x0B, 0x42, 0x2B, 0x0B, 0x41, 0x2C, 0x0B,
    0x40, 0x23, 0x9E, 0x41, 0x00, 0x00, 0x3A, 0x70, 0x00, 0x37, 0x77, 0x01, 0x37, 0x00, 0x00, 0x3A,
    0x00, 0x00, 0x41, 0x7D, 0x08, 0xBE, 0x0B, 0x3F, 0x2B, 0x0B, 0x3E, 0x2C, 0x0B, 0x3D, 0x14, 0x9E,
    0x37, 0x00, 0x00, 0x3A, 0x49, 0x01, 0x3A, 0x00, 0x00, 0x37, 0x4F, 0x00, 0x41, 0x6D, 0x01, 0x41,
    0x00, 0x15, 0xBE, 0x0B, 0x3C, 0x23, 0x9E, 0x41, 0x63, 0x01, 0x41, 0x00, 0x02, 0x3A, 0x00, 0x01,
    0x37, 0x41, 0x00, 0x3A, 0x3A, 0x01, 0x37, 0x00, 0x04, 0xBE, 0x0B, 0x3B, 0x2C, 0x0B, 0x3A, 0x08,
    0x9E, 0x41, 0x00, 0x01, 0x41, 0x7D, 0x00, 0x3A, 0x6F, 0x00, 0x37, 0x74, 0x01, 0x37, 0x00, 0x00,
    0x3A, 0x00, 0x21, 0xBE, 0x0B, 0x39, 0x2C, 0x0B, 0x38, 0x2A, 0x9E, 0x3A, 0x00, 0x00, 0x37, 0x00,
    0x00, 0x41, 0x00, 0x00, 0x3C, 0x6C, 0x02, 0xBE, 0x0B, 0x37, 0x01, 0x9E, 0x37, 0x71, 0x00, 0x40,
    0x6C, 0x2A, 0xBE, 0x0B, 0x36, 0x2C, 0x0B, 0x35, 0x1F, 0x9E, 0x40, 0x7F, 0x00, 0x37, 0x7F, 0x01,
    0x37, 0x00, 0x00, 0x40, 0x00, 0x01, 0x3C, 0x00, 0x01, 0x3C, 0x7F, 0x09, 0xBE, 0x0B, 0x34, 0x2C,
    0x0B, 0x33, 0x02, 0x9E, 0x3C, 0x00, 0x00, 0x40, 0x00, 0x00, 0x37, 0x00, 0x01, 0x3C, 0x5B, 0x00,
    0x40, 0x58, 0x00, 0x37, 0x4F, 0x29, 0xBE, 0x0B, 0x32, 0x2B, 0x0B, 0x31, 0x24, 0x9E, 0x37, 0x00,
    0x00, 0x40, 0x00, 0x00, 0x3C, 0x00, 0x01, 0x40, 0x49, 0x03, 0x3C, 0x53, 0x00, 0x37, 0x53, 0x04,
    0xBE, 0x0B, 0x30, 0x2B, 0x0B, 0x2F, 0x0B, 0x9E, 0x37, 0x00, 0x00, 0x3C, 0x00, 0x00, 0x40, 0x00,
    0x02, 0x40, 0x78, 0x00, 0x3C, 0x7C, 0x00, 0x37, 0x7F, 0x1F, 0xBE, 0x0B, 0x2E, 0x17, 0x9E, 0x3C,
    0x00, 0x01, 0x37, 0x00, 0x00, 0x40, 0x00, 0x00, 0x3C, 0x5B, 0x01, 0x40, 0x58, 0x00, 0x37, 0x53,
    0x13, 0xBE, 0x0B, 0x2D, 0x27, 0x9E, 0x37, 0x00, 0x00, 0x40, 0x00, 0x00, 0x3C, 0x00, 0x04, 0xBE,
    0x0B, 0x2C, 0x02, 0x9E, 0x3A, 0x52, 0x00, 0x37, 0x5A, 0x00, 0x41, 0x6D, 0x2A, 0xBE, 0x0B, 0x2B,
    0x2C, 0x0B, 0x2A, 0x25, 0x9E, 0x41, 0x00, 0x00, 0x3A, 0x70, 0x00, 0x37, 0x77, 0x01, 0x37, 0x00,
    0x00, 0x3A, 0x00, 0x00, 0x41, 0x7D, 0x05, 0xBE, 0x0B, 0x29, 0x2C, 0x0B, 0x28, 0x2B, 0x0B, 0x27,
    0x17, 0x9E, 0x3A, 0x49, 0x00, 0x37, 0x4F, 0x01, 0x37, 0x00, 0x00, 0x3A, 0x00, 0x00, 0x41, 0x6D,
    0x01, 0x41, 0x00, 0x13, 0xBE, 0x0B, 0x26, 0x25, 0x9E, 0x41, 0x63, 0x01, 0x41, 0x00, 0x02, 0x3A,
    0x00, 0x00, 0x37, 0x41, 0x01, 0x37, 0x00, 0x00, 0x3A, 0x3A, 0x03, 0xBE, 0x0B, 0x25, 0x2B, 0x0B,
    0x24, 0x0B, 0x9E, 0x41, 0x00, 0x00, 0x37, 0x00, 0x01, 0x41, 0x7D, 0x00, 0x3A, 0x6F, 0x00, 0x37,
    0x74, 0x01, 0x3A, 0x00, 0x1F, 0xBE, 0x0B, 0x23, 0x1C, 0x9E, 0x41, 0x63, 0x01, 0x41, 0x00, 0x02,
    0x37, 0x41, 0x00, 0x3A, 0x3A, 0x01, 0x3A, 0x00, 0x00, 0x37, 0x00, 0x0B, 0xBE, 0x0B, 0x22, 0x2C,
    0x0B, 0x21, 0x01, 0x9E, 0x3C, 0x6C, 0x01, 0x3A, 0x00, 0x00, 0x37, 0x00, 0x00, 0x41, 0x00, 0x02,
    0x37, 0x71, 0x00, 0x40, 0x6C, 0x28, 0xBE, 0x0B, 0x20, 0x12, 0x9E, 0x3C, 0x00, 0x01, 0x3C, 0x5F,
    0x02, 0x37, 0x00, 0x01, 0x37, 0x64, 0x00, 0x40, 0x5F, 0x01, 0x40, 0x00, 0x14, 0xBE, 0x0B, 0x1F,
    0x22, 0x9E, 0x40, 0x7F, 0x00, 0x37, 0x7F, 0x01, 0x37, 0x00, 0x00, 0x40, 0x00, 0x01, 0x3C, 0x00,
    0x01, 0x3C, 0x7F, 0x07, 0xBE, 0x0B, 0x1E, 0x2C, 0x0B, 0x1D, 0x04, 0x9E, 0x37, 0x00, 0x00, 0x40,
    0x00, 0x00, 0x3C, 0x5B, 0x01, 0x3C, 0x00, 0x00, 0x40, 0x58, 0x00, 0x37, 0x4F, 0x26, 0xBE, 0x0B,
    0x1C, 0x2C, 0x0B, 0x1B, 0x25, 0x9E, 0x37, 0x00, 0x00, 0x3C, 0x00, 0x01, 0x40, 0x00, 0x01, 0x40,
    0x49, 0x03, 0x3C, 0x53, 0x00, 0x37, 0x53, 0x01, 0xBE, 0x0B, 0x1A, 0x2C, 0x0B, 0x19, 0x0D, 0x9E,
    0x37, 0x00, 0x00, 0x3C, 0x00, 0x00, 0x40, 0x00, 0x02, 0x40, 0x78, 0x00, 0x3C, 0x7C, 0x00, 0x37,
    0x7F, 0x1D, 0xBE, 0x0B, 0x18, 0x19, 0x9E, 0x3C, 0x00, 0x01, 0x37, 0x00, 0x00, 0x3C, 0x5B, 0x00,
    0x40, 0x58, 0x01, 0x40, 0x00, 0x00, 0x37, 0x53, 0x10, 0xBE, 0x0B, 0x17, 0x29, 0x9E, 0x40, 0x00,
    0x01, 0x37, 0x00, 0x00, 0x3C, 0x00, 0x02, 0xBE, 0x0B, 0x16, 0x03, 0x9E, 0x3A, 0x64, 0x00, 0x37,
    0x6C, 0x00, 0x41, 0x7F, 0x29, 0xBE, 0x0B, 0x15, 0x2B, 0x0B, 0x14, 0x27, 0x9E, 0x41, 0x00, 0x00,
    0x37, 0x00, 0x00, 0x3A, 0x5F, 0x01, 0x3A, 0x00, 0x00, 0x37, 0x6C, 0x00, 0x41, 0x7F, 0x04, 0xBE,
    0x0B, 0x13, 0x2B, 0x0B, 0x12, 0x2C, 0x0B, 0x11, 0x18, 0x9E, 0x3A, 0x00, 0x01, 0x3A, 0x5B, 0x00,
    0x37, 0x61, 0x00, 0x41, 0x7F, 0x01, 0x41, 0x00, 0x00, 0x37, 0x00, 0x12, 0xBE, 0x0B, 0x10, 0x26,
    0x9E, 0x41, 0x00, 0x01, 0x41, 0x75, 0x03, 0x37, 0x53, 0x00, 0x3A, 0x4C, 0x01, 0x3A, 0x00, 0x00,
    0x37, 0x00, 0x00, 0xBE, 0x0B, 0x0F, 0x2C, 0x0B, 0x0E, 0x0D, 0x9E, 0x37, 0x00, 0x00, 0x41, 0x7A,
    0x00, 0x3A, 0x5B, 0x01, 0x3A, 0x00, 0x00, 0x41, 0x00, 0x00, 0x37, 0x68, 0x1D, 0xBE, 0x0B, 0x0D,
    0x1F, 0x9E, 0x41, 0x00, 0x00, 0x3A, 0x00, 0x01, 0x41, 0x7A, 0x00, 0x3A, 0x4C, 0x00, 0x37, 0x51,
    0x01, 0x37, 0x00, 0x0B, 0xBE, 0x0B, 0x0C, 0x2C, 0x0B, 0x0B, 0x03, 0x9E, 0x37, 0x00, 0x00, 0x41,
    0x00, 0x00, 0x3A, 0x00, 0x00, 0x3C, 0x6C, 0x02, 0x37, 0x71, 0x01, 0x40, 0x6C, 0x25, 0xBE, 0x0B,
    0x0A, 0x2C, 0x0B, 0x09, 0x23, 0x9E, 0x40, 0x00, 0x00, 0x37, 0x00, 0x01, 0x40, 0x7F, 0x00, 0x37,
    0x7F, 0x02, 0x3C, 0x7F, 0x01, 0x3C, 0x00, 0x05, 0xBE, 0x0B, 0x08, 0x2B, 0x0B, 0x07, 0x06, 0x9E,
    0x3C, 0x00, 0x01, 0x3C, 0x5B, 0x00, 0x40, 0x58, 0x00, 0x37, 0x4F, 0x01, 0x37, 0x00, 0x00, 0x40,
    0x00, 0x24, 0xBE, 0x0B, 0x06, 0x12, 0x9E, 0x40, 0x00, 0x01, 0x40, 0x49, 0x02, 0x3C, 0x00, 0x00,
    0x37, 0x00, 0x01, 0x3C, 0x53, 0x00, 0x37, 0x53, 0x15, 0xBE, 0x0B, 0x05, 0x25, 0x9E, 0x40, 0x68,
    0x00, 0x3C, 0x6C, 0x00, 0x37, 0x71, 0x01, 0x37, 0x00, 0x00, 0x40, 0x00, 0x00, 0x3C, 0x00, 0x06,
    0xBE, 0x0B, 0x04, 0x2C, 0x0B, 0x03, 0x2B, 0x0B, 0x02, 0x1C, 0x9E, 0x40, 0x00, 0x00, 0x37, 0x00,
    0x00, 0x3C, 0x5B, 0x01, 0x3C, 0x00, 0x00, 0x40, 0x58, 0x00, 0x37, 0x53, 0x0F, 0xBE, 0x0B, 0x01,
    0x2B, 0x9E, 0x37, 0x00, 0x00, 0x40, 0x00, 0x00, 0x3C, 0x00, 0x01, 0x3A, 0x52, 0x00, 0x37, 0x5A,
    0x00, 0x41, 0x6D, 0x00, 0xBE, 0x0B, 0x00, 0x7B, 0x9E, 0x41, 0x00, 0x00, 0x37, 0x00, 0x00, 0x3A,
    0x00, 0x00, 0xFF, 0x2F, 0x00, 0x4D, 0x54, 0x72, 0x6B, 0x00, 0x00, 0x11, 0xFC, 0x00, 0xFF, 0x21,
    0x01, 0x00, 0x00, 0xFF, 0x03, 0x03, 0x32, 0x35, 0x20, 0x00, 0xBF, 0x07, 0x5A, 0x00, 0x0A, 0x23,
    0x02, 0x79, 0x00, 0x02, 0x00, 0x00, 0x02, 0x20, 0x00, 0x02, 0x0B, 0x6E, 0x02, 0xCF, 0x19, 0x02,
    0xBF, 0x5B, 0x41, 0x02, 0x5D, 0x00, 0x02, 0xEF, 0x00, 0x40, 0x02, 0xBF, 0x65, 0x00, 0x02, 0x64,
    0x00, 0x02, 0x06, 0x0C, 0x02, 0xEF, 0x00, 0x40, 0x02, 0xBF, 0x63, 0x01, 0x02, 0x62, 0x20, 0x02,
    0x06, 0x40, 0x02, 0x62, 0x21, 0x02, 0x06, 0x40, 0x02, 0x62, 0x63, 0x02, 0x06, 0x40, 0x02, 0x62,
    0x64, 0x02, 0x06, 0x40, 0x02, 0x62, 0x66, 0x02, 0x06, 0x40, 0x81, 0xBE, 0x75, 0x9F, 0x3A, 0x49,
    0x00, 0x37, 0x58, 0x01, 0x41, 0x68, 0x00, 0x3E, 0x5B, 0x74, 0x3E, 0x00, 0x00, 0x37, 0x00, 0x00,
    0x3A, 0x64, 0x01, 0x3A, 0x00, 0x00, 0x3E, 0x71, 0x00, 0x37, 0x6C, 0x02, 0x41, 0x7F, 0x01, 0x41,
    0x00, 0x36, 0x3A, 0x00, 0x01, 0x3A, 0x50, 0x00, 0x3E, 0x5E, 0x01, 0x3E, 0x00, 0x01, 0x41, 0x00,
    0x01, 0x37, 0x51, 0x00, 0x41, 0x6C, 0x01, 0x37, 0x00, 0x36, 0x41, 0x49, 0x00, 0x3A, 0x31, 0x01,
    0x3A, 0x00, 0x00, 0x41, 0x00, 0x02, 0x37, 0x3F, 0x00, 0x3E, 0x49, 0x01, 0x3E, 0x00, 0x00, 0x37,
    0x00, 0x36, 0x3A, 0x00, 0x01, 0x3A, 0x37, 0x02, 0x37, 0x00, 0x00, 0x41, 0x00, 0x01, 0x41, 0x3E,
    0x00, 0x37, 0x37, 0x02, 0x3E, 0x3D, 0x01, 0x3E, 0x00, 0x39, 0x3E, 0x00, 0x01, 0x41, 0x7F, 0x00,
    0x3E, 0x7A, 0x01, 0x41, 0x00, 0x01, 0x3A, 0x68, 0x01, 0x3A, 0x00, 0x00, 0x37, 0x71, 0x01, 0x37,
    0x00, 0x6F, 0x3A, 0x00, 0x01, 0x37, 0x00, 0x00, 0x41, 0x00, 0x00, 0x3E, 0x00, 0x01, 0x3C, 0x40,
    0x03, 0x37, 0x3E, 0x00, 0x40, 0x46, 0x3A, 0x3C, 0x47, 0x00, 0x40, 0x49, 0x01, 0x40, 0x00, 0x00,
    0x3C, 0x00, 0x02, 0x37, 0x42, 0x01, 0x37, 0x00, 0x38, 0x40, 0x00, 0x01, 0x40, 0x75, 0x00, 0x37,
    0x7A, 0x00, 0x3C, 0x7F, 0x01, 0x3C, 0x00, 0x00, 0x37, 0x00, 0x7C, 0x37, 0x4D, 0x01, 0x37, 0x00,
    0x01, 0x3C, 0x00, 0x01, 0x3C, 0x53, 0x00, 0x40, 0x46, 0x01, 0x40, 0x00, 0x34, 0x3C, 0x51, 0x00,
    0x37, 0x4F, 0x01, 0x37, 0x00, 0x00, 0x3C, 0x00, 0x01, 0x40, 0x00, 0x01, 0x40, 0x4B, 0x37, 0x3C,
    0x00, 0x00, 0x37, 0x61, 0x01, 0x37, 0x00, 0x00, 0x3C, 0x71, 0x02, 0x40, 0x75, 0x01, 0x40, 0x00,
    0x75, 0x37, 0x00, 0x00, 0x40, 0x00, 0x01, 0x3C, 0x00, 0x03, 0x3A, 0x49, 0x00, 0x37, 0x58, 0x01,
    0x41, 0x68, 0x00, 0x3E, 0x5B, 0x74, 0x3E, 0x00, 0x00, 0x37, 0x00, 0x00, 0x3A, 0x64, 0x01, 0x3A,
    0x00, 0x00, 0x3E, 0x71, 0x00, 0x37, 0x6C, 0x02, 0x41, 0x7F, 0x01, 0x41, 0x00, 0x36, 0x3A, 0x00,
    0x01, 0x3A, 0x50, 0x00, 0x3E, 0x5E, 0x01, 0x3E, 0x00, 0x01, 0x41, 0x00, 0x01, 0x37, 0x51, 0x00,
    0x41, 0x6C, 0x01, 0x37, 0x00, 0x36, 0x41, 0x49, 0x00, 0x3A, 0x31, 0x01, 0x3A, 0x00, 0x00, 0x41,
    0x00, 0x02, 0x37, 0x3F, 0x00, 0x3E, 0x49, 0x01, 0x3E, 0x00, 0x00, 0x37, 0x00, 0x36, 0x3A, 0x00,
    0x01, 0x3A, 0x37, 0x02, 0x37, 0x00, 0x00, 0x41, 0x00, 0x01, 0x41, 0x3E, 0x00, 0x37, 0x37, 0x02,
    0x3E, 0x3D, 0x01, 0x3E, 0x00, 0x39, 0x3E, 0x00, 0x01, 0x41, 0x7F, 0x00, 0x3E, 0x7A, 0x01, 0x41,
    0x00, 0x01, 0x3A, 0x68, 0x01, 0x3A, 0x00, 0x00, 0x37, 0x71, 0x01, 0x37, 0x00, 0x6F, 0x3A, 0x00,
    0x01, 0x37, 0x00, 0x00, 0x41, 0x00, 0x00, 0x3E, 0x00, 0x01, 0x3C, 0x40, 0x03, 0x37, 0x3E, 0x00,
    0x40, 0x46, 0x3A, 0x3C, 0x47, 0x00, 0x40, 0x49, 0x01, 0x40, 0x00, 0x00, 0x3C, 0x00, 0x02, 0x37,
    0x42, 0x01, 0x37, 0x00, 0x38, 0x40, 0x00, 0x01, 0x40, 0x75, 0x00, 0x37, 0x7A, 0x00, 0x3C, 0x7F,
    0x01, 0x3C, 0x00, 0x00, 0x37, 0x00, 0x7C, 0x37, 0x4D, 0x01, 0x37, 0x00, 0x01, 0x3C, 0x00, 0x01,
    0x3C, 0x53, 0x00, 0x40, 0x46, 0x01, 0x40, 0x00, 0x34, 0x3C, 0x51, 0x00, 0x37, 0x4F, 0x01, 0x37,
    0x00, 0x00, 0x3C, 0x00, 0x01, 0x40, 0x00, 0x01, 0x40, 0x4B, 0x37, 0x3C, 0x00, 0x00, 0x37, 0x61,
    0x01, 0x37, 0x00, 0x00, 0x3C, 0x71, 0x02, 0x40, 0x75, 0x01, 0x40, 0x00, 0x75, 0x37, 0x00, 0x00,
    0x40, 0x00, 0x01, 0x3C, 0x00, 0x03, 0x3A, 0x49, 0x01, 0x37, 0x58, 0x00, 0x41, 0x68, 0x00, 0x3E,
    0x5B, 0x74, 0x3E, 0x00, 0x00, 0x3A, 0x64, 0x01, 0x3A, 0x00, 0x00, 0x3E, 0x71, 0x00, 0x37, 0x6C,
    0x01, 0x37, 0x00, 0x01, 0x41, 0x7F, 0x01, 0x41, 0x00, 0x36, 0x3A, 0x00, 0x01, 0x3A, 0x50, 0x00,
    0x3E, 0x5E, 0x01, 0x3E, 0x00, 0x01, 0x37, 0x00, 0x00, 0x41, 0x00, 0x01, 0x37, 0x51, 0x00, 0x41,
    0x6C, 0x37, 0x41, 0x49, 0x00, 0x3A, 0x31, 0x01, 0x3A, 0x00, 0x00, 0x41, 0x00, 0x02, 0x37, 0x3F,
    0x00, 0x3E, 0x49, 0x01, 0x3E, 0x00, 0x00, 0x37, 0x00, 0x36, 0x3A, 0x00, 0x01, 0x3A, 0x37, 0x02,
    0x41, 0x00, 0x00, 0x37, 0x00, 0x01, 0x41, 0x3E, 0x00, 0x37, 0x37, 0x02, 0x3E, 0x00, 0x01, 0x3E,
    0x3D, 0x3A, 0x41, 0x7F, 0x00, 0x3E, 0x7A, 0x01, 0x3E, 0x00, 0x00, 0x41, 0x00, 0x01, 0x3A, 0x68,
    0x01, 0x3A, 0x00, 0x00, 0x37, 0x71, 0x01, 0x37, 0x00, 0x6F, 0x3A, 0x00, 0x01, 0x37, 0x00, 0x00,
    0x41, 0x00, 0x00, 0x3E, 0x00, 0x01, 0x3C, 0x40, 0x03, 0x37, 0x3E, 0x00, 0x40, 0x46, 0x3A, 0x3C,
    0x47, 0x00, 0x40, 0x49, 0x01, 0x40, 0x00, 0x00, 0x3C, 0x00, 0x02, 0x37, 0x42, 0x01, 0x37, 0x00,
    0x39, 0x40, 0x75, 0x00, 0x37, 0x7A, 0x00, 0x3C, 0x7F, 0x01, 0x3C, 0x00, 0x00, 0x40, 0x00, 0x00,
    0x37, 0x00, 0x7C, 0x37, 0x4D, 0x01, 0x37, 0x00, 0x01, 0x3C, 0x00, 0x01, 0x3C, 0x53, 0x00, 0x40,
    0x46, 0x01, 0x40, 0x00, 0x34, 0x3C, 0x51, 0x00, 0x37, 0x4F, 0x01, 0x37, 0x00, 0x00, 0x3C, 0x00,
    0x01, 0x40, 0x00, 0x01, 0x40, 0x4B, 0x37, 0x3C, 0x00, 0x00, 0x37, 0x00, 0x01, 0x37, 0x61, 0x00,
    0x3C, 0x71, 0x02, 0x40, 0x75, 0x01, 0x40, 0x00, 0x75, 0x40, 0x00, 0x01, 0x3C, 0x00, 0x00, 0x37,
    0x00, 0x81, 0xA6, 0x73, 0x3A, 0x49, 0x00, 0x37, 0x58, 0x01, 0x41, 0x68, 0x00, 0x3E, 0x5B, 0x74,
    0x3E, 0x00, 0x00, 0x37, 0x00, 0x00, 0x3A, 0x64, 0x01, 0x3A, 0x00, 0x00, 0x3E, 0x71, 0x00, 0x37,
    0x6C, 0x02, 0x41, 0x7F, 0x01, 0x41, 0x00, 0x36, 0x3A, 0x00, 0x01, 0x3A, 0x50, 0x00, 0x3E, 0x5E,
    0x01, 0x3E, 0x00, 0x01, 0x41, 0x00, 0x01, 0x37, 0x51, 0x00, 0x41, 0x6C, 0x01, 0x37, 0x00, 0x36,
    0x41, 0x49, 0x00, 0x3A, 0x31, 0x01, 0x3A, 0x00, 0x00, 0x41, 0x00, 0x02, 0x37, 0x3F, 0x00, 0x3E,
    0x49, 0x01, 0x3E, 0x00, 0x00, 0x37, 0x00, 0x36, 0x3A, 0x00, 0x01, 0x3A, 0x37, 0x02, 0x37, 0x00,
    0x00, 0x41, 0x00, 0x01, 0x41, 0x3E, 0x00, 0x37, 0x37, 0x02, 0x3E, 0x3D, 0x01, 0x3E, 0x00, 0x39,
    0x3E, 0x00, 0x01, 0x41, 0x7F, 0x00, 0x3E, 0x7A, 0x01, 0x41, 0x00, 0x01, 0x3A, 0x68, 0x01, 0x3A,
    0x00, 0x00, 0x37, 0x71, 0x01, 0x37, 0x00, 0x6F, 0x3A, 0x00, 0x01, 0x37, 0x00, 0x00, 0x41, 0x00,
    0x00, 0x3E, 0x00, 0x01, 0x3C, 0x40, 0x03, 0x37, 0x3E, 0x00, 0x40, 0x46, 0x3A, 0x3C, 0x47, 0x00,
    0x40, 0x49, 0x01, 0x40, 0x00, 0x00, 0x3C, 0x00, 0x02, 0x37, 0x42, 0x01, 0x37, 0x00, 0x38, 0x40,
    0x00, 0x01, 0x40, 0x75, 0x00, 0x37, 0x7A, 0x00, 0x3C, 0x7F, 0x01, 0x3C, 0x00, 0x00, 0x37, 0x00,
    0x7C, 0x37, 0x4D, 0x01, 0x37, 0x00, 0x01, 0x3C, 0x00, 0x01, 0x3C, 0x53, 0x00, 0x40, 0x46, 0x01,
    0x40, 0x00, 0x34, 0x3C, 0x51, 0x00, 0x37, 0x4F, 0x01, 0x37, 0x00, 0x00, 0x3C, 0x00, 0x01, 0x40,
    0x00, 0x01, 0x40, 0x4B, 0x37, 0x3C, 0x00, 0x00, 0x37, 0x61, 0x01, 0x37, 0x00, 0x00, 0x3C, 0x71,
    0x02, 0x40, 0x75, 0x01, 0x40, 0x00, 0x75, 0x37, 0x00, 0x00, 0x40, 0x00, 0x01, 0x3C, 0x00, 0x03,
    0x3A, 0x49, 0x00, 0x37, 0x58, 0x01, 0x41, 0x68, 0x00, 0x3E, 0x5B, 0x74, 0x3E, 0x00, 0x00, 0x37,
    0x00, 0x00, 0x3A, 0x64, 0x01, 0x3A, 0x00, 0x00, 0x3E, 0x71, 0x00, 0x37, 0x6C, 0x02, 0x41, 0x7F,
    0x01, 0x41, 0x00, 0x36, 0x3A, 0x00, 0x01, 0x3A, 0x50, 0x00, 0x3E, 0x5E, 0x01, 0x3E, 0x00, 0x01,
    0x41, 0x00, 0x01, 0x37, 0x51, 0x00, 0x41, 0x6C, 0x01, 0x37, 0x00, 0x36, 0x41, 0x49, 0x00, 0x3A,
    0x31, 0x01, 0x3A, 0x00, 0x00, 0x41, 0x00, 0x02, 0x37, 0x3F, 0x00, 0x3E, 0x49, 0x01, 0x3E, 0x00,
    0x00, 0x37, 0x00, 0x36, 0x3A, 0x00, 0x01, 0x3A, 0x37, 0x02, 0x37, 0x00, 0x00, 0x41, 0x00, 0x01,
    0x41, 0x3E, 0x00, 0x37, 0x37, 0x02, 0x3E, 0x3D, 0x01, 0x3E, 0x00, 0x39, 0x3E, 0x00, 0x01, 0x41,
    0x7F, 0x00, 0x3E, 0x7A, 0x01, 0x41, 0x00, 0x01, 0x3A, 0x68, 0x01, 0x3A, 0x00, 0x00, 0x37, 0x71,
    0x01, 0x37, 0x00, 0x6F, 0x3A, 0x00, 0x01, 0x37, 0x00, 0x00, 0x41, 0x00, 0x00, 0x3E, 0x00, 0x01,
    0x3C, 0x40, 0x03, 0x37, 0x3E, 0x00, 0x40, 0x46, 0x3A, 0x3C, 0x47, 0x00, 0x40, 0x49, 0x01, 0x40,
    0x00, 0x00, 0x3C, 0x00, 0x02, 0x37, 0x42, 0x01, 0x37, 0x00, 0x38, 0x40, 0x00, 0x01, 0x40, 0x75,
    0x00, 0x37, 0x7A, 0x00, 0x3C, 0x7F, 0x01, 0x3C, 0x00, 0x00, 0x37, 0x00, 0x7C, 0x37, 0x4D, 0x01,
    0x37, 0x00, 0x01, 0x3C, 0x00, 0x01, 0x3C, 0x53, 0x00, 0x40, 0x46, 0x01, 0x40, 0x00, 0x34, 0x3C,
    0x51, 0x00, 0x37, 0x4F, 0x01, 0x37, 0x00, 0x00, 0x3C, 0x00, 0x01, 0x40, 0x00, 0x01, 0x40, 0x4B,
    0x37, 0x3C, 0x00, 0x00, 0x37, 0x61, 0x01, 0x37, 0x00, 0x00, 0x3C, 0x71, 0x02, 0x40, 0x75, 0x01,
    0x40, 0x00, 0x75, 0x37, 0x00, 0x00, 0x40, 0x00, 0x01, 0x3C, 0x00, 0x03, 0x3A, 0x49, 0x01, 0x37,
    0x58, 0x00, 0x41, 0x68, 0x00, 0x3E, 0x5B, 0x74, 0x3E, 0x00, 0x00, 0x3A, 0x64, 0x01, 0x3A, 0x00,
    0x00, 0x3E, 0x71, 0x00, 0x37, 0x6C, 0x01, 0x37, 0x00, 0x01, 0x41, 0x7F, 0x01, 0x41, 0x00, 0x36,
    0x3A, 0x00, 0x01, 0x3A, 0x50, 0x00, 0x3E, 0x5E, 0x01, 0x3E, 0x00, 0x01, 0x37, 0x00, 0x00, 0x41,
    0x00, 0x01, 0x37, 0x51, 0x00, 0x41, 0x6C, 0x37, 0x41, 0x49, 0x00, 0x3A, 0x31, 0x01, 0x3A, 0x00,
    0x00, 0x41, 0x00, 0x02, 0x37, 0x3F, 0x00, 0x3E, 0x49, 0x01, 0x3E, 0x00, 0x00, 0x37, 0x00, 0x36,
    0x3A, 0x00, 0x01, 0x3A, 0x37, 0x02, 0x41, 0x00, 0x00, 0x37, 0x00, 0x01, 0x41, 0x3E, 0x00, 0x37,
    0x37, 0x02, 0x3E, 0x00, 0x01, 0x3E, 0x3D, 0x3A, 0x41, 0x7F, 0x00, 0x3E, 0x7A, 0x01, 0x3E, 0x00,
    0x00, 0x41, 0x00, 0x01, 0x3A, 0x68, 0x01, 0x3A, 0x00, 0x00, 0x37, 0x71, 0x01, 0x37, 0x00, 0x6F,
    0x3A, 0x00, 0x01, 0x37, 0x00, 0x00, 0x41, 0x00, 0x00, 0x3E, 0x00, 0x01, 0x3C, 0x40, 0x03, 0x37,
    0x3E, 0x00, 0x40, 0x46, 0x3A, 0x3C, 0x47, 0x00, 0x40, 0x49, 0x01, 0x40, 0x00, 0x00, 0x3C, 0x00,
    0x02, 0x37, 0x42, 0x01, 0x37, 0x00, 0x39, 0x40, 0x75, 0x00, 0x37, 0x7A, 0x00, 0x3C, 0x7F, 0x01,
    0x3C, 0x00, 0x00, 0x40, 0x00, 0x00, 0x37, 0x00, 0x7C, 0x37, 0x4D, 0x01, 0x37, 0x00, 0x01, 0x3C,
    0x00, 0x01, 0x3C, 0x53, 0x00, 0x40, 0x46, 0x01, 0x40, 0x00, 0x34, 0x3C, 0x51, 0x00, 0x37, 0x4F,
    0x01, 0x37, 0x00, 0x00, 0x3C, 0x00, 0x01, 0x40, 0x00, 0x01, 0x40, 0x4B, 0x37, 0x3C, 0x00, 0x00,
    0x37, 0x00, 0x01, 0x37, 0x61, 0x00, 0x3C, 0x71, 0x02, 0x40, 0x75, 0x01, 0x40, 0x00, 0x75, 0x40,
    0x00, 0x01, 0x3C, 0x00, 0x00, 0x37, 0x00, 0x90, 0x73, 0x3A, 0x49, 0x00, 0x37, 0x58, 0x01, 0x41,
    0x68, 0x00, 0x3E, 0x5B, 0x74, 0x3E, 0x00, 0x00, 0x37, 0x00, 0x00, 0x3A, 0x64, 0x01, 0x3A, 0x00,
    0x00, 0x3E, 0x71, 0x00, 0x37, 0x6C, 0x02, 0x41, 0x7F, 0x01, 0x41, 0x00, 0x36, 0x3A, 0x00, 0x01,
    0x3A, 0x50, 0x00, 0x3E, 0x5E, 0x01, 0x3E, 0x00, 0x01, 0x41, 0x00, 0x01, 0x37, 0x51, 0x00, 0x41,
    0x6C, 0x01, 0x37, 0x00, 0x36, 0x41, 0x49, 0x00, 0x3A, 0x31, 0x01, 0x3A, 0x00, 0x00, 0x41, 0x00,
    0x02, 0x37, 0x3F, 0x00, 0x3E, 0x49, 0x01, 0x3E, 0x00, 0x00, 0x37, 0x00, 0x36, 0x3A, 0x00, 0x01,
    0x3A, 0x37, 0x02, 0x37, 0x00, 0x00, 0x41, 0x00, 0x01, 0x41, 0x3E, 0x00, 0x37, 0x37, 0x02, 0x3E,
    0x3D, 0x01, 0x3E, 0x00, 0x39, 0x3E, 0x00, 0x01, 0x41, 0x7F, 0x00, 0x3E, 0x7A, 0x01, 0x41, 0x00,
    0x01, 0x3A, 0x68, 0x01, 0x3A, 0x00, 0x00, 0x37, 0x71, 0x01, 0x37, 0x00, 0x6F, 0x3A, 0x00, 0x01,
    0x37, 0x00, 0x00, 0x41, 0x00, 0x00, 0x3E, 0x00, 0x01, 0x3C, 0x40, 0x03, 0x37, 0x3E, 0x00, 0x40,
    0x46, 0x3A, 0x3C, 0x47, 0x00, 0x40, 0x49, 0x01, 0x40, 0x00, 0x00, 0x3C, 0x00, 0x02, 0x37, 0x42,
    0x01, 0x37, 0x00, 0x38, 0x40, 0x00, 0x01, 0x40, 0x75, 0x00, 0x37, 0x7A, 0x00, 0x3C, 0x7F, 0x01,
    0x3C, 0x00, 0x00, 0x37, 0x00, 0x7C, 0x37, 0x4D, 0x01, 0x37, 0x00, 0x01, 0x3C, 0x00, 0x01, 0x3C,
    0x53, 0x00, 0x40, 0x46, 0x01, 0x40, 0x00, 0x34, 0x3C, 0x51, 0x00, 0x37, 0x4F, 0x01, 0x37, 0x00,
    0x00, 0x3C, 0x00, 0x01, 0x40, 0x00, 0x01, 0x40, 0x4B, 0x37, 0x3C, 0x00, 0x00, 0x37, 0x61, 0x01,
    0x37, 0x00, 0x00, 0x3C, 0x71, 0x02, 0x40, 0x75, 0x01, 0x40, 0x00, 0x75, 0x37, 0x00, 0x00, 0x40,
    0x00, 0x01, 0x3C, 0x00, 0x03, 0x3A, 0x49, 0x00, 0x37, 0x58, 0x01, 0x41, 0x68, 0x00, 0x3E, 0x5B,
    0x74, 0x3E, 0x00, 0x00, 0x37, 0x00, 0x00, 0x3A, 0x64, 0x01, 0x3A, 0x00, 0x00, 0x3E, 0x71, 0x00,
    0x37, 0x6C, 0x02, 0x41, 0x7F, 0x01, 0x41, 0x00, 0x36, 0x3A, 0x00, 0x01, 0x3A, 0x50, 0x00, 0x3E,
    0x5E, 0x01, 0x3E, 0x00, 0x01, 0x41, 0x00, 0x01, 0x37, 0x51, 0x00, 0x41, 0x6C, 0x01, 0x37, 0x00,
    0x36, 0x41, 0x49, 0x00, 0x3A, 0x31, 0x01, 0x3A, 0x00, 0x00, 0x41, 0x00, 0x02, 0x37, 0x3F, 0x00,
    0x3E, 0x49, 0x01, 0x3E, 0x00, 0x00, 0x37, 0x00, 0x36, 0x3A, 0x00, 0x01, 0x3A, 0x37, 0x02, 0x37,
    0x00, 0x00, 0x41, 0x00, 0x01, 0x41, 0x3E, 0x00, 0x37, 0x37, 0x02, 0x3E, 0x3D, 0x01, 0x3E, 0x00,
    0x39, 0x3E, 0x00, 0x01, 0x41, 0x7F, 0x00, 0x3E, 0x7A, 0x01, 0x41, 0x00, 0x01, 0x3A, 0x68, 0x01,
    0x3A, 0x00, 0x00, 0x37, 0x71, 0x01, 0x37, 0x00, 0x6F, 0x3A, 0x00, 0x01, 0x37, 0x00, 0x00, 0x41,
    0x00, 0x00, 0x3E, 0x00, 0x01, 0x3C, 0x40, 0x03, 0x37, 0x3E, 0x00, 0x40, 0x46, 0x3A, 0x3C, 0x47,
    0x00, 0x40, 0x49, 0x01, 0x40, 0x00, 0x00, 0x3C, 0x00, 0x02, 0x37, 0x42, 0x01, 0x37, 0x00, 0x38,
    0x40, 0x00, 0x01, 0x40, 0x75, 0x00, 0x37, 0x7A, 0x00, 0x3C, 0x7F, 0x01, 0x3C, 0x00, 0x00, 0x37,
    0x00, 0x7C, 0x37, 0x4D, 0x01, 0x37, 0x00, 0x01, 0x3C, 0x00, 0x01, 0x3C, 0x53, 0x00, 0x40, 0x46,
    0x01, 0x40, 0x00, 0x34, 0x3C, 0x51, 0x00, 0x37, 0x4F, 0x01, 0x37, 0x00, 0x00, 0x3C, 0x00, 0x01,
    0x40, 0x00, 0x01, 0x40, 0x4B, 0x37, 0x3C, 0x00, 0x00, 0x37, 0x61, 0x01, 0x37, 0x00, 0x00, 0x3C,
    0x71, 0x02, 0x40, 0x75, 0x01, 0x40, 0x00, 0x75, 0x37, 0x00, 0x00, 0x40, 0x00, 0x01, 0x3C, 0x00,
    0x03, 0x3A, 0x49, 0x01, 0x37, 0x58, 0x00, 0x41, 0x68, 0x00, 0x3E, 0x5B, 0x74, 0x3E, 0x00, 0x00,
    0x3A, 0x64, 0x01, 0x3A, 0x00, 0x00, 0x3E, 0x71, 0x00, 0x37, 0x6C, 0x01, 0x37, 0x00, 0x01, 0x41,
    0x7F, 0x01, 0x41, 0x00, 0x36, 0x3A, 0x00, 0x01, 0x3A, 0x50, 0x00, 0x3E, 0x5E, 0x01, 0x3E, 0x00,
    0x01, 0x37, 0x00, 0x00, 0x41, 0x00, 0x01, 0x37, 0x51, 0x00, 0x41, 0x6C, 0x37, 0x41, 0x49, 0x00,
    0x3A, 0x31, 0x01, 0x3A, 0x00, 0x00, 0x41, 0x00, 0x02, 0x37, 0x3F, 0x00, 0x3E, 0x49, 0x01, 0x3E,
    0x00, 0x00, 0x37, 0x00, 0x36, 0x3A, 0x00, 0x01, 0x3A, 0x37, 0x02, 0x41, 0x00, 0x00, 0x37, 0x00,
    0x01, 0x41, 0x3E, 0x00, 0x37, 0x37, 0x02, 0x3E, 0x00, 0x01, 0x3E, 0x3D, 0x3A, 0x41, 0x7F, 0x00,
    0x3E, 0x7A, 0x01, 0x3E, 0x00, 0x00, 0x41, 0x00, 0x01, 0x3A, 0x68, 0x01, 0x3A, 0x00, 0x00, 0x37,
    0x71, 0x01, 0x37, 0x00, 0x6F, 0x3A, 0x00, 0x01, 0x37, 0x00, 0x00, 0x41, 0x00, 0x00, 0x3E, 0x00,
    0x01, 0x3C, 0x40, 0x03, 0x37, 0x3E, 0x00, 0x40, 0x46, 0x3A, 0x3C, 0x47, 0x00, 0x40, 0x49, 0x01,
    0x40, 0x00, 0x00, 0x3C, 0x00, 0x02, 0x37, 0x42, 0x01, 0x37, 0x00, 0x39, 0x40, 0x75, 0x00, 0x37,
    0x7A, 0x00, 0x3C, 0x7F, 0x01, 0x3C, 0x00, 0x00, 0x40, 0x00, 0x00, 0x37, 0x00, 0x7C, 0x37, 0x4D,
    0x01, 0x37, 0x00, 0x01, 0x3C, 0x00, 0x01, 0x3C, 0x53, 0x00, 0x40, 0x46, 0x01, 0x40, 0x00, 0x34,
    0x3C, 0x51, 0x00, 0x37, 0x4F, 0x01, 0x37, 0x00, 0x00, 0x3C, 0x00, 0x01, 0x40, 0x00, 0x01, 0x40,
    0x4B, 0x37, 0x3C, 0x00, 0x00, 0x37, 0x00, 0x01, 0x37, 0x61, 0x00, 0x3C, 0x71, 0x02, 0x40, 0x75,
    0x01, 0x40, 0x00, 0x75, 0x40, 0x00, 0x01, 0x3C, 0x00, 0x00, 0x37, 0x00, 0x03, 0x3A, 0x49, 0x00,
    0x37, 0x58, 0x01, 0x41, 0x68, 0x00, 0x3E, 0x5B, 0x74, 0x3E, 0x00, 0x00, 0x37, 0x00, 0x00, 0x3A,
    0x64, 0x01, 0x3A, 0x00, 0x00, 0x3E, 0x71, 0x00, 0x37, 0x6C, 0x02, 0x41, 0x7F, 0x01, 0x41, 0x00,
    0x36, 0x3A, 0x00, 0x01, 0x3A, 0x50, 0x00, 0x3E, 0x5E, 0x01, 0x3E, 0x00, 0x01, 0x41, 0x00, 0x01,
    0x37, 0x51, 0x00, 0x41, 0x6C, 0x01, 0x37, 0x00, 0x36, 0x41, 0x49, 0x00, 0x3A, 0x31, 0x01, 0x3A,
    0x00, 0x00, 0x41, 0x00, 0x02, 0x37, 0x3F, 0x00, 0x3E, 0x49, 0x01, 0x3E, 0x00, 0x00, 0x37, 0x00,
    0x36, 0x3A, 0x00, 0x01, 0x3A, 0x37, 0x02, 0x37, 0x00, 0x00, 0x41, 0x00, 0x01, 0x41, 0x3E, 0x00,
    0x37, 0x37, 0x02, 0x3E, 0x3D, 0x01, 0x3E, 0x00, 0x39, 0x3E, 0x00, 0x01, 0x41, 0x7F, 0x00, 0x3E,
    0x7A, 0x01, 0x41, 0x00, 0x01, 0x3A, 0x68, 0x01, 0x3A, 0x00, 0x00, 0x37, 0x71, 0x01, 0x37, 0x00,
    0x6F, 0x3A, 0x00, 0x01, 0x37, 0x00, 0x00, 0x41, 0x00, 0x00, 0x3E, 0x00, 0x01, 0x3C, 0x40, 0x03,
    0x37, 0x3E, 0x00, 0x40, 0x46, 0x3A, 0x3C, 0x47, 0x00, 0x40, 0x49, 0x01, 0x40, 0x00, 0x00, 0x3C,
    0x00, 0x02, 0x37, 0x42, 0x01, 0x37, 0x00, 0x38, 0x40, 0x00, 0x01, 0x40, 0x75, 0x00, 0x37, 0x7A,
    0x00, 0x3C, 0x7F, 0x01, 0x3C, 0x00, 0x00, 0x37, 0x00, 0x7C, 0x37, 0x4D, 0x01, 0x37, 0x00, 0x01,
    0x3C, 0x00, 0x01, 0x3C, 0x53, 0x00, 0x40, 0x46, 0x01, 0x40, 0x00, 0x34, 0x3C, 0x51, 0x00, 0x37,
    0x4F, 0x01, 0x37, 0x00, 0x00, 0x3C, 0x00, 0x01, 0x40, 0x00, 0x01, 0x40, 0x4B, 0x37, 0x3C, 0x00,
    0x00, 0x37, 0x61, 0x01, 0x37, 0x00, 0x00, 0x3C, 0x71, 0x02, 0x40, 0x75, 0x01, 0x40, 0x00, 0x75,
    0x37, 0x00, 0x00, 0x40, 0x00, 0x01, 0x3C, 0x00, 0x03, 0x3A, 0x49, 0x00, 0x37, 0x58, 0x01, 0x41,
    0x68, 0x00, 0x3E, 0x5B, 0x74, 0x3E, 0x00, 0x00, 0x37, 0x00, 0x00, 0x3A, 0x64, 0x01, 0x3A, 0x00,
    0x00, 0x3E, 0x71, 0x00, 0x37, 0x6C, 0x02, 0x41, 0x7F, 0x01, 0x41, 0x00, 0x36, 0x3A, 0x00, 0x01,
    0x3A, 0x50, 0x00, 0x3E, 0x5E, 0x01, 0x3E, 0x00, 0x01, 0x41, 0x00, 0x01, 0x37, 0x51, 0x00, 0x41,
    0x6C, 0x01, 0x37, 0x00, 0x36, 0x41, 0x49, 0x00, 0x3A, 0x31, 0x01, 0x3A, 0x00, 0x00, 0x41, 0x00,
    0x02, 0x37, 0x3F, 0x00, 0x3E, 0x49, 0x01, 0x3E, 0x00, 0x00, 0x37, 0x00, 0x36, 0x3A, 0x00, 0x01,
    0x3A, 0x37, 0x02, 0x37, 0x00, 0x00, 0x41, 0x00, 0x01, 0x41, 0x3E, 0x00, 0x37, 0x37, 0x02, 0x3E,
    0x3D, 0x01, 0x3E, 0x00, 0x39, 0x3E, 0x00, 0x01, 0x41, 0x7F, 0x00, 0x3E, 0x7A, 0x01, 0x41, 0x00,
    0x01, 0x3A, 0x68, 0x01, 0x3A, 0x00, 0x00, 0x37, 0x71, 0x01, 0x37, 0x00, 0x6F, 0x3A, 0x00, 0x01,
    0x37, 0x00, 0x00, 0x41, 0x00, 0x00, 0x3E, 0x00, 0x01, 0x3C, 0x40, 0x03, 0x37, 0x3E, 0x00, 0x40,
    0x46, 0x3A, 0x3C, 0x47, 0x00, 0x40, 0x49, 0x01, 0x40, 0x00, 0x00, 0x3C, 0x00, 0x02, 0x37, 0x42,
    0x01, 0x37, 0x00, 0x38, 0x40, 0x00, 0x01, 0x40, 0x75, 0x00, 0x37, 0x7A, 0x00, 0x3C, 0x7F, 0x01,
    0x3C, 0x00, 0x00, 0x37, 0x00, 0x7C, 0x37, 0x4D, 0x01, 0x37, 0x00, 0x01, 0x3C, 0x00, 0x01, 0x3C,
    0x53, 0x00, 0x40, 0x46, 0x01, 0x40, 0x00, 0x34, 0x3C, 0x51, 0x00, 0x37, 0x4F, 0x01, 0x37, 0x00,
    0x00, 0x3C, 0x00, 0x01, 0x40, 0x00, 0x01, 0x40, 0x4B, 0x37, 0x3C, 0x00, 0x00, 0x37, 0x61, 0x01,
    0x37, 0x00, 0x00, 0x3C, 0x71, 0x02, 0x40, 0x75, 0x01, 0x40, 0x00, 0x75, 0x37, 0x00, 0x00, 0x40,
    0x00, 0x01, 0x3C, 0x00, 0x00, 0xBF, 0x0B, 0x6E, 0x03, 0x9F, 0x3A, 0x49, 0x01, 0x37, 0x58, 0x00,
    0x41, 0x68, 0x00, 0x3E, 0x5B, 0x27, 0xBF, 0x0B, 0x6D, 0x2C, 0x0B, 0x6C, 0x21, 0x9F, 0x3E, 0x00,
    0x00, 0x3A, 0x64, 0x01, 0x3A, 0x00, 0x00, 0x3E, 0x71, 0x00, 0x37, 0x6C, 0x01, 0x37, 0x00, 0x01,
    0x41, 0x7F, 0x01, 0x41, 0x00, 0x06, 0xBF, 0x0B, 0x6B, 0x2C, 0x0B, 0x6A, 0x04, 0x9F, 0x3A, 0x00,
    0x01, 0x3A, 0x50, 0x00, 0x3E, 0x5E, 0x01, 0x3E, 0x00, 0x01, 0x37, 0x00, 0x00, 0x41, 0x00, 0x01,
    0x37, 0x51, 0x00, 0x41, 0x6C, 0x24, 0xBF, 0x0B, 0x69, 0x13, 0x9F, 0x41, 0x49, 0x00, 0x3A, 0x31,
    0x01, 0x3A, 0x00, 0x00, 0x41, 0x00, 0x02, 0x37, 0x3F, 0x00, 0x3E, 0x49, 0x01, 0x3E, 0x00, 0x00,
    0x37, 0x00, 0x14, 0xBF, 0x0B, 0x68, 0x22, 0x9F, 0x3A, 0x00, 0x01, 0x3A, 0x37, 0x02, 0x41, 0x00,
    0x00, 0x37, 0x00, 0x01, 0x41, 0x3E, 0x00, 0x37, 0x37, 0x02, 0x3E, 0x00, 0x01, 0x3E, 0x3D, 0x03,
    0xBF, 0x0B, 0x67, 0x2B, 0x0B, 0x66, 0x0C, 0x9F, 0x41, 0x7F, 0x00, 0x3E, 0x7A, 0x01, 0x3E, 0x00,
    0x00, 0x41, 0x00, 0x01, 0x3A, 0x68, 0x01, 0x3A, 0x00, 0x00, 0x37, 0x71, 0x01, 0x37, 0x00, 0x1C,
    0xBF, 0x0B, 0x65, 0x2C, 0x0B, 0x64, 0x27, 0x9F, 0x3A, 0x00, 0x01, 0x37, 0x00, 0x00, 0x41, 0x00,
    0x00, 0x3E, 0x00, 0x01, 0x3C, 0x40, 0x02, 0xBF, 0x0B, 0x63, 0x01, 0x9F, 0x37, 0x3E, 0x00, 0x40,
    0x46, 0x2B, 0xBF, 0x0B, 0x62, 0x0F, 0x9F, 0x3C, 0x47, 0x00, 0x40, 0x49, 0x01, 0x40, 0x00, 0x00,
    0x3C, 0x00, 0x02, 0x37, 0x42, 0x01, 0x37, 0x00, 0x19, 0xBF, 0x0B, 0x61, 0x20, 0x9F, 0x40, 0x75,
    0x00, 0x37, 0x7A, 0x00, 0x3C, 0x7F, 0x01, 0x3C, 0x00, 0x00, 0x40, 0x00, 0x00, 0x37, 0x00, 0x0A,
    0xBF, 0x0B, 0x60, 0x2C, 0x0B, 0x5F, 0x2B, 0x0B, 0x5E, 0x1B, 0x9F, 0x37, 0x4D, 0x01, 0x37, 0x00,
    0x01, 0x3C, 0x00, 0x01, 0x3C, 0x53, 0x00, 0x40, 0x46, 0x01, 0x40, 0x00, 0x0D, 0xBF, 0x0B, 0x5D,
    0x27, 0x9F, 0x3C, 0x51, 0x00, 0x37, 0x4F, 0x01, 0x37, 0x00, 0x00, 0x3C, 0x00, 0x01, 0x40, 0x00,
    0x01, 0x40, 0x4B, 0x02, 0xBF, 0x0B, 0x5C, 0x2B, 0x0B, 0x5B, 0x0A, 0x9F, 0x3C, 0x00, 0x00, 0x37,
    0x00, 0x01, 0x37, 0x61, 0x00, 0x3C, 0x71, 0x02, 0x40, 0x75, 0x01, 0x40, 0x00, 0x1E, 0xBF, 0x0B,
    0x5A, 0x2B, 0x0B, 0x59, 0x2C, 0x9F, 0x40, 0x00, 0x00, 0xBF, 0x0B, 0x58, 0x01, 0x9F, 0x3C, 0x00,
    0x00, 0x37, 0x00, 0x03, 0x3A, 0x49, 0x00, 0x37, 0x58, 0x01, 0x41, 0x68, 0x00, 0x3E, 0x5B, 0x27,
    0xBF, 0x0B, 0x57, 0x2B, 0x0B, 0x56, 0x22, 0x9F, 0x3E, 0x00, 0x00, 0x37, 0x00, 0x00, 0x3A, 0x64,
    0x01, 0x3A, 0x00, 0x00, 0x3E, 0x71, 0x00, 0x37, 0x6C, 0x02, 0x41, 0x7F, 0x01, 0x41, 0x00, 0x06,
    0xBF, 0x0B, 0x55, 0x2C, 0x0B, 0x54, 0x04, 0x9F, 0x3A, 0x00, 0x01, 0x3A, 0x50, 0x00, 0x3E, 0x5E,
    0x01, 0x3E, 0x00, 0x01, 0x41, 0x00, 0x01, 0x37, 0x51, 0x00, 0x41, 0x6C, 0x01, 0x37, 0x00, 0x22,
    0xBF, 0x0B, 0x53, 0x14, 0x9F, 0x41, 0x49, 0x00, 0x3A, 0x31, 0x01, 0x3A, 0x00, 0x00, 0x41, 0x00,
    0x02, 0x37, 0x3F, 0x00, 0x3E, 0x49, 0x01, 0x3E, 0x00, 0x00, 0x37, 0x00, 0x14, 0xBF, 0x0B, 0x52,
    0x22, 0x9F, 0x3A, 0x00, 0x01, 0x3A, 0x37, 0x02, 0x37, 0x00, 0x00, 0x41, 0x00, 0x01, 0x41, 0x3E,
    0x00, 0x37, 0x37, 0x02, 0x3E, 0x3D, 0x01, 0x3E, 0x00, 0x02, 0xBF, 0x0B, 0x51, 0x2C, 0x0B, 0x50,
    0x0B, 0x9F, 0x3E, 0x00, 0x01, 0x41, 0x7F, 0x00, 0x3E, 0x7A, 0x01, 0x41, 0x00, 0x01, 0x3A, 0x68,
    0x01, 0x3A, 0x00, 0x00, 0x37, 0x71, 0x01, 0x37, 0x00, 0x1C, 0xBF, 0x0B, 0x4F, 0x2B, 0x0B, 0x4E,
    0x28, 0x9F, 0x3A, 0x00, 0x01, 0x37, 0x00, 0x00, 0x41, 0x00, 0x00, 0x3E, 0x00, 0x01, 0x3C, 0x40,
    0x02, 0xBF, 0x0B, 0x4D, 0x01, 0x9F, 0x37, 0x3E, 0x00, 0x40, 0x46, 0x2B, 0xBF, 0x0B, 0x4C, 0x0F,
    0x9F, 0x3C, 0x47, 0x00, 0x40, 0x49, 0x01, 0x40, 0x00, 0x00, 0x3C, 0x00, 0x02, 0x37, 0x42, 0x01,
    0x37, 0x00, 0x18, 0xBF, 0x0B, 0x4B, 0x20, 0x9F, 0x40, 0x00, 0x01, 0x40, 0x75, 0x00, 0x37, 0x7A,
    0x00, 0x3C, 0x7F, 0x01, 0x3C, 0x00, 0x00, 0x37, 0x00, 0x0A, 0xBF, 0x0B, 0x4A, 0x2B, 0x0B, 0x49,
    0x2C, 0x0B, 0x48, 0x1B, 0x9F, 0x37, 0x4D, 0x01, 0x37, 0x00, 0x01, 0x3C, 0x00, 0x01, 0x3C, 0x53,
    0x00, 0x40, 0x46, 0x01, 0x40, 0x00, 0x0D, 0xBF, 0x0B, 0x47, 0x27, 0x9F, 0x3C, 0x51, 0x00, 0x37,
    0x4F, 0x01, 0x37, 0x00, 0x00, 0x3C, 0x00, 0x01, 0x40, 0x00, 0x01, 0x40, 0x4B, 0x01, 0xBF, 0x0B,
    0x46, 0x2C, 0x0B, 0x45, 0x0A, 0x9F, 0x3C, 0x00, 0x00, 0x37, 0x61, 0x01, 0x37, 0x00, 0x00, 0x3C,
    0x71, 0x02, 0x40, 0x75, 0x01, 0x40, 0x00, 0x1D, 0xBF, 0x0B, 0x44, 0x2C, 0x0B, 0x43, 0x2C, 0x9F,
    0x37, 0x00, 0x00, 0x40, 0x00, 0x00, 0xBF, 0x0B, 0x42, 0x01, 0x9F, 0x3C, 0x00, 0x03, 0x3A, 0x49,
    0x00, 0x37, 0x58, 0x01, 0x41, 0x68, 0x00, 0x3E, 0x5B, 0x26, 0xBF, 0x0B, 0x41, 0x2C, 0x0B, 0x40,
    0x22, 0x9F, 0x3E, 0x00, 0x00, 0x37, 0x00, 0x00, 0x3A, 0x64, 0x01, 0x3A, 0x00, 0x00, 0x3E, 0x71,
    0x00, 0x37, 0x6C, 0x02, 0x41, 0x7F, 0x01, 0x41, 0x00, 0x06, 0xBF, 0x0B, 0x3F, 0x2B, 0x0B, 0x3E,
    0x05, 0x9F, 0x3A, 0x00, 0x01, 0x3A, 0x50, 0x00, 0x3E, 0x5E, 0x01, 0x3E, 0x00, 0x01, 0x41, 0x00,
    0x01, 0x37, 0x51, 0x00, 0x41, 0x6C, 0x01, 0x37, 0x00, 0x22, 0xBF, 0x0B, 0x3D, 0x14, 0x9F, 0x41,
    0x49, 0x00, 0x3A, 0x31, 0x01, 0x3A, 0x00, 0x00, 0x41, 0x00, 0x02, 0x37, 0x3F, 0x00, 0x3E, 0x49,
    0x01, 0x3E, 0x00, 0x00, 0x37, 0x00, 0x13, 0xBF, 0x0B, 0x3C, 0x23, 0x9F, 0x3A, 0x00, 0x01, 0x3A,
    0x37, 0x02, 0x37, 0x00, 0x00, 0x41, 0x00, 0x01, 0x41, 0x3E, 0x00, 0x37, 0x37, 0x02, 0x3E, 0x3D,
    0x01, 0x3E, 0x00, 0x02, 0xBF, 0x0B, 0x3B, 0x2C, 0x0B, 0x3A, 0x0B, 0x9F, 0x3E, 0x00, 0x01, 0x41,
    0x7F, 0x00, 0x3E, 0x7A, 0x01, 0x41, 0x00, 0x01, 0x3A, 0x68, 0x01, 0x3A, 0x00, 0x00, 0x37, 0x71,
    0x01, 0x37, 0x00, 0x1B, 0xBF, 0x0B, 0x39, 0x2C, 0x0B, 0x38, 0x28, 0x9F, 0x3A, 0x00, 0x01, 0x37,
    0x00, 0x00, 0x41, 0x00, 0x00, 0x3E, 0x00, 0x01, 0x3C, 0x40, 0x02, 0xBF, 0x0B, 0x37, 0x01, 0x9F,
    0x37, 0x3E, 0x00, 0x40, 0x46, 0x2A, 0xBF, 0x0B, 0x36, 0x10, 0x9F, 0x3C, 0x47, 0x00, 0x40, 0x49,
    0x01, 0x40, 0x00, 0x00, 0x3C, 0x00, 0x02, 0x37, 0x42, 0x01, 0x37, 0x00, 0x18, 0xBF, 0x0B, 0x35,
    0x20, 0x9F, 0x40, 0x00, 0x01, 0x40, 0x75, 0x00, 0x37, 0x7A, 0x00, 0x3C, 0x7F, 0x01, 0x3C, 0x00,
    0x00, 0x37, 0x00, 0x09, 0xBF, 0x0B, 0x34, 0x2C, 0x0B, 0x33, 0x2C, 0x0B, 0x32, 0x1B, 0x9F, 0x37,
    0x4D, 0x01, 0x37, 0x00, 0x01, 0x3C, 0x00, 0x01, 0x3C, 0x53, 0x00, 0x40, 0x46, 0x01, 0x40, 0x00,
    0x0C, 0xBF, 0x0B, 0x31, 0x28, 0x9F, 0x3C, 0x51, 0x00, 0x37, 0x4F, 0x01, 0x37, 0x00, 0x00, 0x3C,
    0x00, 0x01, 0x40, 0x00, 0x01, 0x40, 0x4B, 0x01, 0xBF, 0x0B, 0x30, 0x2B, 0x0B, 0x2F, 0x0B, 0x9F,
    0x3C, 0x00, 0x00, 0x37, 0x61, 0x01, 0x37, 0x00, 0x00, 0x3C, 0x71, 0x02, 0x40, 0x75, 0x01, 0x40,
    0x00, 0x1D, 0xBF, 0x0B, 0x2E, 0x2C, 0x0B, 0x2D, 0x2B, 0x0B, 0x2C, 0x01, 0x9F, 0x37, 0x00, 0x00,
    0x40, 0x00, 0x01, 0x3C, 0x00, 0x03, 0x3A, 0x49, 0x01, 0x37, 0x58, 0x00, 0x41, 0x68, 0x00, 0x3E,
    0x5B, 0x26, 0xBF, 0x0B, 0x2B, 0x2C, 0x0B, 0x2A, 0x22, 0x9F, 0x3E, 0x00, 0x00, 0x3A, 0x64, 0x01,
    0x3A, 0x00, 0x00, 0x3E, 0x71, 0x00, 0x37, 0x6C, 0x01, 0x37, 0x00, 0x01, 0x41, 0x7F, 0x01, 0x41,
    0x00, 0x05, 0xBF, 0x0B, 0x29, 0x2C, 0x0B, 0x28, 0x05, 0x9F, 0x3A, 0x00, 0x01, 0x3A, 0x50, 0x00,
    0x3E, 0x5E, 0x01, 0x3E, 0x00, 0x01, 0x37, 0x00, 0x00, 0x41, 0x00, 0x01, 0x37, 0x51, 0x00, 0x41,
    0x6C, 0x22, 0xBF, 0x0B, 0x27, 0x15, 0x9F, 0x41, 0x49, 0x00, 0x3A, 0x31, 0x01, 0x3A, 0x00, 0x00,
    0x41, 0x00, 0x02, 0x37, 0x3F, 0x00, 0x3E, 0x49, 0x01, 0x3E, 0x00, 0x00, 0x37, 0x00, 0x13, 0xBF,
    0x0B, 0x26, 0x23, 0x9F, 0x3A, 0x00, 0x01, 0x3A, 0x37, 0x02, 0x41, 0x00, 0x00, 0x37, 0x00, 0x01,
    0x41, 0x3E, 0x00, 0x37, 0x37, 0x02, 0x3E, 0x00, 0x01, 0x3E, 0x3D, 0x02, 0xBF, 0x0B, 0x25, 0x2B,
    0x0B, 0x24, 0x0D, 0x9F, 0x41, 0x7F, 0x00, 0x3E, 0x7A, 0x01, 0x3E, 0x00, 0x00, 0x41, 0x00, 0x01,
    0x3A, 0x68, 0x01, 0x3A, 0x00, 0x00, 0x37, 0x71, 0x01, 0x37, 0x00, 0x1B, 0xBF, 0x0B, 0x23, 0x2B,
    0x0B, 0x22, 0x29, 0x9F, 0x3A, 0x00, 0x01, 0x37, 0x00, 0x00, 0x41, 0x00, 0x00, 0x3E, 0x00, 0x01,
    0x3C, 0x40, 0x01, 0xBF, 0x0B, 0x21, 0x02, 0x9F, 0x37, 0x3E, 0x00, 0x40, 0x46, 0x2A, 0xBF, 0x0B,
    0x20, 0x10, 0x9F, 0x3C, 0x47, 0x00, 0x40, 0x49, 0x01, 0x40, 0x00, 0x00, 0x3C, 0x00, 0x02, 0x37,
    0x42, 0x01, 0x37, 0x00, 0x17, 0xBF, 0x0B, 0x1F, 0x22, 0x9F, 0x40, 0x75, 0x00, 0x37, 0x7A, 0x00,
    0x3C, 0x7F, 0x01, 0x3C, 0x00, 0x00, 0x40, 0x00, 0x00, 0x37, 0x00, 0x09, 0xBF, 0x0B, 0x1E, 0x2C,
    0x0B, 0x1D, 0x2B, 0x0B, 0x1C, 0x1C, 0x9F, 0x37, 0x4D, 0x01, 0x37, 0x00, 0x01, 0x3C, 0x00, 0x01,
    0x3C, 0x53, 0x00, 0x40, 0x46, 0x01, 0x40, 0x00, 0x0C, 0xBF, 0x0B, 0x1B, 0x28, 0x9F, 0x3C, 0x51,
    0x00, 0x37, 0x4F, 0x01, 0x37, 0x00, 0x00, 0x3C, 0x00, 0x01, 0x40, 0x00, 0x01, 0x40, 0x4B, 0x00,
    0xBF, 0x0B, 0x1A, 0x2C, 0x0B, 0x19, 0x0B, 0x9F, 0x3C, 0x00, 0x00, 0x37, 0x00, 0x01, 0x37, 0x61,
    0x00, 0x3C, 0x71, 0x02, 0x40, 0x75, 0x01, 0x40, 0x00, 0x1D, 0xBF, 0x0B, 0x18, 0x2B, 0x0B, 0x17,
    0x2C, 0x0B, 0x16, 0x01, 0x9F, 0x40, 0x00, 0x01, 0x3C, 0x00, 0x00, 0x37, 0x00, 0x03, 0x3A, 0x49,
    0x00, 0x37, 0x58, 0x01, 0x41, 0x68, 0x00, 0x3E, 0x5B, 0x26, 0xBF, 0x0B, 0x15, 0x2B, 0x0B, 0x14,
    0x23, 0x9F, 0x3E, 0x00, 0x00, 0x37, 0x00, 0x00, 0x3A, 0x64, 0x01, 0x3A, 0x00, 0x00, 0x3E, 0x71,
    0x00, 0x37, 0x6C, 0x02, 0x41, 0x7F, 0x01, 0x41, 0x00, 0x05, 0xBF, 0x0B, 0x13, 0x2B, 0x0B, 0x12,
    0x06, 0x9F, 0x3A, 0x00, 0x01, 0x3A, 0x50, 0x00, 0x3E, 0x5E, 0x01, 0x3E, 0x00, 0x01, 0x41, 0x00,
    0x01, 0x37, 0x51, 0x00, 0x41, 0x6C, 0x01, 0x37, 0x00, 0x21, 0xBF, 0x0B, 0x11, 0x15, 0x9F, 0x41,
    0x49, 0x00, 0x3A, 0x31, 0x01, 0x3A, 0x00, 0x00, 0x41, 0x00, 0x02, 0x37, 0x3F, 0x00, 0x3E, 0x49,
    0x01, 0x3E, 0x00, 0x00, 0x37, 0x00, 0x13, 0xBF, 0x0B, 0x10, 0x23, 0x9F, 0x3A, 0x00, 0x01, 0x3A,
    0x37, 0x02, 0x37, 0x00, 0x00, 0x41, 0x00, 0x01, 0x41, 0x3E, 0x00, 0x37, 0x37, 0x02, 0x3E, 0x3D,
    0x01, 0x3E, 0x00, 0x01, 0xBF, 0x0B, 0x0F, 0x2C, 0x0B, 0x0E, 0x0C, 0x9F, 0x3E, 0x00, 0x01, 0x41,
    0x7F, 0x00, 0x3E, 0x7A, 0x01, 0x41, 0x00, 0x01, 0x3A, 0x68, 0x01, 0x3A, 0x00, 0x00, 0x37, 0x71,
    0x01, 0x37, 0x00, 0x1A, 0xBF, 0x0B, 0x0D, 0x2C, 0x0B, 0x0C, 0x29, 0x9F, 0x3A, 0x00, 0x01, 0x37,
    0x00, 0x00, 0x41, 0x00, 0x00, 0x3E, 0x00, 0x01, 0x3C, 0x40, 0x01, 0xBF, 0x0B, 0x0B, 0x02, 0x9F,
    0x37, 0x3E, 0x00, 0x40, 0x46, 0x29, 0xBF, 0x0B, 0x0A, 0x11, 0x9F, 0x3C, 0x47, 0x00, 0x40, 0x49,
    0x01, 0x40, 0x00, 0x00, 0x3C, 0x00, 0x02, 0x37, 0x42, 0x01, 0x37, 0x00, 0x17, 0xBF, 0x0B, 0x09,
    0x21, 0x9F, 0x40, 0x00, 0x01, 0x40, 0x75, 0x00, 0x37, 0x7A, 0x00, 0x3C, 0x7F, 0x01, 0x3C, 0x00,
    0x00, 0x37, 0x00, 0x09, 0xBF, 0x0B, 0x08, 0x2B, 0x0B, 0x07, 0x2C, 0x0B, 0x06, 0x1C, 0x9F, 0x37,
    0x4D, 0x01, 0x37, 0x00, 0x01, 0x3C, 0x00, 0x01, 0x3C, 0x53, 0x00, 0x40, 0x46, 0x01, 0x40, 0x00,
    0x0B, 0xBF, 0x0B, 0x05, 0x29, 0x9F, 0x3C, 0x51, 0x00, 0x37, 0x4F, 0x01, 0x37, 0x00, 0x00, 0x3C,
    0x00, 0x01, 0x40, 0x00, 0x01, 0x40, 0x4B, 0x00, 0xBF, 0x0B, 0x04, 0x2C, 0x0B, 0x03, 0x0B, 0x9F,
    0x3C, 0x00, 0x00, 0x37, 0x61, 0x01, 0x37, 0x00, 0x00, 0x3C, 0x71, 0x02, 0x40, 0x75, 0x01, 0x40,
    0x00, 0x1C, 0xBF, 0x0B, 0x02, 0x2C, 0x0B, 0x01, 0x2C, 0x0B, 0x00, 0x01, 0x9F, 0x37, 0x00, 0x00,
    0x40, 0x00, 0x01, 0x3C, 0x00, 0x00, 0xFF, 0x2F, 0x00, 0x4D, 0x54, 0x72, 0x6B, 0x00, 0x00, 0x49,
    0x26, 0x00, 0xFF, 0x21, 0x01, 0x00, 0x00, 0xFF, 0x03, 0x05, 0x44, 0x52, 0x55, 0x4D, 0x53, 0x00,
    0xB9, 0x07, 0x6E, 0x00, 0x0A, 0x40, 0x02, 0x79, 0x00, 0x02, 0x00, 0x00, 0x02, 0x20, 0x00, 0x02,
    0x0B, 0x7F, 0x02, 0xC9, 0x00, 0x02, 0xB9, 0x5B, 0x4B, 0x02, 0x5D, 0x00, 0x02, 0xE9, 0x00, 0x40,
    0x02, 0xB9, 0x65, 0x00, 0x02, 0x64, 0x00, 0x02, 0x06, 0x0C, 0x02, 0xE9, 0x00, 0x40, 0x02, 0xB9,
    0x63, 0x1D, 0x02, 0x62, 0x03, 0x02, 0x06, 0x00, 0x02, 0x62, 0x25, 0x02, 0x06, 0x32, 0x02, 0x62,
    0x26, 0x02, 0x06, 0x32, 0x02, 0x62, 0x27, 0x02, 0x06, 0x32, 0x02, 0x62, 0x28, 0x02, 0x06, 0x32,
    0x87, 0x12, 0x99, 0x24, 0x6E, 0x00, 0x2A, 0x4D, 0x00, 0x45, 0x2D, 0x02, 0x45, 0x00, 0x00, 0x2A,
    0x00, 0x00, 0x24, 0x00, 0x3A, 0x2A, 0x32, 0x00, 0x45, 0x1D, 0x02, 0x45, 0x00, 0x00, 0x2A, 0x00,
    0x3A, 0x26, 0x78, 0x00, 0x2A, 0x62, 0x00, 0x36, 0x49, 0x00, 0x45, 0x43, 0x02, 0x45, 0x00, 0x00,
    0x26, 0x00, 0x00, 0x2A, 0x00, 0x00, 0x36, 0x00, 0x3A, 0x24, 0x5A, 0x00, 0x2A, 0x30, 0x00, 0x45,
    0x26, 0x02, 0x45, 0x00, 0x00, 0x2A, 0x00, 0x00, 0x24, 0x00, 0x3A, 0x24, 0x6E, 0x00, 0x2A, 0x53,
    0x00, 0x45, 0x2C, 0x02, 0x45, 0x00, 0x00, 0x2A, 0x00, 0x00, 0x24, 0x00, 0x3A, 0x2A, 0x2D, 0x00,
    0x45, 0x1E, 0x02, 0x45, 0x00, 0x00, 0x2A, 0x00, 0x3A, 0x26, 0x78, 0x00, 0x2A, 0x61, 0x00, 0x36,
    0x49, 0x00, 0x45, 0x43, 0x02, 0x45, 0x00, 0x00, 0x26, 0x00, 0x00, 0x2A, 0x00, 0x00, 0x36, 0x00,
    0x3A, 0x2A, 0x32, 0x00, 0x45, 0x21, 0x02, 0x45, 0x00, 0x00, 0x2A, 0x00, 0x3A, 0x24, 0x6E, 0x00,
    0x2A, 0x4D, 0x00, 0x45, 0x2D, 0x02, 0x45, 0x00, 0x00, 0x2A, 0x00, 0x00, 0x24, 0x00, 0x3A, 0x2A,
    0x32, 0x00, 0x45, 0x1C, 0x02, 0x45, 0x00, 0x00, 0x2A, 0x00, 0x3A, 0x26, 0x78, 0x00, 0x2A, 0x62,
    0x00, 0x36, 0x49, 0x00, 0x45, 0x42, 0x02, 0x45, 0x00, 0x00, 0x26, 0x00, 0x00, 0x2A, 0x00, 0x00,
    0x36, 0x00, 0x3A, 0x24, 0x5A, 0x00, 0x2A, 0x30, 0x00, 0x45, 0x21, 0x02, 0x45, 0x00, 0x00, 0x2A,
    0x00, 0x00, 0x24, 0x00, 0x3A, 0x24, 0x6E, 0x00, 0x2A, 0x53, 0x00, 0x45, 0x2A, 0x02, 0x45, 0x00,
    0x00, 0x2A, 0x00, 0x00, 0x24, 0x00, 0x3A, 0x2A, 0x2D, 0x00, 0x45, 0x1E, 0x02, 0x45, 0x00, 0x00,
    0x2A, 0x00, 0x3A, 0x26, 0x78, 0x00, 0x2A, 0x61, 0x00, 0x36, 0x49, 0x00, 0x45, 0x43, 0x02, 0x45,
    0x00, 0x00, 0x26, 0x00, 0x00, 0x2A, 0x00, 0x00, 0x36, 0x00, 0x3A, 0x2A, 0x32, 0x00, 0x45, 0x26,
    0x02, 0x45, 0x00, 0x00, 0x2A, 0x00, 0x3A, 0x24, 0x6E, 0x00, 0x2A, 0x4D, 0x00, 0x45, 0x2D, 0x02,
    0x45, 0x00, 0x00, 0x2A, 0x00, 0x00, 0x24, 0x00, 0x3A, 0x2A, 0x32, 0x00, 0x45, 0x1D, 0x02, 0x45,
    0x00, 0x00, 0x2A, 0x00, 0x3A, 0x26, 0x78, 0x00, 0x2A, 0x62, 0x00, 0x36, 0x49, 0x00, 0x45, 0x43,
    0x02, 0x45, 0x00, 0x00, 0x26, 0x00, 0x00, 0x2A, 0x00, 0x00, 0x36, 0x00, 0x3A, 0x24, 0x5A, 0x00,
    0x2A, 0x30, 0x00, 0x45, 0x26, 0x02, 0x45, 0x00, 0x00, 0x2A, 0x00, 0x00, 0x24, 0x00, 0x3A, 0x24,
    0x6E, 0x00, 0x2A, 0x53, 0x00, 0x45, 0x2C, 0x02, 0x45, 0x00, 0x00, 0x2A, 0x00, 0x00, 0x24, 0x00,
    0x3A, 0x2A, 0x2D, 0x00, 0x45, 0x1E, 0x02, 0x45, 0x00, 0x00, 0x2A, 0x00, 0x3A, 0x26, 0x78, 0x00,
    0x2A, 0x61, 0x00, 0x36, 0x49, 0x00, 0x45, 0x43, 0x02, 0x45, 0x00, 0x00, 0x26, 0x00, 0x00, 0x2A,
    0x00, 0x00, 0x36, 0x00, 0x3A, 0x2A, 0x32, 0x00, 0x45, 0x21, 0x02, 0x45, 0x00, 0x00, 0x2A, 0x00,
    0x3A, 0x24, 0x6E, 0x00, 0x2A, 0x4D, 0x00, 0x45, 0x2D, 0x02, 0x45, 0x00, 0x00, 0x2A, 0x00, 0x00,
    0x24, 0x00, 0x3A, 0x2A, 0x32, 0x00, 0x45, 0x1C, 0x02, 0x45, 0x00, 0x00, 0x2A, 0x00, 0x3A, 0x26,
    0x78, 0x00, 0x2A, 0x62, 0x00, 0x36, 0x49, 0x00, 0x45, 0x42, 0x02, 0x45, 0x00, 0x00, 0x26, 0x00,
    0x00, 0x2A, 0x00, 0x00, 0x36, 0x00, 0x3A, 0x24, 0x5A, 0x00, 0x2A, 0x30, 0x00, 0x45, 0x21, 0x02,
    0x45, 0x00, 0x00, 0x2A, 0x00, 0x00, 0x24, 0x00, 0x3A, 0x24, 0x6E, 0x00, 0x2A, 0x53, 0x00, 0x45,
    0x2A, 0x02, 0x45, 0x00, 0x00, 0x2A, 0x00, 0x00, 0x24, 0x00, 0x3A, 0x2A, 0x2D, 0x00, 0x45, 0x1E,
    0x02, 0x45, 0x00, 0x00, 0x2A, 0x00, 0x3A, 0x26, 0x78, 0x00, 0x2A, 0x61, 0x00, 0x36, 0x49, 0x00,
    0x45, 0x43, 0x02, 0x45, 0x00, 0x00, 0x26, 0x00, 0x00, 0x2A, 0x00, 0x00, 0x36, 0x00, 0x3A, 0x2A,
    0x32, 0x00, 0x45, 0x26, 0x02, 0x45, 0x00, 0x00, 0x2A, 0x00, 0x3A, 0x24, 0x6E, 0x00, 0x2A, 0x4D,
    0x00, 0x45, 0x2D, 0x02, 0x45, 0x00, 0x00, 0x2A, 0x00, 0x00, 0x24, 0x00, 0x3A, 0x2A, 0x32, 0x00,
    0x45, 0x1D, 0x02, 0x45, 0x00, 0x00, 0x2A, 0x00, 0x3A, 0x26, 0x78, 0x00, 0x2A, 0x62, 0x00, 0x36,
    0x49, 0x00, 0x45, 0x43, 0x02, 0x45, 0x00, 0x00, 0x26, 0x00, 0x00, 0x2A, 0x00, 0x00, 0x36, 0x00,
    0x3A, 0x24, 0x5A, 0x00, 0x2A, 0x30, 0x00, 0x45, 0x26, 0x02, 0x45, 0x00, 0x00, 0x2A, 0x00, 0x00,
    0x24, 0x00, 0x3A, 0x24, 0x6E, 0x00, 0x2A, 0x53, 0x00, 0x45, 0x2C, 0x02, 0x45, 0x00, 0x00, 0x2A,
    0x00, 0x00, 0x24, 0x00, 0x3A, 0x2A, 0x2D, 0x00, 0x45, 0x1E, 0x02, 0x45, 0x00, 0x00, 0x2A, 0x00,
    0x3A, 0x26, 0x78, 0x00, 0x2A, 0x61, 0x00, 0x36, 0x49, 0x00, 0x45, 0x43, 0x02, 0x45, 0x00, 0x00,
    0x26, 0x00, 0x00, 0x2A, 0x00, 0x00, 0x36, 0x00, 0x3A, 0x2A, 0x32, 0x00, 0x45, 0x21, 0x02, 0x45,
    0x00, 0x00, 0x2A, 0x00, 0x3A, 0x24, 0x6E, 0x00, 0x2A, 0x4D, 0x00, 0x45, 0x2D, 0x02, 0x45, 0x00,
    0x00, 0x2A, 0x00, 0x00, 0x24, 0x00, 0x3A, 0x2A, 0x32, 0x00, 0x45, 0x1C, 0x02, 0x45, 0x00, 0x00,
    0x2A, 0x00, 0x3A, 0x26, 0x78, 0x00, 0x2A, 0x62, 0x00, 0x36, 0x49, 0x00, 0x45, 0x42, 0x02, 0x45,
    0x00, 0x00, 0x26, 0x00, 0x00, 0x2A, 0x00, 0x00, 0x36, 0x00, 0x3A, 0x24, 0x5A, 0x00, 0x2A, 0x30,
    0x00, 0x45, 0x21, 0x02, 0x45, 0x00, 0x00, 0x2A, 0x00, 0x00, 0x24, 0x00, 0x3A, 0x24, 0x6E, 0x00,
    0x2A, 0x53, 0x00, 0x45, 0x2A, 0x02, 0x45, 0x00, 0x00, 0x2A, 0x00, 0x00, 0x24, 0x00, 0x3A, 0x2A,
    0x2D, 0x00, 0x45, 0x1E, 0x02, 0x45, 0x00, 0x00, 0x2A, 0x00, 0x3A, 0x26, 0x78, 0x00, 0x2A, 0x61,
    0x00, 0x36, 0x49, 0x00, 0x45, 0x43, 0x02, 0x45, 0x00, 0x00, 0x26, 0x00, 0x00, 0x2A, 0x00, 0x00,
    0x36, 0x00, 0x3A, 0x2A, 0x32, 0x00, 0x45, 0x26, 0x02, 0x45, 0x00, 0x00, 0x2A, 0x00, 0x3A, 0x24,
    0x6E, 0x00, 0x2A, 0x4D, 0x00, 0x45, 0x2D, 0x02, 0x45, 0x00, 0x00, 0x2A, 0x00, 0x00, 0x24, 0x00,
    0x3A, 0x2A, 0x32, 0x00, 0x45, 0x1D, 0x02, 0x45, 0x00, 0x00, 0x2A, 0x00, 0x3A, 0x26, 0x78, 0x00,
    0x2A, 0x62, 0x00, 0x36, 0x49, 0x00, 0x45, 0x43, 0x02, 0x45, 0x00, 0x00, 0x26, 0x00, 0x00, 0x2A,
    0x00, 0x00, 0x36, 0x00, 0x3A, 0x24, 0x5A, 0x00, 0x2A, 0x30, 0x00, 0x45, 0x26, 0x02, 0x45, 0x00,
    0x00, 0x2A, 0x00, 0x00, 0x24, 0x00, 0x3A, 0x24, 0x6E, 0x00, 0x2A, 0x53, 0x00, 0x45, 0x2C, 0x02,
    0x45, 0x00, 0x00, 0x2A, 0x00, 0x00, 0x24, 0x00, 0x3A, 0x2A, 0x2D, 0x00, 0x45, 0x1E, 0x02, 0x45,
    0x00, 0x00, 0x2A, 0x00, 0x3A, 0x26, 0x78, 0x00, 0x2A, 0x61, 0x00, 0x36, 0x49, 0x00, 0x45, 0x43,
    0x02, 0x45, 0x00, 0x00, 0x26, 0x00, 0x00, 0x2A, 0x00, 0x00, 0x36, 0x00, 0x3A, 0x2A, 0x32, 0x00,
    0x45, 0x21, 0x02, 0x45, 0x00, 0x00, 0x2A, 0x00, 0x3A, 0x24, 0x6E, 0x00, 0x2A, 0x4D, 0x00, 0x45,
    0x2D, 0x02, 0x45, 0x00, 0x00, 0x2A, 0x00, 0x00, 0x24, 0x00, 0x3A, 0x2A, 0x32, 0x00, 0x45, 0x1C,
    0x02, 0x45, 0x00, 0x00, 0x2A, 0x00, 0x3A, 0x26, 0x78, 0x00, 0x2A, 0x62, 0x00, 0x36, 0x49, 0x00,
    0x45, 0x42, 0x02, 0x45, 0x00, 0x00, 0x26, 0x00, 0x00, 0x2A, 0x00, 0x00, 0x36, 0x00, 0x3A, 0x24,
    0x5A, 0x00, 0x2A, 0x30, 0x00, 0x45, 0x21, 0x02, 0x45, 0x00, 0x00, 0x2A, 0x00, 0x00, 0x24, 0x00,
    0x3A, 0x24, 0x6E, 0x00, 0x2A, 0x53, 0x00, 0x45, 0x2A, 0x02, 0x45, 0x00, 0x00, 0x2A, 0x00, 0x00,
    0x24, 0x00, 0x3A, 0x2A, 0x2D, 0x00, 0x45, 0x1E, 0x02, 0x45, 0x00, 0x00, 0x2A, 0x00, 0x3A, 0x26,
    0x78, 0x00, 0x2A, 0x61, 0x00, 0x36, 0x49, 0x00, 0x45, 0x43, 0x02, 0x45, 0x00, 0x00, 0x26, 0x00,
    0x00, 0x2A, 0x00, 0x00, 0x36, 0x00, 0x3A, 0x2A, 0x32, 0x00, 0x45, 0x26, 0x02, 0x45, 0x00, 0x00,
    0x2A, 0x00, 0x3A, 0x24, 0x6E, 0x00, 0x2A, 0x4D, 0x00, 0x45, 0x2D, 0x02, 0x45, 0x00, 0x00, 0x2A,
    0x00, 0x00, 0x24, 0x00, 0x3A, 0x2A, 0x32, 0x00, 0x45, 0x1D, 0x02, 0x45, 0x00, 0x00, 0x2A, 0x00,
    0x3A, 0x26, 0x78, 0x00, 0x2A, 0x62, 0x00, 0x36, 0x49, 0x00, 0x45, 0x43, 0x02, 0x45, 0x00, 0x00,
    0x26, 0x00, 0x00, 0x2A, 0x00, 0x00, 0x36, 0x00, 0x3A, 0x24, 0x5A, 0x00, 0x2A, 0x52, 0x00, 0x45,
    0x26, 0x02, 0x45, 0x00, 0x00, 0x2A, 0x00, 0x00, 0x24, 0x00, 0x3A, 0x26, 0x78, 0x00, 0x2E, 0x50,
    0x00, 0x45, 0x2C, 0x02, 0x45, 0x00, 0x00, 0x2E, 0x00, 0x00, 0x26, 0x00, 0x3A, 0x24, 0x5A, 0x00,
    0x2E, 0x50, 0x00, 0x45, 0x1E, 0x02, 0x45, 0x00, 0x00, 0x2E, 0x00, 0x00, 0x24, 0x00, 0x1C, 0x26,
    0x64, 0x02, 0x26, 0x00, 0x1C, 0x26, 0x78, 0x00, 0x2E, 0x50, 0x00, 0x36, 0x49, 0x00, 0x45, 0x43,
    0x02, 0x45, 0x00, 0x00, 0x26, 0x00, 0x00, 0x2E, 0x00, 0x00, 0x36, 0x00, 0x3A, 0x2D, 0x55, 0x00,
    0x45, 0x21, 0x02, 0x45, 0x00, 0x00, 0x2D, 0x00, 0x3A, 0x24, 0x6E, 0x00, 0x2A, 0x4D, 0x00, 0x31,
    0x50, 0x00, 0x45, 0x2D, 0x02, 0x45, 0x00, 0x00, 0x24, 0x00, 0x00, 0x2A, 0x00, 0x00, 0x31, 0x00,
    0x3A, 0x2A, 0x32, 0x00, 0x45, 0x1D, 0x02, 0x45, 0x00, 0x00, 0x2A, 0x00, 0x3A, 0x26, 0x78, 0x00,
    0x2A, 0x62, 0x00, 0x36, 0x53, 0x00, 0x45, 0x43, 0x02, 0x45, 0x00, 0x00, 0x26, 0x00, 0x00, 0x2A,
    0x00, 0x00, 0x36, 0x00, 0x3A, 0x24, 0x5A, 0x00, 0x2A, 0x30, 0x00, 0x45, 0x26, 0x02, 0x45, 0x00,
    0x00, 0x2A, 0x00, 0x00, 0x24, 0x00, 0x3A, 0x24, 0x6E, 0x00, 0x2A, 0x53, 0x00, 0x45, 0x2C, 0x02,
    0x45, 0x00, 0x00, 0x2A, 0x00, 0x00, 0x24, 0x00, 0x3A, 0x2A, 0x2D, 0x00, 0x45, 0x1E, 0x02, 0x45,
    0x00, 0x00, 0x2A, 0x00, 0x3A, 0x26, 0x78, 0x00, 0x2A, 0x61, 0x00, 0x36, 0x53, 0x00, 0x45, 0x43,
    0x02, 0x45, 0x00, 0x00, 0x26, 0x00, 0x00, 0x2A, 0x00, 0x00, 0x36, 0x00, 0x3A, 0x2A, 0x32, 0x00,
    0x45, 0x21, 0x02, 0x45, 0x00, 0x00, 0x2A, 0x00, 0x3A, 0x24, 0x6E, 0x00, 0x2A, 0x4D, 0x00, 0x45,
    0x2D, 0x02, 0x45, 0x00, 0x00, 0x2A, 0x00, 0x00, 0x24, 0x00, 0x3A, 0x2A, 0x32, 0x00, 0x45, 0x1C,
    0x02, 0x45, 0x00, 0x00, 0x2A, 0x00, 0x3A, 0x26, 0x78, 0x00, 0x2A, 0x62, 0x00, 0x36, 0x53, 0x00,
    0x45, 0x42, 0x02, 0x45, 0x00, 0x00, 0x26, 0x00, 0x00, 0x2A, 0x00, 0x00, 0x36, 0x00, 0x3A, 0x24,
    0x5A, 0x00, 0x2A, 0x30, 0x00, 0x45, 0x21, 0x02, 0x45, 0x00, 0x00, 0x2A, 0x00, 0x00, 0x24, 0x00,
    0x3A, 0x24, 0x6E, 0x00, 0x2A, 0x53, 0x00, 0x45, 0x2A, 0x02, 0x45, 0x00, 0x00, 0x2A, 0x00, 0x00,
    0x24, 0x00, 0x3A, 0x2A, 0x2D, 0x00, 0x45, 0x1E, 0x02, 0x45, 0x00, 0x00, 0x2A, 0x00, 0x3A, 0x26,
    0x78, 0x00, 0x2A, 0x61, 0x00, 0x36, 0x53, 0x00, 0x45, 0x43, 0x02, 0x45, 0x00, 0x00, 0x26, 0x00,
    0x00, 0x2A, 0x00, 0x00, 0x36, 0x00, 0x3A, 0x2A, 0x32, 0x00, 0x45, 0x26, 0x02, 0x45, 0x00, 0x00,
    0x2A, 0x00, 0x3A, 0x24, 0x6E, 0x00, 0x2A, 0x4D, 0x00, 0x45, 0x2D, 0x02, 0x45, 0x00, 0x00, 0x2A,
    0x00, 0x00, 0x24, 0x00, 0x3A, 0x2A, 0x32, 0x00, 0x45, 0x1D, 0x02, 0x45, 0x00, 0x00, 0x2A, 0x00,
    0x3A, 0x26, 0x78, 0x00, 0x2A, 0x62, 0x00, 0x36, 0x53, 0x00, 0x45, 0x43, 0x02, 0x45, 0x00, 0x00,
    0x26, 0x00, 0x00, 0x2A, 0x00, 0x00, 0x36, 0x00, 0x3A, 0x24, 0x5A, 0x00, 0x2A, 0x30, 0x00, 0x45,
    0x26, 0x02, 0x45, 0x00, 0x00, 0x2A, 0x00, 0x00, 0x24, 0x00, 0x3A, 0x24, 0x6E, 0x00, 0x2A, 0x53,
    0x00, 0x45, 0x2C, 0x02, 0x45, 0x00, 0x00, 0x2A, 0x00, 0x00, 0x24, 0x00, 0x3A, 0x2A, 0x2D, 0x00,
    0x45, 0x1E, 0x02, 0x45, 0x00, 0x00, 0x2A, 0x00, 0x3A, 0x26, 0x78, 0x00, 0x2A, 0x61, 0x00, 0x36,
    0x53, 0x00, 0x45, 0x43, 0x02, 0x45, 0x00, 0x00, 0x26, 0x00, 0x00, 0x2A, 0x00, 0x00, 0x36, 0x00,
    0x3A, 0x2A, 0x32, 0x00, 0x45, 0x21, 0x02, 0x45, 0x00, 0x00, 0x2A, 0x00, 0x3A, 0x24, 0x6E, 0x00,
    0x2A, 0x4D, 0x00, 0x45, 0x2D, 0x02, 0x45, 0x00, 0x00, 0x2A, 0x00, 0x00, 0x24, 0x00, 0x3A, 0x2A,
    0x32, 0x00, 0x45, 0x1C, 0x02, 0x45, 0x00, 0x00, 0x2A, 0x00, 0x3A, 0x26, 0x78, 0x00, 0x2A, 0x62,
    0x00, 0x36, 0x53, 0x00, 0x45, 0x42, 0x02, 0x45, 0x00, 0x00, 0x26, 0x00, 0x00, 0x2A, 0x00, 0x00,
    0x36, 0x00, 0x3A, 0x24, 0x5A, 0x00, 0x2A, 0x30, 0x00, 0x45, 0x21, 0x02, 0x45, 0x00, 0x00, 0x2A,
    0x00, 0x00, 0x24, 0x00, 0x3A, 0x24, 0x6E, 0x00, 0x2A, 0x53, 0x00, 0x45, 0x2A, 0x02, 0x45, 0x00,
    0x00, 0x2A, 0x00, 0x00, 0x24, 0x00, 0x3A, 0x2A, 0x2D, 0x00, 0x45, 0x1E, 0x02, 0x45, 0x00, 0x00,
    0x2A, 0x00, 0x3A, 0x26, 0x78, 0x00, 0x2A, 0x61, 0x00, 0x36, 0x53, 0x00, 0x45, 0x43, 0x02, 0x45,
    0x00, 0x00, 0x26, 0x00, 0x00, 0x2A, 0x00, 0x00, 0x36, 0x00, 0x3A, 0x2A, 0x32, 0x00, 0x45, 0x26,
    0x02, 0x45, 0x00, 0x00, 0x2A, 0x00, 0x3A, 0x24, 0x6E, 0x00, 0x2A, 0x4D, 0x00, 0x45, 0x2D, 0x02,
    0x45, 0x00, 0x00, 0x2A, 0x00, 0x00, 0x24, 0x00, 0x3A, 0x2A, 0x32, 0x00, 0x45, 0x1D, 0x02, 0x45,
    0x00, 0x00, 0x2A, 0x00, 0x3A, 0x26, 0x78, 0x00, 0x2A, 0x62, 0x00, 0x36, 0x53, 0x00, 0x45, 0x43,
    0x02, 0x45, 0x00, 0x00, 0x26, 0x00, 0x00, 0x2A, 0x00, 0x00, 0x36, 0x00, 0x3A, 0x24, 0x5A, 0x00,
    0x2A, 0x30, 0x00, 0x45, 0x26, 0x02, 0x45, 0x00, 0x00, 0x2A, 0x00, 0x00, 0x24, 0x00, 0x3A, 0x24,
    0x6E, 0x00, 0x2A, 0x53, 0x00, 0x45, 0x2C, 0x02, 0x45, 0x00, 0x00, 0x2A, 0x00, 0x00, 0x24, 0x00,
    0x3A, 0x2A, 0x2D, 0x00, 0x45, 0x1E, 0x02, 0x45, 0x00, 0x00, 0x2A, 0x00, 0x3A, 0x26, 0x78, 0x00,
    0x2A, 0x61, 0x00, 0x36, 0x53, 0x00, 0x45, 0x43, 0x02, 0x45, 0x00, 0x00, 0x26, 0x00, 0x00, 0x2A,
    0x00, 0x00, 0x36, 0x00, 0x3A, 0x2A, 0x32, 0x00, 0x45, 0x21, 0x02, 0x45, 0x00, 0x00, 0x2A, 0x00,
    0x3A, 0x24, 0x6E, 0x00, 0x2A, 0x4D, 0x00, 0x45, 0x2D, 0x02, 0x45, 0x00, 0x00, 0x2A, 0x00, 0x00,
    0x24, 0x00, 0x3A, 0x2A, 0x32, 0x00, 0x45, 0x1C, 0x02, 0x45, 0x00, 0x00, 0x2A, 0x00, 0x3A, 0x26,
    0x78, 0x00, 0x2A, 0x62, 0x00, 0x36, 0x53, 0x00, 0x45, 0x42, 0x02, 0x45, 0x00, 0x00, 0x26, 0x00,
    0x00, 0x2A, 0x00, 0x00, 0x36, 0x00, 0x3A, 0x24, 0x5A, 0x00, 0x2A, 0x30, 0x00, 0x45, 0x21, 0x02,
    0x45, 0x00, 0x00, 0x2A, 0x00, 0x00, 0x24, 0x00, 0x3A, 0x24, 0x6E, 0x00, 0x2A, 0x53, 0x00, 0x45,
    0x2A, 0x02, 0x45, 0x00, 0x00, 0x2A, 0x00, 0x00, 0x24, 0x00, 0x3A, 0x2A, 0x2D, 0x00, 0x45, 0x1E,
    0x02, 0x45, 0x00, 0x00, 0x2A, 0x00, 0x3A, 0x26, 0x78, 0x00, 0x2A, 0x61, 0x00, 0x36, 0x53, 0x00,
    0x45, 0x43, 0x02, 0x45, 0x00, 0x00, 0x26, 0x00, 0x00, 0x2A, 0x00, 0x00, 0x36, 0x00, 0x3A, 0x2A,
    0x32, 0x00, 0x45, 0x26, 0x02, 0x45, 0x00, 0x00, 0x2A, 0x00, 0x3A, 0x24, 0x6E, 0x00, 0x2A, 0x4D,
    0x00, 0x45, 0x2D, 0x02, 0x45, 0x00, 0x00, 0x2A, 0x00, 0x00, 0x24, 0x00, 0x3A, 0x2A, 0x32, 0x00,
    0x45, 0x1D, 0x02, 0x45, 0x00, 0x00, 0x2A, 0x00, 0x3A, 0x26, 0x78, 0x00, 0x2A, 0x62, 0x00, 0x36,
    0x53, 0x00, 0x45, 0x43, 0x02, 0x45, 0x00, 0x00, 0x26, 0x00, 0x00, 0x2A, 0x00, 0x00, 0x36, 0x00,
    0x3A, 0x24, 0x5A, 0x00, 0x2A, 0x30, 0x00, 0x45, 0x26, 0x02, 0x45, 0x00, 0x00, 0x2A, 0x00, 0x00,
    0x24, 0x00, 0x3A, 0x24, 0x6E, 0x00, 0x2A, 0x53, 0x00, 0x45, 0x2C, 0x02, 0x45, 0x00, 0x00, 0x2A,
    0x00, 0x00, 0x24, 0x00, 0x3A, 0x2A, 0x2D, 0x00, 0x45, 0x1E, 0x02, 0x45, 0x00, 0x00, 0x2A, 0x00,
    0x3A, 0x26, 0x78, 0x00, 0x2A, 0x61, 0x00, 0x36, 0x53, 0x00, 0x45, 0x43, 0x02, 0x45, 0x00, 0x00,
    0x26, 0x00, 0x00, 0x2A, 0x00, 0x00, 0x36, 0x00, 0x3A, 0x2A, 0x32, 0x00, 0x45, 0x21, 0x02, 0x45,
    0x00, 0x00, 0x2A, 0x00, 0x3A, 0x24, 0x6E, 0x00, 0x2A, 0x4D, 0x00, 0x45, 0x2D, 0x02, 0x45, 0x00,
    0x00, 0x2A, 0x00, 0x00, 0x24, 0x00, 0x3A, 0x2A, 0x32, 0x00, 0x45, 0x1C, 0x02, 0x45, 0x00, 0x00,
    0x2A, 0x00, 0x3A, 0x26, 0x78, 0x00, 0x2A, 0x62, 0x00, 0x36, 0x53, 0x00, 0x45, 0x42, 0x02, 0x45,
    0x00, 0x00, 0x26, 0x00, 0x00, 0x2A, 0x00, 0x00, 0x36, 0x00, 0x3A, 0x24, 0x5A, 0x00, 0x2A, 0x30,
    0x00, 0x45, 0x21, 0x02, 0x45, 0x00, 0x00, 0x2A, 0x00, 0x00, 0x24, 0x00, 0x3A, 0x24, 0x6E, 0x00,
    0x2A, 0x53, 0x00, 0x45, 0x2A, 0x02, 0x45, 0x00, 0x00, 0x2A, 0x00, 0x00, 0x24, 0x00, 0x3A, 0x2A,
    0x2D, 0x00, 0x45, 0x1E, 0x02, 0x45, 0x00, 0x00, 0x2A, 0x00, 0x3A, 0x26, 0x78, 0x00, 0x2A, 0x61,
    0x00, 0x36, 0x53, 0x00, 0x45, 0x43, 0x02, 0x45, 0x00, 0x00, 0x26, 0x00, 0x00, 0x2A, 0x00, 0x00,
    0x36, 0x00, 0x3A, 0x2A, 0x32, 0x00, 0x45, 0x26, 0x02, 0x45, 0x00, 0x00, 0x2A, 0x00, 0x3A, 0x24,
    0x6E, 0x00, 0x2A, 0x4D, 0x00, 0x45, 0x2D, 0x02, 0x45, 0x00, 0x00, 0x2A, 0x00, 0x00, 0x24, 0x00,
    0x3A, 0x2A, 0x32, 0x00, 0x45, 0x1D, 0x02, 0x45, 0x00, 0x00, 0x2A, 0x00, 0x3A, 0x26, 0x78, 0x00,
    0x2A, 0x62, 0x00, 0x36, 0x53, 0x00, 0x45, 0x43, 0x02, 0x45, 0x00, 0x00, 0x26, 0x00, 0x00, 0x2A,
    0x00, 0x00, 0x36, 0x00, 0x3A, 0x24, 0x5A, 0x00, 0x2A, 0x30, 0x00, 0x45, 0x26, 0x02, 0x45, 0x00,
    0x00, 0x2A, 0x00, 0x00, 0x24, 0x00, 0x3A, 0x24, 0x6E, 0x00, 0x2A, 0x53, 0x00, 0x45, 0x2C, 0x02,
    0x45, 0x00, 0x00, 0x2A, 0x00, 0x00, 0x24, 0x00, 0x3A, 0x2E, 0x50, 0x00, 0x45, 0x1E, 0x02, 0x45,
    0x00, 0x00, 0x2E, 0x00, 0x3A, 0x26, 0x78, 0x00, 0x2A, 0x61, 0x00, 0x36, 0x53, 0x00, 0x45, 0x43,
    0x02, 0x45, 0x00, 0x00, 0x26, 0x00, 0x00, 0x2A, 0x00, 0x00, 0x36, 0x00, 0x3A, 0x2E, 0x50, 0x00,
    0x45, 0x21, 0x02, 0x45, 0x00, 0x00, 0x2E, 0x00, 0x3A, 0x24, 0x6E, 0x00, 0x2A, 0x4D, 0x00, 0x31,
    0x50, 0x00, 0x45, 0x2D, 0x02, 0x45, 0x00, 0x00, 0x24, 0x00, 0x00, 0x2A, 0x00, 0x00, 0x31, 0x00,
    0x3A, 0x2A, 0x32, 0x00, 0x45, 0x1D, 0x02, 0x45, 0x00, 0x00, 0x2A, 0x00, 0x3A, 0x26, 0x78, 0x00,
    0x2A, 0x62, 0x00, 0x36, 0x53, 0x00, 0x45, 0x43, 0x02, 0x45, 0x00, 0x00, 0x26, 0x00, 0x00, 0x2A,
    0x00, 0x00, 0x36, 0x00, 0x3A, 0x24, 0x5A, 0x00, 0x2A, 0x30, 0x00, 0x45, 0x26, 0x02, 0x45, 0x00,
    0x00, 0x2A, 0x00, 0x00, 0x24, 0x00, 0x3A, 0x24, 0x6E, 0x00, 0x2A, 0x53, 0x00, 0x45, 0x2C, 0x02,
    0x45, 0x00, 0x00, 0x2A, 0x00, 0x00, 0x24, 0x00, 0x3A, 0x2A, 0x2D, 0x00, 0x45, 0x1E, 0x02, 0x45,
    0x00, 0x00, 0x2A, 0x00, 0x3A, 0x26, 0x78, 0x00, 0x2A, 0x61, 0x00, 0x36, 0x53, 0x00, 0x45, 0x43,
    0x02, 0x45, 0x00, 0x00, 0x26, 0x00, 0x00, 0x2A, 0x00, 0x00, 0x36, 0x00, 0x3A, 0x2A, 0x32, 0x00,
    0x45, 0x21, 0x02, 0x45, 0x00, 0x00, 0x2A, 0x00, 0x3A, 0x24, 0x6E, 0x00, 0x2A, 0x4D, 0x00, 0x45,
    0x2D, 0x02, 0x45, 0x00, 0x00, 0x2A, 0x00, 0x00, 0x24, 0x00, 0x3A, 0x2A, 0x32, 0x00, 0x45, 0x1C,
    0x02, 0x45, 0x00, 0x00, 0x2A, 0x00, 0x3A, 0x26, 0x78, 0x00, 0x2A, 0x62, 0x00, 0x36, 0x53, 0x00,
    0x45, 0x42, 0x02, 0x45, 0x00, 0x00, 0x26, 0x00, 0x00, 0x2A, 0x00, 0x00, 0x36, 0x00, 0x3A, 0x24,
    0x5A, 0x00, 0x2A, 0x30, 0x00, 0x45, 0x21, 0x02, 0x45, 0x00, 0x00, 0x2A, 0x00, 0x00, 0x24, 0x00,
    0x3A, 0x24, 0x6E, 0x00, 0x2A, 0x53, 0x00, 0x45, 0x2A, 0x02, 0x45, 0x00, 0x00, 0x2A, 0x00, 0x00,
    0x24, 0x00, 0x3A, 0x2A, 0x2D, 0x00, 0x45, 0x1E, 0x02, 0x45, 0x00, 0x00, 0x2A, 0x00, 0x3A, 0x26,
    0x78, 0x00, 0x2A, 0x61, 0x00, 0x36, 0x53, 0x00, 0x45, 0x43, 0x02, 0x45, 0x00, 0x00, 0x26, 0x00,
    0x00, 0x2A, 0x00, 0x00, 0x36, 0x00, 0x3A, 0x2A, 0x32, 0x00, 0x45, 0x26, 0x02, 0x45, 0x00, 0x00,
    0x2A, 0x00, 0x3A, 0x24, 0x6E, 0x00, 0x2A, 0x4D, 0x00, 0x45, 0x2D, 0x02, 0x45, 0x00, 0x00, 0x2A,
    0x00, 0x00, 0x24, 0x00, 0x3A, 0x2A, 0x32, 0x00, 0x45, 0x1D, 0x02, 0x45, 0x00, 0x00, 0x2A, 0x00,
    0x3A, 0x26, 0x78, 0x00, 0x2A, 0x62, 0x00, 0x36, 0x53, 0x00, 0x45, 0x43, 0x02, 0x45, 0x00, 0x00,
    0x26, 0x00, 0x00, 0x2A, 0x00, 0x00, 0x36, 0x00, 0x3A, 0x24, 0x5A, 0x00, 0x2A, 0x30, 0x00, 0x45,
    0x26, 0x02, 0x45, 0x00, 0x00, 0x2A, 0x00, 0x00, 0x24, 0x00, 0x3A, 0x24, 0x6E, 0x00, 0x2A, 0x53,
    0x00, 0x45, 0x2C, 0x02, 0x45, 0x00, 0x00, 0x2A, 0x00, 0x00, 0x24, 0x00, 0x3A, 0x2A, 0x2D, 0x00,
    0x45, 0x1E, 0x02, 0x45, 0x00, 0x00, 0x2A, 0x00, 0x3A, 0x26, 0x78, 0x00, 0x2A, 0x61, 0x00, 0x36,
    0x53, 0x00, 0x45, 0x43, 0x02, 0x45, 0x00, 0x00, 0x26, 0x00, 0x00, 0x2A, 0x00, 0x00, 0x36, 0x00,
    0x3A, 0x2A, 0x32, 0x00, 0x45, 0x21, 0x02, 0x45, 0x00, 0x00, 0x2A, 0x00, 0x3A, 0x24, 0x6E, 0x00,
    0x2A, 0x4D, 0x00, 0x45, 0x2D, 0x02, 0x45, 0x00, 0x00, 0x2A, 0x00, 0x00, 0x24, 0x00, 0x3A, 0x2A,
    0x32, 0x00, 0x45, 0x1C, 0x02, 0x45, 0x00, 0x00, 0x2A, 0x00, 0x3A, 0x26, 0x78, 0x00, 0x2A, 0x62,
    0x00, 0x36, 0x53, 0x00, 0x45, 0x42, 0x02, 0x45, 0x00, 0x00, 0x26, 0x00, 0x00, 0x2A, 0x00, 0x00,
    0x36, 0x00, 0x3A, 0x24, 0x5A, 0x00, 0x2A, 0x30, 0x00, 0x45, 0x21, 0x02, 0x45, 0x00, 0x00, 0x2A,
    0x00, 0x00, 0x24, 0x00, 0x3A, 0x24, 0x6E, 0x00, 0x2A, 0x53, 0x00, 0x45, 0x2A, 0x02, 0x45, 0x00,
    0x00, 0x2A, 0x00, 0x00, 0x24, 0x00, 0x3A, 0x2A, 0x2D, 0x00, 0x45, 0x1E, 0x02, 0x45, 0x00, 0x00,
    0x2A, 0x00, 0x3A, 0x26, 0x78, 0x00, 0x2A, 0x61, 0x00, 0x36, 0x53, 0x00, 0x45, 0x43, 0x02, 0x45,
    0x00, 0x00, 0x26, 0x00, 0x00, 0x2A, 0x00, 0x00, 0x36, 0x00, 0x3A, 0x2A, 0x32, 0x00, 0x45, 0x26,
    0x02, 0x45, 0x00, 0x00, 0x2A, 0x00, 0x3A, 0x24, 0x6E, 0x00, 0x2A, 0x4D, 0x00, 0x45, 0x2D, 0x02,
    0x45, 0x00, 0x00, 0x2A, 0x00, 0x00, 0x24, 0x00, 0x3A, 0x2A, 0x32, 0x00, 0x45, 0x1D, 0x02, 0x45,
    0x00, 0x00, 0x2A, 0x00, 0x3A, 0x26, 0x78, 0x00, 0x2A, 0x62, 0x00, 0x36, 0x53, 0x00, 0x45, 0x43,
    0x02, 0x45, 0x00, 0x00, 0x26, 0x00, 0x00, 0x2A, 0x00, 0x00, 0x36, 0x00, 0x3A, 0x24, 0x5A, 0x00,
    0x2A, 0x30, 0x00, 0x45, 0x26, 0x02, 0x45, 0x00, 0x00, 0x2A, 0x00, 0x00, 0x24, 0x00, 0x3A, 0x24,
    0x6E, 0x00, 0x2A, 0x53, 0x00, 0x45, 0x2C, 0x02, 0x45, 0x00, 0x00, 0x2A, 0x00, 0x00, 0x24, 0x00,
    0x3A, 0x2A, 0x2D, 0x00, 0x45, 0x1E, 0x02, 0x45, 0x00, 0x00, 0x2A, 0x00, 0x3A, 0x26, 0x78, 0x00,
    0x2A, 0x61, 0x00, 0x36, 0x53, 0x00, 0x45, 0x43, 0x02, 0x45, 0x00, 0x00, 0x26, 0x00, 0x00, 0x2A,
    0x00, 0x00, 0x36, 0x00, 0x3A, 0x2A, 0x32, 0x00, 0x45, 0x21, 0x02, 0x45, 0x00, 0x00, 0x2A, 0x00,
    0x3A, 0x24, 0x6E, 0x00, 0x2A, 0x4D, 0x00, 0x45, 0x2D, 0x02, 0x45, 0x00, 0x00, 0x2A, 0x00, 0x00,
    0x24, 0x00, 0x3A, 0x2A, 0x32, 0x00, 0x45, 0x1C, 0x02, 0x45, 0x00, 0x00, 0x2A, 0x00, 0x3A, 0x26,
    0x78, 0x00, 0x2A, 0x62, 0x00, 0x36, 0x53, 0x00, 0x45, 0x42, 0x02, 0x45, 0x00, 0x00, 0x26, 0x00,
    0x00, 0x2A, 0x00, 0x00, 0x36, 0x00, 0x3A, 0x24, 0x5A, 0x00, 0x2A, 0x30, 0x00, 0x45, 0x21, 0x02,
    0x45, 0x00, 0x00, 0x2A, 0x00, 0x00, 0x24, 0x00, 0x3A, 0x24, 0x6E, 0x00, 0x2A, 0x53, 0x00, 0x45,
    0x2A, 0x02, 0x45, 0x00, 0x00, 0x2A, 0x00, 0x00, 0x24, 0x00, 0x3A, 0x2A, 0x2D, 0x00, 0x45, 0x1E,
    0x02, 0x45, 0x00, 0x00, 0x2A, 0x00, 0x3A, 0x26, 0x78, 0x00, 0x2A, 0x61, 0x00, 0x36, 0x53, 0x00,
    0x45, 0x43, 0x02, 0x45, 0x00, 0x00, 0x26, 0x00, 0x00, 0x2A, 0x00, 0x00, 0x36, 0x00, 0x3A, 0x2A,
    0x32, 0x00, 0x45, 0x26, 0x02, 0x45, 0x00, 0x00, 0x2A, 0x00, 0x3A, 0x24, 0x6E, 0x00, 0x2A, 0x4D,
    0x00, 0x45, 0x2D, 0x02, 0x45, 0x00, 0x00, 0x2A, 0x00, 0x00, 0x24, 0x00, 0x3A, 0x2A, 0x32, 0x00,
    0x45, 0x1D, 0x02, 0x45, 0x00, 0x00, 0x2A, 0x00, 0x3A, 0x26, 0x78, 0x00, 0x2A, 0x62, 0x00, 0x36,
    0x53, 0x00, 0x45, 0x43, 0x02, 0x45, 0x00, 0x00, 0x26, 0x00, 0x00, 0x2A, 0x00, 0x00, 0x36, 0x00,
    0x3A, 0x24, 0x5A, 0x00, 0x2A, 0x30, 0x00, 0x45, 0x26, 0x02, 0x45, 0x00, 0x00, 0x2A, 0x00, 0x00,
    0x24, 0x00, 0x3A, 0x24, 0x6E, 0x00, 0x2A, 0x53, 0x00, 0x45, 0x2C, 0x02, 0x45, 0x00, 0x00, 0x2A,
    0x00, 0x00, 0x24, 0x00, 0x3A, 0x2A, 0x2D, 0x00, 0x45, 0x1E, 0x02, 0x45, 0x00, 0x00, 0x2A, 0x00,
    0x3A, 0x26, 0x78, 0x00, 0x2A, 0x61, 0x00, 0x36, 0x53, 0x00, 0x45, 0x43, 0x02, 0x45, 0x00, 0x00,
    0x26, 0x00, 0x00, 0x2A, 0x00, 0x00, 0x36, 0x00, 0x3A, 0x2A, 0x32, 0x00, 0x45, 0x21, 0x02, 0x45,
    0x00, 0x00, 0x2A, 0x00, 0x3A, 0x24, 0x6E, 0x00, 0x2A, 0x4D, 0x00, 0x45, 0x2D, 0x02, 0x45, 0x00,
    0x00, 0x2A, 0x00, 0x00, 0x24, 0x00, 0x3A, 0x2A, 0x32, 0x00, 0x45, 0x1C, 0x02, 0x45, 0x00, 0x00,
    0x2A, 0x00, 0x3A, 0x26, 0x78, 0x00, 0x2A, 0x62, 0x00, 0x36, 0x53, 0x00, 0x45, 0x42, 0x02, 0x45,
    0x00, 0x00, 0x26, 0x00, 0x00, 0x2A, 0x00, 0x00, 0x36, 0x00, 0x3A, 0x24, 0x5A, 0x00, 0x2A, 0x30,
    0x00, 0x45, 0x21, 0x02, 0x45, 0x00, 0x00, 0x2A, 0x00, 0x00, 0x24, 0x00, 0x3A, 0x24, 0x6E, 0x00,
    0x2A, 0x53, 0x00, 0x45, 0x2A, 0x02, 0x45, 0x00, 0x00, 0x2A, 0x00, 0x00, 0x24, 0x00, 0x3A, 0x2A,
    0x2D, 0x00, 0x45, 0x1E, 0x02, 0x45, 0x00, 0x00, 0x2A, 0x00, 0x3A, 0x26, 0x78, 0x00, 0x2A, 0x61,
    0x00, 0x36, 0x53, 0x00, 0x45, 0x43, 0x02, 0x45, 0x00, 0x00, 0x26, 0x00, 0x00, 0x2A, 0x00, 0x00,
    0x36, 0x00, 0x3A, 0x2A, 0x32, 0x00, 0x45, 0x26, 0x02, 0x45, 0x00, 0x00, 0x2A, 0x00, 0x3A, 0x24,
    0x6E, 0x00, 0x2A, 0x4D, 0x00, 0x45, 0x2D, 0x02, 0x45, 0x00, 0x00, 0x2A, 0x00, 0x00, 0x24, 0x00,
    0x3A, 0x2A, 0x32, 0x00, 0x45, 0x1D, 0x02, 0x45, 0x00, 0x00, 0x2A, 0x00, 0x3A, 0x26, 0x78, 0x00,
    0x2A, 0x62, 0x00, 0x36, 0x53, 0x00, 0x45, 0x43, 0x02, 0x45, 0x00, 0x00, 0x26, 0x00, 0x00, 0x2A,
    0x00, 0x00, 0x36, 0x00, 0x3A, 0x24, 0x5A, 0x00, 0x2A, 0x30, 0x00, 0x45, 0x26, 0x02, 0x45, 0x00,
    0x00, 0x2A, 0x00, 0x00, 0x24, 0x00, 0x3A, 0x24, 0x6E, 0x00, 0x2A, 0x53, 0x00, 0x45, 0x2C, 0x02,
    0x45, 0x00, 0x00, 0x2A, 0x00, 0x00, 0x24, 0x00, 0x3A, 0x2A, 0x2D, 0x00, 0x45, 0x1E, 0x02, 0x45,
    0x00, 0x00, 0x2A, 0x00, 0x3A, 0x26, 0x78, 0x00, 0x2A, 0x61, 0x00, 0x36, 0x53, 0x00, 0x45, 0x43,
    0x02, 0x45, 0x00, 0x00, 0x26, 0x00, 0x00, 0x2A, 0x00, 0x00, 0x36, 0x00, 0x3A, 0x2E, 0x50, 0x00,
    0x45, 0x21, 0x02, 0x45, 0x00, 0x00, 0x2E, 0x00, 0x3A, 0x24, 0x6E, 0x00, 0x2A, 0x4D, 0x00, 0x45,
    0x2D, 0x02, 0x45, 0x00, 0x00, 0x2A, 0x00, 0x00, 0x24, 0x00, 0x3A, 0x2A, 0x32, 0x00, 0x45, 0x1C,
    0x02, 0x45, 0x00, 0x00, 0x2A, 0x00, 0x3A, 0x26, 0x78, 0x00, 0x2A, 0x62, 0x00, 0x36, 0x53, 0x00,
    0x45, 0x42, 0x02, 0x45, 0x00, 0x00, 0x26, 0x00, 0x00, 0x2A, 0x00, 0x00, 0x36, 0x00, 0x3A, 0x24,
    0x5A, 0x00, 0x2A, 0x30, 0x00, 0x45, 0x21, 0x02, 0x45, 0x00, 0x00, 0x2A, 0x00, 0x00, 0x24, 0x00,
    0x3A, 0x24, 0x6E, 0x00, 0x2A, 0x53, 0x00, 0x45, 0x2A, 0x02, 0x45, 0x00, 0x00, 0x2A, 0x00, 0x00,
    0x24, 0x00, 0x3A, 0x2A, 0x2D, 0x00, 0x45, 0x1E, 0x02, 0x45, 0x00, 0x00, 0x2A, 0x00, 0x3A, 0x26,
    0x78, 0x00, 0x2A, 0x61, 0x00, 0x36, 0x53, 0x00, 0x45, 0x43, 0x02, 0x45, 0x00, 0x00, 0x26, 0x00,
    0x00, 0x2A, 0x00, 0x00, 0x36, 0x00, 0x3A, 0x2A, 0x32, 0x00, 0x45, 0x26, 0x02, 0x45, 0x00, 0x00,
    0x2A, 0x00, 0x3A, 0x24, 0x6E, 0x00, 0x2A, 0x4D, 0x00, 0x45, 0x2D, 0x02, 0x45, 0x00, 0x00, 0x2A,
    0x00, 0x00, 0x24, 0x00, 0x3A, 0x2A, 0x32, 0x00, 0x45, 0x1D, 0x02, 0x45, 0x00, 0x00, 0x2A, 0x00,
    0x3A, 0x26, 0x78, 0x00, 0x2A, 0x62, 0x00, 0x36, 0x53, 0x00, 0x45, 0x43, 0x02, 0x45, 0x00, 0x00,
    0x26, 0x00, 0x00, 0x2A, 0x00, 0x00, 0x36, 0x00, 0x3A, 0x24, 0x5A, 0x00, 0x2A, 0x30, 0x00, 0x45,
    0x26, 0x02, 0x45, 0x00, 0x00, 0x2A, 0x00, 0x00, 0x24, 0x00, 0x3A, 0x24, 0x6E, 0x00, 0x2A, 0x53,
    0x00, 0x45, 0x2C, 0x02, 0x45, 0x00, 0x00, 0x2A, 0x00, 0x00, 0x24, 0x00, 0x3A, 0x2A, 0x2D, 0x00,
    0x45, 0x1E, 0x02, 0x45, 0x00, 0x00, 0x2A, 0x00, 0x3A, 0x26, 0x78, 0x00, 0x2A, 0x61, 0x00, 0x36,
    0x53, 0x00, 0x45, 0x43, 0x02, 0x45, 0x00, 0x00, 0x26, 0x00, 0x00, 0x2A, 0x00, 0x00, 0x36, 0x00,
    0x3A, 0x2E, 0x50, 0x00, 0x45, 0x21, 0x02, 0x45, 0x00, 0x00, 0x2E, 0x00, 0x3A, 0x24, 0x6E, 0x00,
    0x2A, 0x4D, 0x00, 0x45, 0x2D, 0x02, 0x45, 0x00, 0x00, 0x2A, 0x00, 0x00, 0x24, 0x00, 0x3A, 0x2A,
    0x32, 0x00, 0x45, 0x1C, 0x02, 0x45, 0x00, 0x00, 0x2A, 0x00, 0x3A, 0x26, 0x78, 0x00, 0x2A, 0x62,
    0x00, 0x36, 0x53, 0x00, 0x45, 0x42, 0x02, 0x45, 0x00, 0x00, 0x26, 0x00, 0x00, 0x2A, 0x00, 0x00,
    0x36, 0x00, 0x3A, 0x24, 0x5A, 0x00, 0x2A, 0x30, 0x00, 0x45, 0x21, 0x02, 0x45, 0x00, 0x00, 0x2A,
    0x00, 0x00, 0x24, 0x00, 0x3A, 0x24, 0x6E, 0x00, 0x2A, 0x53, 0x00, 0x45, 0x2A, 0x02, 0x45, 0x00,
    0x00, 0x2A, 0x00, 0x00, 0x24, 0x00, 0x3A, 0x2A, 0x2D, 0x00, 0x45, 0x1E, 0x02, 0x45, 0x00, 0x00,
    0x2A, 0x00, 0x3A, 0x26, 0x78, 0x00, 0x2A, 0x61, 0x00, 0x36, 0x53, 0x00, 0x45, 0x43, 0x02, 0x45,
    0x00, 0x00, 0x26, 0x00, 0x00, 0x2A, 0x00, 0x00, 0x36, 0x00, 0x3A, 0x2A, 0x32, 0x00, 0x45, 0x26,
    0x02, 0x45, 0x00, 0x00, 0x2A, 0x00, 0x3A, 0x24, 0x6E, 0x00, 0x2A, 0x4D, 0x00, 0x45, 0x2D, 0x02,
    0x45, 0x00, 0x00, 0x2A, 0x00, 0x00, 0x24, 0x00, 0x3A, 0x2A, 0x32, 0x00, 0x45, 0x1D, 0x02, 0x45,
    0x00, 0x00, 0x2A, 0x00, 0x3A, 0x26, 0x78, 0x00, 0x2A, 0x62, 0x00, 0x36, 0x53, 0x00, 0x45, 0x43,
    0x02, 0x45, 0x00, 0x00, 0x26, 0x00, 0x00, 0x2A, 0x00, 0x00, 0x36, 0x00, 0x3A, 0x24, 0x5A, 0x00,
    0x2A, 0x30, 0x00, 0x45, 0x26, 0x02, 0x45, 0x00, 0x00, 0x2A, 0x00, 0x00, 0x24, 0x00, 0x3A, 0x24,
    0x6E, 0x00, 0x2A, 0x53, 0x00, 0x45, 0x2C, 0x02, 0x45, 0x00, 0x00, 0x2A, 0x00, 0x00, 0x24, 0x00,
    0x3A, 0x2A, 0x2D, 0x00, 0x45, 0x1E, 0x02, 0x45, 0x00, 0x00, 0x2A, 0x00, 0x3A, 0x26, 0x78, 0x00,
    0x2A, 0x61, 0x00, 0x36, 0x53, 0x00, 0x45, 0x43, 0x02, 0x45, 0x00, 0x00, 0x26, 0x00, 0x00, 0x2A,
    0x00, 0x00, 0x36, 0x00, 0x3A, 0x2E, 0x50, 0x00, 0x45, 0x21, 0x02, 0x45, 0x00, 0x00, 0x2E, 0x00,
    0x3A, 0x24, 0x6E, 0x00, 0x2A, 0x4D, 0x00, 0x45, 0x2D, 0x02, 0x45, 0x00, 0x00, 0x2A, 0x00, 0x00,
    0x24, 0x00, 0x3A, 0x2A, 0x32, 0x00, 0x45, 0x1C, 0x02, 0x45, 0x00, 0x00, 0x2A, 0x00, 0x3A, 0x26,
    0x78, 0x00, 0x2A, 0x62, 0x00, 0x36, 0x53, 0x00, 0x45, 0x42, 0x02, 0x45, 0x00, 0x00, 0x26, 0x00,
    0x00, 0x2A, 0x00, 0x00, 0x36, 0x00, 0x3A, 0x24, 0x5A, 0x00, 0x2A, 0x30, 0x00, 0x45, 0x21, 0x02,
    0x45, 0x00, 0x00, 0x2A, 0x00, 0x00, 0x24, 0x00, 0x3A, 0x24, 0x6E, 0x00, 0x2A, 0x53, 0x00, 0x45,
    0x2A, 0x02, 0x45, 0x00, 0x00, 0x2A, 0x00, 0x00, 0x24, 0x00, 0x3A, 0x2A, 0x2D, 0x00, 0x45, 0x1E,
    0x02, 0x45, 0x00, 0x00, 0x2A, 0x00, 0x3A, 0x26, 0x78, 0x00, 0x2A, 0x61, 0x00, 0x36, 0x53, 0x00,
    0x45, 0x43, 0x02, 0x45, 0x00, 0x00, 0x26, 0x00, 0x00, 0x2A, 0x00, 0x00, 0x36, 0x00, 0x3A, 0x2A,
    0x32, 0x00, 0x45, 0x26, 0x02, 0x45, 0x00, 0x00, 0x2A, 0x00, 0x3A, 0x24, 0x6E, 0x00, 0x2A, 0x4D,
    0x00, 0x45, 0x2D, 0x02, 0x45, 0x00, 0x00, 0x2A, 0x00, 0x00, 0x24, 0x00, 0x3A, 0x2A, 0x32, 0x00,
    0x45, 0x1D, 0x02, 0x45, 0x00, 0x00, 0x2A, 0x00, 0x3A, 0x26, 0x78, 0x00, 0x2A, 0x62, 0x00, 0x36,
    0x53, 0x00, 0x45, 0x43, 0x02, 0x45, 0x00, 0x00, 0x26, 0x00, 0x00, 0x2A, 0x00, 0x00, 0x36, 0x00,
    0x3A, 0x24, 0x5A, 0x00, 0x2A, 0x30, 0x00, 0x45, 0x26, 0x02, 0x45, 0x00, 0x00, 0x2A, 0x00, 0x00,
    0x24, 0x00, 0x3A, 0x24, 0x6E, 0x00, 0x2A, 0x53, 0x00, 0x45, 0x2C, 0x02, 0x45, 0x00, 0x00, 0x2A,
    0x00, 0x00, 0x24, 0x00, 0x3A, 0x2A, 0x2D, 0x00, 0x45, 0x1E, 0x02, 0x45, 0x00, 0x00, 0x2A, 0x00,
    0x3A, 0x26, 0x78, 0x00, 0x2A, 0x61, 0x00, 0x36, 0x53, 0x00, 0x45, 0x43, 0x02, 0x45, 0x00, 0x00,
    0x26, 0x00, 0x00, 0x2A, 0x00, 0x00, 0x36, 0x00, 0x3A, 0x2E, 0x50, 0x00, 0x45, 0x21, 0x02, 0x45,
    0x00, 0x00, 0x2E, 0x00, 0x3A, 0x24, 0x6E, 0x00, 0x2A, 0x4D, 0x00, 0x45, 0x2D, 0x02, 0x45, 0x00,
    0x00, 0x2A, 0x00, 0x00, 0x24, 0x00, 0x3A, 0x2A, 0x32, 0x00, 0x45, 0x1C, 0x02, 0x45, 0x00, 0x00,
    0x2A, 0x00, 0x3A, 0x26, 0x78, 0x00, 0x2A, 0x62, 0x00, 0x36, 0x53, 0x00, 0x45, 0x42, 0x02, 0x45,
    0x00, 0x00, 0x26, 0x00, 0x00, 0x2A, 0x00, 0x00, 0x36, 0x00, 0x3A, 0x24, 0x5A, 0x00, 0x2A, 0x30,
    0x00, 0x45, 0x21, 0x02, 0x45, 0x00, 0x00, 0x2A, 0x00, 0x00, 0x24, 0x00, 0x3A, 0x24, 0x6E, 0x00,
    0x2A, 0x53, 0x00, 0x45, 0x2A, 0x02, 0x45, 0x00, 0x00, 0x2A, 0x00, 0x00, 0x24, 0x00, 0x3A, 0x2A,
    0x2D, 0x00, 0x45, 0x1E, 0x02, 0x45, 0x00, 0x00, 0x2A, 0x00, 0x3A, 0x26, 0x78, 0x00, 0x2A, 0x61,
    0x00, 0x36, 0x53, 0x00, 0x45, 0x43, 0x02, 0x45, 0x00, 0x00, 0x26, 0x00, 0x00, 0x2A, 0x00, 0x00,
    0x36, 0x00, 0x3A, 0x2A, 0x32, 0x00, 0x45, 0x26, 0x02, 0x45, 0x00, 0x00, 0x2A, 0x00, 0x3A, 0x24,
    0x6E, 0x00, 0x2A, 0x4D, 0x00, 0x45, 0x2D, 0x02, 0x45, 0x00, 0x00, 0x2A, 0x00, 0x00, 0x24, 0x00,
    0x3A, 0x2A, 0x32, 0x00, 0x45, 0x1D, 0x02, 0x45, 0x00, 0x00, 0x2A, 0x00, 0x3A, 0x26, 0x78, 0x00,
    0x2A, 0x62, 0x00, 0x36, 0x53, 0x00, 0x45, 0x43, 0x02, 0x45, 0x00, 0x00, 0x26, 0x00, 0x00, 0x2A,
    0x00, 0x00, 0x36, 0x00, 0x3A, 0x24, 0x5A, 0x00, 0x2A, 0x30, 0x00, 0x45, 0x26, 0x02, 0x45, 0x00,
    0x00, 0x2A, 0x00, 0x00, 0x24, 0x00, 0x3A, 0x24, 0x6E, 0x00, 0x2A, 0x53, 0x00, 0x45, 0x2C, 0x02,
    0x45, 0x00, 0x00, 0x2A, 0x00, 0x00, 0x24, 0x00, 0x3A, 0x2A, 0x2D, 0x00, 0x45, 0x1E, 0x02, 0x45,
    0x00, 0x00, 0x2A, 0x00, 0x3A, 0x26, 0x78, 0x00, 0x2A, 0x61, 0x00, 0x36, 0x53, 0x00, 0x45, 0x43,
    0x02, 0x45, 0x00, 0x00, 0x26, 0x00, 0x00, 0x2A, 0x00, 0x00, 0x36, 0x00, 0x3A, 0x2E, 0x50, 0x00,
    0x45, 0x21, 0x02, 0x45, 0x00, 0x00, 0x2E, 0x00, 0x3A, 0x24, 0x6E, 0x00, 0x2A, 0x4D, 0x00, 0x39,
    0x50, 0x00, 0x45, 0x2D, 0x02, 0x45, 0x00, 0x00, 0x24, 0x00, 0x00, 0x2A, 0x00, 0x00, 0x39, 0x00,
    0x3A, 0x2A, 0x32, 0x00, 0x45, 0x1C, 0x02, 0x45, 0x00, 0x00, 0x2A, 0x00, 0x3A, 0x25, 0x78, 0x00,
    0x2A, 0x62, 0x00, 0x36, 0x53, 0x00, 0x45, 0x42, 0x02, 0x45, 0x00, 0x00, 0x25, 0x00, 0x00, 0x2A,
    0x00, 0x00, 0x36, 0x00, 0x3A, 0x24, 0x5A, 0x00, 0x2A, 0x30, 0x00, 0x45, 0x21, 0x02, 0x45, 0x00,
    0x00, 0x2A, 0x00, 0x00, 0x24, 0x00, 0x3A, 0x24, 0x6E, 0x00, 0x2A, 0x53, 0x00, 0x45, 0x2A, 0x02,
    0x45, 0x00, 0x00, 0x2A, 0x00, 0x00, 0x24, 0x00, 0x3A, 0x2A, 0x2D, 0x00, 0x45, 0x1E, 0x02, 0x45,
    0x00, 0x00, 0x2A, 0x00, 0x3A, 0x25, 0x78, 0x00, 0x2A, 0x61, 0x00, 0x36, 0x53, 0x00, 0x45, 0x43,
    0x02, 0x45, 0x00, 0x00, 0x25, 0x00, 0x00, 0x2A, 0x00, 0x00, 0x36, 0x00, 0x3A, 0x2A, 0x32, 0x00,
    0x45, 0x26, 0x02, 0x45, 0x00, 0x00, 0x2A, 0x00, 0x3A, 0x24, 0x6E, 0x00, 0x2A, 0x4D, 0x00, 0x45,
    0x2D, 0x02, 0x45, 0x00, 0x00, 0x2A, 0x00, 0x00, 0x24, 0x00, 0x3A, 0x2A, 0x32, 0x00, 0x45, 0x1C,
    0x02, 0x45, 0x00, 0x00, 0x2A, 0x00, 0x3A, 0x25, 0x78, 0x00, 0x2A, 0x62, 0x00, 0x36, 0x53, 0x00,
    0x45, 0x42, 0x02, 0x45, 0x00, 0x00, 0x25, 0x00, 0x00, 0x2A, 0x00, 0x00, 0x36, 0x00, 0x3A, 0x24,
    0x5A, 0x00, 0x2A, 0x30, 0x00, 0x45, 0x21, 0x02, 0x45, 0x00, 0x00, 0x2A, 0x00, 0x00, 0x24, 0x00,
    0x3A, 0x24, 0x6E, 0x00, 0x2A, 0x53, 0x00, 0x45, 0x2A, 0x02, 0x45, 0x00, 0x00, 0x2A, 0x00, 0x00,
    0x24, 0x00, 0x3A, 0x2A, 0x2D, 0x00, 0x45, 0x1E, 0x02, 0x45, 0x00, 0x00, 0x2A, 0x00, 0x3A, 0x25,
    0x78, 0x00, 0x2A, 0x61, 0x00, 0x36, 0x53, 0x00, 0x45, 0x43, 0x02, 0x45, 0x00, 0x00, 0x25, 0x00,
    0x00, 0x2A, 0x00, 0x00, 0x36, 0x00, 0x3A, 0x2A, 0x32, 0x00, 0x45, 0x26, 0x02, 0x45, 0x00, 0x00,
    0x2A, 0x00, 0x3A, 0x24, 0x6E, 0x00, 0x2A, 0x4D, 0x00, 0x45, 0x2D, 0x02, 0x45, 0x00, 0x00, 0x2A,
    0x00, 0x00, 0x24, 0x00, 0x3A, 0x2A, 0x32, 0x00, 0x45, 0x1C, 0x02, 0x45, 0x00, 0x00, 0x2A, 0x00,
    0x3A, 0x25, 0x78, 0x00, 0x2A, 0x62, 0x00, 0x36, 0x53, 0x00, 0x45, 0x42, 0x02, 0x45, 0x00, 0x00,
    0x25, 0x00, 0x00, 0x2A, 0x00, 0x00, 0x36, 0x00, 0x3A, 0x24, 0x5A, 0x00, 0x2A, 0x30, 0x00, 0x45,
    0x21, 0x02, 0x45, 0x00, 0x00, 0x2A, 0x00, 0x00, 0x24, 0x00, 0x3A, 0x24, 0x6E, 0x00, 0x2A, 0x53,
    0x00, 0x45, 0x2A, 0x02, 0x45, 0x00, 0x00, 0x2A, 0x00, 0x00, 0x24, 0x00, 0x3A, 0x2A, 0x2D, 0x00,
    0x45, 0x1E, 0x02, 0x45, 0x00, 0x00, 0x2A, 0x00, 0x3A, 0x25, 0x78, 0x00, 0x2A, 0x61, 0x00, 0x36,
    0x53, 0x00, 0x45, 0x43, 0x02, 0x45, 0x00, 0x00, 0x25, 0x00, 0x00, 0x2A, 0x00, 0x00, 0x36, 0x00,
    0x3A, 0x2A, 0x32, 0x00, 0x45, 0x26, 0x02, 0x45, 0x00, 0x00, 0x2A, 0x00, 0x3A, 0x24, 0x6E, 0x00,
    0x2A, 0x4D, 0x00, 0x45, 0x2D, 0x02, 0x45, 0x00, 0x00, 0x2A, 0x00, 0x00, 0x24, 0x00, 0x3A, 0x2A,
    0x32, 0x00, 0x45, 0x1C, 0x02, 0x45, 0x00, 0x00, 0x2A, 0x00, 0x3A, 0x25, 0x78, 0x00, 0x2A, 0x62,
    0x00, 0x36, 0x53, 0x00, 0x45, 0x42, 0x02, 0x45, 0x00, 0x00, 0x25, 0x00, 0x00, 0x2A, 0x00, 0x00,
    0x36, 0x00, 0x3A, 0x24, 0x5A, 0x00, 0x2A, 0x30, 0x00, 0x45, 0x21, 0x02, 0x45, 0x00, 0x00, 0x2A,
    0x00, 0x00, 0x24, 0x00, 0x3A, 0x24, 0x6E, 0x00, 0x2A, 0x53, 0x00, 0x45, 0x2A, 0x02, 0x45, 0x00,
    0x00, 0x2A, 0x00, 0x00, 0x24, 0x00, 0x3A, 0x2E, 0x50, 0x00, 0x45, 0x1E, 0x02, 0x45, 0x00, 0x00,
    0x2E, 0x00, 0x3A, 0x25, 0x78, 0x00, 0x2A, 0x61, 0x00, 0x36, 0x53, 0x00, 0x45, 0x43, 0x02, 0x45,
    0x00, 0x00, 0x25, 0x00, 0x00, 0x2A, 0x00, 0x00, 0x36, 0x00, 0x3A, 0x2E, 0x50, 0x00, 0x45, 0x26,
    0x02, 0x45, 0x00, 0x00, 0x2E, 0x00, 0x3A, 0x24, 0x6E, 0x00, 0x2A, 0x4D, 0x00, 0x45, 0x2D, 0x02,
    0x45, 0x00, 0x00, 0x2A, 0x00, 0x00, 0x24, 0x00, 0x3A, 0x2A, 0x32, 0x00, 0x45, 0x1C, 0x02, 0x45,
    0x00, 0x00, 0x2A, 0x00, 0x3A, 0x25, 0x78, 0x00, 0x2A, 0x62, 0x00, 0x36, 0x53, 0x00, 0x45, 0x42,
    0x02, 0x45, 0x00, 0x00, 0x25, 0x00, 0x00, 0x2A, 0x00, 0x00, 0x36, 0x00, 0x3A, 0x24, 0x5A, 0x00,
    0x2A, 0x30, 0x00, 0x45, 0x21, 0x02, 0x45, 0x00, 0x00, 0x2A, 0x00, 0x00, 0x24, 0x00, 0x3A, 0x24,
    0x6E, 0x00, 0x2A, 0x53, 0x00, 0x45, 0x2A, 0x02, 0x45, 0x00, 0x00, 0x2A, 0x00, 0x00, 0x24, 0x00,
    0x3A, 0x2A, 0x2D, 0x00, 0x45, 0x1E, 0x02, 0x45, 0x00, 0x00, 0x2A, 0x00, 0x3A, 0x25, 0x78, 0x00,
    0x2A, 0x61, 0x00, 0x36, 0x53, 0x00, 0x45, 0x43, 0x02, 0x45, 0x00, 0x00, 0x25, 0x00, 0x00, 0x2A,
    0x00, 0x00, 0x36, 0x00, 0x3A, 0x2A, 0x32, 0x00, 0x45, 0x26, 0x02, 0x45, 0x00, 0x00, 0x2A, 0x00,
    0x3A, 0x24, 0x6E, 0x00, 0x2A, 0x4D, 0x00, 0x45, 0x2D, 0x02, 0x45, 0x00, 0x00, 0x2A, 0x00, 0x00,
    0x24, 0x00, 0x3A, 0x2A, 0x32, 0x00, 0x45, 0x1C, 0x02, 0x45, 0x00, 0x00, 0x2A, 0x00, 0x3A, 0x25,
    0x78, 0x00, 0x2A, 0x62, 0x00, 0x36, 0x53, 0x00, 0x45, 0x42, 0x02, 0x45, 0x00, 0x00, 0x25, 0x00,
    0x00, 0x2A, 0x00, 0x00, 0x36, 0x00, 0x3A, 0x24, 0x5A, 0x00, 0x2A, 0x30, 0x00, 0x45, 0x21, 0x02,
    0x45, 0x00, 0x00, 0x2A, 0x00, 0x00, 0x24, 0x00, 0x3A, 0x24, 0x6E, 0x00, 0x2A, 0x53, 0x00, 0x45,
    0x2A, 0x02, 0x45, 0x00, 0x00, 0x2A, 0x00, 0x00, 0x24, 0x00, 0x3A, 0x2A, 0x2D, 0x00, 0x45, 0x1E,
    0x02, 0x45, 0x00, 0x00, 0x2A, 0x00, 0x3A, 0x25, 0x78, 0x00, 0x2A, 0x61, 0x00, 0x36, 0x53, 0x00,
    0x45, 0x43, 0x02, 0x45, 0x00, 0x00, 0x25, 0x00, 0x00, 0x2A, 0x00, 0x00, 0x36, 0x00, 0x3A, 0x2A,
    0x32, 0x00, 0x45, 0x26, 0x02, 0x45, 0x00, 0x00, 0x2A, 0x00, 0x3A, 0x24, 0x6E, 0x00, 0x2A, 0x4D,
    0x00, 0x45, 0x2D, 0x02, 0x45, 0x00, 0x00, 0x2A, 0x00, 0x00, 0x24, 0x00, 0x3A, 0x2A, 0x32, 0x00,
    0x45, 0x1C, 0x02, 0x45, 0x00, 0x00, 0x2A, 0x00, 0x3A, 0x25, 0x78, 0x00, 0x2A, 0x62, 0x00, 0x36,
    0x53, 0x00, 0x45, 0x42, 0x02, 0x45, 0x00, 0x00, 0x25, 0x00, 0x00, 0x2A, 0x00, 0x00, 0x36, 0x00,
    0x3A, 0x24, 0x5A, 0x00, 0x2A, 0x30, 0x00, 0x45, 0x21, 0x02, 0x45, 0x00, 0x00, 0x2A, 0x00, 0x00,
    0x24, 0x00, 0x3A, 0x24, 0x6E, 0x00, 0x2A, 0x53, 0x00, 0x45, 0x2A, 0x02, 0x45, 0x00, 0x00, 0x2A,
    0x00, 0x00, 0x24, 0x00, 0x3A, 0x2A, 0x2D, 0x00, 0x45, 0x1E, 0x02, 0x45, 0x00, 0x00, 0x2A, 0x00,
    0x3A, 0x25, 0x78, 0x00, 0x2A, 0x61, 0x00, 0x36, 0x53, 0x00, 0x45, 0x43, 0x02, 0x45, 0x00, 0x00,
    0x25, 0x00, 0x00, 0x2A, 0x00, 0x00, 0x36, 0x00, 0x3A, 0x2A, 0x32, 0x00, 0x45, 0x26, 0x02, 0x45,
    0x00, 0x00, 0x2A, 0x00, 0x3A, 0x24, 0x6E, 0x00, 0x2A, 0x4D, 0x00, 0x45, 0x2D, 0x02, 0x45, 0x00,
    0x00, 0x2A, 0x00, 0x00, 0x24, 0x00, 0x3A, 0x2A, 0x32, 0x00, 0x45, 0x1C, 0x02, 0x45, 0x00, 0x00,
    0x2A, 0x00, 0x3A, 0x25, 0x78, 0x00, 0x2A, 0x62, 0x00, 0x36, 0x53, 0x00, 0x45, 0x42, 0x02, 0x45,
    0x00, 0x00, 0x25, 0x00, 0x00, 0x2A, 0x00, 0x00, 0x36, 0x00, 0x3A, 0x24, 0x5A, 0x00, 0x2A, 0x30,
    0x00, 0x45, 0x21, 0x02, 0x45, 0x00, 0x00, 0x2A, 0x00, 0x00, 0x24, 0x00, 0x3A, 0x24, 0x6E, 0x00,
    0x2A, 0x53, 0x00, 0x45, 0x2A, 0x02, 0x45, 0x00, 0x00, 0x2A, 0x00, 0x00, 0x24, 0x00, 0x3A, 0x2E,
    0x50, 0x00, 0x45, 0x1E, 0x02, 0x45, 0x00, 0x00, 0x2E, 0x00, 0x3A, 0x25, 0x78, 0x00, 0x2A, 0x61,
    0x00, 0x36, 0x53, 0x00, 0x45, 0x43, 0x02, 0x45, 0x00, 0x00, 0x25, 0x00, 0x00, 0x2A, 0x00, 0x00,
    0x36, 0x00, 0x3A, 0x2E, 0x50, 0x00, 0x45, 0x26, 0x02, 0x45, 0x00, 0x00, 0x2E, 0x00, 0x3A, 0x24,
    0x6E, 0x00, 0x2A, 0x4D, 0x00, 0x45, 0x2D, 0x02, 0x45, 0x00, 0x00, 0x2A, 0x00, 0x00, 0x24, 0x00,
    0x3A, 0x2A, 0x32, 0x00, 0x45, 0x1C, 0x02, 0x45, 0x00, 0x00, 0x2A, 0x00, 0x3A, 0x25, 0x78, 0x00,
    0x2A, 0x62, 0x00, 0x36, 0x53, 0x00, 0x45, 0x42, 0x02, 0x45, 0x00, 0x00, 0x25, 0x00, 0x00, 0x2A,
    0x00, 0x00, 0x36, 0x00, 0x3A, 0x24, 0x5A, 0x00, 0x2A, 0x30, 0x00, 0x45, 0x21, 0x02, 0x45, 0x00,
    0x00, 0x2A, 0x00, 0x00, 0x24, 0x00, 0x3A, 0x24, 0x6E, 0x00, 0x2A, 0x53, 0x00, 0x45, 0x2A, 0x02,
    0x45, 0x00, 0x00, 0x2A, 0x00, 0x00, 0x24, 0x00, 0x3A, 0x2A, 0x2D, 0x00, 0x45, 0x1E, 0x02, 0x45,
    0x00, 0x00, 0x2A, 0x00, 0x3A, 0x25, 0x78, 0x00, 0x2A, 0x61, 0x00, 0x36, 0x53, 0x00, 0x45, 0x43,
    0x02, 0x45, 0x00, 0x00, 0x25, 0x00, 0x00, 0x2A, 0x00, 0x00, 0x36, 0x00, 0x3A, 0x2A, 0x32, 0x00,
    0x45, 0x26, 0x02, 0x45, 0x00, 0x00, 0x2A, 0x00, 0x3A, 0x24, 0x6E, 0x00, 0x2A, 0x4D, 0x00, 0x45,
    0x2D, 0x02, 0x45, 0x00, 0x00, 0x2A, 0x00, 0x00, 0x24, 0x00, 0x3A, 0x2A, 0x32, 0x00, 0x45, 0x1C,
    0x02, 0x45, 0x00, 0x00, 0x2A, 0x00, 0x3A, 0x25, 0x78, 0x00, 0x2A, 0x62, 0x00, 0x36, 0x53, 0x00,
    0x45, 0x42, 0x02, 0x45, 0x00, 0x00, 0x25, 0x00, 0x00, 0x2A, 0x00, 0x00, 0x36, 0x00, 0x3A, 0x24,
    0x5A, 0x00, 0x2A, 0x30, 0x00, 0x45, 0x21, 0x02, 0x45, 0x00, 0x00, 0x2A, 0x00, 0x00, 0x24, 0x00,
    0x3A, 0x24, 0x6E, 0x00, 0x2A, 0x53, 0x00, 0x45, 0x2A, 0x02, 0x45, 0x00, 0x00, 0x2A, 0x00, 0x00,
    0x24, 0x00, 0x3A, 0x2A, 0x2D, 0x00, 0x45, 0x1E, 0x02, 0x45, 0x00, 0x00, 0x2A, 0x00, 0x3A, 0x25,
    0x78, 0x00, 0x2A, 0x61, 0x00, 0x36, 0x53, 0x00, 0x45, 0x43, 0x02, 0x45, 0x00, 0x00, 0x25, 0x00,
    0x00, 0x2A, 0x00, 0x00, 0x36, 0x00, 0x3A, 0x2A, 0x32, 0x00, 0x45, 0x26, 0x02, 0x45, 0x00, 0x00,
    0x2A, 0x00, 0x3A, 0x24, 0x6E, 0x00, 0x2A, 0x4D, 0x00, 0x45, 0x2D, 0x02, 0x45, 0x00, 0x00, 0x2A,
    0x00, 0x00, 0x24, 0x00, 0x3A, 0x2A, 0x32, 0x00, 0x45, 0x1C, 0x02, 0x45, 0x00, 0x00, 0x2A, 0x00,
    0x3A, 0x25, 0x78, 0x00, 0x2A, 0x62, 0x00, 0x36, 0x53, 0x00, 0x45, 0x42, 0x02, 0x45, 0x00, 0x00,
    0x25, 0x00, 0x00, 0x2A, 0x00, 0x00, 0x36, 0x00, 0x3A, 0x24, 0x5A, 0x00, 0x2A, 0x30, 0x00, 0x45,
    0x21, 0x02, 0x45, 0x00, 0x00, 0x2A, 0x00, 0x00, 0x24, 0x00, 0x3A, 0x24, 0x6E, 0x00, 0x2A, 0x53,
    0x00, 0x45, 0x2A, 0x02, 0x45, 0x00, 0x00, 0x2A, 0x00, 0x00, 0x24, 0x00, 0x3A, 0x2A, 0x2D, 0x00,
    0x45, 0x1E, 0x02, 0x45, 0x00, 0x00, 0x2A, 0x00, 0x3A, 0x25, 0x78, 0x00, 0x2A, 0x61, 0x00, 0x36,
    0x53, 0x00, 0x45, 0x43, 0x02, 0x45, 0x00, 0x00, 0x25, 0x00, 0x00, 0x2A, 0x00, 0x00, 0x36, 0x00,
    0x3A, 0x2A, 0x32, 0x00, 0x45, 0x26, 0x02, 0x45, 0x00, 0x00, 0x2A, 0x00, 0x3A, 0x24, 0x6E, 0x00,
    0x2A, 0x4D, 0x00, 0x45, 0x2D, 0x02, 0x45, 0x00, 0x00, 0x2A, 0x00, 0x00, 0x24, 0x00, 0x3A, 0x2A,
    0x32, 0x00, 0x45, 0x1C, 0x02, 0x45, 0x00, 0x00, 0x2A, 0x00, 0x3A, 0x25, 0x78, 0x00, 0x2A, 0x62,
    0x00, 0x36, 0x53, 0x00, 0x45, 0x42, 0x02, 0x45, 0x00, 0x00, 0x25, 0x00, 0x00, 0x2A, 0x00, 0x00,
    0x36, 0x00, 0x3A, 0x24, 0x5A, 0x00, 0x2A, 0x30, 0x00, 0x45, 0x21, 0x02, 0x45, 0x00, 0x00, 0x2A,
    0x00, 0x00, 0x24, 0x00, 0x3A, 0x24, 0x6E, 0x00, 0x2A, 0x53, 0x00, 0x45, 0x2A, 0x02, 0x45, 0x00,
    0x00, 0x2A, 0x00, 0x00, 0x24, 0x00, 0x3A, 0x2E, 0x50, 0x00, 0x45, 0x1E, 0x02, 0x45, 0x00, 0x00,
    0x2E, 0x00, 0x3A, 0x25, 0x78, 0x00, 0x2A, 0x61, 0x00, 0x36, 0x53, 0x00, 0x45, 0x43, 0x02, 0x45,
    0x00, 0x00, 0x25, 0x00, 0x00, 0x2A, 0x00, 0x00, 0x36, 0x00, 0x3A, 0x2E, 0x50, 0x00, 0x45, 0x26,
    0x02, 0x45, 0x00, 0x00, 0x2E, 0x00, 0x3A, 0x24, 0x6E, 0x00, 0x2A, 0x4D, 0x00, 0x45, 0x2D, 0x02,
    0x45, 0x00, 0x00, 0x2A, 0x00, 0x00, 0x24, 0x00, 0x3A, 0x2A, 0x32, 0x00, 0x45, 0x1C, 0x02, 0x45,
    0x00, 0x00, 0x2A, 0x00, 0x3A, 0x25, 0x78, 0x00, 0x2A, 0x62, 0x00, 0x36, 0x53, 0x00, 0x45, 0x42,
    0x02, 0x45, 0x00, 0x00, 0x25, 0x00, 0x00, 0x2A, 0x00, 0x00, 0x36, 0x00, 0x3A, 0x24, 0x5A, 0x00,
    0x2A, 0x30, 0x00, 0x45, 0x21, 0x02, 0x45, 0x00, 0x00, 0x2A, 0x00, 0x00, 0x24, 0x00, 0x3A, 0x24,
    0x6E, 0x00, 0x2A, 0x53, 0x00, 0x45, 0x2A, 0x02, 0x45, 0x00, 0x00, 0x2A, 0x00, 0x00, 0x24, 0x00,
    0x3A, 0x2A, 0x2D, 0x00, 0x45, 0x1E, 0x02, 0x45, 0x00, 0x00, 0x2A, 0x00, 0x3A, 0x25, 0x78, 0x00,
    0x2A, 0x61, 0x00, 0x36, 0x53, 0x00, 0x45, 0x43, 0x02, 0x45, 0x00, 0x00, 0x25, 0x00, 0x00, 0x2A,
    0x00, 0x00, 0x36, 0x00, 0x3A, 0x2A, 0x32, 0x00, 0x45, 0x26, 0x02, 0x45, 0x00, 0x00, 0x2A, 0x00,
    0x3A, 0x24, 0x6E, 0x00, 0x2A, 0x4D, 0x00, 0x45, 0x2D, 0x02, 0x45, 0x00, 0x00, 0x2A, 0x00, 0x00,
    0x24, 0x00, 0x3A, 0x2A, 0x32, 0x00, 0x45, 0x1C, 0x02, 0x45, 0x00, 0x00, 0x2A, 0x00, 0x3A, 0x25,
    0x78, 0x00, 0x2A, 0x62, 0x00, 0x36, 0x53, 0x00, 0x45, 0x42, 0x02, 0x45, 0x00, 0x00, 0x25, 0x00,
    0x00, 0x2A, 0x00, 0x00, 0x36, 0x00, 0x3A, 0x24, 0x5A, 0x00, 0x2A, 0x30, 0x00, 0x45, 0x21, 0x02,
    0x45, 0x00, 0x00, 0x2A, 0x00, 0x00, 0x24, 0x00, 0x3A, 0x24, 0x6E, 0x00, 0x2A, 0x53, 0x00, 0x45,
    0x2A, 0x02, 0x45, 0x00, 0x00, 0x2A, 0x00, 0x00, 0x24, 0x00, 0x3A, 0x2A, 0x2D, 0x00, 0x45, 0x1E,
    0x02, 0x45, 0x00, 0x00, 0x2A, 0x00, 0x3A, 0x25, 0x78, 0x00, 0x2A, 0x61, 0x00, 0x36, 0x53, 0x00,
    0x45, 0x43, 0x02, 0x45, 0x00, 0x00, 0x25, 0x00, 0x00, 0x2A, 0x00, 0x00, 0x36, 0x00, 0x3A, 0x2A,
    0x32, 0x00, 0x45, 0x26, 0x02, 0x45, 0x00, 0x00, 0x2A, 0x00, 0x3A, 0x24, 0x6E, 0x00, 0x2A, 0x4D,
    0x00, 0x31, 0x50, 0x00, 0x36, 0x49, 0x00, 0x45, 0x2D, 0x02, 0x45, 0x00, 0x00, 0x31, 0x00, 0x00,
    0x24, 0x00, 0x00, 0x2A, 0x00, 0x00, 0x36, 0x00, 0x3A, 0x2A, 0x32, 0x00, 0x36, 0x2D, 0x00, 0x45,
    0x1C, 0x02, 0x45, 0x00, 0x00, 0x36, 0x00, 0x00, 0x2A, 0x00, 0x3A, 0x26, 0x78, 0x00, 0x2A, 0x62,
    0x00, 0x36, 0x6E, 0x00, 0x45, 0x42, 0x02, 0x45, 0x00, 0x00, 0x26, 0x00, 0x00, 0x2A, 0x00, 0x00,
    0x36, 0x00, 0x3A, 0x24, 0x5A, 0x00, 0x2A, 0x30, 0x00, 0x36, 0x2D, 0x00, 0x45, 0x21, 0x02, 0x45,
    0x00, 0x00, 0x24, 0x00, 0x00, 0x2A, 0x00, 0x00, 0x36, 0x00, 0x3A, 0x24, 0x6E, 0x00, 0x2A, 0x53,
    0x00, 0x36, 0x49, 0x00, 0x45, 0x2A, 0x02, 0x45, 0x00, 0x00, 0x24, 0x00, 0x00, 0x2A, 0x00, 0x00,
    0x36, 0x00, 0x3A, 0x2A, 0x2D, 0x00, 0x36, 0x2D, 0x00, 0x45, 0x1E, 0x02, 0x45, 0x00, 0x00, 0x36,
    0x00, 0x00, 0x2A, 0x00, 0x3A, 0x26, 0x78, 0x00, 0x2A, 0x61, 0x00, 0x36, 0x6E, 0x00, 0x45, 0x43,
    0x02, 0x45, 0x00, 0x00, 0x26, 0x00, 0x00, 0x2A, 0x00, 0x00, 0x36, 0x00, 0x3A, 0x2A, 0x32, 0x00,
    0x36, 0x2D, 0x00, 0x45, 0x26, 0x02, 0x45, 0x00, 0x00, 0x36, 0x00, 0x00, 0x2A, 0x00, 0x3A, 0x24,
    0x6E, 0x00, 0x2A, 0x4D, 0x00, 0x36, 0x49, 0x00, 0x45, 0x2D, 0x02, 0x45, 0x00, 0x00, 0x24, 0x00,
    0x00, 0x2A, 0x00, 0x00, 0x36, 0x00, 0x3A, 0x2A, 0x32, 0x00, 0x36, 0x2D, 0x00, 0x45, 0x1C, 0x02,
    0x45, 0x00, 0x00, 0x36, 0x00, 0x00, 0x2A, 0x00, 0x3A, 0x26, 0x78, 0x00, 0x2A, 0x62, 0x00, 0x36,
    0x6E, 0x00, 0x45, 0x42, 0x02, 0x45, 0x00, 0x00, 0x26, 0x00, 0x00, 0x2A, 0x00, 0x00, 0x36, 0x00,
    0x3A, 0x24, 0x5A, 0x00, 0x2A, 0x30, 0x00, 0x36, 0x2D, 0x00, 0x45, 0x21, 0x02, 0x45, 0x00, 0x00,
    0x24, 0x00, 0x00, 0x2A, 0x00, 0x00, 0x36, 0x00, 0x3A, 0x24, 0x6E, 0x00, 0x2A, 0x53, 0x00, 0x36,
    0x49, 0x00, 0x45, 0x2A, 0x02, 0x45, 0x00, 0x00, 0x24, 0x00, 0x00, 0x2A, 0x00, 0x00, 0x36, 0x00,
    0x3A, 0x2E, 0x50, 0x00, 0x36, 0x2D, 0x00, 0x45, 0x1E, 0x02, 0x45, 0x00, 0x00, 0x36, 0x00, 0x00,
    0x2E, 0x00, 0x3A, 0x26, 0x78, 0x00, 0x2A, 0x61, 0x00, 0x36, 0x6E, 0x00, 0x45, 0x43, 0x02, 0x45,
    0x00, 0x00, 0x26, 0x00, 0x00, 0x2A, 0x00, 0x00, 0x36, 0x00, 0x3A, 0x2E, 0x50, 0x00, 0x36, 0x2D,
    0x00, 0x45, 0x26, 0x02, 0x45, 0x00, 0x00, 0x36, 0x00, 0x00, 0x2E, 0x00, 0x3A, 0x24, 0x6E, 0x00,
    0x2A, 0x4D, 0x00, 0x36, 0x49, 0x00, 0x45, 0x2D, 0x02, 0x45, 0x00, 0x00, 0x24, 0x00, 0x00, 0x2A,
    0x00, 0x00, 0x36, 0x00, 0x3A, 0x2A, 0x32, 0x00, 0x36, 0x2D, 0x00, 0x45, 0x1C, 0x02, 0x45, 0x00,
    0x00, 0x36, 0x00, 0x00, 0x2A, 0x00, 0x3A, 0x26, 0x78, 0x00, 0x2A, 0x62, 0x00, 0x36, 0x6E, 0x00,
    0x45, 0x42, 0x02, 0x45, 0x00, 0x00, 0x26, 0x00, 0x00, 0x2A, 0x00, 0x00, 0x36, 0x00, 0x3A, 0x24,
    0x5A, 0x00, 0x2A, 0x30, 0x00, 0x36, 0x2D, 0x00, 0x45, 0x21, 0x02, 0x45, 0x00, 0x00, 0x24, 0x00,
    0x00, 0x2A, 0x00, 0x00, 0x36, 0x00, 0x3A, 0x24, 0x6E, 0x00, 0x2A, 0x53, 0x00, 0x36, 0x49, 0x00,
    0x45, 0x2A, 0x02, 0x45, 0x00, 0x00, 0x24, 0x00, 0x00, 0x2A, 0x00, 0x00, 0x36, 0x00, 0x3A, 0x2A,
    0x2D, 0x00, 0x36, 0x2D, 0x00, 0x45, 0x1E, 0x02, 0x45, 0x00, 0x00, 0x36, 0x00, 0x00, 0x2A, 0x00,
    0x3A, 0x26, 0x78, 0x00, 0x2A, 0x61, 0x00, 0x36, 0x6E, 0x00, 0x45, 0x43, 0x02, 0x45, 0x00, 0x00,
    0x26, 0x00, 0x00, 0x2A, 0x00, 0x00, 0x36, 0x00, 0x3A, 0x2A, 0x32, 0x00, 0x36, 0x2D, 0x00, 0x45,
    0x26, 0x02, 0x45, 0x00, 0x00, 0x36, 0x00, 0x00, 0x2A, 0x00, 0x3A, 0x24, 0x6E, 0x00, 0x2A, 0x4D,
    0x00, 0x36, 0x49, 0x00, 0x45, 0x2D, 0x02, 0x45, 0x00, 0x00, 0x24, 0x00, 0x00, 0x2A, 0x00, 0x00,
    0x36, 0x00, 0x3A, 0x2A, 0x32, 0x00, 0x36, 0x2D, 0x00, 0x45, 0x1C, 0x02, 0x45, 0x00, 0x00, 0x36,
    0x00, 0x00, 0x2A, 0x00, 0x3A, 0x26, 0x78, 0x00, 0x2A, 0x62, 0x00, 0x36, 0x6E, 0x00, 0x45, 0x42,
    0x02, 0x45, 0x00, 0x00, 0x26, 0x00, 0x00, 0x2A, 0x00, 0x00, 0x36, 0x00, 0x3A, 0x24, 0x5A, 0x00,
    0x2A, 0x30, 0x00, 0x36, 0x2D, 0x00, 0x45, 0x21, 0x02, 0x45, 0x00, 0x00, 0x24, 0x00, 0x00, 0x2A,
    0x00, 0x00, 0x36, 0x00, 0x3A, 0x24, 0x6E, 0x00, 0x2A, 0x53, 0x00, 0x36, 0x49, 0x00, 0x45, 0x2A,
    0x02, 0x45, 0x00, 0x00, 0x24, 0x00, 0x00, 0x2A, 0x00, 0x00, 0x36, 0x00, 0x3A, 0x2E, 0x50, 0x00,
    0x36, 0x2D, 0x00, 0x45, 0x1E, 0x02, 0x45, 0x00, 0x00, 0x36, 0x00, 0x00, 0x2E, 0x00, 0x3A, 0x26,
    0x78, 0x00, 0x2A, 0x61, 0x00, 0x36, 0x6E, 0x00, 0x45, 0x43, 0x02, 0x45, 0x00, 0x00, 0x26, 0x00,
    0x00, 0x2A, 0x00, 0x00, 0x36, 0x00, 0x3A, 0x2E, 0x50, 0x00, 0x36, 0x2D, 0x00, 0x45, 0x26, 0x02,
    0x45, 0x00, 0x00, 0x36, 0x00, 0x00, 0x2E, 0x00, 0x3A, 0x24, 0x6E, 0x00, 0x2A, 0x4D, 0x00, 0x36,
    0x49, 0x00, 0x45, 0x2D, 0x02, 0x45, 0x00, 0x00, 0x24, 0x00, 0x00, 0x2A, 0x00, 0x00, 0x36, 0x00,
    0x3A, 0x2A, 0x32, 0x00, 0x36, 0x2D, 0x00, 0x45, 0x1C, 0x02, 0x45, 0x00, 0x00, 0x36, 0x00, 0x00,
    0x2A, 0x00, 0x3A, 0x26, 0x78, 0x00, 0x2A, 0x62, 0x00, 0x36, 0x6E, 0x00, 0x45, 0x42, 0x02, 0x45,
    0x00, 0x00, 0x26, 0x00, 0x00, 0x2A, 0x00, 0x00, 0x36, 0x00, 0x3A, 0x24, 0x5A, 0x00, 0x2A, 0x30,
    0x00, 0x36, 0x2D, 0x00, 0x45, 0x21, 0x02, 0x45, 0x00, 0x00, 0x24, 0x00, 0x00, 0x2A, 0x00, 0x00,
    0x36, 0x00, 0x3A, 0x24, 0x6E, 0x00, 0x2A, 0x53, 0x00, 0x36, 0x49, 0x00, 0x45, 0x2A, 0x02, 0x45,
    0x00, 0x00, 0x24, 0x00, 0x00, 0x2A, 0x00, 0x00, 0x36, 0x00, 0x3A, 0x2A, 0x2D, 0x00, 0x36, 0x2D,
    0x00, 0x45, 0x1E, 0x02, 0x45, 0x00, 0x00, 0x36, 0x00, 0x00, 0x2A, 0x00, 0x3A, 0x26, 0x78, 0x00,
    0x2A, 0x61, 0x00, 0x36, 0x6E, 0x00, 0x45, 0x43, 0x02, 0x45, 0x00, 0x00, 0x26, 0x00, 0x00, 0x2A,
    0x00, 0x00, 0x36, 0x00, 0x3A, 0x2A, 0x32, 0x00, 0x36, 0x2D, 0x00, 0x45, 0x26, 0x02, 0x45, 0x00,
    0x00, 0x36, 0x00, 0x00, 0x2A, 0x00, 0x3A, 0x24, 0x6E, 0x00, 0x2A, 0x4D, 0x00, 0x36, 0x49, 0x00,
    0x45, 0x2D, 0x02, 0x45, 0x00, 0x00, 0x24, 0x00, 0x00, 0x2A, 0x00, 0x00, 0x36, 0x00, 0x3A, 0x2A,
    0x32, 0x00, 0x36, 0x2D, 0x00, 0x45, 0x1C, 0x02, 0x45, 0x00, 0x00, 0x36, 0x00, 0x00, 0x2A, 0x00,
    0x3A, 0x26, 0x78, 0x00, 0x2A, 0x62, 0x00, 0x36, 0x6E, 0x00, 0x45, 0x42, 0x02, 0x45, 0x00, 0x00,
    0x26, 0x00, 0x00, 0x2A, 0x00, 0x00, 0x36, 0x00, 0x3A, 0x24, 0x5A, 0x00, 0x2A, 0x30, 0x00, 0x36,
    0x2D, 0x00, 0x45, 0x21, 0x02, 0x45, 0x00, 0x00, 0x24, 0x00, 0x00, 0x2A, 0x00, 0x00, 0x36, 0x00,
    0x3A, 0x24, 0x6E, 0x00, 0x2A, 0x53, 0x00, 0x36, 0x49, 0x00, 0x45, 0x2A, 0x02, 0x45, 0x00, 0x00,
    0x24, 0x00, 0x00, 0x2A, 0x00, 0x00, 0x36, 0x00, 0x3A, 0x2E, 0x50, 0x00, 0x36, 0x2D, 0x00, 0x45,
    0x1E, 0x02, 0x45, 0x00, 0x00, 0x36, 0x00, 0x00, 0x2E, 0x00, 0x3A, 0x26, 0x78, 0x00, 0x2A, 0x61,
    0x00, 0x36, 0x6E, 0x00, 0x45, 0x43, 0x02, 0x45, 0x00, 0x00, 0x26, 0x00, 0x00, 0x2A, 0x00, 0x00,
    0x36, 0x00, 0x3A, 0x2E, 0x50, 0x00, 0x36, 0x2D, 0x00, 0x45, 0x26, 0x02, 0x45, 0x00, 0x00, 0x36,
    0x00, 0x00, 0x2E, 0x00, 0x3A, 0x24, 0x6E, 0x00, 0x2E, 0x50, 0x00, 0x39, 0x50, 0x02, 0x39, 0x00,
    0x00, 0x2E, 0x00, 0x00, 0x24, 0x00, 0x8F, 0x58, 0x2D, 0x5F, 0x02, 0x2D, 0x00, 0x1C, 0x2D, 0x5F,
    0x02, 0x2D, 0x00, 0x3A, 0x29, 0x64, 0x02, 0x29, 0x00, 0x3A, 0x24, 0x6E, 0x00, 0x2A, 0x4D, 0x00,
    0x31, 0x50, 0x00, 0x45, 0x2D, 0x02, 0x45, 0x00, 0x00, 0x24, 0x00, 0x00, 0x2A, 0x00, 0x00, 0x31,
    0x00, 0x3A, 0x2A, 0x32, 0x00, 0x45, 0x1D, 0x02, 0x45, 0x00, 0x00, 0x2A, 0x00, 0x3A, 0x26, 0x78,
    0x00, 0x2A, 0x62, 0x00, 0x36, 0x53, 0x00, 0x45, 0x43, 0x02, 0x45, 0x00, 0x00, 0x26, 0x00, 0x00,
    0x2A, 0x00, 0x00, 0x36, 0x00, 0x3A, 0x24, 0x5A, 0x00, 0x2A, 0x30, 0x00, 0x45, 0x26, 0x02, 0x45,
    0x00, 0x00, 0x2A, 0x00, 0x00, 0x24, 0x00, 0x3A, 0x24, 0x6E, 0x00, 0x2A, 0x53, 0x00, 0x45, 0x2C,
    0x02, 0x45, 0x00, 0x00, 0x2A, 0x00, 0x00, 0x24, 0x00, 0x3A, 0x2A, 0x2D, 0x00, 0x45, 0x1E, 0x02,
    0x45, 0x00, 0x00, 0x2A, 0x00, 0x3A, 0x26, 0x78, 0x00, 0x2A, 0x61, 0x00, 0x36, 0x53, 0x00, 0x45,
    0x43, 0x02, 0x45, 0x00, 0x00, 0x26, 0x00, 0x00, 0x2A, 0x00, 0x00, 0x36, 0x00, 0x3A, 0x2A, 0x32,
    0x00, 0x45, 0x21, 0x02, 0x45, 0x00, 0x00, 0x2A, 0x00, 0x3A, 0x24, 0x6E, 0x00, 0x2A, 0x4D, 0x00,
    0x45, 0x2D, 0x02, 0x45, 0x00, 0x00, 0x2A, 0x00, 0x00, 0x24, 0x00, 0x3A, 0x2A, 0x32, 0x00, 0x45,
    0x1C, 0x02, 0x45, 0x00, 0x00, 0x2A, 0x00, 0x3A, 0x26, 0x78, 0x00, 0x2A, 0x62, 0x00, 0x36, 0x53,
    0x00, 0x45, 0x42, 0x02, 0x45, 0x00, 0x00, 0x26, 0x00, 0x00, 0x2A, 0x00, 0x00, 0x36, 0x00, 0x3A,
    0x24, 0x5A, 0x00, 0x2A, 0x30, 0x00, 0x45, 0x21, 0x02, 0x45, 0x00, 0x00, 0x2A, 0x00, 0x00, 0x24,
    0x00, 0x3A, 0x24, 0x6E, 0x00, 0x2A, 0x53, 0x00, 0x45, 0x2A, 0x02, 0x45, 0x00, 0x00, 0x2A, 0x00,
    0x00, 0x24, 0x00, 0x3A, 0x2A, 0x2D, 0x00, 0x45, 0x1E, 0x02, 0x45, 0x00, 0x00, 0x2A, 0x00, 0x3A,
    0x26, 0x78, 0x00, 0x2A, 0x61, 0x00, 0x36, 0x53, 0x00, 0x45, 0x43, 0x02, 0x45, 0x00, 0x00, 0x26,
    0x00, 0x00, 0x2A, 0x00, 0x00, 0x36, 0x00, 0x3A, 0x2A, 0x32, 0x00, 0x45, 0x26, 0x02, 0x45, 0x00,
    0x00, 0x2A, 0x00, 0x3A, 0x24, 0x6E, 0x00, 0x2A, 0x4D, 0x00, 0x45, 0x2D, 0x02, 0x45, 0x00, 0x00,
    0x2A, 0x00, 0x00, 0x24, 0x00, 0x3A, 0x2A, 0x32, 0x00, 0x45, 0x1D, 0x02, 0x45, 0x00, 0x00, 0x2A,
    0x00, 0x3A, 0x26, 0x78, 0x00, 0x2A, 0x62, 0x00, 0x36, 0x53, 0x00, 0x45, 0x43, 0x02, 0x45, 0x00,
    0x00, 0x26, 0x00, 0x00, 0x2A, 0x00, 0x00, 0x36, 0x00, 0x3A, 0x24, 0x5A, 0x00, 0x2A, 0x30, 0x00,
    0x45, 0x26, 0x02, 0x45, 0x00, 0x00, 0x2A, 0x00, 0x00, 0x24, 0x00, 0x3A, 0x24, 0x6E, 0x00, 0x2A,
    0x53, 0x00, 0x45, 0x2C, 0x02, 0x45, 0x00, 0x00, 0x2A, 0x00, 0x00, 0x24, 0x00, 0x3A, 0x2A, 0x2D,
    0x00, 0x45, 0x1E, 0x02, 0x45, 0x00, 0x00, 0x2A, 0x00, 0x3A, 0x26, 0x78, 0x00, 0x2A, 0x61, 0x00,
    0x36, 0x53, 0x00, 0x45, 0x43, 0x02, 0x45, 0x00, 0x00, 0x26, 0x00, 0x00, 0x2A, 0x00, 0x00, 0x36,
    0x00, 0x3A, 0x2A, 0x32, 0x00, 0x45, 0x21, 0x02, 0x45, 0x00, 0x00, 0x2A, 0x00, 0x3A, 0x24, 0x6E,
    0x00, 0x2A, 0x4D, 0x00, 0x45, 0x2D, 0x02, 0x45, 0x00, 0x00, 0x2A, 0x00, 0x00, 0x24, 0x00, 0x3A,
    0x2A, 0x32, 0x00, 0x45, 0x1C, 0x02, 0x45, 0x00, 0x00, 0x2A, 0x00, 0x3A, 0x26, 0x78, 0x00, 0x2A,
    0x62, 0x00, 0x36, 0x53, 0x00, 0x45, 0x42, 0x02, 0x45, 0x00, 0x00, 0x26, 0x00, 0x00, 0x2A, 0x00,
    0x00, 0x36, 0x00, 0x3A, 0x24, 0x5A, 0x00, 0x2A, 0x30, 0x00, 0x45, 0x21, 0x02, 0x45, 0x00, 0x00,
    0x2A, 0x00, 0x00, 0x24, 0x00, 0x3A, 0x24, 0x6E, 0x00, 0x2A, 0x53, 0x00, 0x45, 0x2A, 0x02, 0x45,
    0x00, 0x00, 0x2A, 0x00, 0x00, 0x24, 0x00, 0x3A, 0x2A, 0x2D, 0x00, 0x45, 0x1E, 0x02, 0x45, 0x00,
    0x00, 0x2A, 0x00, 0x3A, 0x26, 0x78, 0x00, 0x2A, 0x61, 0x00, 0x36, 0x53, 0x00, 0x45, 0x43, 0x02,
    0x45, 0x00, 0x00, 0x26, 0x00, 0x00, 0x2A, 0x00, 0x00, 0x36, 0x00, 0x3A, 0x2A, 0x32, 0x00, 0x45,
    0x26, 0x02, 0x45, 0x00, 0x00, 0x2A, 0x00, 0x3A, 0x24, 0x6E, 0x00, 0x2A, 0x4D, 0x00, 0x45, 0x2D,
    0x02, 0x45, 0x00, 0x00, 0x2A, 0x00, 0x00, 0x24, 0x00, 0x3A, 0x2A, 0x32, 0x00, 0x45, 0x1D, 0x02,
    0x45, 0x00, 0x00, 0x2A, 0x00, 0x3A, 0x26, 0x78, 0x00, 0x2A, 0x62, 0x00, 0x36, 0x53, 0x00, 0x45,
    0x43, 0x02, 0x45, 0x00, 0x00, 0x26, 0x00, 0x00, 0x2A, 0x00, 0x00, 0x36, 0x00, 0x3A, 0x24, 0x5A,
    0x00, 0x2A, 0x30, 0x00, 0x45, 0x26, 0x02, 0x45, 0x00, 0x00, 0x2A, 0x00, 0x00, 0x24, 0x00, 0x3A,
    0x24, 0x6E, 0x00, 0x2A, 0x53, 0x00, 0x45, 0x2C, 0x02, 0x45, 0x00, 0x00, 0x2A, 0x00, 0x00, 0x24,
    0x00, 0x3A, 0x2A, 0x2D, 0x00, 0x45, 0x1E, 0x02, 0x45, 0x00, 0x00, 0x2A, 0x00, 0x3A, 0x26, 0x78,
    0x00, 0x2A, 0x61, 0x00, 0x36, 0x53, 0x00, 0x45, 0x43, 0x02, 0x45, 0x00, 0x00, 0x26, 0x00, 0x00,
    0x2A, 0x00, 0x00, 0x36, 0x00, 0x3A, 0x2A, 0x32, 0x00, 0x45, 0x21, 0x02, 0x45, 0x00, 0x00, 0x2A,
    0x00, 0x3A, 0x24, 0x6E, 0x00, 0x2A, 0x4D, 0x00, 0x45, 0x2D, 0x02, 0x45, 0x00, 0x00, 0x2A, 0x00,
    0x00, 0x24, 0x00, 0x3A, 0x2A, 0x32, 0x00, 0x45, 0x1C, 0x02, 0x45, 0x00, 0x00, 0x2A, 0x00, 0x3A,
    0x26, 0x78, 0x00, 0x2A, 0x62, 0x00, 0x36, 0x53, 0x00, 0x45, 0x42, 0x02, 0x45, 0x00, 0x00, 0x26,
    0x00, 0x00, 0x2A, 0x00, 0x00, 0x36, 0x00, 0x3A, 0x24, 0x5A, 0x00, 0x2A, 0x30, 0x00, 0x45, 0x21,
    0x02, 0x45, 0x00, 0x00, 0x2A, 0x00, 0x00, 0x24, 0x00, 0x3A, 0x24, 0x6E, 0x00, 0x2A, 0x53, 0x00,
    0x45, 0x2A, 0x02, 0x45, 0x00, 0x00, 0x2A, 0x00, 0x00, 0x24, 0x00, 0x3A, 0x2A, 0x2D, 0x00, 0x45,
    0x1E, 0x02, 0x45, 0x00, 0x00, 0x2A, 0x00, 0x3A, 0x26, 0x78, 0x00, 0x2A, 0x61, 0x00, 0x36, 0x53,
    0x00, 0x45, 0x43, 0x02, 0x45, 0x00, 0x00, 0x26, 0x00, 0x00, 0x2A, 0x00, 0x00, 0x36, 0x00, 0x3A,
    0x2A, 0x32, 0x00, 0x45, 0x26, 0x02, 0x45, 0x00, 0x00, 0x2A, 0x00, 0x3A, 0x24, 0x6E, 0x00, 0x2A,
    0x4D, 0x00, 0x45, 0x2D, 0x02, 0x45, 0x00, 0x00, 0x2A, 0x00, 0x00, 0x24, 0x00, 0x3A, 0x2A, 0x32,
    0x00, 0x45, 0x1D, 0x02, 0x45, 0x00, 0x00, 0x2A, 0x00, 0x3A, 0x26, 0x78, 0x00, 0x2A, 0x62, 0x00,
    0x36, 0x53, 0x00, 0x45, 0x43, 0x02, 0x45, 0x00, 0x00, 0x26, 0x00, 0x00, 0x2A, 0x00, 0x00, 0x36,
    0x00, 0x3A, 0x24, 0x5A, 0x00, 0x2A, 0x30, 0x00, 0x45, 0x26, 0x02, 0x45, 0x00, 0x00, 0x2A, 0x00,
    0x00, 0x24, 0x00, 0x3A, 0x24, 0x6E, 0x00, 0x2A, 0x53, 0x00, 0x45, 0x2C, 0x02, 0x45, 0x00, 0x00,
    0x2A, 0x00, 0x00, 0x24, 0x00, 0x3A, 0x2A, 0x2D, 0x00, 0x45, 0x1E, 0x02, 0x45, 0x00, 0x00, 0x2A,
    0x00, 0x3A, 0x26, 0x78, 0x00, 0x2A, 0x61, 0x00, 0x36, 0x53, 0x00, 0x45, 0x43, 0x02, 0x45, 0x00,
    0x00, 0x26, 0x00, 0x00, 0x2A, 0x00, 0x00, 0x36, 0x00, 0x3A, 0x2A, 0x32, 0x00, 0x45, 0x21, 0x02,
    0x45, 0x00, 0x00, 0x2A, 0x00, 0x3A, 0x24, 0x6E, 0x00, 0x2A, 0x4D, 0x00, 0x45, 0x2D, 0x02, 0x45,
    0x00, 0x00, 0x2A, 0x00, 0x00, 0x24, 0x00, 0x3A, 0x2A, 0x32, 0x00, 0x45, 0x1C, 0x02, 0x45, 0x00,
    0x00, 0x2A, 0x00, 0x3A, 0x26, 0x78, 0x00, 0x2A, 0x62, 0x00, 0x36, 0x53, 0x00, 0x45, 0x42, 0x02,
    0x45, 0x00, 0x00, 0x26, 0x00, 0x00, 0x2A, 0x00, 0x00, 0x36, 0x00, 0x3A, 0x24, 0x5A, 0x00, 0x2A,
    0x30, 0x00, 0x45, 0x21, 0x02, 0x45, 0x00, 0x00, 0x2A, 0x00, 0x00, 0x24, 0x00, 0x3A, 0x24, 0x6E,
    0x00, 0x2A, 0x53, 0x00, 0x45, 0x2A, 0x02, 0x45, 0x00, 0x00, 0x2A, 0x00, 0x00, 0x24, 0x00, 0x3A,
    0x2A, 0x2D, 0x00, 0x45, 0x1E, 0x02, 0x45, 0x00, 0x00, 0x2A, 0x00, 0x3A, 0x26, 0x78, 0x00, 0x2A,
    0x61, 0x00, 0x36, 0x53, 0x00, 0x45, 0x43, 0x02, 0x45, 0x00, 0x00, 0x26, 0x00, 0x00, 0x2A, 0x00,
    0x00, 0x36, 0x00, 0x3A, 0x2A, 0x32, 0x00, 0x45, 0x26, 0x02, 0x45, 0x00, 0x00, 0x2A, 0x00, 0x3A,
    0x24, 0x6E, 0x00, 0x2A, 0x4D, 0x00, 0x45, 0x2D, 0x02, 0x45, 0x00, 0x00, 0x2A, 0x00, 0x00, 0x24,
    0x00, 0x3A, 0x2A, 0x32, 0x00, 0x45, 0x1D, 0x02, 0x45, 0x00, 0x00, 0x2A, 0x00, 0x3A, 0x26, 0x78,
    0x00, 0x2A, 0x62, 0x00, 0x36, 0x53, 0x00, 0x45, 0x43, 0x02, 0x45, 0x00, 0x00, 0x26, 0x00, 0x00,
    0x2A, 0x00, 0x00, 0x36, 0x00, 0x3A, 0x24, 0x5A, 0x00, 0x2A, 0x30, 0x00, 0x45, 0x26, 0x02, 0x45,
    0x00, 0x00, 0x2A, 0x00, 0x00, 0x24, 0x00, 0x3A, 0x24, 0x6E, 0x00, 0x2A, 0x53, 0x00, 0x45, 0x2C,
    0x02, 0x45, 0x00, 0x00, 0x2A, 0x00, 0x00, 0x24, 0x00, 0x3A, 0x2E, 0x50, 0x00, 0x45, 0x1E, 0x02,
    0x45, 0x00, 0x00, 0x2E, 0x00, 0x3A, 0x26, 0x78, 0x00, 0x2A, 0x61, 0x00, 0x36, 0x53, 0x00, 0x45,
    0x43, 0x02, 0x45, 0x00, 0x00, 0x26, 0x00, 0x00, 0x2A, 0x00, 0x00, 0x36, 0x00, 0x3A, 0x2E, 0x50,
    0x00, 0x45, 0x21, 0x02, 0x45, 0x00, 0x00, 0x2E, 0x00, 0x3A, 0x24, 0x6E, 0x00, 0x2A, 0x4D, 0x00,
    0x31, 0x50, 0x00, 0x45, 0x2D, 0x02, 0x45, 0x00, 0x00, 0x24, 0x00, 0x00, 0x2A, 0x00, 0x00, 0x31,
    0x00, 0x3A, 0x2A, 0x32, 0x00, 0x45, 0x1D, 0x02, 0x45, 0x00, 0x00, 0x2A, 0x00, 0x3A, 0x26, 0x78,
    0x00, 0x2A, 0x62, 0x00, 0x36, 0x53, 0x00, 0x45, 0x43, 0x02, 0x45, 0x00, 0x00, 0x26, 0x00, 0x00,
    0x2A, 0x00, 0x00, 0x36, 0x00, 0x3A, 0x24, 0x5A, 0x00, 0x2A, 0x30, 0x00, 0x45, 0x26, 0x02, 0x45,
    0x00, 0x00, 0x2A, 0x00, 0x00, 0x24, 0x00, 0x3A, 0x24, 0x6E, 0x00, 0x2A, 0x53, 0x00, 0x45, 0x2C,
    0x02, 0x45, 0x00, 0x00, 0x2A, 0x00, 0x00, 0x24, 0x00, 0x3A, 0x2A, 0x2D, 0x00, 0x45, 0x1E, 0x02,
    0x45, 0x00, 0x00, 0x2A, 0x00, 0x3A, 0x26, 0x78, 0x00, 0x2A, 0x61, 0x00, 0x36, 0x53, 0x00, 0x45,
    0x43, 0x02, 0x45, 0x00, 0x00, 0x26, 0x00, 0x00, 0x2A, 0x00, 0x00, 0x36, 0x00, 0x3A, 0x2A, 0x32,
    0x00, 0x45, 0x21, 0x02, 0x45, 0x00, 0x00, 0x2A, 0x00, 0x3A, 0x24, 0x6E, 0x00, 0x2A, 0x4D, 0x00,
    0x45, 0x2D, 0x02, 0x45, 0x00, 0x00, 0x2A, 0x00, 0x00, 0x24, 0x00, 0x3A, 0x2A, 0x32, 0x00, 0x45,
    0x1C, 0x02, 0x45, 0x00, 0x00, 0x2A, 0x00, 0x3A, 0x26, 0x78, 0x00, 0x2A, 0x62, 0x00, 0x36, 0x53,
    0x00, 0x45, 0x42, 0x02, 0x45, 0x00, 0x00, 0x26, 0x00, 0x00, 0x2A, 0x00, 0x00, 0x36, 0x00, 0x3A,
    0x24, 0x5A, 0x00, 0x2A, 0x30, 0x00, 0x45, 0x21, 0x02, 0x45, 0x00, 0x00, 0x2A, 0x00, 0x00, 0x24,
    0x00, 0x3A, 0x24, 0x6E, 0x00, 0x2A, 0x53, 0x00, 0x45, 0x2A, 0x02, 0x45, 0x00, 0x00, 0x2A, 0x00,
    0x00, 0x24, 0x00, 0x3A, 0x2A, 0x2D, 0x00, 0x45, 0x1E, 0x02, 0x45, 0x00, 0x00, 0x2A, 0x00, 0x3A,
    0x26, 0x78, 0x00, 0x2A, 0x61, 0x00, 0x36, 0x53, 0x00, 0x45, 0x43, 0x02, 0x45, 0x00, 0x00, 0x26,
    0x00, 0x00, 0x2A, 0x00, 0x00, 0x36, 0x00, 0x3A, 0x2A, 0x32, 0x00, 0x45, 0x26, 0x02, 0x45, 0x00,
    0x00, 0x2A, 0x00, 0x3A, 0x24, 0x6E, 0x00, 0x2A, 0x4D, 0x00, 0x45, 0x2D, 0x02, 0x45, 0x00, 0x00,
    0x2A, 0x00, 0x00, 0x24, 0x00, 0x3A, 0x2A, 0x32, 0x00, 0x45, 0x1D, 0x02, 0x45, 0x00, 0x00, 0x2A,
    0x00, 0x3A, 0x26, 0x78, 0x00, 0x2A, 0x62, 0x00, 0x36, 0x53, 0x00, 0x45, 0x43, 0x02, 0x45, 0x00,
    0x00, 0x26, 0x00, 0x00, 0x2A, 0x00, 0x00, 0x36, 0x00, 0x3A, 0x24, 0x5A, 0x00, 0x2A, 0x30, 0x00,
    0x45, 0x26, 0x02, 0x45, 0x00, 0x00, 0x2A, 0x00, 0x00, 0x24, 0x00, 0x3A, 0x24, 0x6E, 0x00, 0x2A,
    0x53, 0x00, 0x45, 0x2C, 0x02, 0x45, 0x00, 0x00, 0x2A, 0x00, 0x00, 0x24, 0x00, 0x3A, 0x2A, 0x2D,
    0x00, 0x45, 0x1E, 0x02, 0x45, 0x00, 0x00, 0x2A, 0x00, 0x3A, 0x26, 0x78, 0x00, 0x2A, 0x61, 0x00,
    0x36, 0x53, 0x00, 0x45, 0x43, 0x02, 0x45, 0x00, 0x00, 0x26, 0x00, 0x00, 0x2A, 0x00, 0x00, 0x36,
    0x00, 0x3A, 0x2A, 0x32, 0x00, 0x45, 0x21, 0x02, 0x45, 0x00, 0x00, 0x2A, 0x00, 0x3A, 0x24, 0x6E,
    0x00, 0x2A, 0x4D, 0x00, 0x45, 0x2D, 0x02, 0x45, 0x00, 0x00, 0x2A, 0x00, 0x00, 0x24, 0x00, 0x3A,
    0x2A, 0x32, 0x00, 0x45, 0x1C, 0x02, 0x45, 0x00, 0x00, 0x2A, 0x00, 0x3A, 0x26, 0x78, 0x00, 0x2A,
    0x62, 0x00, 0x36, 0x53, 0x00, 0x45, 0x42, 0x02, 0x45, 0x00, 0x00, 0x26, 0x00, 0x00, 0x2A, 0x00,
    0x00, 0x36, 0x00, 0x3A, 0x24, 0x5A, 0x00, 0x2A, 0x30, 0x00, 0x45, 0x21, 0x02, 0x45, 0x00, 0x00,
    0x2A, 0x00, 0x00, 0x24, 0x00, 0x3A, 0x24, 0x6E, 0x00, 0x2A, 0x53, 0x00, 0x45, 0x2A, 0x02, 0x45,
    0x00, 0x00, 0x2A, 0x00, 0x00, 0x24, 0x00, 0x3A, 0x2A, 0x2D, 0x00, 0x45, 0x1E, 0x02, 0x45, 0x00,
    0x00, 0x2A, 0x00, 0x3A, 0x26, 0x78, 0x00, 0x2A, 0x61, 0x00, 0x36, 0x53, 0x00, 0x45, 0x43, 0x02,
    0x45, 0x00, 0x00, 0x26, 0x00, 0x00, 0x2A, 0x00, 0x00, 0x36, 0x00, 0x3A, 0x2A, 0x32, 0x00, 0x45,
    0x26, 0x02, 0x45, 0x00, 0x00, 0x2A, 0x00, 0x3A, 0x24, 0x6E, 0x00, 0x2A, 0x4D, 0x00, 0x45, 0x2D,
    0x02, 0x45, 0x00, 0x00, 0x2A, 0x00, 0x00, 0x24, 0x00, 0x3A, 0x2A, 0x32, 0x00, 0x45, 0x1D, 0x02,
    0x45, 0x00, 0x00, 0x2A, 0x00, 0x3A, 0x26, 0x78, 0x00, 0x2A, 0x62, 0x00, 0x36, 0x53, 0x00, 0x45,
    0x43, 0x02, 0x45, 0x00, 0x00, 0x26, 0x00, 0x00, 0x2A, 0x00, 0x00, 0x36, 0x00, 0x3A, 0x24, 0x5A,
    0x00, 0x2A, 0x30, 0x00, 0x45, 0x26, 0x02, 0x45, 0x00, 0x00, 0x2A, 0x00, 0x00, 0x24, 0x00, 0x3A,
    0x24, 0x6E, 0x00, 0x2A, 0x53, 0x00, 0x45, 0x2C, 0x02, 0x45, 0x00, 0x00, 0x2A, 0x00, 0x00, 0x24,
    0x00, 0x3A, 0x2A, 0x2D, 0x00, 0x45, 0x1E, 0x02, 0x45, 0x00, 0x00, 0x2A, 0x00, 0x3A, 0x26, 0x78,
    0x00, 0x2A, 0x61, 0x00, 0x36, 0x53, 0x00, 0x45, 0x43, 0x02, 0x45, 0x00, 0x00, 0x26, 0x00, 0x00,
    0x2A, 0x00, 0x00, 0x36, 0x00, 0x3A, 0x2A, 0x32, 0x00, 0x45, 0x21, 0x02, 0x45, 0x00, 0x00, 0x2A,
    0x00, 0x3A, 0x24, 0x6E, 0x00, 0x2A, 0x4D, 0x00, 0x45, 0x2D, 0x02, 0x45, 0x00, 0x00, 0x2A, 0x00,
    0x00, 0x24, 0x00, 0x3A, 0x2A, 0x32, 0x00, 0x45, 0x1C, 0x02, 0x45, 0x00, 0x00, 0x2A, 0x00, 0x3A,
    0x26, 0x78, 0x00, 0x2A, 0x62, 0x00, 0x36, 0x53, 0x00, 0x45, 0x42, 0x02, 0x45, 0x00, 0x00, 0x26,
    0x00, 0x00, 0x2A, 0x00, 0x00, 0x36, 0x00, 0x3A, 0x24, 0x5A, 0x00, 0x2A, 0x30, 0x00, 0x45, 0x21,
    0x02, 0x45, 0x00, 0x00, 0x2A, 0x00, 0x00, 0x24, 0x00, 0x3A, 0x24, 0x6E, 0x00, 0x2A, 0x53, 0x00,
    0x45, 0x2A, 0x02, 0x45, 0x00, 0x00, 0x2A, 0x00, 0x00, 0x24, 0x00, 0x3A, 0x2A, 0x2D, 0x00, 0x45,
    0x1E, 0x02, 0x45, 0x00, 0x00, 0x2A, 0x00, 0x3A, 0x26, 0x78, 0x00, 0x2A, 0x61, 0x00, 0x36, 0x53,
    0x00, 0x45, 0x43, 0x02, 0x45, 0x00, 0x00, 0x26, 0x00, 0x00, 0x2A, 0x00, 0x00, 0x36, 0x00, 0x3A,
    0x2A, 0x32, 0x00, 0x45, 0x26, 0x02, 0x45, 0x00, 0x00, 0x2A, 0x00, 0x3A, 0x24, 0x6E, 0x00, 0x2A,
    0x4D, 0x00, 0x45, 0x2D, 0x02, 0x45, 0x00, 0x00, 0x2A, 0x00, 0x00, 0x24, 0x00, 0x3A, 0x2A, 0x32,
    0x00, 0x45, 0x1D, 0x02, 0x45, 0x00, 0x00, 0x2A, 0x00, 0x3A, 0x26, 0x78, 0x00, 0x2A, 0x62, 0x00,
    0x36, 0x53, 0x00, 0x45, 0x43, 0x02, 0x45, 0x00, 0x00, 0x26, 0x00, 0x00, 0x2A, 0x00, 0x00, 0x36,
    0x00, 0x3A, 0x24, 0x5A, 0x00, 0x2A, 0x30, 0x00, 0x45, 0x26, 0x02, 0x45, 0x00, 0x00, 0x2A, 0x00,
    0x00, 0x24, 0x00, 0x3A, 0x24, 0x6E, 0x00, 0x2A, 0x53, 0x00, 0x45, 0x2C, 0x02, 0x45, 0x00, 0x00,
    0x2A, 0x00, 0x00, 0x24, 0x00, 0x3A, 0x2A, 0x2D, 0x00, 0x45, 0x1E, 0x02, 0x45, 0x00, 0x00, 0x2A,
    0x00, 0x3A, 0x26, 0x78, 0x00, 0x2A, 0x61, 0x00, 0x36, 0x53, 0x00, 0x45, 0x43, 0x02, 0x45, 0x00,
    0x00, 0x26, 0x00, 0x00, 0x2A, 0x00, 0x00, 0x36, 0x00, 0x3A, 0x2A, 0x32, 0x00, 0x45, 0x21, 0x02,
    0x45, 0x00, 0x00, 0x2A, 0x00, 0x3A, 0x24, 0x6E, 0x00, 0x2A, 0x4D, 0x00, 0x45, 0x2D, 0x02, 0x45,
    0x00, 0x00, 0x2A, 0x00, 0x00, 0x24, 0x00, 0x3A, 0x2A, 0x32, 0x00, 0x45, 0x1C, 0x02, 0x45, 0x00,
    0x00, 0x2A, 0x00, 0x3A, 0x26, 0x78, 0x00, 0x2A, 0x62, 0x00, 0x36, 0x53, 0x00, 0x45, 0x42, 0x02,
    0x45, 0x00, 0x00, 0x26, 0x00, 0x00, 0x2A, 0x00, 0x00, 0x36, 0x00, 0x3A, 0x24, 0x5A, 0x00, 0x2A,
    0x30, 0x00, 0x45, 0x21, 0x02, 0x45, 0x00, 0x00, 0x2A, 0x00, 0x00, 0x24, 0x00, 0x3A, 0x24, 0x6E,
    0x00, 0x2A, 0x53, 0x00, 0x45, 0x2A, 0x02, 0x45, 0x00, 0x00, 0x2A, 0x00, 0x00, 0x24, 0x00, 0x3A,
    0x2A, 0x2D, 0x00, 0x45, 0x1E, 0x02, 0x45, 0x00, 0x00, 0x2A, 0x00, 0x3A, 0x26, 0x78, 0x00, 0x2A,
    0x61, 0x00, 0x36, 0x53, 0x00, 0x45, 0x43, 0x02, 0x45, 0x00, 0x00, 0x26, 0x00, 0x00, 0x2A, 0x00,
    0x00, 0x36, 0x00, 0x3A, 0x2A, 0x32, 0x00, 0x45, 0x26, 0x02, 0x45, 0x00, 0x00, 0x2A, 0x00, 0x3A,
    0x24, 0x6E, 0x00, 0x2A, 0x4D, 0x00, 0x45, 0x2D, 0x02, 0x45, 0x00, 0x00, 0x2A, 0x00, 0x00, 0x24,
    0x00, 0x3A, 0x2A, 0x32, 0x00, 0x45, 0x1D, 0x02, 0x45, 0x00, 0x00, 0x2A, 0x00, 0x3A, 0x26, 0x78,
    0x00, 0x2A, 0x62, 0x00, 0x36, 0x53, 0x00, 0x45, 0x43, 0x02, 0x45, 0x00, 0x00, 0x26, 0x00, 0x00,
    0x2A, 0x00, 0x00, 0x36, 0x00, 0x3A, 0x24, 0x5A, 0x00, 0x2A, 0x30, 0x00, 0x45, 0x26, 0x02, 0x45,
    0x00, 0x00, 0x2A, 0x00, 0x00, 0x24, 0x00, 0x3A, 0x24, 0x6E, 0x00, 0x2A, 0x53, 0x00, 0x45, 0x2C,
    0x02, 0x45, 0x00, 0x00, 0x2A, 0x00, 0x00, 0x24, 0x00, 0x3A, 0x2A, 0x2D, 0x00, 0x45, 0x1E, 0x02,
    0x45, 0x00, 0x00, 0x2A, 0x00, 0x3A, 0x26, 0x78, 0x00, 0x2A, 0x61, 0x00, 0x36, 0x53, 0x00, 0x45,
    0x43, 0x02, 0x45, 0x00, 0x00, 0x26, 0x00, 0x00, 0x2A, 0x00, 0x00, 0x36, 0x00, 0x3A, 0x2E, 0x50,
    0x00, 0x45, 0x21, 0x02, 0x45, 0x00, 0x00, 0x2E, 0x00, 0x3A, 0x24, 0x6E, 0x00, 0x2A, 0x4D, 0x00,
    0x45, 0x2D, 0x02, 0x45, 0x00, 0x00, 0x2A, 0x00, 0x00, 0x24, 0x00, 0x3A, 0x2A, 0x32, 0x00, 0x45,
    0x1C, 0x02, 0x45, 0x00, 0x00, 0x2A, 0x00, 0x3A, 0x26, 0x78, 0x00, 0x2A, 0x62, 0x00, 0x36, 0x53,
    0x00, 0x45, 0x42, 0x02, 0x45, 0x00, 0x00, 0x26, 0x00, 0x00, 0x2A, 0x00, 0x00, 0x36, 0x00, 0x3A,
    0x24, 0x5A, 0x00, 0x2A, 0x30, 0x00, 0x45, 0x21, 0x02, 0x45, 0x00, 0x00, 0x2A, 0x00, 0x00, 0x24,
    0x00, 0x3A, 0x24, 0x6E, 0x00, 0x2A, 0x53, 0x00, 0x45, 0x2A, 0x02, 0x45, 0x00, 0x00, 0x2A, 0x00,
    0x00, 0x24, 0x00, 0x3A, 0x2A, 0x2D, 0x00, 0x45, 0x1E, 0x02, 0x45, 0x00, 0x00, 0x2A, 0x00, 0x3A,
    0x26, 0x78, 0x00, 0x2A, 0x61, 0x00, 0x36, 0x53, 0x00, 0x45, 0x43, 0x02, 0x45, 0x00, 0x00, 0x26,
    0x00, 0x00, 0x2A, 0x00, 0x00, 0x36, 0x00, 0x3A, 0x2A, 0x32, 0x00, 0x45, 0x26, 0x02, 0x45, 0x00,
    0x00, 0x2A, 0x00, 0x3A, 0x24, 0x6E, 0x00, 0x2A, 0x4D, 0x00, 0x45, 0x2D, 0x02, 0x45, 0x00, 0x00,
    0x2A, 0x00, 0x00, 0x24, 0x00, 0x3A, 0x2A, 0x32, 0x00, 0x45, 0x1D, 0x02, 0x45, 0x00, 0x00, 0x2A,
    0x00, 0x3A, 0x26, 0x78, 0x00, 0x2A, 0x62, 0x00, 0x36, 0x53, 0x00, 0x45, 0x43, 0x02, 0x45, 0x00,
    0x00, 0x26, 0x00, 0x00, 0x2A, 0x00, 0x00, 0x36, 0x00, 0x3A, 0x24, 0x5A, 0x00, 0x2A, 0x30, 0x00,
    0x45, 0x26, 0x02, 0x45, 0x00, 0x00, 0x2A, 0x00, 0x00, 0x24, 0x00, 0x3A, 0x24, 0x6E, 0x00, 0x2A,
    0x53, 0x00, 0x45, 0x2C, 0x02, 0x45, 0x00, 0x00, 0x2A, 0x00, 0x00, 0x24, 0x00, 0x3A, 0x2A, 0x2D,
    0x00, 0x45, 0x1E, 0x02, 0x45, 0x00, 0x00, 0x2A, 0x00, 0x3A, 0x26, 0x78, 0x00, 0x2A, 0x61, 0x00,
    0x36, 0x53, 0x00, 0x45, 0x43, 0x02, 0x45, 0x00, 0x00, 0x26, 0x00, 0x00, 0x2A, 0x00, 0x00, 0x36,
    0x00, 0x3A, 0x2E, 0x50, 0x00, 0x45, 0x21, 0x02, 0x45, 0x00, 0x00, 0x2E, 0x00, 0x3A, 0x24, 0x6E,
    0x00, 0x2A, 0x4D, 0x00, 0x45, 0x2D, 0x02, 0x45, 0x00, 0x00, 0x2A, 0x00, 0x00, 0x24, 0x00, 0x3A,
    0x2A, 0x32, 0x00, 0x45, 0x1C, 0x02, 0x45, 0x00, 0x00, 0x2A, 0x00, 0x3A, 0x26, 0x78, 0x00, 0x2A,
    0x62, 0x00, 0x36, 0x53, 0x00, 0x45, 0x42, 0x02, 0x45, 0x00, 0x00, 0x26, 0x00, 0x00, 0x2A, 0x00,
    0x00, 0x36, 0x00, 0x3A, 0x24, 0x5A, 0x00, 0x2A, 0x30, 0x00, 0x45, 0x21, 0x02, 0x45, 0x00, 0x00,
    0x2A, 0x00, 0x00, 0x24, 0x00, 0x3A, 0x24, 0x6E, 0x00, 0x2A, 0x53, 0x00, 0x45, 0x2A, 0x02, 0x45,
    0x00, 0x00, 0x2A, 0x00, 0x00, 0x24, 0x00, 0x3A, 0x2A, 0x2D, 0x00, 0x45, 0x1E, 0x02, 0x45, 0x00,
    0x00, 0x2A, 0x00, 0x3A, 0x26, 0x78, 0x00, 0x2A, 0x61, 0x00, 0x36, 0x53, 0x00, 0x45, 0x43, 0x02,
    0x45, 0x00, 0x00, 0x26, 0x00, 0x00, 0x2A, 0x00, 0x00, 0x36, 0x00, 0x3A, 0x2A, 0x32, 0x00, 0x45,
    0x26, 0x02, 0x45, 0x00, 0x00, 0x2A, 0x00, 0x3A, 0x24, 0x6E, 0x00, 0x2A, 0x4D, 0x00, 0x45, 0x2D,
    0x02, 0x45, 0x00, 0x00, 0x2A, 0x00, 0x00, 0x24, 0x00, 0x3A, 0x2A, 0x32, 0x00, 0x45, 0x1D, 0x02,
    0x45, 0x00, 0x00, 0x2A, 0x00, 0x3A, 0x26, 0x78, 0x00, 0x2A, 0x62, 0x00, 0x36, 0x53, 0x00, 0x45,
    0x43, 0x02, 0x45, 0x00, 0x00, 0x26, 0x00, 0x00, 0x2A, 0x00, 0x00, 0x36, 0x00, 0x3A, 0x24, 0x5A,
    0x00, 0x2A, 0x30, 0x00, 0x45, 0x26, 0x02, 0x45, 0x00, 0x00, 0x2A, 0x00, 0x00, 0x24, 0x00, 0x3A,
    0x24, 0x6E, 0x00, 0x2A, 0x53, 0x00, 0x45, 0x2C, 0x02, 0x45, 0x00, 0x00, 0x2A, 0x00, 0x00, 0x24,
    0x00, 0x3A, 0x2A, 0x2D, 0x00, 0x45, 0x1E, 0x02, 0x45, 0x00, 0x00, 0x2A, 0x00, 0x3A, 0x26, 0x78,
    0x00, 0x2A, 0x61, 0x00, 0x36, 0x53, 0x00, 0x45, 0x43, 0x02, 0x45, 0x00, 0x00, 0x26, 0x00, 0x00,
    0x2A, 0x00, 0x00, 0x36, 0x00, 0x3A, 0x2E, 0x50, 0x00, 0x45, 0x21, 0x02, 0x45, 0x00, 0x00, 0x2E,
    0x00, 0x3A, 0x24, 0x6E, 0x00, 0x2A, 0x4D, 0x00, 0x45, 0x2D, 0x02, 0x45, 0x00, 0x00, 0x2A, 0x00,
    0x00, 0x24, 0x00, 0x3A, 0x2A, 0x32, 0x00, 0x45, 0x1C, 0x02, 0x45, 0x00, 0x00, 0x2A, 0x00, 0x3A,
    0x26, 0x78, 0x00, 0x2A, 0x62, 0x00, 0x36, 0x53, 0x00, 0x45, 0x42, 0x02, 0x45, 0x00, 0x00, 0x26,
    0x00, 0x00, 0x2A, 0x00, 0x00, 0x36, 0x00, 0x3A, 0x24, 0x5A, 0x00, 0x2A, 0x30, 0x00, 0x45, 0x21,
    0x02, 0x45, 0x00, 0x00, 0x2A, 0x00, 0x00, 0x24, 0x00, 0x3A, 0x24, 0x6E, 0x00, 0x2A, 0x53, 0x00,
    0x45, 0x2A, 0x02, 0x45, 0x00, 0x00, 0x2A, 0x00, 0x00, 0x24, 0x00, 0x3A, 0x2A, 0x2D, 0x00, 0x45,
    0x1E, 0x02, 0x45, 0x00, 0x00, 0x2A, 0x00, 0x3A, 0x26, 0x78, 0x00, 0x2A, 0x61, 0x00, 0x36, 0x53,
    0x00, 0x45, 0x43, 0x02, 0x45, 0x00, 0x00, 0x26, 0x00, 0x00, 0x2A, 0x00, 0x00, 0x36, 0x00, 0x3A,
    0x2A, 0x32, 0x00, 0x45, 0x26, 0x02, 0x45, 0x00, 0x00, 0x2A, 0x00, 0x3A, 0x24, 0x6E, 0x00, 0x2A,
    0x4D, 0x00, 0x45, 0x2D, 0x02, 0x45, 0x00, 0x00, 0x2A, 0x00, 0x00, 0x24, 0x00, 0x3A, 0x2A, 0x32,
    0x00, 0x45, 0x1D, 0x02, 0x45, 0x00, 0x00, 0x2A, 0x00, 0x3A, 0x26, 0x78, 0x00, 0x2A, 0x62, 0x00,
    0x36, 0x53, 0x00, 0x45, 0x43, 0x02, 0x45, 0x00, 0x00, 0x26, 0x00, 0x00, 0x2A, 0x00, 0x00, 0x36,
    0x00, 0x3A, 0x24, 0x5A, 0x00, 0x2A, 0x30, 0x00, 0x45, 0x26, 0x02, 0x45, 0x00, 0x00, 0x2A, 0x00,
    0x00, 0x24, 0x00, 0x3A, 0x24, 0x6E, 0x00, 0x2A, 0x53, 0x00, 0x45, 0x2C, 0x02, 0x45, 0x00, 0x00,
    0x2A, 0x00, 0x00, 0x24, 0x00, 0x3A, 0x2A, 0x2D, 0x00, 0x45, 0x1E, 0x02, 0x45, 0x00, 0x00, 0x2A,
    0x00, 0x3A, 0x26, 0x78, 0x00, 0x2A, 0x61, 0x00, 0x36, 0x53, 0x00, 0x45, 0x43, 0x02, 0x45, 0x00,
    0x00, 0x26, 0x00, 0x00, 0x2A, 0x00, 0x00, 0x36, 0x00, 0x3A, 0x2E, 0x50, 0x00, 0x45, 0x21, 0x02,
    0x45, 0x00, 0x00, 0x2E, 0x00, 0x3A, 0x24, 0x6E, 0x00, 0x2A, 0x4D, 0x00, 0x45, 0x2D, 0x02, 0x45,
    0x00, 0x00, 0x2A, 0x00, 0x00, 0x24, 0x00, 0x3A, 0x2A, 0x32, 0x00, 0x45, 0x1C, 0x02, 0x45, 0x00,
    0x00, 0x2A, 0x00, 0x3A, 0x26, 0x78, 0x00, 0x2A, 0x62, 0x00, 0x36, 0x53, 0x00, 0x45, 0x42, 0x02,
    0x45, 0x00, 0x00, 0x26, 0x00, 0x00, 0x2A, 0x00, 0x00, 0x36, 0x00, 0x3A, 0x24, 0x5A, 0x00, 0x2A,
    0x30, 0x00, 0x45, 0x21, 0x02, 0x45, 0x00, 0x00, 0x2A, 0x00, 0x00, 0x24, 0x00, 0x3A, 0x24, 0x6E,
    0x00, 0x2A, 0x53, 0x00, 0x45, 0x2A, 0x02, 0x45, 0x00, 0x00, 0x2A, 0x00, 0x00, 0x24, 0x00, 0x3A,
    0x2A, 0x2D, 0x00, 0x45, 0x1E, 0x02, 0x45, 0x00, 0x00, 0x2A, 0x00, 0x3A, 0x26, 0x78, 0x00, 0x2A,
    0x61, 0x00, 0x36, 0x53, 0x00, 0x45, 0x43, 0x02, 0x45, 0x00, 0x00, 0x26, 0x00, 0x00, 0x2A, 0x00,
    0x00, 0x36, 0x00, 0x3A, 0x2A, 0x32, 0x00, 0x45, 0x26, 0x02, 0x45, 0x00, 0x00, 0x2A, 0x00, 0x3A,
    0x24, 0x6E, 0x00, 0x2A, 0x4D, 0x00, 0x45, 0x2D, 0x02, 0x45, 0x00, 0x00, 0x2A, 0x00, 0x00, 0x24,
    0x00, 0x3A, 0x2A, 0x32, 0x00, 0x45, 0x1D, 0x02, 0x45, 0x00, 0x00, 0x2A, 0x00, 0x3A, 0x26, 0x78,
    0x00, 0x2A, 0x62, 0x00, 0x36, 0x53, 0x00, 0x45, 0x43, 0x02, 0x45, 0x00, 0x00, 0x26, 0x00, 0x00,
    0x2A, 0x00, 0x00, 0x36, 0x00, 0x3A, 0x24, 0x5A, 0x00, 0x2A, 0x30, 0x00, 0x45, 0x26, 0x02, 0x45,
    0x00, 0x00, 0x2A, 0x00, 0x00, 0x24, 0x00, 0x3A, 0x24, 0x6E, 0x00, 0x2A, 0x53, 0x00, 0x45, 0x2C,
    0x02, 0x45, 0x00, 0x00, 0x2A, 0x00, 0x00, 0x24, 0x00, 0x3A, 0x2A, 0x2D, 0x00, 0x45, 0x1E, 0x02,
    0x45, 0x00, 0x00, 0x2A, 0x00, 0x3A, 0x26, 0x78, 0x00, 0x2A, 0x61, 0x00, 0x36, 0x53, 0x00, 0x45,
    0x43, 0x02, 0x45, 0x00, 0x00, 0x26, 0x00, 0x00, 0x2A, 0x00, 0x00, 0x36, 0x00, 0x3A, 0x2E, 0x50,
    0x00, 0x45, 0x21, 0x02, 0x45, 0x00, 0x00, 0x2E, 0x00, 0x3A, 0x24, 0x6E, 0x00, 0x2A, 0x4D, 0x00,
    0x39, 0x50, 0x00, 0x45, 0x2D, 0x02, 0x45, 0x00, 0x00, 0x24, 0x00, 0x00, 0x2A, 0x00, 0x00, 0x39,
    0x00, 0x3A, 0x2A, 0x32, 0x00, 0x45, 0x1C, 0x02, 0x45, 0x00, 0x00, 0x2A, 0x00, 0x3A, 0x25, 0x78,
    0x00, 0x2A, 0x62, 0x00, 0x36, 0x53, 0x00, 0x45, 0x42, 0x02, 0x45, 0x00, 0x00, 0x25, 0x00, 0x00,
    0x2A, 0x00, 0x00, 0x36, 0x00, 0x3A, 0x24, 0x5A, 0x00, 0x2A, 0x30, 0x00, 0x45, 0x21, 0x02, 0x45,
    0x00, 0x00, 0x2A, 0x00, 0x00, 0x24, 0x00, 0x3A, 0x24, 0x6E, 0x00, 0x2A, 0x53, 0x00, 0x45, 0x2A,
    0x02, 0x45, 0x00, 0x00, 0x2A, 0x00, 0x00, 0x24, 0x00, 0x3A, 0x2A, 0x2D, 0x00, 0x45, 0x1E, 0x02,
    0x45, 0x00, 0x00, 0x2A, 0x00, 0x3A, 0x25, 0x78, 0x00, 0x2A, 0x61, 0x00, 0x36, 0x53, 0x00, 0x45,
    0x43, 0x02, 0x45, 0x00, 0x00, 0x25, 0x00, 0x00, 0x2A, 0x00, 0x00, 0x36, 0x00, 0x3A, 0x2A, 0x32,
    0x00, 0x45, 0x26, 0x02, 0x45, 0x00, 0x00, 0x2A, 0x00, 0x3A, 0x24, 0x6E, 0x00, 0x2A, 0x4D, 0x00,
    0x45, 0x2D, 0x02, 0x45, 0x00, 0x00, 0x2A, 0x00, 0x00, 0x24, 0x00, 0x3A, 0x2A, 0x32, 0x00, 0x45,
    0x1C, 0x02, 0x45, 0x00, 0x00, 0x2A, 0x00, 0x3A, 0x25, 0x78, 0x00, 0x2A, 0x62, 0x00, 0x36, 0x53,
    0x00, 0x45, 0x42, 0x02, 0x45, 0x00, 0x00, 0x25, 0x00, 0x00, 0x2A, 0x00, 0x00, 0x36, 0x00, 0x3A,
    0x24, 0x5A, 0x00, 0x2A, 0x30, 0x00, 0x45, 0x21, 0x02, 0x45, 0x00, 0x00, 0x2A, 0x00, 0x00, 0x24,
    0x00, 0x3A, 0x24, 0x6E, 0x00, 0x2A, 0x53, 0x00, 0x45, 0x2A, 0x02, 0x45, 0x00, 0x00, 0x2A, 0x00,
    0x00, 0x24, 0x00, 0x3A, 0x2A, 0x2D, 0x00, 0x45, 0x1E, 0x02, 0x45, 0x00, 0x00, 0x2A, 0x00, 0x3A,
    0x25, 0x78, 0x00, 0x2A, 0x61, 0x00, 0x36, 0x53, 0x00, 0x45, 0x43, 0x02, 0x45, 0x00, 0x00, 0x25,
    0x00, 0x00, 0x2A, 0x00, 0x00, 0x36, 0x00, 0x3A, 0x2A, 0x32, 0x00, 0x45, 0x26, 0x02, 0x45, 0x00,
    0x00, 0x2A, 0x00, 0x3A, 0x24, 0x6E, 0x00, 0x2A, 0x4D, 0x00, 0x45, 0x2D, 0x02, 0x45, 0x00, 0x00,
    0x2A, 0x00, 0x00, 0x24, 0x00, 0x3A, 0x2A, 0x32, 0x00, 0x45, 0x1C, 0x02, 0x45, 0x00, 0x00, 0x2A,
    0x00, 0x3A, 0x25, 0x78, 0x00, 0x2A, 0x62, 0x00, 0x36, 0x53, 0x00, 0x45, 0x42, 0x02, 0x45, 0x00,
    0x00, 0x25, 0x00, 0x00, 0x2A, 0x00, 0x00, 0x36, 0x00, 0x3A, 0x24, 0x5A, 0x00, 0x2A, 0x30, 0x00,
    0x45, 0x21, 0x02, 0x45, 0x00, 0x00, 0x2A, 0x00, 0x00, 0x24, 0x00, 0x3A, 0x24, 0x6E, 0x00, 0x2A,
    0x53, 0x00, 0x45, 0x2A, 0x02, 0x45, 0x00, 0x00, 0x2A, 0x00, 0x00, 0x24, 0x00, 0x3A, 0x2A, 0x2D,
    0x00, 0x45, 0x1E, 0x02, 0x45, 0x00, 0x00, 0x2A, 0x00, 0x3A, 0x25, 0x78, 0x00, 0x2A, 0x61, 0x00,
    0x36, 0x53, 0x00, 0x45, 0x43, 0x02, 0x45, 0x00, 0x00, 0x25, 0x00, 0x00, 0x2A, 0x00, 0x00, 0x36,
    0x00, 0x3A, 0x2A, 0x32, 0x00, 0x45, 0x26, 0x02, 0x45, 0x00, 0x00, 0x2A, 0x00, 0x3A, 0x24, 0x6E,
    0x00, 0x2A, 0x4D, 0x00, 0x45, 0x2D, 0x02, 0x45, 0x00, 0x00, 0x2A, 0x00, 0x00, 0x24, 0x00, 0x3A,
    0x2A, 0x32, 0x00, 0x45, 0x1C, 0x02, 0x45, 0x00, 0x00, 0x2A, 0x00, 0x3A, 0x25, 0x78, 0x00, 0x2A,
    0x62, 0x00, 0x36, 0x53, 0x00, 0x45, 0x42, 0x02, 0x45, 0x00, 0x00, 0x25, 0x00, 0x00, 0x2A, 0x00,
    0x00, 0x36, 0x00, 0x3A, 0x24, 0x5A, 0x00, 0x2A, 0x30, 0x00, 0x45, 0x21, 0x02, 0x45, 0x00, 0x00,
    0x2A, 0x00, 0x00, 0x24, 0x00, 0x3A, 0x24, 0x6E, 0x00, 0x2A, 0x53, 0x00, 0x45, 0x2A, 0x02, 0x45,
    0x00, 0x00, 0x2A, 0x00, 0x00, 0x24, 0x00, 0x3A, 0x2E, 0x50, 0x00, 0x45, 0x1E, 0x02, 0x45, 0x00,
    0x00, 0x2E, 0x00, 0x3A, 0x25, 0x78, 0x00, 0x2A, 0x61, 0x00, 0x36, 0x53, 0x00, 0x45, 0x43, 0x02,
    0x45, 0x00, 0x00, 0x25, 0x00, 0x00, 0x2A, 0x00, 0x00, 0x36, 0x00, 0x3A, 0x2E, 0x50, 0x00, 0x45,
    0x26, 0x02, 0x45, 0x00, 0x00, 0x2E, 0x00, 0x3A, 0x24, 0x6E, 0x00, 0x2A, 0x4D, 0x00, 0x45, 0x2D,
    0x02, 0x45, 0x00, 0x00, 0x2A, 0x00, 0x00, 0x24, 0x00, 0x3A, 0x2A, 0x32, 0x00, 0x45, 0x1C, 0x02,
    0x45, 0x00, 0x00, 0x2A, 0x00, 0x3A, 0x25, 0x78, 0x00, 0x2A, 0x62, 0x00, 0x36, 0x53, 0x00, 0x45,
    0x42, 0x02, 0x45, 0x00, 0x00, 0x25, 0x00, 0x00, 0x2A, 0x00, 0x00, 0x36, 0x00, 0x3A, 0x24, 0x5A,
    0x00, 0x2A, 0x30, 0x00, 0x45, 0x21, 0x02, 0x45, 0x00, 0x00, 0x2A, 0x00, 0x00, 0x24, 0x00, 0x3A,
    0x24, 0x6E, 0x00, 0x2A, 0x53, 0x00, 0x45, 0x2A, 0x02, 0x45, 0x00, 0x00, 0x2A, 0x00, 0x00, 0x24,
    0x00, 0x3A, 0x2A, 0x2D, 0x00, 0x45, 0x1E, 0x02, 0x45, 0x00, 0x00, 0x2A, 0x00, 0x3A, 0x25, 0x78,
    0x00, 0x2A, 0x61, 0x00, 0x36, 0x53, 0x00, 0x45, 0x43, 0x02, 0x45, 0x00, 0x00, 0x25, 0x00, 0x00,
    0x2A, 0x00, 0x00, 0x36, 0x00, 0x3A, 0x2A, 0x32, 0x00, 0x45, 0x26, 0x02, 0x45, 0x00, 0x00, 0x2A,
    0x00, 0x3A, 0x24, 0x6E, 0x00, 0x2A, 0x4D, 0x00, 0x45, 0x2D, 0x02, 0x45, 0x00, 0x00, 0x2A, 0x00,
    0x00, 0x24, 0x00, 0x3A, 0x2A, 0x32, 0x00, 0x45, 0x1C, 0x02, 0x45, 0x00, 0x00, 0x2A, 0x00, 0x3A,
    0x25, 0x78, 0x00, 0x2A, 0x62, 0x00, 0x36, 0x53, 0x00, 0x45, 0x42, 0x02, 0x45, 0x00, 0x00, 0x25,
    0x00, 0x00, 0x2A, 0x00, 0x00, 0x36, 0x00, 0x3A, 0x24, 0x5A, 0x00, 0x2A, 0x30, 0x00, 0x45, 0x21,
    0x02, 0x45, 0x00, 0x00, 0x2A, 0x00, 0x00, 0x24, 0x00, 0x3A, 0x24, 0x6E, 0x00, 0x2A, 0x53, 0x00,
    0x45, 0x2A, 0x02, 0x45, 0x00, 0x00, 0x2A, 0x00, 0x00, 0x24, 0x00, 0x3A, 0x2A, 0x2D, 0x00, 0x45,
    0x1E, 0x02, 0x45, 0x00, 0x00, 0x2A, 0x00, 0x3A, 0x25, 0x78, 0x00, 0x2A, 0x61, 0x00, 0x36, 0x53,
    0x00, 0x45, 0x43, 0x02, 0x45, 0x00, 0x00, 0x25, 0x00, 0x00, 0x2A, 0x00, 0x00, 0x36, 0x00, 0x3A,
    0x2A, 0x32, 0x00, 0x45, 0x26, 0x02, 0x45, 0x00, 0x00, 0x2A, 0x00, 0x3A, 0x24, 0x6E, 0x00, 0x2A,
    0x4D, 0x00, 0x45, 0x2D, 0x02, 0x45, 0x00, 0x00, 0x2A, 0x00, 0x00, 0x24, 0x00, 0x3A, 0x2A, 0x32,
    0x00, 0x45, 0x1C, 0x02, 0x45, 0x00, 0x00, 0x2A, 0x00, 0x3A, 0x25, 0x78, 0x00, 0x2A, 0x62, 0x00,
    0x36, 0x53, 0x00, 0x45, 0x42, 0x02, 0x45, 0x00, 0x00, 0x25, 0x00, 0x00, 0x2A, 0x00, 0x00, 0x36,
    0x00, 0x3A, 0x24, 0x5A, 0x00, 0x2A, 0x30, 0x00, 0x45, 0x21, 0x02, 0x45, 0x00, 0x00, 0x2A, 0x00,
    0x00, 0x24, 0x00, 0x3A, 0x24, 0x6E, 0x00, 0x2A, 0x53, 0x00, 0x45, 0x2A, 0x02, 0x45, 0x00, 0x00,
    0x2A, 0x00, 0x00, 0x24, 0x00, 0x3A, 0x2A, 0x2D, 0x00, 0x45, 0x1E, 0x02, 0x45, 0x00, 0x00, 0x2A,
    0x00, 0x3A, 0x25, 0x78, 0x00, 0x2A, 0x61, 0x00, 0x36, 0x53, 0x00, 0x45, 0x43, 0x02, 0x45, 0x00,
    0x00, 0x25, 0x00, 0x00, 0x2A, 0x00, 0x00, 0x36, 0x00, 0x3A, 0x2A, 0x32, 0x00, 0x45, 0x26, 0x02,
    0x45, 0x00, 0x00, 0x2A, 0x00, 0x3A, 0x24, 0x6E, 0x00, 0x2A, 0x4D, 0x00, 0x45, 0x2D, 0x02, 0x45,
    0x00, 0x00, 0x2A, 0x00, 0x00, 0x24, 0x00, 0x3A, 0x2A, 0x32, 0x00, 0x45, 0x1C, 0x02, 0x45, 0x00,
    0x00, 0x2A, 0x00, 0x3A, 0x25, 0x78, 0x00, 0x2A, 0x62, 0x00, 0x36, 0x53, 0x00, 0x45, 0x42, 0x02,
    0x45, 0x00, 0x00, 0x25, 0x00, 0x00, 0x2A, 0x00, 0x00, 0x36, 0x00, 0x3A, 0x24, 0x5A, 0x00, 0x2A,
    0x30, 0x00, 0x45, 0x21, 0x02, 0x45, 0x00, 0x00, 0x2A, 0x00, 0x00, 0x24, 0x00, 0x3A, 0x24, 0x6E,
    0x00, 0x2A, 0x53, 0x00, 0x45, 0x2A, 0x02, 0x45, 0x00, 0x00, 0x2A, 0x00, 0x00, 0x24, 0x00, 0x3A,
    0x2E, 0x50, 0x00, 0x45, 0x1E, 0x02, 0x45, 0x00, 0x00, 0x2E, 0x00, 0x3A, 0x25, 0x78, 0x00, 0x2A,
    0x61, 0x00, 0x36, 0x53, 0x00, 0x45, 0x43, 0x02, 0x45, 0x00, 0x00, 0x25, 0x00, 0x00, 0x2A, 0x00,
    0x00, 0x36, 0x00, 0x3A, 0x24, 0x5A, 0x00, 0x2E, 0x50, 0x00, 0x45, 0x26, 0x02, 0x45, 0x00, 0x00,
    0x2E, 0x00, 0x00, 0x24, 0x00, 0x3A, 0x24, 0x6E, 0x00, 0x2A, 0x4D, 0x00, 0x39, 0x50, 0x00, 0x45,
    0x2D, 0x02, 0x45, 0x00, 0x00, 0x24, 0x00, 0x00, 0x2A, 0x00, 0x00, 0x39, 0x00, 0x3A, 0x2A, 0x32,
    0x00, 0x45, 0x1C, 0x02, 0x45, 0x00, 0x00, 0x2A, 0x00, 0x3A, 0x25, 0x78, 0x00, 0x2A, 0x62, 0x00,
    0x36, 0x53, 0x00, 0x45, 0x42, 0x02, 0x45, 0x00, 0x00, 0x25, 0x00, 0x00, 0x2A, 0x00, 0x00, 0x36,
    0x00, 0x3A, 0x24, 0x5A, 0x00, 0x2A, 0x30, 0x00, 0x45, 0x21, 0x02, 0x45, 0x00, 0x00, 0x2A, 0x00,
    0x00, 0x24, 0x00, 0x3A, 0x24, 0x6E, 0x00, 0x2A, 0x53, 0x00, 0x45, 0x2A, 0x02, 0x45, 0x00, 0x00,
    0x2A, 0x00, 0x00, 0x24, 0x00, 0x3A, 0x2A, 0x2D, 0x00, 0x45, 0x1E, 0x02, 0x45, 0x00, 0x00, 0x2A,
    0x00, 0x3A, 0x25, 0x78, 0x00, 0x2A, 0x61, 0x00, 0x36, 0x53, 0x00, 0x45, 0x43, 0x02, 0x45, 0x00,
    0x00, 0x25, 0x00, 0x00, 0x2A, 0x00, 0x00, 0x36, 0x00, 0x3A, 0x2A, 0x32, 0x00, 0x45, 0x26, 0x02,
    0x45, 0x00, 0x00, 0x2A, 0x00, 0x3A, 0x24, 0x6E, 0x00, 0x2A, 0x4D, 0x00, 0x45, 0x2D, 0x02, 0x45,
    0x00, 0x00, 0x2A, 0x00, 0x00, 0x24, 0x00, 0x3A, 0x2A, 0x32, 0x00, 0x45, 0x1C, 0x02, 0x45, 0x00,
    0x00, 0x2A, 0x00, 0x3A, 0x25, 0x78, 0x00, 0x2A, 0x62, 0x00, 0x36, 0x53, 0x00, 0x45, 0x42, 0x02,
    0x45, 0x00, 0x00, 0x25, 0x00, 0x00, 0x2A, 0x00, 0x00, 0x36, 0x00, 0x3A, 0x24, 0x5A, 0x00, 0x2A,
    0x30, 0x00, 0x45, 0x21, 0x02, 0x45, 0x00, 0x00, 0x2A, 0x00, 0x00, 0x24, 0x00, 0x3A, 0x24, 0x6E,
    0x00, 0x2A, 0x53, 0x00, 0x45, 0x2A, 0x02, 0x45, 0x00, 0x00, 0x2A, 0x00, 0x00, 0x24, 0x00, 0x3A,
    0x2A, 0x2D, 0x00, 0x45, 0x1E, 0x02, 0x45, 0x00, 0x00, 0x2A, 0x00, 0x3A, 0x25, 0x78, 0x00, 0x2A,
    0x61, 0x00, 0x36, 0x53, 0x00, 0x45, 0x43, 0x02, 0x45, 0x00, 0x00, 0x25, 0x00, 0x00, 0x2A, 0x00,
    0x00, 0x36, 0x00, 0x3A, 0x2A, 0x32, 0x00, 0x45, 0x26, 0x02, 0x45, 0x00, 0x00, 0x2A, 0x00, 0x3A,
    0x24, 0x6E, 0x00, 0x2A, 0x4D, 0x00, 0x45, 0x2D, 0x02, 0x45, 0x00, 0x00, 0x2A, 0x00, 0x00, 0x24,
    0x00, 0x3A, 0x2A, 0x32, 0x00, 0x45, 0x1C, 0x02, 0x45, 0x00, 0x00, 0x2A, 0x00, 0x3A, 0x25, 0x78,
    0x00, 0x2A, 0x62, 0x00, 0x36, 0x53, 0x00, 0x45, 0x42, 0x02, 0x45, 0x00, 0x00, 0x25, 0x00, 0x00,
    0x2A, 0x00, 0x00, 0x36, 0x00, 0x3A, 0x24, 0x5A, 0x00, 0x2A, 0x30, 0x00, 0x45, 0x21, 0x02, 0x45,
    0x00, 0x00, 0x2A, 0x00, 0x00, 0x24, 0x00, 0x3A, 0x24, 0x6E, 0x00, 0x2A, 0x53, 0x00, 0x45, 0x2A,
    0x02, 0x45, 0x00, 0x00, 0x2A, 0x00, 0x00, 0x24, 0x00, 0x3A, 0x2A, 0x2D, 0x00, 0x45, 0x1E, 0x02,
    0x45, 0x00, 0x00, 0x2A, 0x00, 0x3A, 0x25, 0x78, 0x00, 0x2A, 0x61, 0x00, 0x36, 0x53, 0x00, 0x45,
    0x43, 0x02, 0x45, 0x00, 0x00, 0x25, 0x00, 0x00, 0x2A, 0x00, 0x00, 0x36, 0x00, 0x3A, 0x2A, 0x32,
    0x00, 0x45, 0x26, 0x02, 0x45, 0x00, 0x00, 0x2A, 0x00, 0x3A, 0x24, 0x6E, 0x00, 0x2A, 0x4D, 0x00,
    0x45, 0x2D, 0x02, 0x45, 0x00, 0x00, 0x2A, 0x00, 0x00, 0x24, 0x00, 0x3A, 0x2A, 0x32, 0x00, 0x45,
    0x1C, 0x02, 0x45, 0x00, 0x00, 0x2A, 0x00, 0x3A, 0x25, 0x78, 0x00, 0x2A, 0x62, 0x00, 0x36, 0x53,
    0x00, 0x45, 0x42, 0x02, 0x45, 0x00, 0x00, 0x25, 0x00, 0x00, 0x2A, 0x00, 0x00, 0x36, 0x00, 0x3A,
    0x24, 0x5A, 0x00, 0x2A, 0x30, 0x00, 0x45, 0x21, 0x02, 0x45, 0x00, 0x00, 0x2A, 0x00, 0x00, 0x24,
    0x00, 0x3A, 0x24, 0x6E, 0x00, 0x2A, 0x53, 0x00, 0x45, 0x2A, 0x02, 0x45, 0x00, 0x00, 0x2A, 0x00,
    0x00, 0x24, 0x00, 0x3A, 0x2E, 0x50, 0x00, 0x45, 0x1E, 0x02, 0x45, 0x00, 0x00, 0x2E, 0x00, 0x3A,
    0x25, 0x78, 0x00, 0x2A, 0x61, 0x00, 0x36, 0x53, 0x00, 0x45, 0x43, 0x02, 0x45, 0x00, 0x00, 0x25,
    0x00, 0x00, 0x2A, 0x00, 0x00, 0x36, 0x00, 0x3A, 0x2E, 0x50, 0x00, 0x45, 0x26, 0x02, 0x45, 0x00,
    0x00, 0x2E, 0x00, 0x3A, 0x24, 0x6E, 0x00, 0x2A, 0x4D, 0x00, 0x45, 0x2D, 0x02, 0x45, 0x00, 0x00,
    0x2A, 0x00, 0x00, 0x24, 0x00, 0x3A, 0x2A, 0x32, 0x00, 0x45, 0x1C, 0x02, 0x45, 0x00, 0x00, 0x2A,
    0x00, 0x3A, 0x25, 0x78, 0x00, 0x2A, 0x62, 0x00, 0x36, 0x53, 0x00, 0x45, 0x42, 0x02, 0x45, 0x00,
    0x00, 0x25, 0x00, 0x00, 0x2A, 0x00, 0x00, 0x36, 0x00, 0x3A, 0x24, 0x5A, 0x00, 0x2A, 0x30, 0x00,
    0x45, 0x21, 0x02, 0x45, 0x00, 0x00, 0x2A, 0x00, 0x00, 0x24, 0x00, 0x3A, 0x24, 0x6E, 0x00, 0x2A,
    0x53, 0x00, 0x45, 0x2A, 0x02, 0x45, 0x00, 0x00, 0x2A, 0x00, 0x00, 0x24, 0x00, 0x3A, 0x2A, 0x2D,
    0x00, 0x45, 0x1E, 0x02, 0x45, 0x00, 0x00, 0x2A, 0x00, 0x3A, 0x25, 0x78, 0x00, 0x2A, 0x61, 0x00,
    0x36, 0x53, 0x00, 0x45, 0x43, 0x02, 0x45, 0x00, 0x00, 0x25, 0x00, 0x00, 0x2A, 0x00, 0x00, 0x36,
    0x00, 0x3A, 0x2A, 0x32, 0x00, 0x45, 0x26, 0x02, 0x45, 0x00, 0x00, 0x2A, 0x00, 0x3A, 0x24, 0x6E,
    0x00, 0x2A, 0x4D, 0x00, 0x45, 0x2D, 0x02, 0x45, 0x00, 0x00, 0x2A, 0x00, 0x00, 0x24, 0x00, 0x3A,
    0x2A, 0x32, 0x00, 0x45, 0x1C, 0x02, 0x45, 0x00, 0x00, 0x2A, 0x00, 0x3A, 0x25, 0x78, 0x00, 0x2A,
    0x62, 0x00, 0x36, 0x53, 0x00, 0x45, 0x42, 0x02, 0x45, 0x00, 0x00, 0x25, 0x00, 0x00, 0x2A, 0x00,
    0x00, 0x36, 0x00, 0x3A, 0x24, 0x5A, 0x00, 0x2A, 0x30, 0x00, 0x45, 0x21, 0x02, 0x45, 0x00, 0x00,
    0x2A, 0x00, 0x00, 0x24, 0x00, 0x3A, 0x24, 0x6E, 0x00, 0x2A, 0x53, 0x00, 0x45, 0x2A, 0x02, 0x45,
    0x00, 0x00, 0x2A, 0x00, 0x00, 0x24, 0x00, 0x3A, 0x2E, 0x50, 0x00, 0x45, 0x1E, 0x02, 0x45, 0x00,
    0x00, 0x2E, 0x00, 0x3A, 0x25, 0x78, 0x00, 0x2A, 0x61, 0x00, 0x36, 0x53, 0x00, 0x45, 0x43, 0x02,
    0x45, 0x00, 0x00, 0x25, 0x00, 0x00, 0x2A, 0x00, 0x00, 0x36, 0x00, 0x3A, 0x29, 0x5A, 0x00, 0x2A,
    0x32, 0x00, 0x45, 0x26, 0x02, 0x45, 0x00, 0x00, 0x2A, 0x00, 0x00, 0x29, 0x00, 0x3A, 0x24, 0x6E,
    0x00, 0x2A, 0x4D, 0x00, 0x31, 0x50, 0x00, 0x36, 0x49, 0x00, 0x45, 0x2D, 0x02, 0x45, 0x00, 0x00,
    0x31, 0x00, 0x00, 0x24, 0x00, 0x00, 0x2A, 0x00, 0x00, 0x36, 0x00, 0x3A, 0x2A, 0x32, 0x00, 0x36,
    0x2D, 0x00, 0x45, 0x1C, 0x02, 0x45, 0x00, 0x00, 0x36, 0x00, 0x00, 0x2A, 0x00, 0x3A, 0x26, 0x78,
    0x00, 0x2A, 0x62, 0x00, 0x36, 0x6E, 0x00, 0x45, 0x42, 0x02, 0x45, 0x00, 0x00, 0x26, 0x00, 0x00,
    0x2A, 0x00, 0x00, 0x36, 0x00, 0x3A, 0x24, 0x5A, 0x00, 0x2A, 0x30, 0x00, 0x36, 0x2D, 0x00, 0x45,
    0x21, 0x02, 0x45, 0x00, 0x00, 0x24, 0x00, 0x00, 0x2A, 0x00, 0x00, 0x36, 0x00, 0x3A, 0x24, 0x6E,
    0x00, 0x2A, 0x53, 0x00, 0x36, 0x49, 0x00, 0x45, 0x2A, 0x02, 0x45, 0x00, 0x00, 0x24, 0x00, 0x00,
    0x2A, 0x00, 0x00, 0x36, 0x00, 0x3A, 0x2A, 0x2D, 0x00, 0x36, 0x2D, 0x00, 0x45, 0x1E, 0x02, 0x45,
    0x00, 0x00, 0x36, 0x00, 0x00, 0x2A, 0x00, 0x3A, 0x26, 0x78, 0x00, 0x2A, 0x61, 0x00, 0x36, 0x6E,
    0x00, 0x45, 0x43, 0x02, 0x45, 0x00, 0x00, 0x26, 0x00, 0x00, 0x2A, 0x00, 0x00, 0x36, 0x00, 0x3A,
    0x2A, 0x32, 0x00, 0x36, 0x2D, 0x00, 0x45, 0x26, 0x02, 0x45, 0x00, 0x00, 0x36, 0x00, 0x00, 0x2A,
    0x00, 0x3A, 0x24, 0x6E, 0x00, 0x2A, 0x4D, 0x00, 0x36, 0x49, 0x00, 0x45, 0x2D, 0x02, 0x45, 0x00,
    0x00, 0x24, 0x00, 0x00, 0x2A, 0x00, 0x00, 0x36, 0x00, 0x3A, 0x2A, 0x32, 0x00, 0x36, 0x2D, 0x00,
    0x45, 0x1C, 0x02, 0x45, 0x00, 0x00, 0x36, 0x00, 0x00, 0x2A, 0x00, 0x3A, 0x26, 0x78, 0x00, 0x2A,
    0x62, 0x00, 0x36, 0x6E, 0x00, 0x45, 0x42, 0x02, 0x45, 0x00, 0x00, 0x26, 0x00, 0x00, 0x2A, 0x00,
    0x00, 0x36, 0x00, 0x3A, 0x24, 0x5A, 0x00, 0x2A, 0x30, 0x00, 0x36, 0x2D, 0x00, 0x45, 0x21, 0x02,
    0x45, 0x00, 0x00, 0x24, 0x00, 0x00, 0x2A, 0x00, 0x00, 0x36, 0x00, 0x3A, 0x24, 0x6E, 0x00, 0x2A,
    0x53, 0x00, 0x36, 0x49, 0x00, 0x45, 0x2A, 0x02, 0x45, 0x00, 0x00, 0x24, 0x00, 0x00, 0x2A, 0x00,
    0x00, 0x36, 0x00, 0x3A, 0x2E, 0x50, 0x00, 0x36, 0x2D, 0x00, 0x45, 0x1E, 0x02, 0x45, 0x00, 0x00,
    0x36, 0x00, 0x00, 0x2E, 0x00, 0x3A, 0x26, 0x78, 0x00, 0x2A, 0x61, 0x00, 0x36, 0x6E, 0x00, 0x45,
    0x43, 0x02, 0x45, 0x00, 0x00, 0x26, 0x00, 0x00, 0x2A, 0x00, 0x00, 0x36, 0x00, 0x3A, 0x2E, 0x50,
    0x00, 0x36, 0x2D, 0x00, 0x45, 0x26, 0x02, 0x45, 0x00, 0x00, 0x36, 0x00, 0x00, 0x2E, 0x00, 0x3A,
    0x24, 0x6E, 0x00, 0x2A, 0x4D, 0x00, 0x36, 0x49, 0x00, 0x45, 0x2D, 0x02, 0x45, 0x00, 0x00, 0x24,
    0x00, 0x00, 0x2A, 0x00, 0x00, 0x36, 0x00, 0x3A, 0x2A, 0x32, 0x00, 0x36, 0x2D, 0x00, 0x45, 0x1C,
    0x02, 0x45, 0x00, 0x00, 0x36, 0x00, 0x00, 0x2A, 0x00, 0x3A, 0x26, 0x78, 0x00, 0x2A, 0x62, 0x00,
    0x36, 0x6E, 0x00, 0x45, 0x42, 0x02, 0x45, 0x00, 0x00, 0x26, 0x00, 0x00, 0x2A, 0x00, 0x00, 0x36,
    0x00, 0x3A, 0x24, 0x5A, 0x00, 0x2A, 0x30, 0x00, 0x36, 0x2D, 0x00, 0x45, 0x21, 0x02, 0x45, 0x00,
    0x00, 0x24, 0x00, 0x00, 0x2A, 0x00, 0x00, 0x36, 0x00, 0x3A, 0x24, 0x6E, 0x00, 0x2A, 0x53, 0x00,
    0x36, 0x49, 0x00, 0x45, 0x2A, 0x02, 0x45, 0x00, 0x00, 0x24, 0x00, 0x00, 0x2A, 0x00, 0x00, 0x36,
    0x00, 0x3A, 0x2A, 0x2D, 0x00, 0x36, 0x2D, 0x00, 0x45, 0x1E, 0x02, 0x45, 0x00, 0x00, 0x36, 0x00,
    0x00, 0x2A, 0x00, 0x3A, 0x26, 0x78, 0x00, 0x2A, 0x61, 0x00, 0x36, 0x6E, 0x00, 0x45, 0x43, 0x02,
    0x45, 0x00, 0x00, 0x26, 0x00, 0x00, 0x2A, 0x00, 0x00, 0x36, 0x00, 0x3A, 0x2A, 0x32, 0x00, 0x36,
    0x2D, 0x00, 0x45, 0x26, 0x02, 0x45, 0x00, 0x00, 0x36, 0x00, 0x00, 0x2A, 0x00, 0x3A, 0x24, 0x6E,
    0x00, 0x2A, 0x4D, 0x00, 0x36, 0x49, 0x00, 0x45, 0x2D, 0x02, 0x45, 0x00, 0x00, 0x24, 0x00, 0x00,
    0x2A, 0x00, 0x00, 0x36, 0x00, 0x3A, 0x2A, 0x32, 0x00, 0x36, 0x2D, 0x00, 0x45, 0x1C, 0x02, 0x45,
    0x00, 0x00, 0x36, 0x00, 0x00, 0x2A, 0x00, 0x3A, 0x26, 0x78, 0x00, 0x2A, 0x62, 0x00, 0x36, 0x6E,
    0x00, 0x45, 0x42, 0x02, 0x45, 0x00, 0x00, 0x26, 0x00, 0x00, 0x2A, 0x00, 0x00, 0x36, 0x00, 0x3A,
    0x24, 0x5A, 0x00, 0x2A, 0x30, 0x00, 0x36, 0x2D, 0x00, 0x45, 0x21, 0x02, 0x45, 0x00, 0x00, 0x24,
    0x00, 0x00, 0x2A, 0x00, 0x00, 0x36, 0x00, 0x3A, 0x24, 0x6E, 0x00, 0x2A, 0x53, 0x00, 0x36, 0x49,
    0x00, 0x45, 0x2A, 0x02, 0x45, 0x00, 0x00, 0x24, 0x00, 0x00, 0x2A, 0x00, 0x00, 0x36, 0x00, 0x3A,
    0x2E, 0x50, 0x00, 0x36, 0x2D, 0x00, 0x45, 0x1E, 0x02, 0x45, 0x00, 0x00, 0x36, 0x00, 0x00, 0x2E,
    0x00, 0x3A, 0x26, 0x78, 0x00, 0x2A, 0x61, 0x00, 0x36, 0x6E, 0x00, 0x45, 0x43, 0x02, 0x45, 0x00,
    0x00, 0x26, 0x00, 0x00, 0x2A, 0x00, 0x00, 0x36, 0x00, 0x3A, 0x2E, 0x50, 0x00, 0x36, 0x2D, 0x00,
    0x45, 0x26, 0x02, 0x45, 0x00, 0x00, 0x36, 0x00, 0x00, 0x2E, 0x00, 0x3A, 0x24, 0x6E, 0x00, 0x2A,
    0x4D, 0x00, 0x36, 0x49, 0x00, 0x45, 0x2D, 0x02, 0x45, 0x00, 0x00, 0x24, 0x00, 0x00, 0x2A, 0x00,
    0x00, 0x36, 0x00, 0x3A, 0x2A, 0x32, 0x00, 0x36, 0x2D, 0x00, 0x45, 0x1C, 0x02, 0x45, 0x00, 0x00,
    0x36, 0x00, 0x00, 0x2A, 0x00, 0x3A, 0x26, 0x78, 0x00, 0x2A, 0x62, 0x00, 0x36, 0x6E, 0x00, 0x45,
    0x42, 0x02, 0x45, 0x00, 0x00, 0x26, 0x00, 0x00, 0x2A, 0x00, 0x00, 0x36, 0x00, 0x3A, 0x24, 0x5A,
    0x00, 0x2A, 0x30, 0x00, 0x36, 0x2D, 0x00, 0x45, 0x21, 0x02, 0x45, 0x00, 0x00, 0x24, 0x00, 0x00,
    0x2A, 0x00, 0x00, 0x36, 0x00, 0x3A, 0x24, 0x6E, 0x00, 0x2A, 0x53, 0x00, 0x36, 0x49, 0x00, 0x45,
    0x2A, 0x02, 0x45, 0x00, 0x00, 0x24, 0x00, 0x00, 0x2A, 0x00, 0x00, 0x36, 0x00, 0x3A, 0x2A, 0x2D,
    0x00, 0x36, 0x2D, 0x00, 0x45, 0x1E, 0x02, 0x45, 0x00, 0x00, 0x36, 0x00, 0x00, 0x2A, 0x00, 0x3A,
    0x26, 0x78, 0x00, 0x2A, 0x61, 0x00, 0x36, 0x6E, 0x00, 0x45, 0x43, 0x02, 0x45, 0x00, 0x00, 0x26,
    0x00, 0x00, 0x2A, 0x00, 0x00, 0x36, 0x00, 0x3A, 0x2A, 0x32, 0x00, 0x36, 0x2D, 0x00, 0x45, 0x26,
    0x02, 0x45, 0x00, 0x00, 0x36, 0x00, 0x00, 0x2A, 0x00, 0x3A, 0x24, 0x6E, 0x00, 0x2A, 0x4D, 0x00,
    0x36, 0x49, 0x00, 0x45, 0x2D, 0x02, 0x45, 0x00, 0x00, 0x24, 0x00, 0x00, 0x2A, 0x00, 0x00, 0x36,
    0x00, 0x3A, 0x2A, 0x32, 0x00, 0x36, 0x2D, 0x00, 0x45, 0x1C, 0x02, 0x45, 0x00, 0x00, 0x36, 0x00,
    0x00, 0x2A, 0x00, 0x3A, 0x26, 0x78, 0x00, 0x2A, 0x62, 0x00, 0x36, 0x6E, 0x00, 0x45, 0x42, 0x02,
    0x45, 0x00, 0x00, 0x26, 0x00, 0x00, 0x2A, 0x00, 0x00, 0x36, 0x00, 0x3A, 0x24, 0x5A, 0x00, 0x2A,
    0x30, 0x00, 0x36, 0x2D, 0x00, 0x45, 0x21, 0x02, 0x45, 0x00, 0x00, 0x24, 0x00, 0x00, 0x2A, 0x00,
    0x00, 0x36, 0x00, 0x3A, 0x24, 0x6E, 0x00, 0x2A, 0x53, 0x00, 0x36, 0x49, 0x00, 0x45, 0x2A, 0x02,
    0x45, 0x00, 0x00, 0x24, 0x00, 0x00, 0x2A, 0x00, 0x00, 0x36, 0x00, 0x3A, 0x2E, 0x50, 0x00, 0x36,
    0x2D, 0x00, 0x45, 0x1E, 0x02, 0x45, 0x00, 0x00, 0x36, 0x00, 0x00, 0x2E, 0x00, 0x3A, 0x26, 0x78,
    0x00, 0x2A, 0x61, 0x00, 0x36, 0x6E, 0x00, 0x45, 0x43, 0x02, 0x45, 0x00, 0x00, 0x26, 0x00, 0x00,
    0x2A, 0x00, 0x00, 0x36, 0x00, 0x3A, 0x2E, 0x50, 0x00, 0x36, 0x2D, 0x00, 0x45, 0x26, 0x02, 0x45,
    0x00, 0x00, 0x36, 0x00, 0x00, 0x2E, 0x00, 0x3A, 0x24, 0x6E, 0x00, 0x2E, 0x50, 0x00, 0x39, 0x50,
    0x02, 0x39, 0x00, 0x00, 0x2E, 0x00, 0x00, 0x24, 0x00, 0x8F, 0x58, 0x2D, 0x5F, 0x02, 0x2D, 0x00,
    0x1C, 0x2D, 0x5F, 0x02, 0x2D, 0x00, 0x3A, 0x29, 0x64, 0x02, 0x29, 0x00, 0x3A, 0x24, 0x6E, 0x00,
    0x2A, 0x4D, 0x00, 0x31, 0x50, 0x00, 0x36, 0x49, 0x00, 0x45, 0x2D, 0x02, 0x45, 0x00, 0x00, 0x31,
    0x00, 0x00, 0x24, 0x00, 0x00, 0x2A, 0x00, 0x00, 0x36, 0x00, 0x3A, 0x2A, 0x32, 0x00, 0x36, 0x2D,
    0x00, 0x45, 0x1C, 0x02, 0x45, 0x00, 0x00, 0x36, 0x00, 0x00, 0x2A, 0x00, 0x3A, 0x26, 0x78, 0x00,
    0x2A, 0x62, 0x00, 0x36, 0x6E, 0x00, 0x45, 0x42, 0x02, 0x45, 0x00, 0x00, 0x26, 0x00, 0x00, 0x2A,
    0x00, 0x00, 0x36, 0x00, 0x3A, 0x24, 0x5A, 0x00, 0x2A, 0x30, 0x00, 0x36, 0x2D, 0x00, 0x45, 0x21,
    0x02, 0x45, 0x00, 0x00, 0x24, 0x00, 0x00, 0x2A, 0x00, 0x00, 0x36, 0x00, 0x3A, 0x24, 0x6E, 0x00,
    0x2A, 0x53, 0x00, 0x36, 0x49, 0x00, 0x45, 0x2A, 0x02, 0x45, 0x00, 0x00, 0x24, 0x00, 0x00, 0x2A,
    0x00, 0x00, 0x36, 0x00, 0x3A, 0x2A, 0x2D, 0x00, 0x36, 0x2D, 0x00, 0x45, 0x1E, 0x02, 0x45, 0x00,
    0x00, 0x36, 0x00, 0x00, 0x2A, 0x00, 0x3A, 0x26, 0x78, 0x00, 0x2A, 0x61, 0x00, 0x36, 0x6E, 0x00,
    0x45, 0x43, 0x02, 0x45, 0x00, 0x00, 0x26, 0x00, 0x00, 0x2A, 0x00, 0x00, 0x36, 0x00, 0x3A, 0x2A,
    0x32, 0x00, 0x36, 0x2D, 0x00, 0x45, 0x26, 0x02, 0x45, 0x00, 0x00, 0x36, 0x00, 0x00, 0x2A, 0x00,
    0x3A, 0x24, 0x6E, 0x00, 0x2A, 0x4D, 0x00, 0x36, 0x49, 0x00, 0x45, 0x2D, 0x02, 0x45, 0x00, 0x00,
    0x24, 0x00, 0x00, 0x2A, 0x00, 0x00, 0x36, 0x00, 0x3A, 0x2A, 0x32, 0x00, 0x36, 0x2D, 0x00, 0x45,
    0x1C, 0x02, 0x45, 0x00, 0x00, 0x36, 0x00, 0x00, 0x2A, 0x00, 0x3A, 0x26, 0x78, 0x00, 0x2A, 0x62,
    0x00, 0x36, 0x6E, 0x00, 0x45, 0x42, 0x02, 0x45, 0x00, 0x00, 0x26, 0x00, 0x00, 0x2A, 0x00, 0x00,
    0x36, 0x00, 0x3A, 0x24, 0x5A, 0x00, 0x2A, 0x30, 0x00, 0x36, 0x2D, 0x00, 0x45, 0x21, 0x02, 0x45,
    0x00, 0x00, 0x24, 0x00, 0x00, 0x2A, 0x00, 0x00, 0x36, 0x00, 0x3A, 0x24, 0x6E, 0x00, 0x2A, 0x53,
    0x00, 0x36, 0x49, 0x00, 0x45, 0x2A, 0x02, 0x45, 0x00, 0x00, 0x24, 0x00, 0x00, 0x2A, 0x00, 0x00,
    0x36, 0x00, 0x3A, 0x2E, 0x50, 0x00, 0x36, 0x2D, 0x00, 0x45, 0x1E, 0x02, 0x45, 0x00, 0x00, 0x36,
    0x00, 0x00, 0x2E, 0x00, 0x3A, 0x26, 0x78, 0x00, 0x2A, 0x61, 0x00, 0x36, 0x6E, 0x00, 0x45, 0x43,
    0x02, 0x45, 0x00, 0x00, 0x26, 0x00, 0x00, 0x2A, 0x00, 0x00, 0x36, 0x00, 0x3A, 0x2E, 0x50, 0x00,
    0x36, 0x2D, 0x00, 0x45, 0x26, 0x02, 0x45, 0x00, 0x00, 0x36, 0x00, 0x00, 0x2E, 0x00, 0x3A, 0x24,
    0x6E, 0x00, 0x2A, 0x4D, 0x00, 0x36, 0x49, 0x00, 0x45, 0x2D, 0x02, 0x45, 0x00, 0x00, 0x24, 0x00,
    0x00, 0x2A, 0x00, 0x00, 0x36, 0x00, 0x3A, 0x2A, 0x32, 0x00, 0x36, 0x2D, 0x00, 0x45, 0x1C, 0x02,
    0x45, 0x00, 0x00, 0x36, 0x00, 0x00, 0x2A, 0x00, 0x3A, 0x26, 0x78, 0x00, 0x2A, 0x62, 0x00, 0x36,
    0x6E, 0x00, 0x45, 0x42, 0x02, 0x45, 0x00, 0x00, 0x26, 0x00, 0x00, 0x2A, 0x00, 0x00, 0x36, 0x00,
    0x3A, 0x24, 0x5A, 0x00, 0x2A, 0x30, 0x00, 0x36, 0x2D, 0x00, 0x45, 0x21, 0x02, 0x45, 0x00, 0x00,
    0x24, 0x00, 0x00, 0x2A, 0x00, 0x00, 0x36, 0x00, 0x3A, 0x24, 0x6E, 0x00, 0x2A, 0x53, 0x00, 0x36,
    0x49, 0x00, 0x45, 0x2A, 0x02, 0x45, 0x00, 0x00, 0x24, 0x00, 0x00, 0x2A, 0x00, 0x00, 0x36, 0x00,
    0x3A, 0x2A, 0x2D, 0x00, 0x36, 0x2D, 0x00, 0x45, 0x1E, 0x02, 0x45, 0x00, 0x00, 0x36, 0x00, 0x00,
    0x2A, 0x00, 0x3A, 0x26, 0x78, 0x00, 0x2A, 0x61, 0x00, 0x36, 0x6E, 0x00, 0x45, 0x43, 0x02, 0x45,
    0x00, 0x00, 0x26, 0x00, 0x00, 0x2A, 0x00, 0x00, 0x36, 0x00, 0x3A, 0x2A, 0x32, 0x00, 0x36, 0x2D,
    0x00, 0x45, 0x26, 0x02, 0x45, 0x00, 0x00, 0x36, 0x00, 0x00, 0x2A, 0x00, 0x3A, 0x24, 0x6E, 0x00,
    0x2A, 0x4D, 0x00, 0x36, 0x49, 0x00, 0x45, 0x2D, 0x02, 0x45, 0x00, 0x00, 0x24, 0x00, 0x00, 0x2A,
    0x00, 0x00, 0x36, 0x00, 0x3A, 0x2A, 0x32, 0x00, 0x36, 0x2D, 0x00, 0x45, 0x1C, 0x02, 0x45, 0x00,
    0x00, 0x36, 0x00, 0x00, 0x2A, 0x00, 0x3A, 0x26, 0x78, 0x00, 0x2A, 0x62, 0x00, 0x36, 0x6E, 0x00,
    0x45, 0x42, 0x02, 0x45, 0x00, 0x00, 0x26, 0x00, 0x00, 0x2A, 0x00, 0x00, 0x36, 0x00, 0x3A, 0x24,
    0x5A, 0x00, 0x2A, 0x30, 0x00, 0x36, 0x2D, 0x00, 0x45, 0x21, 0x02, 0x45, 0x00, 0x00, 0x24, 0x00,
    0x00, 0x2A, 0x00, 0x00, 0x36, 0x00, 0x3A, 0x24, 0x6E, 0x00, 0x2A, 0x53, 0x00, 0x36, 0x49, 0x00,
    0x45, 0x2A, 0x02, 0x45, 0x00, 0x00, 0x24, 0x00, 0x00, 0x2A, 0x00, 0x00, 0x36, 0x00, 0x3A, 0x2E,
    0x50, 0x00, 0x36, 0x2D, 0x00, 0x45, 0x1E, 0x00, 0x4B, 0x50, 0x02, 0x4B, 0x00, 0x00, 0x2E, 0x00,
    0x00, 0x36, 0x00, 0x00, 0x45, 0x00, 0x3A, 0x26, 0x78, 0x00, 0x2A, 0x61, 0x00, 0x36, 0x6E, 0x00,
    0x45, 0x43, 0x02, 0x45, 0x00, 0x00, 0x26, 0x00, 0x00, 0x2A, 0x00, 0x00, 0x36, 0x00, 0x3A, 0x2E,
    0x50, 0x00, 0x36, 0x2D, 0x00, 0x45, 0x26, 0x00, 0x4B, 0x50, 0x02, 0x4B, 0x00, 0x00, 0x2E, 0x00,
    0x00, 0x36, 0x00, 0x00, 0x45, 0x00, 0x3A, 0x24, 0x6E, 0x00, 0x2A, 0x4D, 0x00, 0x36, 0x49, 0x00,
    0x45, 0x2D, 0x02, 0x45, 0x00, 0x00, 0x24, 0x00, 0x00, 0x2A, 0x00, 0x00, 0x36, 0x00, 0x3A, 0x2A,
    0x32, 0x00, 0x36, 0x2D, 0x00, 0x45, 0x1C, 0x02, 0x45, 0x00, 0x00, 0x36, 0x00, 0x00, 0x2A, 0x00,
    0x3A, 0x26, 0x78, 0x00, 0x2A, 0x62, 0x00, 0x36, 0x6E, 0x00, 0x45, 0x42, 0x02, 0x45, 0x00, 0x00,
    0x26, 0x00, 0x00, 0x2A, 0x00, 0x00, 0x36, 0x00, 0x3A, 0x24, 0x5A, 0x00, 0x2A, 0x30, 0x00, 0x36,
    0x2D, 0x00, 0x45, 0x21, 0x02, 0x45, 0x00, 0x00, 0x24, 0x00, 0x00, 0x2A, 0x00, 0x00, 0x36, 0x00,
    0x3A, 0x24, 0x6E, 0x00, 0x2A, 0x53, 0x00, 0x36, 0x49, 0x00, 0x45, 0x2A, 0x02, 0x45, 0x00, 0x00,
    0x24, 0x00, 0x00, 0x2A, 0x00, 0x00, 0x36, 0x00, 0x3A, 0x2A, 0x2D, 0x00, 0x36, 0x2D, 0x00, 0x45,
    0x1E, 0x02, 0x45, 0x00, 0x00, 0x36, 0x00, 0x00, 0x2A, 0x00, 0x3A, 0x26, 0x78, 0x00, 0x2A, 0x61,
    0x00, 0x36, 0x6E, 0x00, 0x45, 0x43, 0x02, 0x45, 0x00, 0x00, 0x26, 0x00, 0x00, 0x2A, 0x00, 0x00,
    0x36, 0x00, 0x3A, 0x2A, 0x32, 0x00, 0x36, 0x2D, 0x00, 0x45, 0x26, 0x02, 0x45, 0x00, 0x00, 0x36,
    0x00, 0x00, 0x2A, 0x00, 0x3A, 0x24, 0x6E, 0x00, 0x2A, 0x4D, 0x00, 0x36, 0x49, 0x00, 0x45, 0x2D,
    0x02, 0x45, 0x00, 0x00, 0x24, 0x00, 0x00, 0x2A, 0x00, 0x00, 0x36, 0x00, 0x3A, 0x2A, 0x32, 0x00,
    0x36, 0x2D, 0x00, 0x45, 0x1C, 0x02, 0x45, 0x00, 0x00, 0x36, 0x00, 0x00, 0x2A, 0x00, 0x3A, 0x26,
    0x78, 0x00, 0x2A, 0x62, 0x00, 0x36, 0x6E, 0x00, 0x45, 0x42, 0x02, 0x45, 0x00, 0x00, 0x26, 0x00,
    0x00, 0x2A, 0x00, 0x00, 0x36, 0x00, 0x3A, 0x24, 0x5A, 0x00, 0x2A, 0x30, 0x00, 0x36, 0x2D, 0x00,
    0x45, 0x21, 0x02, 0x45, 0x00, 0x00, 0x24, 0x00, 0x00, 0x2A, 0x00, 0x00, 0x36, 0x00, 0x3A, 0x24,
    0x6E, 0x00, 0x2A, 0x53, 0x00, 0x36, 0x49, 0x00, 0x45, 0x2A, 0x02, 0x45, 0x00, 0x00, 0x24, 0x00,
    0x00, 0x2A, 0x00, 0x00, 0x36, 0x00, 0x3A, 0x2E, 0x50, 0x00, 0x36, 0x2D, 0x00, 0x45, 0x1E, 0x02,
    0x45, 0x00, 0x00, 0x36, 0x00, 0x00, 0x2E, 0x00, 0x3A, 0x26, 0x78, 0x00, 0x2A, 0x61, 0x00, 0x36,
    0x6E, 0x00, 0x45, 0x43, 0x02, 0x45, 0x00, 0x00, 0x26, 0x00, 0x00, 0x2A, 0x00, 0x00, 0x36, 0x00,
    0x3A, 0x2E, 0x50, 0x00, 0x36, 0x2D, 0x00, 0x45, 0x26, 0x02, 0x45, 0x00, 0x00, 0x36, 0x00, 0x00,
    0x2E, 0x00, 0x3A, 0x24, 0x6E, 0x00, 0x2A, 0x4D, 0x00, 0x36, 0x49, 0x00, 0x45, 0x2D, 0x02, 0x45,
    0x00, 0x00, 0x24, 0x00, 0x00, 0x2A, 0x00, 0x00, 0x36, 0x00, 0x3A, 0x2A, 0x32, 0x00, 0x36, 0x2D,
    0x00, 0x45, 0x1C, 0x02, 0x45, 0x00, 0x00, 0x36, 0x00, 0x00, 0x2A, 0x00, 0x3A, 0x26, 0x78, 0x00,
    0x2A, 0x62, 0x00, 0x36, 0x6E, 0x00, 0x45, 0x42, 0x02, 0x45, 0x00, 0x00, 0x26, 0x00, 0x00, 0x2A,
    0x00, 0x00, 0x36, 0x00, 0x3A, 0x24, 0x5A, 0x00, 0x2A, 0x30, 0x00, 0x36, 0x2D, 0x00, 0x45, 0x21,
    0x02, 0x45, 0x00, 0x00, 0x24, 0x00, 0x00, 0x2A, 0x00, 0x00, 0x36, 0x00, 0x3A, 0x24, 0x6E, 0x00,
    0x2A, 0x53, 0x00, 0x36, 0x49, 0x00, 0x45, 0x2A, 0x02, 0x45, 0x00, 0x00, 0x24, 0x00, 0x00, 0x2A,
    0x00, 0x00, 0x36, 0x00, 0x3A, 0x2A, 0x2D, 0x00, 0x36, 0x2D, 0x00, 0x45, 0x1E, 0x02, 0x45, 0x00,
    0x00, 0x36, 0x00, 0x00, 0x2A, 0x00, 0x3A, 0x26, 0x78, 0x00, 0x2A, 0x61, 0x00, 0x36, 0x6E, 0x00,
    0x45, 0x43, 0x02, 0x45, 0x00, 0x00, 0x26, 0x00, 0x00, 0x2A, 0x00, 0x00, 0x36, 0x00, 0x3A, 0x2A,
    0x32, 0x00, 0x36, 0x2D, 0x00, 0x45, 0x26, 0x02, 0x45, 0x00, 0x00, 0x36, 0x00, 0x00, 0x2A, 0x00,
    0x3A, 0x24, 0x6E, 0x00, 0x2A, 0x4D, 0x00, 0x36, 0x49, 0x00, 0x45, 0x2D, 0x02, 0x45, 0x00, 0x00,
    0x24, 0x00, 0x00, 0x2A, 0x00, 0x00, 0x36, 0x00, 0x3A, 0x2A, 0x32, 0x00, 0x36, 0x2D, 0x00, 0x45,
    0x1C, 0x02, 0x45, 0x00, 0x00, 0x36, 0x00, 0x00, 0x2A, 0x00, 0x3A, 0x26, 0x78, 0x00, 0x2A, 0x62,
    0x00, 0x36, 0x6E, 0x00, 0x45, 0x42, 0x02, 0x45, 0x00, 0x00, 0x26, 0x00, 0x00, 0x2A, 0x00, 0x00,
    0x36, 0x00, 0x3A, 0x24, 0x5A, 0x00, 0x2A, 0x30, 0x00, 0x36, 0x2D, 0x00, 0x45, 0x21, 0x02, 0x45,
    0x00, 0x00, 0x24, 0x00, 0x00, 0x2A, 0x00, 0x00, 0x36, 0x00, 0x3A, 0x24, 0x6E, 0x00, 0x2A, 0x53,
    0x00, 0x36, 0x49, 0x00, 0x45, 0x2A, 0x02, 0x45, 0x00, 0x00, 0x24, 0x00, 0x00, 0x2A, 0x00, 0x00,
    0x36, 0x00, 0x3A, 0x2E, 0x50, 0x00, 0x36, 0x2D, 0x00, 0x45, 0x1E, 0x00, 0x4B, 0x50, 0x02, 0x4B,
    0x00, 0x00, 0x2E, 0x00, 0x00, 0x36, 0x00, 0x00, 0x45, 0x00, 0x3A, 0x26, 0x78, 0x00, 0x2A, 0x61,
    0x00, 0x36, 0x6E, 0x00, 0x45, 0x43, 0x02, 0x45, 0x00, 0x00, 0x26, 0x00, 0x00, 0x2A, 0x00, 0x00,
    0x36, 0x00, 0x3A, 0x2E, 0x50, 0x00, 0x36, 0x2D, 0x00, 0x45, 0x26, 0x00, 0x4B, 0x50, 0x02, 0x4B,
    0x00, 0x00, 0x2E, 0x00, 0x00, 0x36, 0x00, 0x00, 0x45, 0x00, 0x3A, 0x24, 0x6E, 0x00, 0x2A, 0x4D,
    0x00, 0x36, 0x49, 0x00, 0x45, 0x2D, 0x02, 0x45, 0x00, 0x00, 0x24, 0x00, 0x00, 0x2A, 0x00, 0x00,
    0x36, 0x00, 0x3A, 0x2A, 0x32, 0x00, 0x36, 0x2D, 0x00, 0x45, 0x1C, 0x02, 0x45, 0x00, 0x00, 0x36,
    0x00, 0x00, 0x2A, 0x00, 0x3A, 0x26, 0x78, 0x00, 0x2A, 0x62, 0x00, 0x36, 0x6E, 0x00, 0x45, 0x42,
    0x02, 0x45, 0x00, 0x00, 0x26, 0x00, 0x00, 0x2A, 0x00, 0x00, 0x36, 0x00, 0x3A, 0x24, 0x5A, 0x00,
    0x2A, 0x30, 0x00, 0x36, 0x2D, 0x00, 0x45, 0x21, 0x02, 0x45, 0x00, 0x00, 0x24, 0x00, 0x00, 0x2A,
    0x00, 0x00, 0x36, 0x00, 0x3A, 0x24, 0x6E, 0x00, 0x2A, 0x53, 0x00, 0x36, 0x49, 0x00, 0x45, 0x2A,
    0x02, 0x45, 0x00, 0x00, 0x24, 0x00, 0x00, 0x2A, 0x00, 0x00, 0x36, 0x00, 0x3A, 0x2A, 0x2D, 0x00,
    0x36, 0x2D, 0x00, 0x45, 0x1E, 0x02, 0x45, 0x00, 0x00, 0x36, 0x00, 0x00, 0x2A, 0x00, 0x3A, 0x26,
    0x78, 0x00, 0x2A, 0x61, 0x00, 0x36, 0x6E, 0x00, 0x45, 0x43, 0x02, 0x45, 0x00, 0x00, 0x26, 0x00,
    0x00, 0x2A, 0x00, 0x00, 0x36, 0x00, 0x3A, 0x2A, 0x32, 0x00, 0x36, 0x2D, 0x00, 0x45, 0x26, 0x02,
    0x45, 0x00, 0x00, 0x36, 0x00, 0x00, 0x2A, 0x00, 0x3A, 0x24, 0x6E, 0x00, 0x2A, 0x4D, 0x00, 0x36,
    0x49, 0x00, 0x45, 0x2D, 0x02, 0x45, 0x00, 0x00, 0x24, 0x00, 0x00, 0x2A, 0x00, 0x00, 0x36, 0x00,
    0x3A, 0x2A, 0x32, 0x00, 0x36, 0x2D, 0x00, 0x45, 0x1C, 0x02, 0x45, 0x00, 0x00, 0x36, 0x00, 0x00,
    0x2A, 0x00, 0x3A, 0x26, 0x78, 0x00, 0x2A, 0x62, 0x00, 0x36, 0x6E, 0x00, 0x45, 0x42, 0x02, 0x45,
    0x00, 0x00, 0x26, 0x00, 0x00, 0x2A, 0x00, 0x00, 0x36, 0x00, 0x3A, 0x24, 0x5A, 0x00, 0x2A, 0x30,
    0x00, 0x36, 0x2D, 0x00, 0x45, 0x21, 0x02, 0x45, 0x00, 0x00, 0x24, 0x00, 0x00, 0x2A, 0x00, 0x00,
    0x36, 0x00, 0x3A, 0x24, 0x6E, 0x00, 0x2A, 0x53, 0x00, 0x36, 0x49, 0x00, 0x45, 0x2A, 0x02, 0x45,
    0x00, 0x00, 0x24, 0x00, 0x00, 0x2A, 0x00, 0x00, 0x36, 0x00, 0x3A, 0x2E, 0x50, 0x00, 0x36, 0x2D,
    0x00, 0x45, 0x1E, 0x02, 0x45, 0x00, 0x00, 0x36, 0x00, 0x00, 0x2E, 0x00, 0x3A, 0x26, 0x78, 0x00,
    0x2A, 0x61, 0x00, 0x36, 0x6E, 0x00, 0x45, 0x43, 0x02, 0x45, 0x00, 0x00, 0x26, 0x00, 0x00, 0x2A,
    0x00, 0x00, 0x36, 0x00, 0x3A, 0x2E, 0x50, 0x00, 0x36, 0x2D, 0x00, 0x45, 0x26, 0x02, 0x45, 0x00,
    0x00, 0x36, 0x00, 0x00, 0x2E, 0x00, 0x3A, 0xB9, 0x0B, 0x7F, 0x00, 0x99, 0x24, 0x6E, 0x00, 0x2A,
    0x4D, 0x00, 0x36, 0x49, 0x00, 0x45, 0x2D, 0x02, 0x45, 0x00, 0x00, 0x24, 0x00, 0x00, 0x2A, 0x00,
    0x00, 0x36, 0x00, 0x23, 0xB9, 0x0B, 0x7E, 0x17, 0x99, 0x2A, 0x32, 0x00, 0x36, 0x2D, 0x00, 0x45,
    0x1C, 0x02, 0x45, 0x00, 0x00, 0x36, 0x00, 0x00, 0x2A, 0x00, 0x0D, 0xB9, 0x0B, 0x7D, 0x26, 0x0B,
    0x7C, 0x07, 0x99, 0x26, 0x78, 0x00, 0x2A, 0x62, 0x00, 0x36, 0x6E, 0x00, 0x45, 0x42, 0x02, 0x45,
    0x00, 0x00, 0x26, 0x00, 0x00, 0x2A, 0x00, 0x00, 0x36, 0x00, 0x1D, 0xB9, 0x0B, 0x7B, 0x1D, 0x99,
    0x24, 0x5A, 0x00, 0x2A, 0x30, 0x00, 0x36, 0x2D, 0x00, 0x45, 0x21, 0x02, 0x45, 0x00, 0x00, 0x24,
    0x00, 0x00, 0x2A, 0x00, 0x00, 0x36, 0x00, 0x06, 0xB9, 0x0B, 0x7A, 0x26, 0x0B, 0x79, 0x0E, 0x99,
    0x24, 0x6E, 0x00, 0x2A, 0x53, 0x00, 0x36, 0x49, 0x00, 0x45, 0x2A, 0x02, 0x45, 0x00, 0x00, 0x24,
    0x00, 0x00, 0x2A, 0x00, 0x00, 0x36, 0x00, 0x16, 0xB9, 0x0B, 0x78, 0x24, 0x99, 0x2A, 0x2D, 0x00,
    0x36, 0x2D, 0x00, 0x45, 0x1E, 0x02, 0x45, 0x00, 0x00, 0x36, 0x00, 0x00, 0x2A, 0x00, 0x00, 0xB9,
    0x0B, 0x77, 0x26, 0x0B, 0x76, 0x14, 0x99, 0x26, 0x78, 0x00, 0x2A, 0x61, 0x00, 0x36, 0x6E, 0x00,
    0x45, 0x43, 0x02, 0x45, 0x00, 0x00, 0x26, 0x00, 0x00, 0x2A, 0x00, 0x00, 0x36, 0x00, 0x0F, 0xB9,
    0x0B, 0x75, 0x26, 0x0B, 0x74, 0x05, 0x99, 0x2A, 0x32, 0x00, 0x36, 0x2D, 0x00, 0x45, 0x26, 0x02,
    0x45, 0x00, 0x00, 0x36, 0x00, 0x00, 0x2A, 0x00, 0x1F, 0xB9, 0x0B, 0x73, 0x1B, 0x99, 0x24, 0x6E,
    0x00, 0x2A, 0x4D, 0x00, 0x36, 0x49, 0x00, 0x45, 0x2D, 0x02, 0x45, 0x00, 0x00, 0x24, 0x00, 0x00,
    0x2A, 0x00, 0x00, 0x36, 0x00, 0x09, 0xB9, 0x0B, 0x72, 0x25, 0x0B, 0x71, 0x0C, 0x99, 0x2A, 0x32,
    0x00, 0x36, 0x2D, 0x00, 0x45, 0x1C, 0x02, 0x45, 0x00, 0x00, 0x36, 0x00, 0x00, 0x2A, 0x00, 0x18,
    0xB9, 0x0B, 0x70, 0x22, 0x99, 0x26, 0x78, 0x00, 0x2A, 0x62, 0x00, 0x36, 0x6E, 0x00, 0x45, 0x42,
    0x02, 0x45, 0x00, 0x00, 0x26, 0x00, 0x00, 0x2A, 0x00, 0x00, 0x36, 0x00, 0x02, 0xB9, 0x0B, 0x6F,
    0x26, 0x0B, 0x6E, 0x12, 0x99, 0x24, 0x5A, 0x00, 0x2A, 0x30, 0x00, 0x36, 0x2D, 0x00, 0x45, 0x21,
    0x02, 0x45, 0x00, 0x00, 0x24, 0x00, 0x00, 0x2A, 0x00, 0x00, 0x36, 0x00, 0x12, 0xB9, 0x0B, 0x6D,
    0x25, 0x0B, 0x6C, 0x03, 0x99, 0x24, 0x6E, 0x00, 0x2A, 0x53, 0x00, 0x36, 0x49, 0x00, 0x45, 0x2A,
    0x02, 0x45, 0x00, 0x00, 0x24, 0x00, 0x00, 0x2A, 0x00, 0x00, 0x36, 0x00, 0x21, 0xB9, 0x0B, 0x6B,
    0x19, 0x99, 0x2E, 0x50, 0x00, 0x36, 0x2D, 0x00, 0x45, 0x1E, 0x00, 0x4B, 0x50, 0x02, 0x4B, 0x00,
    0x00, 0x2E, 0x00, 0x00, 0x36, 0x00, 0x00, 0x45, 0x00, 0x0B, 0xB9, 0x0B, 0x6A, 0x26, 0x0B, 0x69,
    0x09, 0x99, 0x26, 0x78, 0x00, 0x2A, 0x61, 0x00, 0x36, 0x6E, 0x00, 0x45, 0x43, 0x02, 0x45, 0x00,
    0x00, 0x26, 0x00, 0x00, 0x2A, 0x00, 0x00, 0x36, 0x00, 0x1A, 0xB9, 0x0B, 0x68, 0x20, 0x99, 0x2E,
    0x50, 0x00, 0x36, 0x2D, 0x00, 0x45, 0x26, 0x00, 0x4B, 0x50, 0x02, 0x4B, 0x00, 0x00, 0x2E, 0x00,
    0x00, 0x36, 0x00, 0x00, 0x45, 0x00, 0x04, 0xB9, 0x0B, 0x67, 0x26, 0x0B, 0x66, 0x10, 0x99, 0x24,
    0x6E, 0x00, 0x2A, 0x4D, 0x00, 0x36, 0x49, 0x00, 0x45, 0x2D, 0x02, 0x45, 0x00, 0x00, 0x24, 0x00,
    0x00, 0x2A, 0x00, 0x00, 0x36, 0x00, 0x14, 0xB9, 0x0B, 0x65, 0x26, 0x0B, 0x64, 0x00, 0x99, 0x2A,
    0x32, 0x00, 0x36, 0x2D, 0x00, 0x45, 0x1C, 0x02, 0x45, 0x00, 0x00, 0x36, 0x00, 0x00, 0x2A, 0x00,
    0x23, 0xB9, 0x0B, 0x63, 0x17, 0x99, 0x26, 0x78, 0x00, 0x2A, 0x62, 0x00, 0x36, 0x6E, 0x00, 0x45,
    0x42, 0x02, 0x45, 0x00, 0x00, 0x26, 0x00, 0x00, 0x2A, 0x00, 0x00, 0x36, 0x00, 0x0D, 0xB9, 0x0B,
    0x62, 0x26, 0x0B, 0x61, 0x07, 0x99, 0x24, 0x5A, 0x00, 0x2A, 0x30, 0x00, 0x36, 0x2D, 0x00, 0x45,
    0x21, 0x02, 0x45, 0x00, 0x00, 0x24, 0x00, 0x00, 0x2A, 0x00, 0x00, 0x36, 0x00, 0x1D, 0xB9, 0x0B,
    0x60, 0x1D, 0x99, 0x24, 0x6E, 0x00, 0x2A, 0x53, 0x00, 0x36, 0x49, 0x00, 0x45, 0x2A, 0x02, 0x45,
    0x00, 0x00, 0x24, 0x00, 0x00, 0x2A, 0x00, 0x00, 0x36, 0x00, 0x06, 0xB9, 0x0B, 0x5F, 0x26, 0x0B,
    0x5E, 0x0E, 0x99, 0x2A, 0x2D, 0x00, 0x36, 0x2D, 0x00, 0x45, 0x1E, 0x02, 0x45, 0x00, 0x00, 0x36,
    0x00, 0x00, 0x2A, 0x00, 0x16, 0xB9, 0x0B, 0x5D, 0x24, 0x99, 0x26, 0x78, 0x00, 0x2A, 0x61, 0x00,
    0x36, 0x6E, 0x00, 0x45, 0x43, 0x02, 0x45, 0x00, 0x00, 0x26, 0x00, 0x00, 0x2A, 0x00, 0x00, 0x36,
    0x00, 0x00, 0xB9, 0x0B, 0x5C, 0x26, 0x0B, 0x5B, 0x14, 0x99, 0x2A, 0x32, 0x00, 0x36, 0x2D, 0x00,
    0x45, 0x26, 0x02, 0x45, 0x00, 0x00, 0x36, 0x00, 0x00, 0x2A, 0x00, 0x0F, 0xB9, 0x0B, 0x5A, 0x26,
    0x0B, 0x59, 0x05, 0x99, 0x24, 0x6E, 0x00, 0x2A, 0x4D, 0x00, 0x36, 0x49, 0x00, 0x45, 0x2D, 0x02,
    0x45, 0x00, 0x00, 0x24, 0x00, 0x00, 0x2A, 0x00, 0x00, 0x36, 0x00, 0x1F, 0xB9, 0x0B, 0x58, 0x1B,
    0x99, 0x2A, 0x32, 0x00, 0x36, 0x2D, 0x00, 0x45, 0x1C, 0x02, 0x45, 0x00, 0x00, 0x36, 0x00, 0x00,
    0x2A, 0x00, 0x09, 0xB9, 0x0B, 0x57, 0x25, 0x0B, 0x56, 0x0C, 0x99, 0x26, 0x78, 0x00, 0x2A, 0x62,
    0x00, 0x36, 0x6E, 0x00, 0x45, 0x42, 0x02, 0x45, 0x00, 0x00, 0x26, 0x00, 0x00, 0x2A, 0x00, 0x00,
    0x36, 0x00, 0x18, 0xB9, 0x0B, 0x55, 0x22, 0x99, 0x24, 0x5A, 0x00, 0x2A, 0x30, 0x00, 0x36, 0x2D,
    0x00, 0x45, 0x21, 0x02, 0x45, 0x00, 0x00, 0x24, 0x00, 0x00, 0x2A, 0x00, 0x00, 0x36, 0x00, 0x02,
    0xB9, 0x0B, 0x54, 0x26, 0x0B, 0x53, 0x12, 0x99, 0x24, 0x6E, 0x00, 0x2A, 0x53, 0x00, 0x36, 0x49,
    0x00, 0x45, 0x2A, 0x02, 0x45, 0x00, 0x00, 0x24, 0x00, 0x00, 0x2A, 0x00, 0x00, 0x36, 0x00, 0x12,
    0xB9, 0x0B, 0x52, 0x25, 0x0B, 0x51, 0x03, 0x99, 0x2E, 0x50, 0x00, 0x36, 0x2D, 0x00, 0x45, 0x1E,
    0x00, 0x4B, 0x50, 0x02, 0x4B, 0x00, 0x00, 0x2E, 0x00, 0x00, 0x36, 0x00, 0x00, 0x45, 0x00, 0x21,
    0xB9, 0x0B, 0x50, 0x19, 0x99, 0x26, 0x78, 0x00, 0x2A, 0x61, 0x00, 0x36, 0x6E, 0x00, 0x45, 0x43,
    0x02, 0x45, 0x00, 0x00, 0x26, 0x00, 0x00, 0x2A, 0x00, 0x00, 0x36, 0x00, 0x0B, 0xB9, 0x0B, 0x4F,
    0x26, 0x0B, 0x4E, 0x09, 0x99, 0x2E, 0x50, 0x00, 0x36, 0x2D, 0x00, 0x45, 0x26, 0x00, 0x4B, 0x50,
    0x02, 0x4B, 0x00, 0x00, 0x2E, 0x00, 0x00, 0x36, 0x00, 0x00, 0x45, 0x00, 0x1A, 0xB9, 0x0B, 0x4D,
    0x20, 0x99, 0x24, 0x6E, 0x00, 0x2A, 0x4D, 0x00, 0x36, 0x49, 0x00, 0x45, 0x2D, 0x02, 0x45, 0x00,
    0x00, 0x24, 0x00, 0x00, 0x2A, 0x00, 0x00, 0x36, 0x00, 0x04, 0xB9, 0x0B, 0x4C, 0x26, 0x0B, 0x4B,
    0x10, 0x99, 0x2A, 0x32, 0x00, 0x36, 0x2D, 0x00, 0x45, 0x1C, 0x02, 0x45, 0x00, 0x00, 0x36, 0x00,
    0x00, 0x2A, 0x00, 0x14, 0xB9, 0x0B, 0x4A, 0x26, 0x0B, 0x49, 0x00, 0x99, 0x26, 0x78, 0x00, 0x2A,
    0x62, 0x00, 0x36, 0x6E, 0x00, 0x45, 0x42, 0x02, 0x45, 0x00, 0x00, 0x26, 0x00, 0x00, 0x2A, 0x00,
    0x00, 0x36, 0x00, 0x23, 0xB9, 0x0B, 0x48, 0x17, 0x99, 0x24, 0x5A, 0x00, 0x2A, 0x30, 0x00, 0x36,
    0x2D, 0x00, 0x45, 0x21, 0x02, 0x45, 0x00, 0x00, 0x24, 0x00, 0x00, 0x2A, 0x00, 0x00, 0x36, 0x00,
    0x0D, 0xB9, 0x0B, 0x47, 0x26, 0x0B, 0x46, 0x07, 0x99, 0x24, 0x6E, 0x00, 0x2A, 0x53, 0x00, 0x36,
    0x49, 0x00, 0x45, 0x2A, 0x02, 0x45, 0x00, 0x00, 0x24, 0x00, 0x00, 0x2A, 0x00, 0x00, 0x36, 0x00,
    0x1D, 0xB9, 0x0B, 0x45, 0x1D, 0x99, 0x2A, 0x2D, 0x00, 0x36, 0x2D, 0x00, 0x45, 0x1E, 0x02, 0x45,
    0x00, 0x00, 0x36, 0x00, 0x00, 0x2A, 0x00, 0x06, 0xB9, 0x0B, 0x44, 0x26, 0x0B, 0x43, 0x0E, 0x99,
    0x26, 0x78, 0x00, 0x2A, 0x61, 0x00, 0x36, 0x6E, 0x00, 0x45, 0x43, 0x02, 0x45, 0x00, 0x00, 0x26,
    0x00, 0x00, 0x2A, 0x00, 0x00, 0x36, 0x00, 0x16, 0xB9, 0x0B, 0x42, 0x24, 0x99, 0x2A, 0x32, 0x00,
    0x36, 0x2D, 0x00, 0x45, 0x26, 0x02, 0x45, 0x00, 0x00, 0x36, 0x00, 0x00, 0x2A, 0x00, 0x00, 0xB9,
    0x0B, 0x41, 0x26, 0x0B, 0x40, 0x14, 0x99, 0x24, 0x6E, 0x00, 0x2A, 0x4D, 0x00, 0x36, 0x49, 0x00,
    0x45, 0x2D, 0x02, 0x45, 0x00, 0x00, 0x24, 0x00, 0x00, 0x2A, 0x00, 0x00, 0x36, 0x00, 0x0F, 0xB9,
    0x0B, 0x3F, 0x26, 0x0B, 0x3E, 0x05, 0x99, 0x2A, 0x32, 0x00, 0x36, 0x2D, 0x00, 0x45, 0x1C, 0x02,
    0x45, 0x00, 0x00, 0x36, 0x00, 0x00, 0x2A, 0x00, 0x1F, 0xB9, 0x0B, 0x3D, 0x1B, 0x99, 0x26, 0x78,
    0x00, 0x2A, 0x62, 0x00, 0x36, 0x6E, 0x00, 0x45, 0x42, 0x02, 0x45, 0x00, 0x00, 0x26, 0x00, 0x00,
    0x2A, 0x00, 0x00, 0x36, 0x00, 0x09, 0xB9, 0x0B, 0x3C, 0x26, 0x0B, 0x3B, 0x0B, 0x99, 0x24, 0x5A,
    0x00, 0x2A, 0x30, 0x00, 0x36, 0x2D, 0x00, 0x45, 0x21, 0x02, 0x45, 0x00, 0x00, 0x24, 0x00, 0x00,
    0x2A, 0x00, 0x00, 0x36, 0x00, 0x18, 0xB9, 0x0B, 0x3A, 0x22, 0x99, 0x24, 0x6E, 0x00, 0x2A, 0x53,
    0x00, 0x36, 0x49, 0x00, 0x45, 0x2A, 0x02, 0x45, 0x00, 0x00, 0x24, 0x00, 0x00, 0x2A, 0x00, 0x00,
    0x36, 0x00, 0x02, 0xB9, 0x0B, 0x39, 0x26, 0x0B, 0x38, 0x12, 0x99, 0x2E, 0x50, 0x00, 0x36, 0x2D,
    0x00, 0x45, 0x1E, 0x02, 0x45, 0x00, 0x00, 0x36, 0x00, 0x00, 0x2E, 0x00, 0x12, 0xB9, 0x0B, 0x37,
    0x25, 0x0B, 0x36, 0x03, 0x99, 0x26, 0x78, 0x00, 0x2A, 0x61, 0x00, 0x36, 0x6E, 0x00, 0x45, 0x43,
    0x02, 0x45, 0x00, 0x00, 0x26, 0x00, 0x00, 0x2A, 0x00, 0x00, 0x36, 0x00, 0x21, 0xB9, 0x0B, 0x35,
    0x19, 0x99, 0x2E, 0x50, 0x00, 0x36, 0x2D, 0x00, 0x45, 0x26, 0x02, 0x45, 0x00, 0x00, 0x36, 0x00,
    0x00, 0x2E, 0x00, 0x0B, 0xB9, 0x0B, 0x34, 0x26, 0x0B, 0x33, 0x09, 0x99, 0x24, 0x6E, 0x00, 0x2A,
    0x4D, 0x00, 0x36, 0x49, 0x00, 0x45, 0x2D, 0x02, 0x45, 0x00, 0x00, 0x24, 0x00, 0x00, 0x2A, 0x00,
    0x00, 0x36, 0x00, 0x1B, 0xB9, 0x0B, 0x32, 0x1F, 0x99, 0x2A, 0x32, 0x00, 0x36, 0x2D, 0x00, 0x45,
    0x1C, 0x02, 0x45, 0x00, 0x00, 0x36, 0x00, 0x00, 0x2A, 0x00, 0x04, 0xB9, 0x0B, 0x31, 0x26, 0x0B,
    0x30, 0x10, 0x99, 0x26, 0x78, 0x00, 0x2A, 0x62, 0x00, 0x36, 0x6E, 0x00, 0x45, 0x42, 0x02, 0x45,
    0x00, 0x00, 0x26, 0x00, 0x00, 0x2A, 0x00, 0x00, 0x36, 0x00, 0x14, 0xB9, 0x0B, 0x2F, 0x26, 0x0B,
    0x2E, 0x00, 0x99, 0x24, 0x5A, 0x00, 0x2A, 0x30, 0x00, 0x36, 0x2D, 0x00, 0x45, 0x21, 0x02, 0x45,
    0x00, 0x00, 0x24, 0x00, 0x00, 0x2A, 0x00, 0x00, 0x36, 0x00, 0x23, 0xB9, 0x0B, 0x2D, 0x17, 0x99,
    0x24, 0x6E, 0x00, 0x2A, 0x53, 0x00, 0x36, 0x49, 0x00, 0x45, 0x2A, 0x02, 0x45, 0x00, 0x00, 0x24,
    0x00, 0x00, 0x2A, 0x00, 0x00, 0x36, 0x00, 0x0D, 0xB9, 0x0B, 0x2C, 0x26, 0x0B, 0x2B, 0x07, 0x99,
    0x2A, 0x2D, 0x00, 0x36, 0x2D, 0x00, 0x45, 0x1E, 0x02, 0x45, 0x00, 0x00, 0x36, 0x00, 0x00, 0x2A,
    0x00, 0x1D, 0xB9, 0x0B, 0x2A, 0x1D, 0x99, 0x26, 0x78, 0x00, 0x2A, 0x61, 0x00, 0x36, 0x6E, 0x00,
    0x45, 0x43, 0x02, 0x45, 0x00, 0x00, 0x26, 0x00, 0x00, 0x2A, 0x00, 0x00, 0x36, 0x00, 0x07, 0xB9,
    0x0B, 0x29, 0x25, 0x0B, 0x28, 0x0E, 0x99, 0x2A, 0x32, 0x00, 0x36, 0x2D, 0x00, 0x45, 0x26, 0x02,
    0x45, 0x00, 0x00, 0x36, 0x00, 0x00, 0x2A, 0x00, 0x16, 0xB9, 0x0B, 0x27, 0x24, 0x99, 0x24, 0x6E,
    0x00, 0x2A, 0x4D, 0x00, 0x36, 0x49, 0x00, 0x45, 0x2D, 0x02, 0x45, 0x00, 0x00, 0x24, 0x00, 0x00,
    0x2A, 0x00, 0x00, 0x36, 0x00, 0x00, 0xB9, 0x0B, 0x26, 0x26, 0x0B, 0x25, 0x14, 0x99, 0x2A, 0x32,
    0x00, 0x36, 0x2D, 0x00, 0x45, 0x1C, 0x02, 0x45, 0x00, 0x00, 0x36, 0x00, 0x00, 0x2A, 0x00, 0x0F,
    0xB9, 0x0B, 0x24, 0x26, 0x0B, 0x23, 0x05, 0x99, 0x26, 0x78, 0x00, 0x2A, 0x62, 0x00, 0x36, 0x6E,
    0x00, 0x45, 0x42, 0x02, 0x45, 0x00, 0x00, 0x26, 0x00, 0x00, 0x2A, 0x00, 0x00, 0x36, 0x00, 0x1F,
    0xB9, 0x0B, 0x22, 0x1B, 0x99, 0x24, 0x5A, 0x00, 0x2A, 0x30, 0x00, 0x36, 0x2D, 0x00, 0x45, 0x21,
    0x02, 0x45, 0x00, 0x00, 0x24, 0x00, 0x00, 0x2A, 0x00, 0x00, 0x36, 0x00, 0x09, 0xB9, 0x0B, 0x21,
    0x26, 0x0B, 0x20, 0x0B, 0x99, 0x24, 0x6E, 0x00, 0x2A, 0x53, 0x00, 0x36, 0x49, 0x00, 0x45, 0x2A,
    0x02, 0x45, 0x00, 0x00, 0x24, 0x00, 0x00, 0x2A, 0x00, 0x00, 0x36, 0x00, 0x18, 0xB9, 0x0B, 0x1F,
    0x22, 0x99, 0x2E, 0x50, 0x00, 0x36, 0x2D, 0x00, 0x45, 0x1E, 0x00, 0x4B, 0x50, 0x02, 0x4B, 0x00,
    0x00, 0x2E, 0x00, 0x00, 0x36, 0x00, 0x00, 0x45, 0x00, 0x02, 0xB9, 0x0B, 0x1E, 0x26, 0x0B, 0x1D,
    0x12, 0x99, 0x26, 0x78, 0x00, 0x2A, 0x61, 0x00, 0x36, 0x6E, 0x00, 0x45, 0x43, 0x02, 0x45, 0x00,
    0x00, 0x26, 0x00, 0x00, 0x2A, 0x00, 0x00, 0x36, 0x00, 0x12, 0xB9, 0x0B, 0x1C, 0x25, 0x0B, 0x1B,
    0x03, 0x99, 0x2E, 0x50, 0x00, 0x36, 0x2D, 0x00, 0x45, 0x26, 0x00, 0x4B, 0x50, 0x02, 0x4B, 0x00,
    0x00, 0x2E, 0x00, 0x00, 0x36, 0x00, 0x00, 0x45, 0x00, 0x21, 0xB9, 0x0B, 0x1A, 0x19, 0x99, 0x24,
    0x6E, 0x00, 0x2A, 0x4D, 0x00, 0x36, 0x49, 0x00, 0x45, 0x2D, 0x02, 0x45, 0x00, 0x00, 0x24, 0x00,
    0x00, 0x2A, 0x00, 0x00, 0x36, 0x00, 0x0B, 0xB9, 0x0B, 0x19, 0x26, 0x0B, 0x18, 0x09, 0x99, 0x2A,
    0x32, 0x00, 0x36, 0x2D, 0x00, 0x45, 0x1C, 0x02, 0x45, 0x00, 0x00, 0x36, 0x00, 0x00, 0x2A, 0x00,
    0x1B, 0xB9, 0x0B, 0x17, 0x1F, 0x99, 0x26, 0x78, 0x00, 0x2A, 0x62, 0x00, 0x36, 0x6E, 0x00, 0x45,
    0x42, 0x02, 0x45, 0x00, 0x00, 0x26, 0x00, 0x00, 0x2A, 0x00, 0x00, 0x36, 0x00, 0x04, 0xB9, 0x0B,
    0x16, 0x26, 0x0B, 0x15, 0x10, 0x99, 0x24, 0x5A, 0x00, 0x2A, 0x30, 0x00, 0x36, 0x2D, 0x00, 0x45,
    0x21, 0x02, 0x45, 0x00, 0x00, 0x24, 0x00, 0x00, 0x2A, 0x00, 0x00, 0x36, 0x00, 0x14, 0xB9, 0x0B,
    0x14, 0x26, 0x0B, 0x13, 0x00, 0x99, 0x24, 0x6E, 0x00, 0x2A, 0x53, 0x00, 0x36, 0x49, 0x00, 0x45,
    0x2A, 0x02, 0x45, 0x00, 0x00, 0x24, 0x00, 0x00, 0x2A, 0x00, 0x00, 0x36, 0x00, 0x23, 0xB9, 0x0B,
    0x12, 0x17, 0x99, 0x2A, 0x2D, 0x00, 0x36, 0x2D, 0x00, 0x45, 0x1E, 0x02, 0x45, 0x00, 0x00, 0x36,
    0x00, 0x00, 0x2A, 0x00, 0x0D, 0xB9, 0x0B, 0x11, 0x26, 0x0B, 0x10, 0x07, 0x99, 0x26, 0x78, 0x00,
    0x2A, 0x61, 0x00, 0x36, 0x6E, 0x00, 0x45, 0x43, 0x02, 0x45, 0x00, 0x00, 0x26, 0x00, 0x00, 0x2A,
    0x00, 0x00, 0x36, 0x00, 0x1D, 0xB9, 0x0B, 0x0F, 0x1D, 0x99, 0x2A, 0x32, 0x00, 0x36, 0x2D, 0x00,
    0x45, 0x26, 0x02, 0x45, 0x00, 0x00, 0x36, 0x00, 0x00, 0x2A, 0x00, 0x07, 0xB9, 0x0B, 0x0E, 0x25,
    0x0B, 0x0D, 0x0E, 0x99, 0x24, 0x6E, 0x00, 0x2A, 0x4D, 0x00, 0x36, 0x49, 0x00, 0x45, 0x2D, 0x02,
    0x45, 0x00, 0x00, 0x24, 0x00, 0x00, 0x2A, 0x00, 0x00, 0x36, 0x00, 0x16, 0xB9, 0x0B, 0x0C, 0x24,
    0x99, 0x2A, 0x32, 0x00, 0x36, 0x2D, 0x00, 0x45, 0x1C, 0x02, 0x45, 0x00, 0x00, 0x36, 0x00, 0x00,
    0x2A, 0x00, 0x00, 0xB9, 0x0B, 0x0B, 0x26, 0x0B, 0x0A, 0x14, 0x99, 0x26, 0x78, 0x00, 0x2A, 0x62,
    0x00, 0x36, 0x6E, 0x00, 0x45, 0x42, 0x02, 0x45, 0x00, 0x00, 0x26, 0x00, 0x00, 0x2A, 0x00, 0x00,
    0x36, 0x00, 0x0F, 0xB9, 0x0B, 0x09, 0x26, 0x0B, 0x08, 0x05, 0x99, 0x24, 0x5A, 0x00, 0x2A, 0x30,
    0x00, 0x36, 0x2D, 0x00, 0x45, 0x21, 0x02, 0x45, 0x00, 0x00, 0x24, 0x00, 0x00, 0x2A, 0x00, 0x00,
    0x36, 0x00, 0x1F, 0xB9, 0x0B, 0x07, 0x1B, 0x99, 0x24, 0x6E, 0x00, 0x2A, 0x53, 0x00, 0x36, 0x49,
    0x00, 0x45, 0x2A, 0x02, 0x45, 0x00, 0x00, 0x24, 0x00, 0x00, 0x2A, 0x00, 0x00, 0x36, 0x00, 0x09,
    0xB9, 0x0B, 0x06, 0x26, 0x0B, 0x05, 0x0B, 0x99, 0x2E, 0x50, 0x00, 0x36, 0x2D, 0x00, 0x45, 0x1E,
    0x00, 0x4B, 0x50, 0x02, 0x4B, 0x00, 0x00, 0x2E, 0x00, 0x00, 0x36, 0x00, 0x00, 0x45, 0x00, 0x18,
    0xB9, 0x0B, 0x04, 0x22, 0x99, 0x26, 0x78, 0x00, 0x2A, 0x61, 0x00, 0x36, 0x6E, 0x00, 0x45, 0x43,
    0x02, 0x45, 0x00, 0x00, 0x26, 0x00, 0x00, 0x2A, 0x00, 0x00, 0x36, 0x00, 0x02, 0xB9, 0x0B, 0x03,
    0x26, 0x0B, 0x02, 0x12, 0x99, 0x2E, 0x50, 0x00, 0x36, 0x2D, 0x00, 0x45, 0x26, 0x00, 0x4B, 0x50,
    0x02, 0x4B, 0x00, 0x00, 0x2E, 0x00, 0x00, 0x36, 0x00, 0x00, 0x45, 0x00, 0x12, 0xB9, 0x0B, 0x01,
    0x26, 0x0B, 0x00, 0x00, 0xFF, 0x2F, 0x00, 0x4D, 0x54, 0x72, 0x6B, 0x00, 0x00, 0x0A, 0x57, 0x00,
    0xFF, 0x03, 0x06, 0x4C, 0x79, 0x72, 0x69, 0x63, 0x73, 0xA9, 0x20, 0xFF, 0x05, 0x01, 0x53, 0x83,
    0x60, 0xFF, 0x05, 0x02, 0x6F, 0x20, 0x81, 0x70, 0xFF, 0x05, 0x05, 0x6C, 0x6F, 0x6E, 0x67, 0x20,
    0x78, 0xFF, 0x05, 0x01, 0x61, 0x3C, 0xFF, 0x05, 0x03, 0x67, 0x6F, 0x20, 0x86, 0x0C, 0xFF, 0x05,
    0x01, 0x0A, 0x00, 0xFF, 0x05, 0x04, 0x57, 0x61, 0x73, 0x20, 0x3C, 0xFF, 0x05, 0x03, 0x69, 0x74,
    0x20, 0x78, 0xFF, 0x05, 0x03, 0x69, 0x6E, 0x20, 0x1E, 0xFF, 0x05, 0x02, 0x61, 0x20, 0x1E, 0xFF,
    0x05, 0x07, 0x64, 0x72, 0x65, 0x61, 0x6D, 0x2C, 0x20, 0x89, 0x30, 0xFF, 0x05, 0x01, 0x0A, 0x00,
    0xFF, 0x05, 0x04, 0x57, 0x61, 0x73, 0x20, 0x3C, 0xFF, 0x05, 0x03, 0x69, 0x74, 0x20, 0x78, 0xFF,
    0x05, 0x05, 0x6A, 0x75, 0x73, 0x74, 0x20, 0x3C, 0xFF, 0x05, 0x02, 0x61, 0x20, 0x3C, 0xFF, 0x05,
    0x07, 0x64, 0x72, 0x65, 0x61, 0x6D, 0x3F, 0x20, 0x85, 0x14, 0xFF, 0x05, 0x01, 0x0A, 0x00, 0xFF,
    0x05, 0x02, 0x49, 0x20, 0x3C, 0xFF, 0x05, 0x02, 0x6B, 0x6E, 0x78, 0xFF, 0x05, 0x01, 0x6F, 0x84,
    0x1C, 0xFF, 0x05, 0x03, 0x77, 0x2C, 0x20, 0x82, 0x2C, 0xFF, 0x05, 0x04, 0x79, 0x65, 0x73, 0x20,
    0x78, 0xFF, 0x05, 0x02, 0x49, 0x20, 0x3C, 0xFF, 0x05, 0x05, 0x6B, 0x6E, 0x6F, 0x77, 0x20, 0x85,
    0x50, 0xFF, 0x05, 0x01, 0x0A, 0x00, 0xFF, 0x05, 0x07, 0x53, 0x65, 0x65, 0x6D, 0x65, 0x64, 0x20,
    0x5A, 0xFF, 0x05, 0x03, 0x73, 0x6F, 0x20, 0x5A, 0xFF, 0x05, 0x02, 0x76, 0x65, 0x1E, 0xFF, 0x05,
    0x03, 0x72, 0x79, 0x20, 0x1E, 0xFF, 0x05, 0x06, 0x72, 0x65, 0x61, 0x6C, 0x2C, 0x20, 0x88, 0x74,
    0xFF, 0x05, 0x01, 0x0A, 0x00, 0xFF, 0x05, 0x03, 0x49, 0x74, 0x20, 0x3C, 0xFF, 0x05, 0x07, 0x73,
    0x65, 0x65, 0x6D, 0x65, 0x64, 0x20, 0x78, 0xFF, 0x05, 0x01, 0x0A, 0x00, 0xFF, 0x05, 0x03, 0x53,
    0x6F, 0x20, 0x78, 0xFF, 0x05, 0x05, 0x72, 0x65, 0x61, 0x6C, 0x20, 0x78, 0xFF, 0x05, 0x03, 0x74,
    0x6F, 0x20, 0x3C, 0xFF, 0x05, 0x03, 0x6D, 0x65, 0x20, 0x8B, 0x20, 0xFF, 0x05, 0x01, 0x0A, 0x00,
    0xFF, 0x05, 0x05, 0x54, 0x6F, 0x6F, 0x6B, 0x20, 0x1E, 0xFF, 0x05, 0x02, 0x61, 0x20, 0x1E, 0xFF,
    0x05, 0x05, 0x77, 0x61, 0x6C, 0x6B, 0x20, 0x5A, 0xFF, 0x05, 0x01, 0x0A, 0x00, 0xFF, 0x05, 0x05,
    0x44, 0x6F, 0x77, 0x6E, 0x20, 0x5A, 0xFF, 0x05, 0x04, 0x74, 0x68, 0x65, 0x20, 0x3C, 0xFF, 0x05,
    0x07, 0x73, 0x74, 0x72, 0x65, 0x65, 0x74, 0x20, 0x88, 0x74, 0xFF, 0x05, 0x01, 0x0A, 0x00, 0xFF,
    0x05, 0x05, 0x54, 0x68, 0x72, 0x75, 0x20, 0x1E, 0xFF, 0x05, 0x04, 0x74, 0x68, 0x65, 0x20, 0x1E,
    0xFF, 0x05, 0x05, 0x68, 0x65, 0x61, 0x74, 0x20, 0x5A, 0xFF, 0x05, 0x01, 0x0A, 0x00, 0xFF, 0x05,
    0x04, 0x57, 0x68, 0x69, 0x73, 0x5A, 0xFF, 0x05, 0x06, 0x70, 0x65, 0x72, 0x65, 0x64, 0x20, 0x3C,
    0xFF, 0x05, 0x06, 0x74, 0x72, 0x65, 0x65, 0x73, 0x20, 0x88, 0x74, 0xFF, 0x05, 0x01, 0x0A, 0x00,
    0xFF, 0x05, 0x02, 0x49, 0x20, 0x3C, 0xFF, 0x05, 0x08, 0x74, 0x68, 0x6F, 0x75, 0x67, 0x68, 0x74,
    0x20, 0x5A, 0xFF, 0x05, 0x01, 0x0A, 0x00, 0xFF, 0x05, 0x02, 0x49, 0x20, 0x5A, 0xFF, 0x05, 0x06,
    0x63, 0x6F, 0x75, 0x6C, 0x64, 0x20, 0x3C, 0xFF, 0x05, 0x06, 0x68, 0x65, 0x61, 0x72, 0x2C, 0x20,
    0x87, 0x40, 0xFF, 0x05, 0x06, 0x68, 0x65, 0x61, 0x72, 0x2C, 0x20, 0x87, 0x40, 0xFF, 0x05, 0x01,
    0x0A, 0x00, 0xFF, 0x05, 0x02, 0x48, 0x65, 0x3C, 0xFF, 0x05, 0x04, 0x61, 0x72, 0x2C, 0x20, 0x87,
    0x04, 0xFF, 0x05, 0x02, 0x68, 0x65, 0x3C, 0xFF, 0x05, 0x03, 0x61, 0x72, 0x20, 0x87, 0x40, 0xFF,
    0x05, 0x01, 0x0A, 0x00, 0xFF, 0x05, 0x04, 0x53, 0x6F, 0x6D, 0x65, 0x3C, 0xFF, 0x05, 0x02, 0x62,
    0x6F, 0x3C, 0xFF, 0x05, 0x03, 0x64, 0x79, 0x20, 0x3C, 0xFF, 0x05, 0x05, 0x63, 0x61, 0x6C, 0x6C,
    0x20, 0x5A, 0xFF, 0x05, 0x04, 0x6F, 0x75, 0x74, 0x20, 0x5A, 0xFF, 0x05, 0x01, 0x0A, 0x00, 0xFF,
    0x05, 0x03, 0x4D, 0x79, 0x20, 0x3C, 0xFF, 0x05, 0x05, 0x6E, 0x61, 0x6D, 0x65, 0x20, 0x84, 0x58,
    0xFF, 0x05, 0x01, 0x0A, 0x00, 0xFF, 0x05, 0x03, 0x41, 0x73, 0x20, 0x3C, 0xFF, 0x05, 0x03, 0x69,
    0x74, 0x20, 0x3C, 0xFF, 0x05, 0x04, 0x73, 0x74, 0x61, 0x72, 0x5A, 0xFF, 0x05, 0x04, 0x74, 0x65,
    0x64, 0x20, 0x5A, 0xFF, 0x05, 0x01, 0x0A, 0x00, 0xFF, 0x05, 0x03, 0x54, 0x6F, 0x20, 0x78, 0xFF,
    0x05, 0x05, 0x72, 0x61, 0x69, 0x6E, 0x20, 0x83, 0x60, 0xFF, 0x05, 0x01, 0x0A, 0x00, 0xFF, 0x05,
    0x04, 0x54, 0x77, 0x6F, 0x20, 0x5A, 0xFF, 0x05, 0x03, 0x73, 0x70, 0x69, 0x1E, 0xFF, 0x05, 0x05,
    0x72, 0x69, 0x74, 0x73, 0x20, 0x3C, 0xFF, 0x05, 0x03, 0x64, 0x61, 0x6E, 0x5A, 0xFF, 0x05, 0x05,
    0x63, 0x69, 0x6E, 0x67, 0x20, 0x5A, 0xFF, 0x05, 0x01, 0x0A, 0x00, 0xFF, 0x05, 0x03, 0x53, 0x6F,
    0x20, 0x78, 0xFF, 0x05, 0x08, 0x73, 0x74, 0x72, 0x61, 0x6E, 0x67, 0x65, 0x20, 0x84, 0x1F, 0xFF,
    0x05, 0x01, 0x0A, 0x00, 0xFF, 0x05, 0x03, 0x41, 0x68, 0x20, 0x81, 0x31, 0xFF, 0x05, 0x02, 0x62,
    0x6F, 0x39, 0xFF, 0x05, 0x02, 0x77, 0x61, 0x42, 0xFF, 0x05, 0x02, 0x6B, 0x61, 0x7A, 0xFF, 0x05,
    0x03, 0x77, 0x61, 0x20, 0x79, 0xFF, 0x05, 0x01, 0x0A, 0x00, 0xFF, 0x05, 0x04, 0x50, 0x6F, 0x75,
    0x73, 0x70, 0xFF, 0x05, 0x04, 0x73, 0x65, 0x2C, 0x20, 0x3E, 0xFF, 0x05, 0x04, 0x70, 0x6F, 0x75,
    0x73, 0x3E, 0xFF, 0x05, 0x03, 0x73, 0x65, 0x20, 0x81, 0x35, 0xFF, 0x05, 0x01, 0x0A, 0x00, 0xFF,
    0x05, 0x03, 0x41, 0x68, 0x20, 0x81, 0x31, 0xFF, 0x05, 0x02, 0x62, 0x6F, 0x39, 0xFF, 0x05, 0x02,
    0x77, 0x61, 0x42, 0xFF, 0x05, 0x02, 0x6B, 0x61, 0x7A, 0xFF, 0x05, 0x03, 0x77, 0x61, 0x20, 0x79,
    0xFF, 0x05, 0x01, 0x0A, 0x00, 0xFF, 0x05, 0x04, 0x50, 0x6F, 0x75, 0x73, 0x70, 0xFF, 0x05, 0x04,
    0x73, 0x65, 0x2C, 0x20, 0x3E, 0xFF, 0x05, 0x04, 0x70, 0x6F, 0x75, 0x73, 0x3E, 0xFF, 0x05, 0x03,
    0x73, 0x65, 0x20, 0x81, 0x35, 0xFF, 0x05, 0x01, 0x0A, 0x00, 0xFF, 0x05, 0x03, 0x41, 0x68, 0x20,
    0x81, 0x31, 0xFF, 0x05, 0x02, 0x62, 0x6F, 0x39, 0xFF, 0x05, 0x02, 0x77, 0x61, 0x42, 0xFF, 0x05,
    0x02, 0x6B, 0x61, 0x7A, 0xFF, 0x05, 0x03, 0x77, 0x61, 0x20, 0x79, 0xFF, 0x05, 0x01, 0x0A, 0x00,
    0xFF, 0x05, 0x04, 0x50, 0x6F, 0x75, 0x73, 0x70, 0xFF, 0x05, 0x04, 0x73, 0x65, 0x2C, 0x20, 0x3E,
    0xFF, 0x05, 0x04, 0x70, 0x6F, 0x75, 0x73, 0x3E, 0xFF, 0x05, 0x03, 0x73, 0x65, 0x20, 0x91, 0x2A,
    0xFF, 0x05, 0x01, 0x0A, 0x00, 0xFF, 0x05, 0x03, 0x44, 0x72, 0x65, 0x83, 0x60, 0xFF, 0x05, 0x04,
    0x61, 0x6D, 0x2C, 0x20, 0x82, 0x2C, 0xFF, 0x05, 0x06, 0x64, 0x72, 0x65, 0x61, 0x6D, 0x20, 0x78,
    0xFF, 0x05, 0x02, 0x61, 0x77, 0x3C, 0xFF, 0x05, 0x03, 0x61, 0x79, 0x20, 0x85, 0x50, 0xFF, 0x05,
    0x01, 0x0A, 0x00, 0xFF, 0x05, 0x02, 0x4D, 0x61, 0x3C, 0xFF, 0x05, 0x04, 0x67, 0x69, 0x63, 0x20,
    0x3C, 0xFF, 0x05, 0x03, 0x69, 0x6E, 0x20, 0x3C, 0xFF, 0x05, 0x04, 0x74, 0x68, 0x65, 0x20, 0x3C,
    0xFF, 0x05, 0x05, 0x61, 0x69, 0x72, 0x2C, 0x20, 0x88, 0x74, 0xFF, 0x05, 0x01, 0x0A, 0x00, 0xFF,
    0x05, 0x04, 0x57, 0x61, 0x73, 0x20, 0x3C, 0xFF, 0x05, 0x03, 0x6D, 0x61, 0x67, 0x3C, 0xFF, 0x05,
    0x03, 0x69, 0x63, 0x20, 0x3C, 0xFF, 0x05, 0x03, 0x69, 0x6E, 0x20, 0x3C, 0xFF, 0x05, 0x04, 0x74,
    0x68, 0x65, 0x20, 0x78, 0xFF, 0x05, 0x05, 0x61, 0x69, 0x72, 0x3F, 0x20, 0x85, 0x50, 0xFF, 0x05,
    0x01, 0x0A, 0x00, 0xFF, 0x05, 0x02, 0x49, 0x20, 0x78, 0xFF, 0x05, 0x02, 0x62, 0x65, 0x3C, 0xFF,
    0x05, 0x04, 0x6C, 0x69, 0x65, 0x76, 0x83, 0x60, 0xFF, 0x05, 0x03, 0x65, 0x2C, 0x20, 0x81, 0x70,
    0xFF, 0x05, 0x01, 0x0A, 0x00, 0xFF, 0x05, 0x05, 0x59, 0x65, 0x73, 0x2C, 0x20, 0x5A, 0xFF, 0x05,
    0x02, 0x49, 0x20, 0x5A, 0xFF, 0x05, 0x02, 0x62, 0x65, 0x3C, 0xFF, 0x05, 0x06, 0x6C, 0x69, 0x65,
    0x76, 0x65, 0x20, 0x85, 0x50, 0xFF, 0x05, 0x01, 0x0A, 0x00, 0xFF, 0x05, 0x05, 0x4D, 0x6F, 0x72,
    0x65, 0x20, 0x3C, 0xFF, 0x05, 0x02, 0x49, 0x20, 0x3C, 0xFF, 0x05, 0x03, 0x63, 0x61, 0x6E, 0x3C,
    0xFF, 0x05, 0x04, 0x6E, 0x6F, 0x74, 0x20, 0x78, 0xFF, 0x05, 0x05, 0x73, 0x61, 0x79, 0x2C, 0x20,
    0x88, 0x74, 0xFF, 0x05, 0x01, 0x0A, 0x00, 0xFF, 0x05, 0x05, 0x57, 0x68, 0x61, 0x74, 0x20, 0x78,
    0xFF, 0x05, 0x05, 0x6D, 0x6F, 0x72, 0x65, 0x20, 0x78, 0xFF, 0x05, 0x04, 0x63, 0x61, 0x6E, 0x20,
    0x3C, 0xFF, 0x05, 0x02, 0x49, 0x20, 0x78, 0xFF, 0x05, 0x05, 0x73, 0x61, 0x79, 0x3F, 0x20, 0x8B,
    0x20, 0xFF, 0x05, 0x01, 0x0A, 0x00, 0xFF, 0x05, 0x03, 0x4F, 0x6E, 0x20, 0x1E, 0xFF, 0x05, 0x02,
    0x61, 0x20, 0x1E, 0xFF, 0x05, 0x02, 0x72, 0x69, 0x5A, 0xFF, 0x05, 0x04, 0x76, 0x65, 0x72, 0x20,
    0x5A, 0xFF, 0x05, 0x03, 0x6F, 0x66, 0x20, 0x3C, 0xFF, 0x05, 0x06, 0x73, 0x6F, 0x75, 0x6E, 0x64,
    0x20, 0x88, 0x74, 0xFF, 0x05, 0x01, 0x0A, 0x00, 0xFF, 0x05, 0x05, 0x54, 0x68, 0x72, 0x75, 0x20,
    0x1E, 0xFF, 0x05, 0x04, 0x74, 0x68, 0x65, 0x20, 0x1E, 0xFF, 0x05, 0x03, 0x6D, 0x65, 0x72, 0x5A,
    0xFF, 0x05, 0x03, 0x72, 0x79, 0x20, 0x5A, 0xFF, 0x05, 0x01, 0x0A, 0x00, 0xFF, 0x05, 0x03, 0x47,
    0x6F, 0x20, 0x3C, 0xFF, 0x05, 0x07, 0x72, 0x6F, 0x75, 0x6E, 0x64, 0x2C, 0x20, 0x81, 0x34, 0xFF,
    0x05, 0x06, 0x72, 0x6F, 0x75, 0x6E, 0x64, 0x20, 0x87, 0x40, 0xFF, 0x05, 0x01, 0x0A, 0x00, 0xFF,
    0x05, 0x02, 0x49, 0x20, 0x3C, 0xFF, 0x05, 0x08, 0x74, 0x68, 0x6F, 0x75, 0x67, 0x68, 0x74, 0x20,
    0x5A, 0xFF, 0x05, 0x01, 0x0A, 0x00, 0xFF, 0x05, 0x02, 0x49, 0x20, 0x5A, 0xFF, 0x05, 0x06, 0x63,
    0x6F, 0x75, 0x6C, 0x64, 0x20, 0x3C, 0xFF, 0x05, 0x06, 0x66, 0x65, 0x65, 0x6C, 0x2C, 0x20, 0x87,
    0x40, 0xFF, 0x05, 0x06, 0x66, 0x65, 0x65, 0x6C, 0x2C, 0x20, 0x87, 0x40, 0xFF, 0x05, 0x01, 0x0A,
    0x00, 0xFF, 0x05, 0x02, 0x46, 0x65, 0x3C, 0xFF, 0x05, 0x04, 0x65, 0x6C, 0x2C, 0x20, 0x87, 0x04,
    0xFF, 0x05, 0x02, 0x66, 0x65, 0x3C, 0xFF, 0x05, 0x03, 0x65, 0x6C, 0x20, 0x87, 0x7C, 0xFF, 0x05,
    0x01, 0x0A, 0x00, 0xFF, 0x05, 0x03, 0x4D, 0x75, 0x73, 0x3C, 0xFF, 0x05, 0x03, 0x69, 0x63, 0x20,
    0x3C, 0xFF, 0x05, 0x04, 0x74, 0x6F, 0x75, 0x63, 0x5A, 0xFF, 0x05, 0x05, 0x68, 0x69, 0x6E, 0x67,
    0x20, 0x5A, 0xFF, 0x05, 0x01, 0x0A, 0x00, 0xFF, 0x05, 0x03, 0x4D, 0x79, 0x20, 0x78, 0xFF, 0x05,
    0x06, 0x73, 0x6F, 0x75, 0x6C, 0x2C, 0x20, 0x84, 0x1C, 0xFF, 0x05, 0x01, 0x0A, 0x00, 0xFF, 0x05,
    0x04, 0x53, 0x6F, 0x6D, 0x65, 0x3C, 0xFF, 0x05, 0x06, 0x74, 0x68, 0x69, 0x6E, 0x67, 0x20, 0x3C,
    0xFF, 0x05, 0x06, 0x77, 0x61, 0x72, 0x6D, 0x2C, 0x20, 0x5A, 0xFF, 0x05, 0x01, 0x0A, 0x00, 0xFF,
    0x05, 0x03, 0x53, 0x75, 0x64, 0x5A, 0xFF, 0x05, 0x04, 0x64, 0x65, 0x6E, 0x20, 0x3C, 0xFF, 0x05,
    0x05, 0x63, 0x6F, 0x6C, 0x64, 0x20, 0x84, 0x1C, 0xFF, 0x05, 0x01, 0x0A, 0x00, 0xFF, 0x05, 0x04,
    0x54, 0x68, 0x65, 0x20, 0x3C, 0xFF, 0x05, 0x03, 0x73, 0x70, 0x69, 0x3C, 0xFF, 0x05, 0x04, 0x72,
    0x69, 0x74, 0x20, 0x3C, 0xFF, 0x05, 0x06, 0x64, 0x61, 0x6E, 0x63, 0x65, 0x20, 0x5A, 0xFF, 0x05,
    0x01, 0x0A, 0x00, 0xFF, 0x05, 0x04, 0x57, 0x61, 0x73, 0x20, 0x5A, 0xFF, 0x05, 0x02, 0x75, 0x6E,
    0x3C, 0xFF, 0x05, 0x03, 0x66, 0x6F, 0x6C, 0x81, 0x34, 0xFF, 0x05, 0x05, 0x64, 0x69, 0x6E, 0x67,
    0x20, 0x83, 0x27, 0xFF, 0x05, 0x01, 0x0A, 0x00, 0xFF, 0x05, 0x03, 0x41, 0x68, 0x20, 0x81, 0x31,
    0xFF, 0x05, 0x02, 0x62, 0x6F, 0x39, 0xFF, 0x05, 0x02, 0x77, 0x61, 0x42, 0xFF, 0x05, 0x02, 0x6B,
    0x61, 0x7A, 0xFF, 0x05, 0x03, 0x77, 0x61, 0x20, 0x79, 0xFF, 0x05, 0x01, 0x0A, 0x00, 0xFF, 0x05,
    0x04, 0x50, 0x6F, 0x75, 0x73, 0x70, 0xFF, 0x05, 0x04, 0x73, 0x65, 0x2C, 0x20, 0x3E, 0xFF, 0x05,
    0x04, 0x70, 0x6F, 0x75, 0x73, 0x3E, 0xFF, 0x05, 0x03, 0x73, 0x65, 0x20, 0x81, 0x35, 0xFF, 0x05,
    0x01, 0x0A, 0x00, 0xFF, 0x05, 0x03, 0x41, 0x68, 0x20, 0x81, 0x31, 0xFF, 0x05, 0x02, 0x62, 0x6F,
    0x39, 0xFF, 0x05, 0x02, 0x77, 0x61, 0x42, 0xFF, 0x05, 0x02, 0x6B, 0x61, 0x7A, 0xFF, 0x05, 0x03,
    0x77, 0x61, 0x20, 0x79, 0xFF, 0x05, 0x01, 0x0A, 0x00, 0xFF, 0x05, 0x04, 0x50, 0x6F, 0x75, 0x73,
    0x70, 0xFF, 0x05, 0x04, 0x73, 0x65, 0x2C, 0x20, 0x3E, 0xFF, 0x05, 0x04, 0x70, 0x6F, 0x75, 0x73,
    0x3E, 0xFF, 0x05, 0x03, 0x73, 0x65, 0x20, 0x81, 0x35, 0xFF, 0x05, 0x01, 0x0A, 0x00, 0xFF, 0x05,
    0x03, 0x41, 0x68, 0x20, 0x81, 0x31, 0xFF, 0x05, 0x02, 0x62, 0x6F, 0x39, 0xFF, 0x05, 0x02, 0x77,
    0x61, 0x42, 0xFF, 0x05, 0x02, 0x6B, 0x61, 0x7A, 0xFF, 0x05, 0x03, 0x77, 0x61, 0x20, 0x79, 0xFF,
    0x05, 0x01, 0x0A, 0x00, 0xFF, 0x05, 0x04, 0x50, 0x6F, 0x75, 0x73, 0x70, 0xFF, 0x05, 0x04, 0x73,
    0x65, 0x2C, 0x20, 0x3E, 0xFF, 0x05, 0x04, 0x70, 0x6F, 0x75, 0x73, 0x3E, 0xFF, 0x05, 0x03, 0x73,
    0x65, 0x20, 0x92, 0x25, 0xFF, 0x05, 0x01, 0x0A, 0x00, 0xFF, 0x05, 0x03, 0x41, 0x68, 0x20, 0x81,
    0x31, 0xFF, 0x05, 0x02, 0x62, 0x6F, 0x39, 0xFF, 0x05, 0x02, 0x77, 0x61, 0x42, 0xFF, 0x05, 0x02,
    0x6B, 0x61, 0x7A, 0xFF, 0x05, 0x03, 0x77, 0x61, 0x20, 0x79, 0xFF, 0x05, 0x01, 0x0A, 0x00, 0xFF,
    0x05, 0x04, 0x50, 0x6F, 0x75, 0x73, 0x70, 0xFF, 0x05, 0x04, 0x73, 0x65, 0x2C, 0x20, 0x3E, 0xFF,
    0x05, 0x04, 0x70, 0x6F, 0x75, 0x73, 0x3E, 0xFF, 0x05, 0x03, 0x73, 0x65, 0x20, 0x81, 0x35, 0xFF,
    0x05, 0x01, 0x0A, 0x00, 0xFF, 0x05, 0x03, 0x41, 0x68, 0x20, 0x81, 0x31, 0xFF, 0x05, 0x02, 0x62,
    0x6F, 0x39, 0xFF, 0x05, 0x02, 0x77, 0x61, 0x42, 0xFF, 0x05, 0x02, 0x6B, 0x61, 0x7A, 0xFF, 0x05,
    0x03, 0x77, 0x61, 0x20, 0x79, 0xFF, 0x05, 0x01, 0x0A, 0x00, 0xFF, 0x05, 0x04, 0x50, 0x6F, 0x75,
    0x73, 0x70, 0xFF, 0x05, 0x04, 0x73, 0x65, 0x2C, 0x20, 0x3E, 0xFF, 0x05, 0x04, 0x70, 0x6F, 0x75,
    0x73, 0x3E, 0xFF, 0x05, 0x03, 0x73, 0x65, 0x20, 0x81, 0x35, 0xFF, 0x05, 0x01, 0x0A, 0x00, 0xFF,
    0x05, 0x03, 0x41, 0x68, 0x20, 0x81, 0x31, 0xFF, 0x05, 0x02, 0x62, 0x6F, 0x39, 0xFF, 0x05, 0x02,
    0x77, 0x61, 0x42, 0xFF, 0x05, 0x02, 0x6B, 0x61, 0x7A, 0xFF, 0x05, 0x03, 0x77, 0x61, 0x20, 0x79,
    0xFF, 0x05, 0x01, 0x0A, 0x00, 0xFF, 0x05, 0x04, 0x50, 0x6F, 0x75, 0x73, 0x70, 0xFF, 0x05, 0x04,
    0x73, 0x65, 0x2C, 0x20, 0x3E, 0xFF, 0x05, 0x04, 0x70, 0x6F, 0x75, 0x73, 0x3E, 0xFF, 0x05, 0x03,
    0x73, 0x65, 0x20, 0x81, 0x35, 0xFF, 0x05, 0x01, 0x0A, 0x00, 0xFF, 0x05, 0x03, 0x41, 0x68, 0x20,
    0x81, 0x31, 0xFF, 0x05, 0x02, 0x62, 0x6F, 0x39, 0xFF, 0x05, 0x02, 0x77, 0x61, 0x42, 0xFF, 0x05,
    0x02, 0x6B, 0x61, 0x7A, 0xFF, 0x05, 0x03, 0x77, 0x61, 0x20, 0x79, 0xFF, 0x05, 0x01, 0x0A, 0x00,
    0xFF, 0x05, 0x04, 0x50, 0x6F, 0x75, 0x73, 0x70, 0xFF, 0x05, 0x04, 0x73, 0x65, 0x2C, 0x20, 0x3E,
    0xFF, 0x05, 0x04, 0x70, 0x6F, 0x75, 0x73, 0x3E, 0xFF, 0x05, 0x03, 0x73, 0x65, 0x20, 0x81, 0x35,
    0xFF, 0x05, 0x01, 0x0A, 0x00, 0xFF, 0x05, 0x03, 0x41, 0x68, 0x20, 0x81, 0x31, 0xFF, 0x05, 0x02,
    0x62, 0x6F, 0x39, 0xFF, 0x05, 0x02, 0x77, 0x61, 0x42, 0xFF, 0x05, 0x02, 0x6B, 0x61, 0x7A, 0xFF,
    0x05, 0x03, 0x77, 0x61, 0x20, 0x79, 0xFF, 0x05, 0x01, 0x0A, 0x00, 0xFF, 0x05, 0x04, 0x50, 0x6F,
    0x75, 0x73, 0x70, 0xFF, 0x05, 0x04, 0x73, 0x65, 0x2C, 0x20, 0x3E, 0xFF, 0x05, 0x04, 0x70, 0x6F,
    0x75, 0x73, 0x3E, 0xFF, 0x05, 0x03, 0x73, 0x65, 0x20, 0x81, 0x35, 0xFF, 0x05, 0x01, 0x0A, 0x00,
    0xFF, 0x05, 0x03, 0x41, 0x68, 0x20, 0x81, 0x31, 0xFF, 0x05, 0x02, 0x62, 0x6F, 0x39, 0xFF, 0x05,
    0x02, 0x77, 0x61, 0x42, 0xFF, 0x05, 0x02, 0x6B, 0x61, 0x7A, 0xFF, 0x05, 0x03, 0x77, 0x61, 0x20,
    0x79, 0xFF, 0x05, 0x01, 0x0A, 0x00, 0xFF, 0x05, 0x04, 0x50, 0x6F, 0x75, 0x73, 0x70, 0xFF, 0x05,
    0x04, 0x73, 0x65, 0x2C, 0x20, 0x3E, 0xFF, 0x05, 0x04, 0x70, 0x6F, 0x75, 0x73, 0x3E, 0xFF, 0x05,
    0x03, 0x73, 0x65, 0x20, 0x81, 0x35, 0xFF, 0x05, 0x01, 0x0A, 0x00, 0xFF, 0x05, 0x03, 0x41, 0x68,
    0x20, 0x81, 0x31, 0xFF, 0x05, 0x02, 0x62, 0x6F, 0x39, 0xFF, 0x05, 0x02, 0x77, 0x61, 0x42, 0xFF,
    0x05, 0x02, 0x6B, 0x61, 0x7A, 0xFF, 0x05, 0x03, 0x77, 0x61, 0x20, 0x79, 0xFF, 0x05, 0x01, 0x0A,
    0x00, 0xFF, 0x05, 0x04, 0x50, 0x6F, 0x75, 0x73, 0x70, 0xFF, 0x05, 0x04, 0x73, 0x65, 0x2C, 0x20,
    0x3E, 0xFF, 0x05, 0x04, 0x70, 0x6F, 0x75, 0x73, 0x3E, 0xFF, 0x05, 0x03, 0x73, 0x65, 0x20, 0x81,
    0x35, 0xFF, 0x05, 0x01, 0x0A, 0x00, 0xFF, 0x05, 0x03, 0x41, 0x68, 0x20, 0x81, 0x31, 0xFF, 0x05,
    0x02, 0x62, 0x6F, 0x39, 0xFF, 0x05, 0x02, 0x77, 0x61, 0x42, 0xFF, 0x05, 0x02, 0x6B, 0x61, 0x7A,
    0xFF, 0x05, 0x03, 0x77, 0x61, 0x20, 0x79, 0xFF, 0x05, 0x01, 0x0A, 0x00, 0xFF, 0x05, 0x04, 0x50,
    0x6F, 0x75, 0x73, 0x70, 0xFF, 0x05, 0x04, 0x73, 0x65, 0x2C, 0x20, 0x3E, 0xFF, 0x05, 0x04, 0x70,
    0x6F, 0x75, 0x73, 0x3E, 0xFF, 0x05, 0x03, 0x73, 0x65, 0x20, 0x81, 0x35, 0xFF, 0x05, 0x01, 0x0A,
    0x00, 0xFF, 0x05, 0x03, 0x41, 0x68, 0x20, 0x81, 0x31, 0xFF, 0x05, 0x02, 0x62, 0x6F, 0x39, 0xFF,
    0x05, 0x02, 0x77, 0x61, 0x42, 0xFF, 0x05, 0x02, 0x6B, 0x61, 0x7A, 0xFF, 0x05, 0x03, 0x77, 0x61,
    0x20, 0x79, 0xFF, 0x05, 0x01, 0x0A, 0x00, 0xFF, 0x05, 0x04, 0x50, 0x6F, 0x75, 0x73, 0x70, 0xFF,
    0x05, 0x04, 0x73, 0x65, 0x2C, 0x20, 0x3E, 0xFF, 0x05, 0x04, 0x70, 0x6F, 0x75, 0x73, 0x3E, 0xFF,
    0x05, 0x03, 0x73, 0x65, 0x20, 0x81, 0x35, 0xFF, 0x05, 0x01, 0x0A, 0x00, 0xFF, 0x05, 0x03, 0x41,
    0x68, 0x20, 0x81, 0x31, 0xFF, 0x05, 0x02, 0x62, 0x6F, 0x39, 0xFF, 0x05, 0x02, 0x77, 0x61, 0x42,
    0xFF, 0x05, 0x02, 0x6B, 0x61, 0x7A, 0xFF, 0x05, 0x03, 0x77, 0x61, 0x20, 0x79, 0xFF, 0x05, 0x01,
    0x0A, 0x00, 0xFF, 0x05, 0x04, 0x50, 0x6F, 0x75, 0x73, 0x70, 0xFF, 0x05, 0x04, 0x73, 0x65, 0x2C,
    0x20, 0x3E, 0xFF, 0x05, 0x04, 0x70, 0x6F, 0x75, 0x73, 0x3E, 0xFF, 0x05, 0x05, 0x73, 0x65, 0x2E,
    0x2E, 0x20, 0x00, 0xFF, 0x2F, 0x00,
};
static const uint32_t EMBEDDED_MIDI_SONG_2_len = 73830;

/* 027720 - Itchyworms - Beer */
static const uint8_t EMBEDDED_MIDI_SONG_3[] = {
    0x4D, 0x54, 0x68, 0x64, 0x00, 0x00, 0x00, 0x06, 0x00, 0x01, 0x00, 0x14, 0x00, 0x78, 0x4D, 0x54,
    0x72, 0x6B, 0x00, 0x00, 0x01, 0x0B, 0x00, 0xFF, 0x21, 0x01, 0x00, 0x00, 0xF0, 0x0A, 0x41, 0x10,
    0x42, 0x12, 0x40, 0x00, 0x7F, 0x00, 0x41, 0xF7, 0x00, 0xFF, 0x21, 0x01, 0x00, 0x00, 0xF0, 0x0A,
    0x41, 0x10, 0x42, 0x12, 0x40, 0x1A, 0x15, 0x02, 0x0F, 0xF7, 0x00, 0xFF, 0x21, 0x01, 0x00, 0x00,
    0xF0, 0x0A, 0x41, 0x10, 0x42, 0x12, 0x40, 0x01, 0x33, 0x40, 0x4C, 0xF7, 0x00, 0xFF, 0x21, 0x01,
    0x01, 0x00, 0xF0, 0x0A, 0x41, 0x10, 0x42, 0x12, 0x40, 0x00, 0x7F, 0x00, 0x41, 0xF7, 0x00, 0xFF,
    0x21, 0x01, 0x01, 0x00, 0xF0, 0x0A, 0x41, 0x10, 0x42, 0x12, 0x40, 0x1A, 0x15, 0x02, 0x0F, 0xF7,
    0x00, 0xFF, 0x21, 0x01, 0x01, 0x00, 0xF0, 0x0A, 0x41, 0x10, 0x42, 0x12, 0x40, 0x01, 0x33, 0x40,
    0x4C, 0xF7, 0x00, 0xFF, 0x21, 0x01, 0x00, 0x00, 0xFF, 0x58, 0x04, 0x04, 0x02, 0x18, 0x08, 0x00,
    0xFF, 0x59, 0x02, 0x01, 0x00, 0x00, 0xFF, 0x51, 0x03, 0x07, 0xA1, 0x20, 0x00, 0xFF, 0x06, 0x11,
    0x42, 0x45, 0x45, 0x52, 0x20, 0x28, 0x49, 0x74, 0x63, 0x68, 0x79, 0x77, 0x6F, 0x72, 0x6D, 0x73,
    0x29, 0x85, 0x50, 0xFF, 0x51, 0x03, 0x0A, 0xC5, 0x5A, 0x83, 0xAD, 0x30, 0xFF, 0x51, 0x03, 0x0B,
    0x71, 0xB0, 0x81, 0x70, 0xFF, 0x51, 0x03, 0x0C, 0x35, 0x00, 0x85, 0x50, 0xFF, 0x51, 0x03, 0x0D,
    0x76, 0xB1, 0x8E, 0x08, 0xFF, 0x51, 0x03, 0x0B, 0x71, 0xB0, 0x78, 0xFF, 0x58, 0x04, 0x02, 0x02,
    0x18, 0x08, 0x00, 0xFF, 0x59, 0x02, 0x00, 0x00, 0x81, 0x70, 0xFF, 0x58, 0x04, 0x04, 0x02, 0x18,
    0x08, 0x00, 0xFF, 0x51, 0x03, 0x0A, 0xC5, 0x5A, 0x8B, 0x20, 0xFF, 0x51, 0x03, 0x0B, 0x71, 0xB0,
    0x78, 0xFF, 0x51, 0x03, 0x0C, 0x35, 0x00, 0x78, 0xFF, 0x51, 0x03, 0x0D, 0x14, 0x37, 0x78, 0xFF,
    0x51, 0x03, 0x0F, 0x42, 0x40, 0x84, 0x58, 0xFF, 0x51, 0x03, 0x0A, 0xC5, 0x5A, 0x00, 0xFF, 0x2F,
    0x00, 0x4D, 0x54, 0x72, 0x6B, 0x00, 0x00, 0x00, 0x68, 0x00, 0xFF, 0x21, 0x01, 0x0C, 0x00, 0xFF,
    0x03, 0x0E, 0x45, 0x66, 0x66, 0x65, 0x63, 0x74, 0x20, 0x43, 0x6F, 0x6E, 0x74, 0x72, 0x6F, 0x6C,
    0x02, 0xB3, 0x29, 0x04, 0x02, 0x2A, 0x04, 0x02, 0x2B, 0x00, 0x02, 0x2C, 0x72, 0x02, 0x2D, 0x48,
    0x02, 0x2E, 0x00, 0x02, 0x2F, 0x00, 0x02, 0xE3, 0x00, 0x40, 0x02, 0xB3, 0x63, 0x38, 0x02, 0x62,
    0x29, 0x02, 0x06, 0x7F, 0x02, 0x63, 0x38, 0x02, 0x62, 0x31, 0x02, 0x06, 0x7F, 0x02, 0x63, 0x38,
    0x02, 0x62, 0x28, 0x02, 0x06, 0x7F, 0x02, 0x63, 0x38, 0x02, 0x62, 0x30, 0x02, 0x06, 0x7F, 0x02,
    0xE3, 0x00, 0x40, 0x02, 0xB3, 0x63, 0x37, 0x02, 0x62, 0x56, 0x02, 0x06, 0x00, 0x00, 0xFF, 0x2F,
    0x00, 0x4D, 0x54, 0x72, 0x6B, 0x00, 0x00, 0x00, 0xAA, 0x00, 0xFF, 0x21, 0x01, 0x0D, 0x00, 0xFF,
    0x03, 0x0C, 0x50, 0x6F, 0x72, 0x74, 0x20, 0x43, 0x6F, 0x6E, 0x74, 0x72, 0x6F, 0x6C, 0x02, 0xB3,
    0x63, 0x38, 0x02, 0x62, 0x00, 0x02, 0x06, 0x01, 0x02, 0x63, 0x38, 0x02, 0x62, 0x01, 0x02, 0x06,
    0x01, 0x02, 0x63, 0x38, 0x02, 0x62, 0x02, 0x02, 0x06, 0x01, 0x02, 0x63, 0x38, 0x02, 0x62, 0x03,
    0x02, 0x06, 0x01, 0x02, 0x63, 0x38, 0x02, 0x62, 0x04, 0x02, 0x06, 0x01, 0x02, 0x63, 0x38, 0x02,
    0x62, 0x05, 0x02, 0x06, 0x01, 0x02, 0x63, 0x38, 0x02, 0x62, 0x06, 0x02, 0x06, 0x01, 0x02, 0x63,
    0x38, 0x02, 0x62, 0x07, 0x02, 0x06, 0x01, 0x02, 0x63, 0x38, 0x02, 0x62, 0x08, 0x02, 0x06, 0x01,
    0x02, 0x63, 0x38, 0x02, 0x62, 0x09, 0x02, 0x06, 0x01, 0x02, 0x63, 0x38, 0x02, 0x62, 0x0A, 0x02,
    0x06, 0x01, 0x02, 0x63, 0x38, 0x02, 0x62, 0x0B, 0x02, 0x06, 0x01, 0x02, 0x63, 0x38, 0x02, 0x62,
    0x0C, 0x02, 0x06, 0x01, 0x02, 0x63, 0x38, 0x02, 0x62, 0x0D, 0x02, 0x06, 0x01, 0x02, 0x63, 0x38,
    0x02, 0x62, 0x0E, 0x02, 0x06, 0x01, 0x02, 0x63, 0x38, 0x02, 0x62, 0x0F, 0x02, 0x06, 0x01, 0x00,
    0xFF, 0x2F, 0x00, 0x4D, 0x54, 0x72, 0x6B, 0x00, 0x00, 0x04, 0x0D, 0x00, 0xFF, 0x21, 0x01, 0x0F,
    0x00, 0xFF, 0x03, 0x0A, 0x4D, 0x2F, 0x47, 0x2F, 0x32, 0x2F, 0x52, 0x4F, 0x43, 0x4B, 0x93, 0x58,
    0xC3, 0x00, 0x87, 0x40, 0x02, 0x78, 0x02, 0x78, 0x02, 0x78, 0x02, 0x5A, 0x02, 0x1E, 0x02, 0x5A,
    0x02, 0x1E, 0x02, 0x82, 0x68, 0x02, 0x78, 0x02, 0x81, 0x34, 0x02, 0x3C, 0x02, 0x81, 0x34, 0x02,
    0x3C, 0x02, 0x82, 0x68, 0x02, 0x78, 0x02, 0x78, 0x02, 0x78, 0x02, 0x5A, 0x02, 0x1E, 0x02, 0x5A,
    0x02, 0x1E, 0x02, 0x82, 0x68, 0x02, 0x3C, 0x02, 0x3C, 0x02, 0x81, 0x34, 0x02, 0x3C, 0x02, 0x84,
    0x58, 0x02, 0x78, 0x02, 0x78, 0x02, 0x78, 0x02, 0x5A, 0x02, 0x1E, 0x02, 0x3C, 0x02, 0x3C, 0x02,
    0x3C, 0x02, 0x3C, 0x02, 0x3C, 0x02, 0x3C, 0x02, 0x5A, 0x02, 0x1E, 0x02, 0x5A, 0x02, 0x1E, 0x02,
    0x3C, 0x02, 0x3C, 0x02, 0x3C, 0x02, 0x3C, 0x02, 0x81, 0x70, 0x02, 0x81, 0x34, 0x02, 0x1E, 0x02,
    0x1E, 0x02, 0x3C, 0x02, 0x83, 0x06, 0x02, 0x1E, 0x02, 0x5A, 0x02, 0x1E, 0x02, 0x3C, 0x02, 0x3C,
    0x02, 0x3C, 0x02, 0x3C, 0x02, 0x3C, 0x02, 0x3C, 0x02, 0x5A, 0x02, 0x1E, 0x02, 0x5A, 0x02, 0x1E,
    0x02, 0x3C, 0x02, 0x3C, 0x02, 0x3C, 0x02, 0x3C, 0x02, 0x5A, 0x02, 0x5A, 0x02, 0x3C, 0x02, 0x5A,
    0x02, 0x5A, 0x02, 0x3C, 0x02, 0x81, 0x70, 0x02, 0x81, 0x70, 0x02, 0x81, 0x70, 0x02, 0x83, 0x60,
    0x02, 0x3C, 0x02, 0x3C, 0x02, 0x3C, 0x02, 0x3C, 0x02, 0x81, 0x34, 0x02, 0x78, 0x02, 0x82, 0x2C,
    0x02, 0x78, 0x02, 0x78, 0x02, 0x78, 0x02, 0x3C, 0x02, 0x3C, 0x02, 0x3C, 0x02, 0x1E, 0x02, 0x5A,
    0x02, 0x3C, 0x02, 0x3C, 0x02, 0x1E, 0x02, 0x5A, 0x02, 0x81, 0x70, 0x02, 0x3C, 0x02, 0x3C, 0x02,
    0x1E, 0x02, 0x5A, 0x02, 0x3C, 0x02, 0x3C, 0x02, 0x1E, 0x02, 0x5A, 0x02, 0x3C, 0x02, 0x3C, 0x02,
    0x1E, 0x02, 0x5A, 0x02, 0x82, 0x68, 0x02, 0x3C, 0x02, 0x5A, 0x02, 0x5A, 0x02, 0x3C, 0x02, 0x5A,
    0x02, 0x5A, 0x02, 0x3C, 0x02, 0x5A, 0x02, 0x5A, 0x02, 0x3C, 0x02, 0x5A, 0x02, 0x5A, 0x02, 0x78,
    0x02, 0x83, 0x06, 0x02, 0x1E, 0x02, 0x81, 0x52, 0x02, 0x1E, 0x02, 0x81, 0x34, 0x02, 0x3C, 0x02,
    0x81, 0x34, 0x02, 0x3C, 0x02, 0x81, 0x34, 0x02, 0x3C, 0x02, 0x81, 0x34, 0x02, 0x3C, 0x02, 0x81,
    0x34, 0x02, 0x3C, 0x02, 0x81, 0x34, 0x02, 0x3C, 0x02, 0x78, 0x02, 0x78, 0x02, 0x5A, 0x02, 0x1E,
    0x02, 0x82, 0x2C, 0x02, 0x3C, 0x02, 0x81, 0x34, 0x02, 0x3C, 0x02, 0x81, 0x34, 0x02, 0x3C, 0x02,
    0x81, 0x34, 0x02, 0x3C, 0x02, 0x81, 0x34, 0x02, 0x3C, 0x02, 0x81, 0x34, 0x02, 0x3C, 0x02, 0x78,
    0x02, 0x78, 0x02, 0x78, 0x02, 0x5A, 0x02, 0x1E, 0x02, 0x81, 0x34, 0x02, 0x3C, 0x02, 0x81, 0x34,
    0x02, 0x1E, 0x02, 0x81, 0x70, 0x02, 0x1E, 0x02, 0x81, 0x34, 0x02, 0x1E, 0x02, 0x81, 0x52, 0x02,
    0x1E, 0x02, 0x1E, 0x02, 0x81, 0x34, 0x02, 0x1E, 0x02, 0x1E, 0x02, 0x3C, 0x02, 0x3C, 0x02, 0x3C,
    0x02, 0x1E, 0x02, 0x83, 0x42, 0x02, 0x3C, 0x02, 0x5A, 0x02, 0x1E, 0x02, 0x3C, 0x02, 0x3C, 0x02,
    0x3C, 0x02, 0x3C, 0x02, 0x3C, 0x02, 0x3C, 0x02, 0x93, 0x58, 0x02, 0x78, 0x02, 0x78, 0x02, 0x78,
    0x02, 0x5A, 0x02, 0x1E, 0x02, 0x5A, 0x02, 0x1E, 0x02, 0x82, 0x68, 0x02, 0x78, 0x02, 0x78, 0x02,
    0x78, 0x02, 0x81, 0x52, 0x02, 0x1E, 0x02, 0x82, 0x68, 0x02, 0x78, 0x02, 0x78, 0x02, 0x78, 0x02,
    0x5A, 0x02, 0x1E, 0x02, 0x5A, 0x02, 0x1E, 0x02, 0x82, 0x68, 0x02, 0x78, 0x02, 0x78, 0x02, 0x78,
    0x02, 0x81, 0x34, 0x02, 0x3C, 0x02, 0x3C, 0x02, 0x82, 0x2C, 0x02, 0x78, 0x02, 0x78, 0x02, 0x78,
    0x02, 0x3C, 0x02, 0x3C, 0x02, 0x3C, 0x02, 0x3C, 0x02, 0x3C, 0x02, 0x3C, 0x02, 0x5A, 0x02, 0x1E,
    0x02, 0x3C, 0x02, 0x3C, 0x02, 0x3C, 0x02, 0x3C, 0x02, 0x3C, 0x02, 0x3C, 0x02, 0x3C, 0x02, 0x3C,
    0x02, 0x78, 0x02, 0x78, 0x02, 0x5A, 0x02, 0x5A, 0x02, 0x3C, 0x02, 0x3C, 0x02, 0x83, 0x06, 0x02,
    0x1E, 0x02, 0x3C, 0x02, 0x3C, 0x02, 0x3C, 0x02, 0x3C, 0x02, 0x3C, 0x02, 0x1E, 0x02, 0x5A, 0x02,
    0x3C, 0x02, 0x3C, 0x02, 0x3C, 0x02, 0x3C, 0x02, 0x1E, 0x02, 0x5A, 0x02, 0x1E, 0x02, 0x5A, 0x02,
    0x3C, 0x02, 0x5A, 0x02, 0x5A, 0x02, 0x3C, 0x02, 0x5A, 0x02, 0x5A, 0x02, 0x3C, 0x02, 0x81, 0x70,
    0x02, 0x81, 0x34, 0x02, 0x3C, 0x02, 0x81, 0x34, 0x02, 0x3C, 0x02, 0x81, 0x34, 0x02, 0x3C, 0x02,
    0x81, 0x34, 0x02, 0x3C, 0x02, 0x81, 0x34, 0x02, 0x3C, 0x02, 0x81, 0x34, 0x02, 0x3C, 0x02, 0x78,
    0x02, 0x78, 0x02, 0x5A, 0x02, 0x1E, 0x02, 0x82, 0x2C, 0x02, 0x3C, 0x02, 0x81, 0x34, 0x02, 0x3C,
    0x02, 0x81, 0x34, 0x02, 0x3C, 0x02, 0x81, 0x34, 0x02, 0x3C, 0x02, 0x81, 0x34, 0x02, 0x3C, 0x02,
    0x81, 0x34, 0x02, 0x3C, 0x02, 0x78, 0x02, 0x78, 0x02, 0x78, 0x02, 0x5A, 0x02, 0x1E, 0x02, 0x81,
    0x34, 0x02, 0x3C, 0x02, 0x81, 0x34, 0x02, 0x1E, 0x02, 0x81, 0x70, 0x02, 0x1E, 0x02, 0x81, 0x34,
    0x02, 0x1E, 0x02, 0x81, 0x52, 0x02, 0x1E, 0x02, 0x1E, 0x02, 0x81, 0x34, 0x02, 0x1E, 0x02, 0x1E,
    0x02, 0x3C, 0x02, 0x3C, 0x02, 0x3C, 0x02, 0x1E, 0x02, 0x83, 0x42, 0x02, 0x3C, 0x02, 0x5A, 0x02,
    0x1E, 0x02, 0x3C, 0x02, 0x3C, 0x02, 0x3C, 0x02, 0x3C, 0x02, 0x3C, 0x02, 0x3C, 0x03, 0x9E, 0x00,
    0x00, 0x87, 0x40, 0x02, 0x81, 0x70, 0x02, 0x83, 0x60, 0x02, 0x3C, 0x02, 0x3C, 0x02, 0x3C, 0x02,
    0x3C, 0x02, 0x81, 0x34, 0x02, 0x78, 0x02, 0x82, 0x2C, 0x02, 0x78, 0x02, 0x78, 0x02, 0x78, 0x02,
    0x3C, 0x02, 0x3C, 0x02, 0x3C, 0x02, 0x1E, 0x02, 0x5A, 0x02, 0x3C, 0x02, 0x3C, 0x02, 0x1E, 0x02,
    0x5A, 0x02, 0x81, 0x70, 0x02, 0x3C, 0x02, 0x3C, 0x02, 0x1E, 0x02, 0x5A, 0x02, 0x3C, 0x02, 0x3C,
    0x02, 0x1E, 0x02, 0x5A, 0x02, 0x3C, 0x02, 0x3C, 0x02, 0x1E, 0x02, 0x5A, 0x02, 0x82, 0x68, 0x02,
    0x3C, 0x02, 0x5A, 0x02, 0x5A, 0x02, 0x3C, 0x02, 0x5A, 0x02, 0x5A, 0x02, 0x3C, 0x02, 0x5A, 0x02,
    0x5A, 0x02, 0x3C, 0x02, 0x5A, 0x02, 0x5A, 0x02, 0x78, 0x02, 0x83, 0x06, 0x02, 0x1E, 0x02, 0x81,
    0x52, 0x02, 0x1E, 0x02, 0x81, 0x34, 0x02, 0x3C, 0x02, 0x81, 0x34, 0x02, 0x3C, 0x02, 0x81, 0x34,
    0x02, 0x3C, 0x02, 0x81, 0x34, 0x02, 0x3C, 0x02, 0x81, 0x34, 0x02, 0x3C, 0x02, 0x81, 0x34, 0x02,
    0x3C, 0x02, 0x78, 0x02, 0x78, 0x02, 0x5A, 0x02, 0x1E, 0x02, 0x82, 0x2C, 0x02, 0x3C, 0x02, 0x81,
    0x34, 0x02, 0x3C, 0x02, 0x81, 0x34, 0x02, 0x3C, 0x02, 0x81, 0x34, 0x02, 0x3C, 0x02, 0x81, 0x34,
    0x02, 0x3C, 0x02, 0x81, 0x34, 0x02, 0x3C, 0x02, 0x78, 0x02, 0x78, 0x02, 0x78, 0x02, 0x5A, 0x02,
    0x1E, 0x02, 0x81, 0x34, 0x02, 0x3C, 0x02, 0x81, 0x34, 0x02, 0x1E, 0x02, 0x81, 0x70, 0x02, 0x1E,
    0x02, 0x81, 0x34, 0x02, 0x1E, 0x02, 0x81, 0x52, 0x02, 0x1E, 0x02, 0x1E, 0x02, 0x81, 0x34, 0x02,
    0x1E, 0x02, 0x1E, 0x02, 0x3C, 0x02, 0x3C, 0x02, 0x3C, 0x02, 0x1E, 0x02, 0x83, 0x42, 0x02, 0x3C,
    0x02, 0x5A, 0x02, 0x1E, 0x02, 0x82, 0x2C, 0x02, 0x3C, 0x02, 0x5A, 0x02, 0x1E, 0x02, 0x82, 0x2C,
    0x02, 0x3C, 0x02, 0x5A, 0x02, 0x1E, 0x02, 0x3C, 0x02, 0x3C, 0x02, 0x84, 0x58, 0x02, 0x78, 0x02,
    0x78, 0x02, 0x78, 0x03, 0x01, 0xFF, 0x2F, 0x00, 0x4D, 0x54, 0x72, 0x6B, 0x00, 0x00, 0x0F, 0x06,
    0x00, 0xFF, 0x21, 0x01, 0x00, 0x00, 0xFF, 0x03, 0x03, 0x33, 0x33, 0x2F, 0x00, 0xB1, 0x07, 0x6E,
    0x00, 0x0A, 0x40, 0x02, 0x79, 0x00, 0x02, 0x00, 0x00, 0x02, 0x20, 0x00, 0x02, 0x0B, 0x64, 0x02,
    0xC1, 0x21, 0x02, 0xB1, 0x5B, 0x00, 0x02, 0x5D, 0x00, 0x02, 0x65, 0x00, 0x02, 0x64, 0x00, 0x02,
    0x06, 0x02, 0x87, 0x2C, 0x91, 0x1F, 0x64, 0x81, 0x25, 0x1F, 0x00, 0x0F, 0x1F, 0x60, 0x2A, 0x1F,
    0x00, 0x12, 0x1F, 0x65, 0x81, 0x1E, 0x1F, 0x00, 0x16, 0x1F, 0x61, 0x31, 0x1F, 0x00, 0x0B, 0x24,
    0x67, 0x81, 0x1D, 0x24, 0x00, 0x17, 0x24, 0x62, 0x2A, 0x24, 0x00, 0x12, 0x24, 0x64, 0x81, 0x31,
    0x24, 0x00, 0x03, 0x1A, 0x60, 0x35, 0x1A, 0x00, 0x07, 0x1F, 0x67, 0x81, 0x24, 0x1F, 0x00, 0x10,
    0x1F, 0x60, 0x2C, 0x1F, 0x00, 0x10, 0x1F, 0x65, 0x81, 0x26, 0x1F, 0x00, 0x0E, 0x1F, 0x61, 0x36,
    0x1F, 0x00, 0x06, 0x24, 0x67, 0x81, 0x33, 0x24, 0x00, 0x01, 0x2B, 0x62, 0x3A, 0x2B, 0x00, 0x02,
    0x30, 0x64, 0x81, 0x2B, 0x30, 0x00, 0x09, 0x26, 0x60, 0x3B, 0x26, 0x00, 0x01, 0x2B, 0x67, 0x81,
    0x18, 0x2B, 0x00, 0x1C, 0x2B, 0x60, 0x3A, 0x2B, 0x00, 0x02, 0x29, 0x65, 0x81, 0x21, 0x29, 0x00,
    0x13, 0x29, 0x61, 0x3B, 0x29, 0x00, 0x01, 0x28, 0x67, 0x3D, 0x28, 0x00, 0x81, 0x6F, 0x1C, 0x61,
    0x3B, 0x1C, 0x00, 0x01, 0x28, 0x67, 0x75, 0x28, 0x00, 0x03, 0x21, 0x67, 0x83, 0x5F, 0x21, 0x00,
    0x01, 0x26, 0x67, 0x83, 0x5F, 0x26, 0x00, 0x01, 0x1F, 0x67, 0x82, 0x67, 0x1F, 0x00, 0x01, 0x23,
    0x64, 0x77, 0x23, 0x00, 0x01, 0x28, 0x67, 0x83, 0x5B, 0x28, 0x00, 0x05, 0x21, 0x67, 0x83, 0x5F,
    0x21, 0x00, 0x01, 0x26, 0x67, 0x83, 0x5F, 0x26, 0x00, 0x01, 0x1F, 0x67, 0x83, 0x23, 0x1F, 0x00,
    0x01, 0x26, 0x61, 0x3B, 0x26, 0x00, 0x01, 0x2B, 0x67, 0x81, 0x67, 0x2B, 0x00, 0x09, 0x2D, 0x64,
    0x77, 0x2D, 0x00, 0x01, 0x2B, 0x67, 0x6F, 0x2B, 0x00, 0x09, 0x24, 0x67, 0x81, 0x18, 0x24, 0x00,
    0x1C, 0x24, 0x60, 0x27, 0x24, 0x00, 0x15, 0x24, 0x65, 0x81, 0x33, 0x24, 0x00, 0x01, 0x2B, 0x61,
    0x3B, 0x2B, 0x00, 0x01, 0x30, 0x67, 0x81, 0x33, 0x30, 0x00, 0x01, 0x2B, 0x62, 0x3B, 0x2B, 0x00,
    0x01, 0x32, 0x64, 0x55, 0x32, 0x00, 0x05, 0x30, 0x61, 0x50, 0x30, 0x00, 0x0A, 0x2B, 0x60, 0x3B,
    0x2B, 0x00, 0x01, 0x23, 0x67, 0x81, 0x19, 0x23, 0x00, 0x1B, 0x23, 0x60, 0x25, 0x23, 0x00, 0x17,
    0x23, 0x65, 0x81, 0x6B, 0x23, 0x00, 0x05, 0x28, 0x67, 0x81, 0x17, 0x28, 0x00, 0x1D, 0x28, 0x62,
    0x24, 0x28, 0x00, 0x18, 0x28, 0x64, 0x81, 0x6F, 0x28, 0x00, 0x01, 0x21, 0x67, 0x81, 0x22, 0x21,
    0x00, 0x12, 0x21, 0x60, 0x2B, 0x21, 0x00, 0x11, 0x21, 0x65, 0x81, 0x33, 0x21, 0x00, 0x01, 0x28,
    0x61, 0x3B, 0x28, 0x00, 0x01, 0x2D, 0x67, 0x81, 0x33, 0x2D, 0x00, 0x01, 0x28, 0x62, 0x35, 0x28,
    0x00, 0x07, 0x21, 0x64, 0x81, 0x22, 0x21, 0x00, 0x12, 0x21, 0x60, 0x3A, 0x21, 0x00, 0x02, 0x21,
    0x67, 0x59, 0x21, 0x00, 0x01, 0x24, 0x5F, 0x57, 0x24, 0x00, 0x03, 0x28, 0x60, 0x38, 0x28, 0x00,
    0x04, 0x21, 0x65, 0x59, 0x21, 0x00, 0x01, 0x24, 0x61, 0x58, 0x24, 0x00, 0x02, 0x28, 0x61, 0x38,
    0x28, 0x00, 0x04, 0x26, 0x67, 0x81, 0x51, 0x26, 0x00, 0x01, 0x2D, 0x64, 0x19, 0x2D, 0x00, 0x05,
    0x32, 0x64, 0x81, 0x6A, 0x32, 0x00, 0x06, 0x1F, 0x67, 0x81, 0x3A, 0x1F, 0x00, 0x18, 0x2B, 0x64,
    0x2F, 0x2B, 0x00, 0x0D, 0x26, 0x5F, 0x18, 0x26, 0x00, 0x06, 0x1F, 0x61, 0x81, 0x15, 0x1F, 0x00,
    0x01, 0x1A, 0x62, 0x1A, 0x1A, 0x00, 0x04, 0x1F, 0x67, 0x81, 0x4C, 0x1F, 0x00, 0x06, 0x2B, 0x64,
    0x39, 0x2B, 0x00, 0x03, 0x26, 0x5E, 0x17, 0x26, 0x00, 0x07, 0x1F, 0x61, 0x81, 0x15, 0x1F, 0x00,
    0x01, 0x1A, 0x60, 0x1A, 0x1A, 0x00, 0x04, 0x24, 0x67, 0x81, 0x51, 0x24, 0x00, 0x01, 0x30, 0x64,
    0x36, 0x30, 0x00, 0x06, 0x2B, 0x5F, 0x16, 0x2B, 0x00, 0x08, 0x24, 0x61, 0x58, 0x24, 0x00, 0x02,
    0x1F, 0x5F, 0x18, 0x1F, 0x00, 0x06, 0x24, 0x61, 0x1C, 0x24, 0x00, 0x02, 0x23, 0x62, 0x15, 0x23,
    0x00, 0x09, 0x21, 0x67, 0x3B, 0x21, 0x00, 0x01, 0x28, 0x60, 0x3B, 0x28, 0x00, 0x01, 0x2D, 0x65,
    0x38, 0x2D, 0x00, 0x04, 0x28, 0x62, 0x35, 0x28, 0x00, 0x07, 0x26, 0x64, 0x3B, 0x26, 0x00, 0x01,
    0x21, 0x61, 0x3B, 0x21, 0x00, 0x01, 0x28, 0x67, 0x3B, 0x28, 0x00, 0x01, 0x26, 0x60, 0x37, 0x26,
    0x00, 0x05, 0x23, 0x67, 0x81, 0x51, 0x23, 0x00, 0x01, 0x2F, 0x64, 0x38, 0x2F, 0x00, 0x04, 0x2A,
    0x5F, 0x19, 0x2A, 0x00, 0x05, 0x23, 0x61, 0x58, 0x23, 0x00, 0x02, 0x23, 0x5F, 0x16, 0x23, 0x00,
    0x08, 0x23, 0x61, 0x3A, 0x23, 0x00, 0x02, 0x24, 0x67, 0x81, 0x4A, 0x24, 0x00, 0x08, 0x32, 0x64,
    0x3B, 0x32, 0x00, 0x01, 0x30, 0x5E, 0x6F, 0x30, 0x00, 0x09, 0x1F, 0x5E, 0x18, 0x1F, 0x00, 0x06,
    0x24, 0x60, 0x3B, 0x24, 0x00, 0x01, 0x23, 0x67, 0x81, 0x51, 0x23, 0x00, 0x01, 0x2F, 0x64, 0x38,
    0x2F, 0x00, 0x04, 0x2A, 0x5F, 0x19, 0x2A, 0x00, 0x05, 0x23, 0x61, 0x58, 0x23, 0x00, 0x02, 0x23,
    0x5F, 0x16, 0x23, 0x00, 0x08, 0x23, 0x61, 0x3A, 0x23, 0x00, 0x02, 0x24, 0x67, 0x81, 0x4A, 0x24,
    0x00, 0x08, 0x32, 0x64, 0x3B, 0x32, 0x00, 0x01, 0x30, 0x5E, 0x6F, 0x30, 0x00, 0x09, 0x1F, 0x5E,
    0x18, 0x1F, 0x00, 0x06, 0x24, 0x60, 0x3B, 0x24, 0x00, 0x01, 0x23, 0x67, 0x81, 0x51, 0x23, 0x00,
    0x01, 0x2F, 0x64, 0x38, 0x2F, 0x00, 0x04, 0x2A, 0x5F, 0x19, 0x2A, 0x00, 0x05, 0x23, 0x61, 0x58,
    0x23, 0x00, 0x02, 0x23, 0x5F, 0x16, 0x23, 0x00, 0x08, 0x23, 0x61, 0x3A, 0x23, 0x00, 0x02, 0x28,
    0x67, 0x57, 0x28, 0x00, 0x03, 0x23, 0x60, 0x59, 0x23, 0x00, 0x01, 0x28, 0x62, 0x3B, 0x28, 0x00,
    0x01, 0x29, 0x64, 0x56, 0x29, 0x00, 0x04, 0x28, 0x61, 0x57, 0x28, 0x00, 0x03, 0x23, 0x60, 0x3A,
    0x23, 0x00, 0x02, 0x21, 0x67, 0x81, 0x43, 0x21, 0x00, 0x0F, 0x21, 0x64, 0x2D, 0x21, 0x00, 0x0F,
    0x21, 0x5F, 0x0E, 0x21, 0x00, 0x10, 0x21, 0x61, 0x6A, 0x21, 0x00, 0x0E, 0x21, 0x61, 0x3B, 0x21,
    0x00, 0x01, 0x26, 0x67, 0x83, 0x5F, 0x26, 0x00, 0x01, 0x24, 0x67, 0x2C, 0x24, 0x00, 0x10, 0x24,
    0x62, 0x0E, 0x24, 0x00, 0x10, 0x24, 0x5F, 0x0F, 0x24, 0x00, 0x0F, 0x24, 0x65, 0x2E, 0x24, 0x00,
    0x0E, 0x24, 0x60, 0x2D, 0x24, 0x00, 0x0F, 0x24, 0x65, 0x2A, 0x24, 0x00, 0x12, 0x24, 0x61, 0x2A,
    0x24, 0x00, 0x12, 0x24, 0x64, 0x2C, 0x24, 0x00, 0x10, 0x24, 0x61, 0x32, 0x24, 0x00, 0x0A, 0x1F,
    0x67, 0x2F, 0x1F, 0x00, 0x0D, 0x1F, 0x60, 0x0F, 0x1F, 0x00, 0x0F, 0x1F, 0x60, 0x11, 0x1F, 0x00,
    0x0D, 0x1F, 0x65, 0x33, 0x1F, 0x00, 0x09, 0x1F, 0x62, 0x2B, 0x1F, 0x00, 0x11, 0x1F, 0x64, 0x2A,
    0x1F, 0x00, 0x12, 0x1F, 0x61, 0x32, 0x1F, 0x00, 0x0A, 0x1F, 0x67, 0x30, 0x1F, 0x00, 0x0C, 0x1F,
    0x60, 0x33, 0x1F, 0x00, 0x09, 0x1C, 0x67, 0x21, 0x1C, 0x00, 0x1B, 0x1C, 0x62, 0x17, 0x1C, 0x00,
    0x07, 0x1C, 0x5F, 0x18, 0x1C, 0x00, 0x06, 0x1C, 0x65, 0x31, 0x1C, 0x00, 0x0B, 0x1C, 0x60, 0x3B,
    0x1C, 0x00, 0x01, 0x1E, 0x65, 0x31, 0x1E, 0x00, 0x0B, 0x1E, 0x61, 0x3B, 0x1E, 0x00, 0x01, 0x1F,
    0x64, 0x30, 0x1F, 0x00, 0x0C, 0x1F, 0x61, 0x34, 0x1F, 0x00, 0x08, 0x23, 0x67, 0x2E, 0x23, 0x00,
    0x0E, 0x23, 0x60, 0x3B, 0x23, 0x00, 0x01, 0x25, 0x65, 0x2E, 0x25, 0x00, 0x0E, 0x25, 0x62, 0x3B,
    0x25, 0x00, 0x01, 0x26, 0x64, 0x2F, 0x26, 0x00, 0x0D, 0x26, 0x61, 0x36, 0x26, 0x00, 0x06, 0x28,
    0x67, 0x2A, 0x28, 0x00, 0x12, 0x28, 0x60, 0x38, 0x28, 0x00, 0x04, 0x24, 0x67, 0x2C, 0x24, 0x00,
    0x10, 0x24, 0x62, 0x0E, 0x24, 0x00, 0x10, 0x24, 0x5F, 0x0F, 0x24, 0x00, 0x0F, 0x24, 0x65, 0x2E,
    0x24, 0x00, 0x0E, 0x24, 0x60, 0x2D, 0x24, 0x00, 0x0F, 0x24, 0x65, 0x2A, 0x24, 0x00, 0x12, 0x24,
    0x61, 0x2A, 0x24, 0x00, 0x12, 0x24, 0x64, 0x2C, 0x24, 0x00, 0x10, 0x24, 0x61, 0x32, 0x24, 0x00,
    0x0A, 0x1F, 0x67, 0x2F, 0x1F, 0x00, 0x0D, 0x1F, 0x60, 0x0F, 0x1F, 0x00, 0x0F, 0x1F, 0x60, 0x11,
    0x1F, 0x00, 0x0D, 0x1F, 0x65, 0x33, 0x1F, 0x00, 0x09, 0x1F, 0x62, 0x2B, 0x1F, 0x00, 0x11, 0x1F,
    0x64, 0x2A, 0x1F, 0x00, 0x12, 0x1F, 0x61, 0x32, 0x1F, 0x00, 0x0A, 0x1F, 0x67, 0x30, 0x1F, 0x00,
    0x0C, 0x1F, 0x60, 0x33, 0x1F, 0x00, 0x09, 0x1C, 0x67, 0x21, 0x1C, 0x00, 0x1B, 0x1C, 0x62, 0x17,
    0x1C, 0x00, 0x07, 0x1C, 0x5F, 0x18, 0x1C, 0x00, 0x06, 0x1C, 0x65, 0x31, 0x1C, 0x00, 0x0B, 0x1C,
    0x60, 0x3B, 0x1C, 0x00, 0x01, 0x1E, 0x65, 0x31, 0x1E, 0x00, 0x0B, 0x1E, 0x61, 0x3B, 0x1E, 0x00,
    0x01, 0x1F, 0x64, 0x30, 0x1F, 0x00, 0x0C, 0x1F, 0x61, 0x34, 0x1F, 0x00, 0x08, 0x23, 0x67, 0x2E,
    0x23, 0x00, 0x0E, 0x23, 0x60, 0x3B, 0x23, 0x00, 0x01, 0x25, 0x65, 0x2E, 0x25, 0x00, 0x0E, 0x25,
    0x62, 0x3B, 0x25, 0x00, 0x01, 0x26, 0x64, 0x2F, 0x26, 0x00, 0x0D, 0x26, 0x61, 0x36, 0x26, 0x00,
    0x06, 0x28, 0x67, 0x2A, 0x28, 0x00, 0x12, 0x28, 0x60, 0x38, 0x28, 0x00, 0x04, 0x24, 0x67, 0x2B,
    0x24, 0x00, 0x11, 0x24, 0x62, 0x11, 0x24, 0x00, 0x0D, 0x24, 0x5F, 0x11, 0x24, 0x00, 0x0D, 0x24,
    0x65, 0x38, 0x24, 0x00, 0x04, 0x1F, 0x60, 0x38, 0x1F, 0x00, 0x04, 0x21, 0x65, 0x3B, 0x21, 0x00,
    0x01, 0x24, 0x61, 0x3B, 0x24, 0x00, 0x01, 0x21, 0x64, 0x3B, 0x21, 0x00, 0x01, 0x24, 0x61, 0x3B,
    0x24, 0x00, 0x01, 0x23, 0x67, 0x2C, 0x23, 0x00, 0x10, 0x23, 0x60, 0x11, 0x23, 0x00, 0x0D, 0x23,
    0x60, 0x10, 0x23, 0x00, 0x0E, 0x23, 0x65, 0x3B, 0x23, 0x00, 0x01, 0x1E, 0x62, 0x3A, 0x1E, 0x00,
    0x02, 0x21, 0x64, 0x3A, 0x21, 0x00, 0x02, 0x23, 0x61, 0x3B, 0x23, 0x00, 0x01, 0x21, 0x67, 0x3B,
    0x21, 0x00, 0x01, 0x23, 0x60, 0x38, 0x23, 0x00, 0x04, 0x28, 0x67, 0x81, 0x6A, 0x28, 0x00, 0x06,
    0x26, 0x65, 0x81, 0x6F, 0x26, 0x00, 0x01, 0x25, 0x67, 0x83, 0x5F, 0x25, 0x00, 0x01, 0x21, 0x67,
    0x81, 0x6F, 0x21, 0x00, 0x01, 0x26, 0x65, 0x81, 0x6F, 0x26, 0x00, 0x01, 0x1F, 0x67, 0x81, 0x25,
    0x1F, 0x00, 0x0F, 0x1F, 0x62, 0x2A, 0x1F, 0x00, 0x12, 0x1F, 0x64, 0x81, 0x1E, 0x1F, 0x00, 0x16,
    0x1F, 0x60, 0x31, 0x1F, 0x00, 0x0B, 0x24, 0x67, 0x81, 0x1D, 0x24, 0x00, 0x17, 0x24, 0x60, 0x2A,
    0x24, 0x00, 0x12, 0x24, 0x65, 0x81, 0x31, 0x24, 0x00, 0x03, 0x1A, 0x61, 0x35, 0x1A, 0x00, 0x07,
    0x1F, 0x67, 0x81, 0x24, 0x1F, 0x00, 0x10, 0x1F, 0x62, 0x2C, 0x1F, 0x00, 0x10, 0x1F, 0x64, 0x81,
    0x26, 0x1F, 0x00, 0x0E, 0x1F, 0x60, 0x36, 0x1F, 0x00, 0x06, 0x24, 0x67, 0x81, 0x33, 0x24, 0x00,
    0x01, 0x2B, 0x60, 0x3A, 0x2B, 0x00, 0x02, 0x30, 0x65, 0x81, 0x2B, 0x30, 0x00, 0x09, 0x26, 0x61,
    0x3B, 0x26, 0x00, 0x01, 0x2B, 0x67, 0x81, 0x18, 0x2B, 0x00, 0x1C, 0x2B, 0x62, 0x3A, 0x2B, 0x00,
    0x02, 0x29, 0x64, 0x81, 0x21, 0x29, 0x00, 0x13, 0x29, 0x60, 0x3B, 0x29, 0x00, 0x01, 0x28, 0x67,
    0x3D, 0x28, 0x00, 0x81, 0x6F, 0x1C, 0x61, 0x3B, 0x1C, 0x00, 0x01, 0x28, 0x64, 0x75, 0x28, 0x00,
    0x03, 0x21, 0x67, 0x83, 0x5F, 0x21, 0x00, 0x01, 0x26, 0x67, 0x83, 0x5F, 0x26, 0x00, 0x01, 0x1F,
    0x67, 0x82, 0x67, 0x1F, 0x00, 0x01, 0x23, 0x67, 0x77, 0x23, 0x00, 0x01, 0x28, 0x67, 0x83, 0x5B,
    0x28, 0x00, 0x05, 0x21, 0x67, 0x83, 0x5F, 0x21, 0x00, 0x01, 0x26, 0x67, 0x83, 0x5F, 0x26, 0x00,
    0x01, 0x1F, 0x67, 0x83, 0x23, 0x1F, 0x00, 0x01, 0x26, 0x60, 0x3B, 0x26, 0x00, 0x01, 0x2B, 0x67,
    0x81, 0x67, 0x2B, 0x00, 0x09, 0x2D, 0x65, 0x77, 0x2D, 0x00, 0x01, 0x2B, 0x64, 0x6F, 0x2B, 0x00,
    0x09, 0x24, 0x67, 0x81, 0x18, 0x24, 0x00, 0x1C, 0x24, 0x62, 0x27, 0x24, 0x00, 0x15, 0x24, 0x64,
    0x81, 0x33, 0x24, 0x00, 0x01, 0x2B, 0x60, 0x3B, 0x2B, 0x00, 0x01, 0x30, 0x67, 0x81, 0x33, 0x30,
    0x00, 0x01, 0x2B, 0x60, 0x3B, 0x2B, 0x00, 0x01, 0x32, 0x65, 0x55, 0x32, 0x00, 0x05, 0x30, 0x61,
    0x50, 0x30, 0x00, 0x0A, 0x2B, 0x61, 0x3B, 0x2B, 0x00, 0x01, 0x23, 0x67, 0x81, 0x19, 0x23, 0x00,
    0x1B, 0x23, 0x62, 0x25, 0x23, 0x00, 0x17, 0x23, 0x64, 0x81, 0x6B, 0x23, 0x00, 0x05, 0x28, 0x67,
    0x81, 0x17, 0x28, 0x00, 0x1D, 0x28, 0x60, 0x24, 0x28, 0x00, 0x18, 0x28, 0x65, 0x81, 0x6F, 0x28,
    0x00, 0x01, 0x21, 0x67, 0x81, 0x22, 0x21, 0x00, 0x12, 0x21, 0x62, 0x2B, 0x21, 0x00, 0x11, 0x21,
    0x64, 0x81, 0x33, 0x21, 0x00, 0x01, 0x28, 0x60, 0x3B, 0x28, 0x00, 0x01, 0x2D, 0x67, 0x81, 0x33,
    0x2D, 0x00, 0x01, 0x28, 0x60, 0x35, 0x28, 0x00, 0x07, 0x21, 0x65, 0x81, 0x22, 0x21, 0x00, 0x12,
    0x21, 0x61, 0x3A, 0x21, 0x00, 0x02, 0x21, 0x67, 0x59, 0x21, 0x00, 0x01, 0x24, 0x60, 0x57, 0x24,
    0x00, 0x03, 0x28, 0x62, 0x38, 0x28, 0x00, 0x04, 0x21, 0x64, 0x59, 0x21, 0x00, 0x01, 0x24, 0x61,
    0x58, 0x24, 0x00, 0x02, 0x28, 0x60, 0x38, 0x28, 0x00, 0x04, 0x26, 0x67, 0x81, 0x51, 0x26, 0x00,
    0x01, 0x2D, 0x64, 0x19, 0x2D, 0x00, 0x05, 0x32, 0x65, 0x81, 0x6A, 0x32, 0x00, 0x06, 0x24, 0x67,
    0x2C, 0x24, 0x00, 0x10, 0x24, 0x60, 0x0E, 0x24, 0x00, 0x10, 0x24, 0x60, 0x0F, 0x24, 0x00, 0x0F,
    0x24, 0x65, 0x2E, 0x24, 0x00, 0x0E, 0x24, 0x62, 0x2D, 0x24, 0x00, 0x0F, 0x24, 0x64, 0x2A, 0x24,
    0x00, 0x12, 0x24, 0x61, 0x2A, 0x24, 0x00, 0x12, 0x24, 0x67, 0x2C, 0x24, 0x00, 0x10, 0x24, 0x60,
    0x32, 0x24, 0x00, 0x0A, 0x1F, 0x67, 0x2F, 0x1F, 0x00, 0x0D, 0x1F, 0x62, 0x0F, 0x1F, 0x00, 0x0F,
    0x1F, 0x5F, 0x11, 0x1F, 0x00, 0x0D, 0x1F, 0x65, 0x33, 0x1F, 0x00, 0x09, 0x1F, 0x60, 0x2B, 0x1F,
    0x00, 0x11, 0x1F, 0x65, 0x2A, 0x1F, 0x00, 0x12, 0x1F, 0x61, 0x32, 0x1F, 0x00, 0x0A, 0x1F, 0x64,
    0x30, 0x1F, 0x00, 0x0C, 0x1F, 0x61, 0x33, 0x1F, 0x00, 0x09, 0x1C, 0x67, 0x21, 0x1C, 0x00, 0x1B,
    0x1C, 0x60, 0x17, 0x1C, 0x00, 0x07, 0x1C, 0x60, 0x18, 0x1C, 0x00, 0x06, 0x1C, 0x65, 0x31, 0x1C,
    0x00, 0x0B, 0x1C, 0x62, 0x3B, 0x1C, 0x00, 0x01, 0x1E, 0x64, 0x31, 0x1E, 0x00, 0x0B, 0x1E, 0x61,
    0x3B, 0x1E, 0x00, 0x01, 0x1F, 0x67, 0x30, 0x1F, 0x00, 0x0C, 0x1F, 0x60, 0x34, 0x1F, 0x00, 0x08,
    0x23, 0x67, 0x2E, 0x23, 0x00, 0x0E, 0x23, 0x62, 0x3B, 0x23, 0x00, 0x01, 0x25, 0x65, 0x2E, 0x25,
    0x00, 0x0E, 0x25, 0x60, 0x3B, 0x25, 0x00, 0x01, 0x26, 0x65, 0x2F, 0x26, 0x00, 0x0D, 0x26, 0x61,
    0x36, 0x26, 0x00, 0x06, 0x28, 0x64, 0x2A, 0x28, 0x00, 0x12, 0x28, 0x61, 0x38, 0x28, 0x00, 0x04,
    0x24, 0x67, 0x2C, 0x24, 0x00, 0x10, 0x24, 0x60, 0x0E, 0x24, 0x00, 0x10, 0x24, 0x60, 0x0F, 0x24,
    0x00, 0x0F, 0x24, 0x65, 0x2E, 0x24, 0x00, 0x0E, 0x24, 0x62, 0x2D, 0x24, 0x00, 0x0F, 0x24, 0x64,
    0x2A, 0x24, 0x00, 0x12, 0x24, 0x61, 0x2A, 0x24, 0x00, 0x12, 0x24, 0x67, 0x2C, 0x24, 0x00, 0x10,
    0x24, 0x60, 0x32, 0x24, 0x00, 0x0A, 0x1F, 0x67, 0x2F, 0x1F, 0x00, 0x0D, 0x1F, 0x62, 0x0F, 0x1F,
    0x00, 0x0F, 0x1F, 0x5F, 0x11, 0x1F, 0x00, 0x0D, 0x1F, 0x65, 0x33, 0x1F, 0x00, 0x09, 0x1F, 0x60,
    0x2B, 0x1F, 0x00, 0x11, 0x1F, 0x65, 0x2A, 0x1F, 0x00, 0x12, 0x1F, 0x61, 0x32, 0x1F, 0x00, 0x0A,
    0x1F, 0x64, 0x30, 0x1F, 0x00, 0x0C, 0x1F, 0x61, 0x33, 0x1F, 0x00, 0x09, 0x1C, 0x67, 0x21, 0x1C,
    0x00, 0x1B, 0x1C, 0x60, 0x17, 0x1C, 0x00, 0x07, 0x1C, 0x60, 0x18, 0x1C, 0x00, 0x06, 0x1C, 0x65,
    0x31, 0x1C, 0x00, 0x0B, 0x1C, 0x62, 0x3B, 0x1C, 0x00, 0x01, 0x1E, 0x64, 0x31, 0x1E, 0x00, 0x0B,
    0x1E, 0x61, 0x3B, 0x1E, 0x00, 0x01, 0x1F, 0x67, 0x30, 0x1F, 0x00, 0x0C, 0x1F, 0x60, 0x34, 0x1F,
    0x00, 0x08, 0x23, 0x67, 0x2E, 0x23, 0x00, 0x0E, 0x23, 0x62, 0x3B, 0x23, 0x00, 0x01, 0x25, 0x65,
    0x2E, 0x25, 0x00, 0x0E, 0x25, 0x60, 0x3B, 0x25, 0x00, 0x01, 0x26, 0x65, 0x2F, 0x26, 0x00, 0x0D,
    0x26, 0x61, 0x36, 0x26, 0x00, 0x06, 0x28, 0x64, 0x2A, 0x28, 0x00, 0x12, 0x28, 0x61, 0x38, 0x28,
    0x00, 0x04, 0x24, 0x67, 0x2B, 0x24, 0x00, 0x11, 0x24, 0x60, 0x11, 0x24, 0x00, 0x0D, 0x24, 0x60,
    0x11, 0x24, 0x00, 0x0D, 0x24, 0x65, 0x38, 0x24, 0x00, 0x04, 0x1F, 0x62, 0x38, 0x1F, 0x00, 0x04,
    0x21, 0x64, 0x3B, 0x21, 0x00, 0x01, 0x24, 0x61, 0x3B, 0x24, 0x00, 0x01, 0x21, 0x67, 0x3B, 0x21,
    0x00, 0x01, 0x24, 0x60, 0x3B, 0x24, 0x00, 0x01, 0x23, 0x67, 0x2C, 0x23, 0x00, 0x10, 0x23, 0x62,
    0x11, 0x23, 0x00, 0x0D, 0x23, 0x5F, 0x10, 0x23, 0x00, 0x0E, 0x23, 0x65, 0x3B, 0x23, 0x00, 0x01,
    0x1E, 0x60, 0x3A, 0x1E, 0x00, 0x02, 0x21, 0x65, 0x3A, 0x21, 0x00, 0x02, 0x23, 0x61, 0x3B, 0x23,
    0x00, 0x01, 0x21, 0x64, 0x3B, 0x21, 0x00, 0x01, 0x23, 0x61, 0x38, 0x23, 0x00, 0x04, 0x28, 0x67,
    0x81, 0x6A, 0x28, 0x00, 0x06, 0x26, 0x64, 0x81, 0x6F, 0x26, 0x00, 0x01, 0x25, 0x67, 0x83, 0x5F,
    0x25, 0x00, 0x01, 0x21, 0x67, 0x81, 0x6F, 0x21, 0x00, 0x01, 0x26, 0x64, 0x81, 0x6F, 0x26, 0x00,
    0x01, 0x1F, 0x67, 0x81, 0x1F, 0x1F, 0x00, 0x15, 0x1F, 0x60, 0x27, 0x1F, 0x00, 0x15, 0x1F, 0x65,
    0x81, 0x33, 0x1F, 0x00, 0x01, 0x26, 0x61, 0x1C, 0x26, 0x00, 0x02, 0x28, 0x62, 0x1D, 0x28, 0x00,
    0x01, 0x2B, 0x67, 0x39, 0x2B, 0x00, 0x81, 0x73, 0x2B, 0x61, 0x22, 0x2B, 0x00, 0x1A, 0x2B, 0x67,
    0x6C, 0x2B, 0x00, 0x0C, 0x24, 0x67, 0x81, 0x18, 0x24, 0x00, 0x1C, 0x24, 0x60, 0x27, 0x24, 0x00,
    0x15, 0x24, 0x65, 0x81, 0x33, 0x24, 0x00, 0x01, 0x2B, 0x61, 0x3B, 0x2B, 0x00, 0x01, 0x30, 0x67,
    0x81, 0x33, 0x30, 0x00, 0x01, 0x2B, 0x62, 0x3B, 0x2B, 0x00, 0x01, 0x32, 0x64, 0x55, 0x32, 0x00,
    0x05, 0x30, 0x61, 0x50, 0x30, 0x00, 0x0A, 0x2B, 0x60, 0x3B, 0x2B, 0x00, 0x01, 0x23, 0x67, 0x81,
    0x19, 0x23, 0x00, 0x1B, 0x23, 0x60, 0x25, 0x23, 0x00, 0x17, 0x23, 0x65, 0x81, 0x6B, 0x23, 0x00,
    0x05, 0x28, 0x67, 0x81, 0x17, 0x28, 0x00, 0x1D, 0x28, 0x62, 0x24, 0x28, 0x00, 0x18, 0x28, 0x64,
    0x81, 0x6F, 0x28, 0x00, 0x01, 0x21, 0x67, 0x81, 0x22, 0x21, 0x00, 0x12, 0x21, 0x60, 0x2B, 0x21,
    0x00, 0x11, 0x21, 0x65, 0x81, 0x33, 0x21, 0x00, 0x01, 0x28, 0x61, 0x3B, 0x28, 0x00, 0x01, 0x2D,
    0x67, 0x81, 0x33, 0x2D, 0x00, 0x01, 0x28, 0x62, 0x35, 0x28, 0x00, 0x07, 0x21, 0x64, 0x81, 0x22,
    0x21, 0x00, 0x12, 0x21, 0x60, 0x3A, 0x21, 0x00, 0x02, 0x21, 0x67, 0x59, 0x21, 0x00, 0x01, 0x24,
    0x5F, 0x57, 0x24, 0x00, 0x03, 0x28, 0x60, 0x38, 0x28, 0x00, 0x04, 0x21, 0x65, 0x59, 0x21, 0x00,
    0x01, 0x24, 0x61, 0x58, 0x24, 0x00, 0x02, 0x28, 0x61, 0x38, 0x28, 0x00, 0x04, 0x26, 0x67, 0x81,
    0x51, 0x26, 0x00, 0x01, 0x2D, 0x64, 0x19, 0x2D, 0x00, 0x05, 0x32, 0x64, 0x81, 0x6A, 0x32, 0x00,
    0x06, 0x1F, 0x67, 0x81, 0x3A, 0x1F, 0x00, 0x18, 0x2B, 0x64, 0x2F, 0x2B, 0x00, 0x0D, 0x26, 0x5F,
    0x18, 0x26, 0x00, 0x06, 0x1F, 0x61, 0x81, 0x15, 0x1F, 0x00, 0x01, 0x1A, 0x62, 0x1A, 0x1A, 0x00,
    0x04, 0x1F, 0x67, 0x81, 0x4C, 0x1F, 0x00, 0x06, 0x2B, 0x64, 0x39, 0x2B, 0x00, 0x03, 0x26, 0x5E,
    0x17, 0x26, 0x00, 0x07, 0x1F, 0x61, 0x81, 0x15, 0x1F, 0x00, 0x01, 0x1A, 0x60, 0x1A, 0x1A, 0x00,
    0x04, 0x24, 0x67, 0x81, 0x51, 0x24, 0x00, 0x01, 0x30, 0x64, 0x36, 0x30, 0x00, 0x06, 0x2B, 0x5F,
    0x16, 0x2B, 0x00, 0x08, 0x24, 0x61, 0x58, 0x24, 0x00, 0x02, 0x1F, 0x5F, 0x18, 0x1F, 0x00, 0x06,
    0x24, 0x61, 0x1C, 0x24, 0x00, 0x02, 0x23, 0x62, 0x15, 0x23, 0x00, 0x09, 0x21, 0x67, 0x3B, 0x21,
    0x00, 0x01, 0x28, 0x60, 0x3B, 0x28, 0x00, 0x01, 0x2D, 0x65, 0x38, 0x2D, 0x00, 0x04, 0x28, 0x62,
    0x35, 0x28, 0x00, 0x07, 0x26, 0x64, 0x3B, 0x26, 0x00, 0x01, 0x21, 0x61, 0x3B, 0x21, 0x00, 0x01,
    0x28, 0x67, 0x3B, 0x28, 0x00, 0x01, 0x26, 0x60, 0x37, 0x26, 0x00, 0x05, 0x23, 0x67, 0x81, 0x51,
    0x23, 0x00, 0x01, 0x2F, 0x64, 0x38, 0x2F, 0x00, 0x04, 0x2A, 0x5F, 0x19, 0x2A, 0x00, 0x05, 0x23,
    0x61, 0x58, 0x23, 0x00, 0x02, 0x23, 0x5F, 0x16, 0x23, 0x00, 0x08, 0x23, 0x61, 0x3A, 0x23, 0x00,
    0x02, 0x24, 0x67, 0x81, 0x4A, 0x24, 0x00, 0x08, 0x32, 0x64, 0x3B, 0x32, 0x00, 0x01, 0x30, 0x5E,
    0x6F, 0x30, 0x00, 0x09, 0x1F, 0x5E, 0x18, 0x1F, 0x00, 0x06, 0x24, 0x60, 0x3B, 0x24, 0x00, 0x01,
    0x23, 0x67, 0x81, 0x51, 0x23, 0x00, 0x01, 0x2F, 0x64, 0x38, 0x2F, 0x00, 0x04, 0x2A, 0x5F, 0x19,
    0x2A, 0x00, 0x05, 0x23, 0x61, 0x58, 0x23, 0x00, 0x02, 0x23, 0x5F, 0x16, 0x23, 0x00, 0x08, 0x23,
    0x61, 0x3A, 0x23, 0x00, 0x02, 0x24, 0x67, 0x81, 0x4A, 0x24, 0x00, 0x08, 0x32, 0x64, 0x3B, 0x32,
    0x00, 0x01, 0x30, 0x5E, 0x6F, 0x30, 0x00, 0x09, 0x1F, 0x5E, 0x18, 0x1F, 0x00, 0x06, 0x24, 0x60,
    0x3B, 0x24, 0x00, 0x01, 0x23, 0x67, 0x81, 0x51, 0x23, 0x00, 0x01, 0x2F, 0x64, 0x38, 0x2F, 0x00,
    0x04, 0x2A, 0x5F, 0x19, 0x2A, 0x00, 0x05, 0x23, 0x61, 0x58, 0x23, 0x00, 0x02, 0x23, 0x5F, 0x16,
    0x23, 0x00, 0x08, 0x23, 0x61, 0x3A, 0x23, 0x00, 0x02, 0x28, 0x67, 0x57, 0x28, 0x00, 0x03, 0x23,
    0x60, 0x59, 0x23, 0x00, 0x01, 0x28, 0x62, 0x3B, 0x28, 0x00, 0x01, 0x29, 0x64, 0x56, 0x29, 0x00,
    0x04, 0x28, 0x61, 0x57, 0x28, 0x00, 0x03, 0x23, 0x60, 0x3A, 0x23, 0x00, 0x02, 0x21, 0x67, 0x81,
    0x43, 0x21, 0x00, 0x0F, 0x21, 0x64, 0x2D, 0x21, 0x00, 0x0F, 0x21, 0x5F, 0x0E, 0x21, 0x00, 0x10,
    0x21, 0x61, 0x6A, 0x21, 0x00, 0x0E, 0x21, 0x61, 0x3B, 0x21, 0x00, 0x01, 0x26, 0x67, 0x83, 0x5F,
    0x26, 0x00, 0x01, 0x24, 0x67, 0x2C, 0x24, 0x00, 0x10, 0x24, 0x62, 0x0E, 0x24, 0x00, 0x10, 0x24,
    0x5F, 0x0F, 0x24, 0x00, 0x0F, 0x24, 0x65, 0x2E, 0x24, 0x00, 0x0E, 0x24, 0x60, 0x2D, 0x24, 0x00,
    0x0F, 0x24, 0x65, 0x2A, 0x24, 0x00, 0x12, 0x24, 0x61, 0x2A, 0x24, 0x00, 0x12, 0x24, 0x64, 0x2C,
    0x24, 0x00, 0x10, 0x24, 0x61, 0x32, 0x24, 0x00, 0x0A, 0x1F, 0x67, 0x2F, 0x1F, 0x00, 0x0D, 0x1F,
    0x60, 0x0F, 0x1F, 0x00, 0x0F, 0x1F, 0x60, 0x11, 0x1F, 0x00, 0x0D, 0x1F, 0x65, 0x33, 0x1F, 0x00,
    0x09, 0x1F, 0x62, 0x2B, 0x1F, 0x00, 0x11, 0x1F, 0x64, 0x2A, 0x1F, 0x00, 0x12, 0x1F, 0x61, 0x32,
    0x1F, 0x00, 0x0A, 0x1F, 0x67, 0x30, 0x1F, 0x00, 0x0C, 0x1F, 0x60, 0x33, 0x1F, 0x00, 0x09, 0x1C,
    0x67, 0x21, 0x1C, 0x00, 0x1B, 0x1C, 0x62, 0x17, 0x1C, 0x00, 0x07, 0x1C, 0x5F, 0x18, 0x1C, 0x00,
    0x06, 0x1C, 0x65, 0x31, 0x1C, 0x00, 0x0B, 0x1C, 0x60, 0x3B, 0x1C, 0x00, 0x01, 0x1E, 0x65, 0x31,
    0x1E, 0x00, 0x0B, 0x1E, 0x61, 0x3B, 0x1E, 0x00, 0x01, 0x1F, 0x64, 0x30, 0x1F, 0x00, 0x0C, 0x1F,
    0x61, 0x34, 0x1F, 0x00, 0x08, 0x23, 0x67, 0x2E, 0x23, 0x00, 0x0E, 0x23, 0x60, 0x3B, 0x23, 0x00,
    0x01, 0x25, 0x65, 0x2E, 0x25, 0x00, 0x0E, 0x25, 0x62, 0x3B, 0x25, 0x00, 0x01, 0x26, 0x64, 0x2F,
    0x26, 0x00, 0x0D, 0x26, 0x61, 0x36, 0x26, 0x00, 0x06, 0x28, 0x67, 0x2A, 0x28, 0x00, 0x12, 0x28,
    0x60, 0x38, 0x28, 0x00, 0x04, 0x24, 0x67, 0x2C, 0x24, 0x00, 0x10, 0x24, 0x62, 0x0E, 0x24, 0x00,
    0x10, 0x24, 0x5F, 0x0F, 0x24, 0x00, 0x0F, 0x24, 0x65, 0x2E, 0x24, 0x00, 0x0E, 0x24, 0x60, 0x2D,
    0x24, 0x00, 0x0F, 0x24, 0x65, 0x2A, 0x24, 0x00, 0x12, 0x24, 0x61, 0x2A, 0x24, 0x00, 0x12, 0x24,
    0x64, 0x2C, 0x24, 0x00, 0x10, 0x24, 0x61, 0x32, 0x24, 0x00, 0x0A, 0x1F, 0x67, 0x2F, 0x1F, 0x00,
    0x0D, 0x1F, 0x60, 0x0F, 0x1F, 0x00, 0x0F, 0x1F, 0x60, 0x11, 0x1F, 0x00, 0x0D, 0x1F, 0x65, 0x33,
    0x1F, 0x00, 0x09, 0x1F, 0x62, 0x2B, 0x1F, 0x00, 0x11, 0x1F, 0x64, 0x2A, 0x1F, 0x00, 0x12, 0x1F,
    0x61, 0x32, 0x1F, 0x00, 0x0A, 0x1F, 0x67, 0x30, 0x1F, 0x00, 0x0C, 0x1F, 0x60, 0x33, 0x1F, 0x00,
    0x09, 0x1C, 0x67, 0x21, 0x1C, 0x00, 0x1B, 0x1C, 0x62, 0x17, 0x1C, 0x00, 0x07, 0x1C, 0x5F, 0x18,
    0x1C, 0x00, 0x06, 0x1C, 0x65, 0x31, 0x1C, 0x00, 0x0B, 0x1C, 0x60, 0x3B, 0x1C, 0x00, 0x01, 0x1E,
    0x65, 0x31, 0x1E, 0x00, 0x0B, 0x1E, 0x61, 0x3B, 0x1E, 0x00, 0x01, 0x1F, 0x64, 0x30, 0x1F, 0x00,
    0x0C, 0x1F, 0x61, 0x34, 0x1F, 0x00, 0x08, 0x23, 0x67, 0x2E, 0x23, 0x00, 0x0E, 0x23, 0x60, 0x3B,
    0x23, 0x00, 0x01, 0x25, 0x65, 0x2E, 0x25, 0x00, 0x0E, 0x25, 0x62, 0x3B, 0x25, 0x00, 0x01, 0x26,
    0x64, 0x2F, 0x26, 0x00, 0x0D, 0x26, 0x61, 0x36, 0x26, 0x00, 0x06, 0x28, 0x67, 0x2A, 0x28, 0x00,
    0x12, 0x28, 0x60, 0x38, 0x28, 0x00, 0x04, 0x24, 0x67, 0x2B, 0x24, 0x00, 0x11, 0x24, 0x62, 0x11,
    0x24, 0x00, 0x0D, 0x24, 0x5F, 0x11, 0x24, 0x00, 0x0D, 0x24, 0x65, 0x38, 0x24, 0x00, 0x04, 0x1F,
    0x60, 0x38, 0x1F, 0x00, 0x04, 0x21, 0x65, 0x3B, 0x21, 0x00, 0x01, 0x24, 0x61, 0x3B, 0x24, 0x00,
    0x01, 0x21, 0x64, 0x3B, 0x21, 0x00, 0x01, 0x24, 0x61, 0x3B, 0x24, 0x00, 0x01, 0x23, 0x67, 0x2C,
    0x23, 0x00, 0x10, 0x23, 0x60, 0x11, 0x23, 0x00, 0x0D, 0x23, 0x60, 0x10, 0x23, 0x00, 0x0E, 0x23,
    0x65, 0x3B, 0x23, 0x00, 0x01, 0x1E, 0x62, 0x3A, 0x1E, 0x00, 0x02, 0x21, 0x64, 0x3A, 0x21, 0x00,
    0x02, 0x23, 0x61, 0x3B, 0x23, 0x00, 0x01, 0x21, 0x67, 0x3B, 0x21, 0x00, 0x01, 0x23, 0x60, 0x38,
    0x23, 0x00, 0x04, 0x28, 0x67, 0x81, 0x6A, 0x28, 0x00, 0x06, 0x26, 0x65, 0x81, 0x6F, 0x26, 0x00,
    0x01, 0x25, 0x67, 0x83, 0x5F, 0x25, 0x00, 0x01, 0x21, 0x67, 0x81, 0x1E, 0x21, 0x00, 0x16, 0x21,
    0x60, 0x25, 0x21, 0x00, 0x17, 0x21, 0x65, 0x81, 0x1D, 0x21, 0x00, 0x17, 0x21, 0x61, 0x3B, 0x21,
    0x00, 0x01, 0x23, 0x67, 0x81, 0x21, 0x23, 0x00, 0x13, 0x23, 0x62, 0x2C, 0x23, 0x00, 0x10, 0x23,
    0x64, 0x81, 0x1E, 0x23, 0x00, 0x16, 0x23, 0x60, 0x3A, 0x23, 0x00, 0x02, 0x24, 0x67, 0x81, 0x28,
    0x24, 0x00, 0x0C, 0x24, 0x60, 0x35, 0x24, 0x00, 0x07, 0x26, 0x65, 0x87, 0x3F, 0x26, 0x00, 0x01,
    0x1F, 0x65, 0x81, 0x25, 0x1F, 0x00, 0x0F, 0x1F, 0x61, 0x2A, 0x1F, 0x00, 0x12, 0x1F, 0x67, 0x81,
    0x1E, 0x1F, 0x00, 0x16, 0x1F, 0x62, 0x31, 0x1F, 0x00, 0x0B, 0x24, 0x64, 0x81, 0x1D, 0x24, 0x00,
    0x17, 0x24, 0x60, 0x2A, 0x24, 0x00, 0x12, 0x24, 0x67, 0x81, 0x31, 0x24, 0x00, 0x03, 0x1A, 0x60,
    0x35, 0x1A, 0x00, 0x07, 0x1F, 0x65, 0x81, 0x24, 0x1F, 0x00, 0x10, 0x1F, 0x61, 0x2C, 0x1F, 0x00,
    0x10, 0x1F, 0x67, 0x81, 0x26, 0x1F, 0x00, 0x0E, 0x1F, 0x62, 0x36, 0x1F, 0x00, 0x06, 0x24, 0x64,
    0x81, 0x33, 0x24, 0x00, 0x01, 0x2B, 0x60, 0x3A, 0x2B, 0x00, 0x02, 0x30, 0x67, 0x81, 0x2B, 0x30,
    0x00, 0x09, 0x26, 0x60, 0x3B, 0x26, 0x00, 0x01, 0x1F, 0x65, 0x83, 0x67, 0x1F, 0x00, 0x71, 0xB1,
    0x01, 0x00, 0x00, 0xFF, 0x2F, 0x00, 0x4D, 0x54, 0x72, 0x6B, 0x00, 0x00, 0x05, 0xFF, 0x00, 0xFF,
    0x21, 0x01, 0x00, 0x00, 0xFF, 0x03, 0x02, 0x32, 0x39, 0x00, 0xB2, 0x07, 0x28, 0x00, 0x0A, 0x55,
    0x02, 0x79, 0x00, 0x02, 0x00, 0x00, 0x02, 0x20, 0x00, 0x02, 0x0B, 0x6E, 0x02, 0xC2, 0x1D, 0x02,
    0xB2, 0x5B, 0x64, 0x02, 0x5D, 0x20, 0x02, 0x65, 0x00, 0x02, 0x64, 0x00, 0x02, 0x06, 0x02, 0x86,
    0x6F, 0xE2, 0x00, 0x40, 0x02, 0x92, 0x39, 0x70, 0x3B, 0x39, 0x00, 0x01, 0x3B, 0x76, 0x81, 0x33,
    0x3B, 0x00, 0x01, 0x3E, 0x78, 0x3B, 0x3E, 0x00, 0x01, 0x40, 0x7A, 0x1B, 0xE2, 0x41, 0x50, 0x02,
    0x3D, 0x6F, 0x02, 0x7F, 0x7F, 0x81, 0x12, 0x24, 0x69, 0x02, 0x92, 0x40, 0x00, 0x00, 0xE2, 0x00,
    0x40, 0x01, 0x92, 0x3C, 0x76, 0x3B, 0x3C, 0x00, 0x01, 0x3B, 0x78, 0x81, 0x33, 0x3B, 0x00, 0x01,
    0x40, 0x75, 0x3B, 0x40, 0x00, 0x01, 0x45, 0x75, 0x18, 0xE2, 0x39, 0x4E, 0x03, 0x3D, 0x6F, 0x02,
    0x7F, 0x7F, 0x81, 0x0E, 0x5E, 0x77, 0x03, 0x6A, 0x5A, 0x03, 0x31, 0x4C, 0x01, 0x00, 0x40, 0x01,
    0x92, 0x45, 0x00, 0x01, 0x3C, 0x75, 0x3B, 0x3C, 0x00, 0x01, 0x3B, 0x76, 0x81, 0x33, 0x3B, 0x00,
    0x01, 0x3E, 0x78, 0x3B, 0x3E, 0x00, 0x01, 0x40, 0x76, 0x1B, 0xE2, 0x41, 0x50, 0x02, 0x3D, 0x6F,
    0x02, 0x7F, 0x7F, 0x81, 0x12, 0x24, 0x69, 0x02, 0x92, 0x40, 0x00, 0x00, 0xE2, 0x00, 0x40, 0x01,
    0x92, 0x47, 0x74, 0x3B, 0x47, 0x00, 0x01, 0x47, 0x75, 0x3B, 0x47, 0x00, 0x01, 0x43, 0x73, 0x3B,
    0x43, 0x00, 0x01, 0x43, 0x74, 0x3B, 0x43, 0x00, 0x01, 0x40, 0x75, 0x3B, 0x40, 0x00, 0x01, 0x3F,
    0x73, 0x3B, 0x3F, 0x00, 0x01, 0x42, 0x72, 0x3B, 0x42, 0x00, 0x01, 0x45, 0x6F, 0x3B, 0x45, 0x00,
    0x01, 0x47, 0x76, 0x3B, 0x47, 0x00, 0x01, 0x43, 0x76, 0x81, 0x33, 0x43, 0x00, 0x01, 0x45, 0x74,
    0x3B, 0x45, 0x00, 0x01, 0x45, 0x75, 0x12, 0xE2, 0x20, 0x48, 0x02, 0x7B, 0x5E, 0x03, 0x5E, 0x77,
    0x02, 0x7F, 0x7F, 0x81, 0x13, 0x55, 0x75, 0x03, 0x03, 0x61, 0x04, 0x92, 0x45, 0x00, 0x00, 0xE2,
    0x00, 0x40, 0x01, 0x92, 0x45, 0x76, 0x3B, 0x45, 0x00, 0x01, 0x44, 0x75, 0x3B, 0x44, 0x00, 0x81,
    0x9C, 0x47, 0xE2, 0x00, 0x40, 0x02, 0x92, 0x39, 0x71, 0x3B, 0x39, 0x00, 0x01, 0x3B, 0x76, 0x81,
    0x33, 0x3B, 0x00, 0x01, 0x3E, 0x78, 0x3B, 0x3E, 0x00, 0x01, 0x40, 0x76, 0x1B, 0xE2, 0x41, 0x50,
    0x02, 0x3D, 0x6F, 0x02, 0x7F, 0x7F, 0x81, 0x12, 0x24, 0x69, 0x02, 0x92, 0x40, 0x00, 0x00, 0xE2,
    0x00, 0x40, 0x01, 0x92, 0x3C, 0x76, 0x3B, 0x3C, 0x00, 0x01, 0x3B, 0x78, 0x81, 0x33, 0x3B, 0x00,
    0x01, 0x40, 0x75, 0x3B, 0x40, 0x00, 0x01, 0x45, 0x75, 0x18, 0xE2, 0x39, 0x4E, 0x03, 0x3D, 0x6F,
    0x02, 0x7F, 0x7F, 0x81, 0x0E, 0x5E, 0x77, 0x03, 0x6A, 0x5A, 0x03, 0x31, 0x4C, 0x01, 0x00, 0x40,
    0x01, 0x92, 0x45, 0x00, 0x01, 0x3C, 0x75, 0x3B, 0x3C, 0x00, 0x01, 0x3B, 0x76, 0x81, 0x33, 0x3B,
    0x00, 0x01, 0x3E, 0x78, 0x3B, 0x3E, 0x00, 0x01, 0x40, 0x76, 0x1B, 0xE2, 0x41, 0x50, 0x02, 0x3D,
    0x6F, 0x02, 0x7F, 0x7F, 0x81, 0x12, 0x24, 0x69, 0x02, 0x92, 0x40, 0x00, 0x00, 0xE2, 0x00, 0x40,
    0x01, 0x92, 0x47, 0x74, 0x3B, 0x47, 0x00, 0x01, 0x47, 0x75, 0x3B, 0x47, 0x00, 0x01, 0x43, 0x73,
    0x3B, 0x43, 0x00, 0x01, 0x43, 0x74, 0x3B, 0x43, 0x00, 0x01, 0x40, 0x75, 0x3B, 0x40, 0x00, 0x01,
    0x3F, 0x73, 0x3B, 0x3F, 0x00, 0x01, 0x42, 0x72, 0x3B, 0x42, 0x00, 0x01, 0x45, 0x6F, 0x3B, 0x45,
    0x00, 0x01, 0x47, 0x76, 0x3B, 0x47, 0x00, 0x01, 0x43, 0x76, 0x81, 0x33, 0x43, 0x00, 0x01, 0x45,
    0x74, 0x3B, 0x45, 0x00, 0x01, 0x45, 0x75, 0x12, 0xE2, 0x20, 0x48, 0x02, 0x7B, 0x5E, 0x03, 0x5E,
    0x77, 0x02, 0x7F, 0x7F, 0x81, 0x13, 0x55, 0x75, 0x03, 0x03, 0x61, 0x04, 0x92, 0x45, 0x00, 0x00,
    0xE2, 0x00, 0x40, 0x01, 0x92, 0x45, 0x76, 0x3B, 0x45, 0x00, 0x01, 0x44, 0x75, 0x3B, 0x44, 0x00,
    0xF4, 0x1E, 0xE2, 0x00, 0x40, 0x03, 0x92, 0x37, 0x71, 0x1D, 0x37, 0x00, 0x01, 0x39, 0x73, 0x1D,
    0x39, 0x00, 0x01, 0x3B, 0x60, 0x1D, 0x3B, 0x00, 0x01, 0x3E, 0x71, 0x1D, 0x3E, 0x00, 0x01, 0x43,
    0x73, 0x1D, 0x43, 0x00, 0x1F, 0x47, 0x74, 0x1D, 0x47, 0x00, 0x1F, 0x47, 0x73, 0x1D, 0x47, 0x00,
    0x1F, 0x47, 0x72, 0x1D, 0x47, 0x00, 0x01, 0x45, 0x70, 0x1D, 0x45, 0x00, 0x01, 0x43, 0x70, 0x3B,
    0x43, 0x00, 0x01, 0x4A, 0x78, 0x1A, 0xE2, 0x5A, 0x56, 0x02, 0x5E, 0x77, 0x03, 0x7F, 0x7F, 0x81,
    0x47, 0x55, 0x75, 0x02, 0x7B, 0x5E, 0x03, 0x39, 0x4E, 0x02, 0x18, 0x46, 0x02, 0x92, 0x4A, 0x00,
    0x01, 0xE2, 0x00, 0x40, 0x00, 0x92, 0x4E, 0x75, 0x59, 0x4E, 0x00, 0x01, 0x4F, 0x77, 0x59, 0x4F,
    0x00, 0x01, 0x51, 0x73, 0x3B, 0x51, 0x00, 0x01, 0x4F, 0x74, 0x3B, 0x4F, 0x00, 0x01, 0x4E, 0x6D,
    0x1D, 0x4E, 0x00, 0x01, 0x4C, 0x71, 0x1D, 0x4C, 0x00, 0x01, 0x4A, 0x76, 0x81, 0x6F, 0x4A, 0x00,
    0x01, 0x47, 0x74, 0x1D, 0x47, 0x00, 0x01, 0x48, 0x6D, 0x1D, 0x48, 0x00, 0x01, 0x4A, 0x6F, 0x1D,
    0x4A, 0x00, 0x01, 0x47, 0x73, 0x1D, 0x47, 0x00, 0x01, 0x4A, 0x75, 0x1B, 0xE2, 0x18, 0x46, 0x03,
    0x73, 0x5C, 0x03, 0x5E, 0x77, 0x02, 0x7F, 0x7F, 0x18, 0x92, 0x4A, 0x00, 0x0D, 0xE2, 0x4D, 0x73,
    0x03, 0x73, 0x5C, 0x03, 0x31, 0x4C, 0x03, 0x10, 0x44, 0x02, 0x00, 0x40, 0x07, 0x92, 0x4A, 0x75,
    0x82, 0x0D, 0x4A, 0x00, 0x01, 0x47, 0x6F, 0x1D, 0x47, 0x00, 0x01, 0x45, 0x6B, 0x1D, 0x45, 0x00,
    0x01, 0x43, 0x69, 0x1D, 0x43, 0x00, 0x01, 0x40, 0x67, 0x1D, 0x40, 0x00, 0x01, 0x45, 0x77, 0x23,
    0xE2, 0x29, 0x4A, 0x03, 0x7B, 0x5E, 0x02, 0x55, 0x75, 0x03, 0x7F, 0x7F, 0x23, 0x76, 0x7D, 0x03,
    0x24, 0x69, 0x02, 0x52, 0x54, 0x03, 0x20, 0x48, 0x03, 0x92, 0x45, 0x00, 0x00, 0xE2, 0x00, 0x40,
    0x01, 0x92, 0x47, 0x75, 0x82, 0x49, 0x47, 0x00, 0x3D, 0x47, 0x73, 0x3B, 0x47, 0x00, 0x01, 0x45,
    0x72, 0x1D, 0x45, 0x00, 0x01, 0x45, 0x72, 0x59, 0x45, 0x00, 0x01, 0x43, 0x6A, 0x3B, 0x43, 0x00,
    0x01, 0x43, 0x6F, 0x3B, 0x43, 0x00, 0x01, 0x40, 0x6E, 0x1D, 0x40, 0x00, 0x01, 0x40, 0x6F, 0x59,
    0x40, 0x00, 0x01, 0x43, 0x6F, 0x3B, 0x43, 0x00, 0x01, 0x45, 0x77, 0x16, 0xE2, 0x39, 0x4E, 0x02,
    0x24, 0x69, 0x03, 0x76, 0x7D, 0x03, 0x7F, 0x7F, 0x22, 0x6E, 0x7B, 0x02, 0x45, 0x71, 0x03, 0x0B,
    0x63, 0x03, 0x41, 0x50, 0x02, 0x18, 0x46, 0x03, 0x08, 0x42, 0x02, 0x00, 0x40, 0x0A, 0x92, 0x45,
    0x00, 0x01, 0x45, 0x74, 0x59, 0x45, 0x00, 0x01, 0x43, 0x73, 0x3B, 0x43, 0x00, 0x01, 0x43, 0x72,
    0x3B, 0x43, 0x00, 0x01, 0x40, 0x72, 0x1D, 0x40, 0x00, 0x01, 0x40, 0x70, 0x59, 0x40, 0x00, 0x01,
    0x43, 0x72, 0x3B, 0x43, 0x00, 0x01, 0x45, 0x77, 0x15, 0xE2, 0x18, 0x46, 0x03, 0x4A, 0x52, 0x02,
    0x0B, 0x63, 0x03, 0x55, 0x75, 0x02, 0x7F, 0x7F, 0x2D, 0x55, 0x75, 0x03, 0x1C, 0x67, 0x03, 0x52,
    0x54, 0x02, 0x20, 0x48, 0x03, 0x08, 0x42, 0x02, 0x92, 0x45, 0x00, 0x01, 0xE2, 0x00, 0x40, 0x00,
    0x92, 0x45, 0x73, 0x59, 0x45, 0x00, 0x01, 0x43, 0x72, 0x3B, 0x43, 0x00, 0x01, 0x45, 0x75, 0x18,
    0xE2, 0x18, 0x46, 0x03, 0x52, 0x54, 0x02, 0x14, 0x65, 0x03, 0x55, 0x75, 0x03, 0x7F, 0x7F, 0x25,
    0x6E, 0x7B, 0x02, 0x24, 0x69, 0x03, 0x52, 0x54, 0x03, 0x20, 0x48, 0x03, 0x08, 0x42, 0x02, 0x00,
    0x40, 0x04, 0x92, 0x45, 0x00, 0x01, 0x45, 0x73, 0x59, 0x45, 0x00, 0x01, 0x43, 0x74, 0x3B, 0x43,
    0x00, 0x01, 0x47, 0x76, 0x81, 0x6F, 0x47, 0x00, 0x01, 0x48, 0x72, 0x81, 0x6F, 0x48, 0x00, 0xDB,
    0x13, 0xE2, 0x00, 0x40, 0x04, 0x92, 0x3B, 0x77, 0x1D, 0x3B, 0x00, 0x01, 0x3E, 0x74, 0x1D, 0x3E,
    0x00, 0x01, 0x40, 0x74, 0x1D, 0x40, 0x00, 0x01, 0x42, 0x73, 0x1D, 0x42, 0x00, 0x01, 0x40, 0x75,
    0x1D, 0x40, 0x00, 0x01, 0x3E, 0x74, 0x1A, 0xE2, 0x08, 0x42, 0x02, 0x03, 0x61, 0x03, 0x6E, 0x7B,
    0x03, 0x7F, 0x7F, 0x1D, 0x45, 0x71, 0x02, 0x6A, 0x5A, 0x03, 0x31, 0x4C, 0x03, 0x10, 0x44, 0x02,
    0x00, 0x40, 0x6A, 0x92, 0x3E, 0x00, 0x81, 0x17, 0x47, 0x78, 0x1D, 0x47, 0x00, 0x01, 0x4A, 0x71,
    0x1D, 0x4A, 0x00, 0x01, 0x4C, 0x7B, 0x21, 0xE2, 0x10, 0x44, 0x02, 0x2C, 0x6B, 0x03, 0x7F, 0x7F,
    0x15, 0x5E, 0x77, 0x03, 0x7B, 0x5E, 0x03, 0x39, 0x4E, 0x02, 0x10, 0x44, 0x03, 0x00, 0x40, 0x31,
    0x92, 0x4C, 0x00, 0x01, 0x4A, 0x7B, 0x13, 0xE2, 0x31, 0x4C, 0x03, 0x03, 0x61, 0x03, 0x5E, 0x77,
    0x02, 0x7F, 0x7F, 0x0B, 0x76, 0x7D, 0x02, 0x2C, 0x6B, 0x03, 0x5A, 0x56, 0x03, 0x20, 0x48, 0x03,
    0x08, 0x42, 0x02, 0x00, 0x40, 0x62, 0x92, 0x4A, 0x00, 0x89, 0x31, 0x3B, 0x76, 0x81, 0x33, 0x3B,
    0x00, 0x01, 0x3E, 0x78, 0x3B, 0x3E, 0x00, 0x01, 0x40, 0x76, 0x1B, 0xE2, 0x41, 0x50, 0x02, 0x3D,
    0x6F, 0x02, 0x7F, 0x7F, 0x81, 0x12, 0x24, 0x69, 0x02, 0x92, 0x40, 0x00, 0x00, 0xE2, 0x00, 0x40,
    0x01, 0x92, 0x3C, 0x76, 0x3B, 0x3C, 0x00, 0x01, 0x3B, 0x78, 0x81, 0x33, 0x3B, 0x00, 0x01, 0x40,
    0x75, 0x3B, 0x40, 0x00, 0x01, 0x45, 0x75, 0x18, 0xE2, 0x39, 0x4E, 0x03, 0x3D, 0x6F, 0x02, 0x7F,
    0x7F, 0x81, 0x0E, 0x5E, 0x77, 0x03, 0x6A, 0x5A, 0x03, 0x31, 0x4C, 0x01, 0x00, 0x40, 0x01, 0x92,
    0x45, 0x00, 0x01, 0x3C, 0x75, 0x3B, 0x3C, 0x00, 0x01, 0x3B, 0x76, 0x81, 0x33, 0x3B, 0x00, 0x01,
    0x3E, 0x78, 0x3B, 0x3E, 0x00, 0x01, 0x40, 0x76, 0x1B, 0xE2, 0x41, 0x50, 0x02, 0x3D, 0x6F, 0x02,
    0x7F, 0x7F, 0x81, 0x12, 0x24, 0x69, 0x02, 0x92, 0x40, 0x00, 0x00, 0xE2, 0x00, 0x40, 0x01, 0x92,
    0x47, 0x74, 0x3B, 0x47, 0x00, 0x01, 0x47, 0x75, 0x3B, 0x47, 0x00, 0x01, 0x43, 0x73, 0x3B, 0x43,
    0x00, 0x01, 0x43, 0x74, 0x3B, 0x43, 0x00, 0x01, 0x40, 0x75, 0x3B, 0x40, 0x00, 0x01, 0x3F, 0x73,
    0x3B, 0x3F, 0x00, 0x01, 0x42, 0x72, 0x3B, 0x42, 0x00, 0x01, 0x45, 0x6F, 0x3B, 0x45, 0x00, 0x01,
    0x47, 0x72, 0x3B, 0x47, 0x00, 0x01, 0x43, 0x69, 0x81, 0x49, 0xB2, 0x0B, 0x6C, 0x0A, 0x0B, 0x6A,
    0x09, 0x0B, 0x68, 0x0A, 0x0B, 0x66, 0x0A, 0x0B, 0x64, 0x09, 0x0B, 0x62, 0x0A, 0x0B, 0x60, 0x09,
    0x0B, 0x5E, 0x0A, 0x0B, 0x5C, 0x09, 0x0B, 0x5A, 0x0A, 0x0B, 0x58, 0x09, 0x0B, 0x56, 0x0A, 0x0B,
    0x54, 0x0A, 0x0B, 0x52, 0x09, 0x0B, 0x50, 0x0A, 0x0B, 0x4E, 0x09, 0x0B, 0x4C, 0x0A, 0x0B, 0x4A,
    0x09, 0x0B, 0x48, 0x0A, 0x0B, 0x46, 0x09, 0x0B, 0x44, 0x0A, 0x0B, 0x42, 0x0A, 0x0B, 0x40, 0x09,
    0x0B, 0x3E, 0x0A, 0x0B, 0x3C, 0x09, 0x0B, 0x3A, 0x0A, 0x0B, 0x38, 0x09, 0x0B, 0x36, 0x0A, 0x0B,
    0x34, 0x09, 0x92, 0x43, 0x00, 0x01, 0xB2, 0x0B, 0x32, 0x00, 0xFF, 0x2F, 0x00, 0x4D, 0x54, 0x72,
    0x6B, 0x00, 0x00, 0x0B, 0x5A, 0x00, 0xFF, 0x21, 0x01, 0x00, 0x00, 0xFF, 0x03, 0x0C, 0x6B, 0x65,
    0x79, 0x2B, 0x47, 0x2F, 0x52, 0x2E, 0x4B, 0x2F, 0x38, 0x35, 0x00, 0xB0, 0x07, 0x5A, 0x00, 0x0A,
    0x40, 0x04, 0x78, 0x00, 0x02, 0x00, 0x00, 0x02, 0x20, 0x00, 0x02, 0x0B, 0x6E, 0x02, 0xC0, 0x47,
    0x02, 0xB0, 0x5B, 0x50, 0x02, 0x5D, 0x32, 0x02, 0x65, 0x00, 0x02, 0x64, 0x00, 0x02, 0x06, 0x02,
    0x02, 0x63, 0x01, 0x02, 0x62, 0x09, 0x02, 0x06, 0x47, 0x9A, 0x7C, 0x90, 0x47, 0x4C, 0x77, 0x47,
    0x00, 0x01, 0x48, 0x50, 0x77, 0x48, 0x00, 0x01, 0x4A, 0x4D, 0x69, 0x4A, 0x00, 0x0F, 0x4A, 0x52,
    0x59, 0x4A, 0x00, 0x01, 0x48, 0x50, 0x1D, 0x48, 0x00, 0x01, 0x48, 0x4F, 0x59, 0x48, 0x00, 0x01,
    0x47, 0x4E, 0x1D, 0x47, 0x00, 0x01, 0x40, 0x53, 0x81, 0x75, 0x40, 0x00, 0x73, 0x45, 0x52, 0x77,
    0x45, 0x00, 0x01, 0x47, 0x51, 0x81, 0x33, 0x47, 0x00, 0x01, 0x48, 0x4D, 0x3B, 0x48, 0x00, 0x01,
    0x4C, 0x52, 0x81, 0x33, 0x4C, 0x00, 0x01, 0x4A, 0x51, 0x3B, 0x4A, 0x00, 0x01, 0x47, 0x50, 0x81,
    0x74, 0x47, 0x00, 0x74, 0x47, 0x4E, 0x77, 0x47, 0x00, 0x01, 0x48, 0x4C, 0x77, 0x48, 0x00, 0x01,
    0x4A, 0x4C, 0x65, 0x4A, 0x00, 0x13, 0x4A, 0x4E, 0x59, 0x4A, 0x00, 0x01, 0x48, 0x4D, 0x1D, 0x48,
    0x00, 0x01, 0x48, 0x4D, 0x59, 0x48, 0x00, 0x01, 0x47, 0x53, 0x1D, 0x47, 0x00, 0x01, 0x40, 0x4F,
    0x81, 0x71, 0x40, 0x00, 0x77, 0x45, 0x4C, 0x3B, 0x45, 0x00, 0x01, 0x48, 0x4C, 0x3B, 0x48, 0x00,
    0x01, 0x4C, 0x4C, 0x81, 0x33, 0x4C, 0x00, 0x01, 0x4E, 0x4F, 0x38, 0x4E, 0x00, 0x04, 0x4E, 0x50,
    0x83, 0x23, 0x4E, 0x00, 0x81, 0x35, 0x47, 0x50, 0x77, 0x47, 0x00, 0x01, 0x48, 0x50, 0x77, 0x48,
    0x00, 0x01, 0x4A, 0x50, 0x76, 0x4A, 0x00, 0x02, 0x47, 0x57, 0x59, 0x47, 0x00, 0x01, 0x43, 0x5B,
    0x1D, 0x43, 0x00, 0x01, 0x43, 0x59, 0x3B, 0x43, 0x00, 0x01, 0x40, 0x58, 0x29, 0x40, 0x00, 0x13,
    0x40, 0x56, 0x3B, 0x40, 0x00, 0x01, 0x43, 0x5A, 0x32, 0x43, 0x00, 0x0A, 0x43, 0x5C, 0x3B, 0x43,
    0x00, 0x01, 0x4A, 0x5C, 0x3A, 0x4A, 0x00, 0x02, 0x4A, 0x5A, 0x59, 0x4A, 0x00, 0x01, 0x48, 0x58,
    0x1D, 0x48, 0x00, 0x01, 0x48, 0x5D, 0x47, 0x48, 0x00, 0x13, 0x47, 0x5B, 0x1D, 0x47, 0x00, 0x01,
    0x47, 0x5D, 0x36, 0x47, 0x00, 0x06, 0x43, 0x5D, 0x37, 0x43, 0x00, 0x05, 0x43, 0x5A, 0x3B, 0x43,
    0x00, 0x01, 0x3F, 0x57, 0x3B, 0x3F, 0x00, 0x01, 0x3E, 0x59, 0x81, 0x38, 0x3E, 0x00, 0x38, 0x47,
    0x57, 0x81, 0x33, 0x47, 0x00, 0x01, 0x45, 0x5C, 0x1D, 0x45, 0x00, 0x01, 0x43, 0x57, 0x1D, 0x43,
    0x00, 0x01, 0x47, 0x5C, 0x35, 0x47, 0x00, 0x07, 0x47, 0x5C, 0x81, 0x35, 0x47, 0x00, 0x81, 0x51,
    0x47, 0x5D, 0x1D, 0x47, 0x00, 0x01, 0x47, 0x5D, 0x56, 0x47, 0x00, 0x04, 0x45, 0x5A, 0x1D, 0x45,
    0x00, 0x01, 0x45, 0x59, 0x3B, 0x45, 0x00, 0x01, 0x43, 0x58, 0x29, 0x43, 0x00, 0x13, 0x43, 0x58,
    0x3B, 0x43, 0x00, 0x01, 0x40, 0x5C, 0x3B, 0x40, 0x00, 0x01, 0x43, 0x56, 0x3B, 0x43, 0x00, 0x01,
    0x45, 0x59, 0x39, 0x45, 0x00, 0x03, 0x47, 0x56, 0x59, 0x47, 0x00, 0x01, 0x45, 0x5B, 0x1D, 0x45,
    0x00, 0x01, 0x45, 0x56, 0x57, 0x45, 0x00, 0x03, 0x43, 0x56, 0x1D, 0x43, 0x00, 0x01, 0x43, 0x5D,
    0x38, 0x43, 0x00, 0x04, 0x40, 0x58, 0x3B, 0x40, 0x00, 0x01, 0x43, 0x58, 0x3B, 0x43, 0x00, 0x01,
    0x45, 0x5A, 0x38, 0x45, 0x00, 0x04, 0x47, 0x5B, 0x59, 0x47, 0x00, 0x01, 0x45, 0x5C, 0x52, 0x45,
    0x00, 0x08, 0x43, 0x5B, 0x3B, 0x43, 0x00, 0x01, 0x47, 0x59, 0x59, 0x47, 0x00, 0x01, 0x45, 0x57,
    0x50, 0x45, 0x00, 0x0A, 0x43, 0x5B, 0x3B, 0x43, 0x00, 0x01, 0x47, 0x59, 0x81, 0x6F, 0x47, 0x00,
    0x01, 0x48, 0x59, 0x81, 0x37, 0x48, 0x00, 0x39, 0x45, 0x5D, 0x81, 0x6A, 0x45, 0x00, 0x06, 0x42,
    0x5B, 0x81, 0x76, 0x42, 0x00, 0x81, 0x6A, 0x3E, 0x56, 0x3B, 0x3E, 0x00, 0x01, 0x40, 0x5A, 0x3B,
    0x40, 0x00, 0x01, 0x43, 0x59, 0x3B, 0x43, 0x00, 0x01, 0x45, 0x5B, 0x3A, 0x45, 0x00, 0x02, 0x47,
    0x5A, 0x81, 0x30, 0x47, 0x00, 0x04, 0x48, 0x5A, 0x6E, 0x48, 0x00, 0x0A, 0x40, 0x58, 0x81, 0x43,
    0x40, 0x00, 0x69, 0x45, 0x57, 0x77, 0x45, 0x00, 0x01, 0x47, 0x57, 0x75, 0x47, 0x00, 0x03, 0x48,
    0x59, 0x77, 0x48, 0x00, 0x01, 0x4A, 0x5C, 0x2F, 0x4A, 0x00, 0x0D, 0x4A, 0x5A, 0x2B, 0x4A, 0x00,
    0x11, 0x4A, 0x5D, 0x2F, 0x4A, 0x00, 0x0D, 0x4A, 0x5C, 0x1D, 0x4A, 0x00, 0x01, 0x4A, 0x58, 0x4A,
    0x4A, 0x00, 0x10, 0x4A, 0x57, 0x2B, 0x4A, 0x00, 0x11, 0x4A, 0x5B, 0x2D, 0x4A, 0x00, 0x0F, 0x4A,
    0x59, 0x1D, 0x4A, 0x00, 0x01, 0x4A, 0x56, 0x4D, 0x4A, 0x00, 0x0D, 0x43, 0x5B, 0x81, 0x3A, 0x43,
    0x00, 0x36, 0x47, 0x5A, 0x2B, 0x47, 0x00, 0x11, 0x47, 0x57, 0x3B, 0x47, 0x00, 0x01, 0x48, 0x5D,
    0x1D, 0x48, 0x00, 0x01, 0x4A, 0x57, 0x4C, 0x4A, 0x00, 0x0E, 0x4A, 0x5D, 0x2B, 0x4A, 0x00, 0x11,
    0x4A, 0x5B, 0x2A, 0x4A, 0x00, 0x12, 0x4A, 0x58, 0x1D, 0x4A, 0x00, 0x01, 0x4A, 0x59, 0x47, 0x4A,
    0x00, 0x13, 0x4A, 0x56, 0x2D, 0x4A, 0x00, 0x0F, 0x4A, 0x5D, 0x2B, 0x4A, 0x00, 0x11, 0x4A, 0x5B,
    0x1D, 0x4A, 0x00, 0x01, 0x4A, 0x57, 0x50, 0x4A, 0x00, 0x0A, 0x43, 0x5D, 0x81, 0x34, 0x43, 0x00,
    0x81, 0x34, 0x47, 0x5C, 0x3B, 0x47, 0x00, 0x01, 0x4A, 0x5A, 0x59, 0x4A, 0x00, 0x01, 0x48, 0x57,
    0x58, 0x48, 0x00, 0x02, 0x47, 0x57, 0x3B, 0x47, 0x00, 0x01, 0x4A, 0x5C, 0x59, 0x4A, 0x00, 0x01,
    0x48, 0x59, 0x59, 0x48, 0x00, 0x01, 0x47, 0x57, 0x3B, 0x47, 0x00, 0x01, 0x4A, 0x5A, 0x59, 0x4A,
    0x00, 0x01, 0x47, 0x5B, 0x55, 0x47, 0x00, 0x05, 0x4C, 0x59, 0x3B, 0x4C, 0x00, 0x01, 0x4D, 0x58,
    0x56, 0x4D, 0x00, 0x04, 0x4C, 0x5A, 0x56, 0x4C, 0x00, 0x04, 0x47, 0x5B, 0x76, 0x47, 0x00, 0x02,
    0x45, 0x5C, 0x82, 0x32, 0x45, 0x00, 0x54, 0x40, 0x5B, 0x1D, 0x40, 0x00, 0x01, 0x3E, 0x59, 0x81,
    0x50, 0x3E, 0x00, 0x02, 0x45, 0x56, 0x1D, 0x45, 0x00, 0x01, 0x45, 0x58, 0x81, 0x2C, 0x45, 0x00,
    0x08, 0x47, 0x5C, 0x3A, 0x47, 0x00, 0x02, 0x48, 0x60, 0x81, 0x33, 0x48, 0x00, 0x01, 0x4A, 0x64,
    0x3A, 0x4A, 0x00, 0x02, 0x4C, 0x65, 0x81, 0x33, 0x4C, 0x00, 0x01, 0x48, 0x63, 0x3B, 0x48, 0x00,
    0x01, 0x47, 0x60, 0x81, 0x31, 0x47, 0x00, 0x03, 0x4A, 0x67, 0x3B, 0x4A, 0x00, 0x01, 0x4E, 0x67,
    0x81, 0x32, 0x4E, 0x00, 0x02, 0x48, 0x64, 0x3B, 0x48, 0x00, 0x01, 0x47, 0x62, 0x81, 0x31, 0x47,
    0x00, 0x03, 0x4A, 0x63, 0x3B, 0x4A, 0x00, 0x01, 0x4E, 0x62, 0x73, 0x4E, 0x00, 0x05, 0x4F, 0x66,
    0x77, 0x4F, 0x00, 0x01, 0x4E, 0x62, 0x59, 0x4E, 0x00, 0x01, 0x4C, 0x63, 0x1D, 0x4C, 0x00, 0x01,
    0x4A, 0x62, 0x81, 0x77, 0x4A, 0x00, 0x35, 0x43, 0x67, 0x3B, 0x43, 0x00, 0x01, 0x48, 0x62, 0x81,
    0x2F, 0x48, 0x00, 0x05, 0x4A, 0x65, 0x37, 0x4A, 0x00, 0x05, 0x4C, 0x64, 0x81, 0x33, 0x4C, 0x00,
    0x01, 0x48, 0x61, 0x37, 0x48, 0x00, 0x05, 0x47, 0x66, 0x81, 0x33, 0x47, 0x00, 0x01, 0x4A, 0x66,
    0x3A, 0x4A, 0x00, 0x02, 0x4E, 0x63, 0x81, 0x32, 0x4E, 0x00, 0x02, 0x48, 0x64, 0x37, 0x48, 0x00,
    0x05, 0x47, 0x67, 0x81, 0x33, 0x47, 0x00, 0x01, 0x4A, 0x60, 0x3B, 0x4A, 0x00, 0x01, 0x4E, 0x67,
    0x75, 0x4E, 0x00, 0x03, 0x4F, 0x64, 0x77, 0x4F, 0x00, 0x01, 0x4E, 0x60, 0x70, 0x4E, 0x00, 0x08,
    0x4E, 0x64, 0x59, 0x4E, 0x00, 0x01, 0x4C, 0x61, 0x1D, 0x4C, 0x00, 0x01, 0x4A, 0x66, 0x81, 0x01,
    0x4A, 0x00, 0x33, 0x43, 0x65, 0x3A, 0x43, 0x00, 0x02, 0x4A, 0x65, 0x81, 0x30, 0x4A, 0x00, 0x04,
    0x4C, 0x61, 0x1D, 0x4C, 0x00, 0x01, 0x4C, 0x66, 0x81, 0x1C, 0x4C, 0x00, 0x54, 0x4C, 0x60, 0x1D,
    0x4C, 0x00, 0x01, 0x4C, 0x60, 0x81, 0x2D, 0x4C, 0x00, 0x07, 0x4E, 0x65, 0x1D, 0x4E, 0x00, 0x01,
    0x4E, 0x62, 0x81, 0x1F, 0x4E, 0x00, 0x33, 0x47, 0x67, 0x1D, 0x47, 0x00, 0x01, 0x47, 0x62, 0x1D,
    0x47, 0x00, 0x01, 0x51, 0x62, 0x81, 0x2D, 0x51, 0x00, 0x07, 0x4F, 0x61, 0x1D, 0x4F, 0x00, 0x01,
    0x4E, 0x65, 0x1D, 0x4E, 0x00, 0x01, 0x4C, 0x66, 0x3B, 0x4C, 0x00, 0x01, 0x4E, 0x65, 0x3B, 0x4E,
    0x00, 0x01, 0x4F, 0x64, 0x37, 0x4F, 0x00, 0x05, 0x51, 0x65, 0x1D, 0x51, 0x00, 0x01, 0x53, 0x62,
    0x83, 0x0A, 0x53, 0x00, 0x38, 0x47, 0x61, 0x1F, 0x47, 0x00, 0x1D, 0x47, 0x60, 0x59, 0x47, 0x00,
    0x01, 0x43, 0x60, 0x1D, 0x43, 0x00, 0x01, 0x43, 0x66, 0x3A, 0x43, 0x00, 0x02, 0x40, 0x66, 0x3B,
    0x40, 0x00, 0x01, 0x3F, 0x61, 0x36, 0x3F, 0x00, 0x06, 0x43, 0x60, 0x3B, 0x43, 0x00, 0x01, 0x45,
    0x64, 0x3A, 0x45, 0x00, 0x02, 0x47, 0x60, 0x37, 0x47, 0x00, 0x05, 0x43, 0x60, 0x81, 0x6E, 0x43,
    0x00, 0x91, 0x6A, 0x47, 0x4F, 0x77, 0x47, 0x00, 0x01, 0x48, 0x52, 0x74, 0x48, 0x00, 0x04, 0x4A,
    0x51, 0x6B, 0x4A, 0x00, 0x0D, 0x4A, 0x50, 0x59, 0x4A, 0x00, 0x01, 0x48, 0x4C, 0x1D, 0x48, 0x00,
    0x01, 0x48, 0x4F, 0x59, 0x48, 0x00, 0x01, 0x47, 0x4D, 0x1D, 0x47, 0x00, 0x01, 0x40, 0x51, 0x81,
    0x76, 0x40, 0x00, 0x72, 0x45, 0x4E, 0x77, 0x45, 0x00, 0x01, 0x47, 0x4F, 0x77, 0x47, 0x00, 0x01,
    0x48, 0x4D, 0x76, 0x48, 0x00, 0x02, 0x4C, 0x50, 0x81, 0x51, 0x4C, 0x00, 0x01, 0x4A, 0x50, 0x1D,
    0x4A, 0x00, 0x01, 0x47, 0x51, 0x81, 0x73, 0x47, 0x00, 0x75, 0x47, 0x4D, 0x77, 0x47, 0x00, 0x01,
    0x48, 0x50, 0x77, 0x48, 0x00, 0x01, 0x4A, 0x53, 0x64, 0x4A, 0x00, 0x14, 0x4A, 0x51, 0x59, 0x4A,
    0x00, 0x01, 0x48, 0x53, 0x1D, 0x48, 0x00, 0x01, 0x48, 0x4D, 0x59, 0x48, 0x00, 0x01, 0x47, 0x4E,
    0x1D, 0x47, 0x00, 0x01, 0x40, 0x4D, 0x81, 0x73, 0x40, 0x00, 0x75, 0x45, 0x53, 0x77, 0x45, 0x00,
    0x01, 0x47, 0x4F, 0x77, 0x47, 0x00, 0x01, 0x48, 0x53, 0x77, 0x48, 0x00, 0x01, 0x4C, 0x4C, 0x81,
    0x2F, 0x4C, 0x00, 0x05, 0x4E, 0x51, 0x3B, 0x4E, 0x00, 0x01, 0x4C, 0x4C, 0x3B, 0x4C, 0x00, 0x01,
    0x4A, 0x4F, 0x81, 0x3B, 0x4A, 0x00, 0x71, 0x47, 0x53, 0x77, 0x47, 0x00, 0x01, 0x48, 0x4C, 0x77,
    0x48, 0x00, 0x01, 0x4A, 0x53, 0x75, 0x4A, 0x00, 0x03, 0x47, 0x58, 0x3B, 0x47, 0x00, 0x01, 0x43,
    0x57, 0x33, 0x43, 0x00, 0x09, 0x43, 0x5C, 0x35, 0x43, 0x00, 0x07, 0x40, 0x59, 0x29, 0x40, 0x00,
    0x13, 0x40, 0x57, 0x3B, 0x40, 0x00, 0x01, 0x43, 0x5B, 0x2C, 0x43, 0x00, 0x10, 0x43, 0x5A, 0x4F,
    0x43, 0x00, 0x0B, 0x4A, 0x59, 0x1D, 0x4A, 0x00, 0x01, 0x4A, 0x59, 0x3B, 0x4A, 0x00, 0x01, 0x48,
    0x5A, 0x26, 0x48, 0x00, 0x16, 0x48, 0x5B, 0x3A, 0x48, 0x00, 0x02, 0x47, 0x5C, 0x2F, 0x47, 0x00,
    0x0D, 0x47, 0x5C, 0x35, 0x47, 0x00, 0x07, 0x43, 0x5A, 0x2B, 0x43, 0x00, 0x11, 0x43, 0x5B, 0x3B,
    0x43, 0x00, 0x01, 0x3F, 0x5A, 0x3A, 0x3F, 0x00, 0x02, 0x3E, 0x59, 0x72, 0x3E, 0x00, 0x06, 0x3E,
    0x57, 0x77, 0x3E, 0x00, 0x01, 0x47, 0x5B, 0x59, 0x47, 0x00, 0x01, 0x45, 0x5A, 0x56, 0x45, 0x00,
    0x04, 0x43, 0x5D, 0x3B, 0x43, 0x00, 0x01, 0x47, 0x57, 0x32, 0x47, 0x00, 0x0A, 0x47, 0x57, 0x81,
    0x35, 0x47, 0x00, 0x81, 0x51, 0x47, 0x5A, 0x1D, 0x47, 0x00, 0x01, 0x47, 0x5B, 0x36, 0x47, 0x00,
    0x06, 0x45, 0x5A, 0x29, 0x45, 0x00, 0x13, 0x45, 0x58, 0x3B, 0x45, 0x00, 0x01, 0x43, 0x59, 0x2C,
    0x43, 0x00, 0x10, 0x43, 0x56, 0x3B, 0x43, 0x00, 0x01, 0x40, 0x5B, 0x1D, 0x40, 0x00, 0x01, 0x43,
    0x5A, 0x54, 0x43, 0x00, 0x06, 0x43, 0x5A, 0x3B, 0x43, 0x00, 0x01, 0x47, 0x5B, 0x3B, 0x47, 0x00,
    0x01, 0x45, 0x5C, 0x2E, 0x45, 0x00, 0x0E, 0x45, 0x57, 0x3A, 0x45, 0x00, 0x02, 0x43, 0x5A, 0x1D,
    0x43, 0x00, 0x01, 0x43, 0x5C, 0x54, 0x43, 0x00, 0x06, 0x40, 0x5D, 0x1D, 0x40, 0x00, 0x01, 0x42,
    0x5A, 0x55, 0x42, 0x00, 0x05, 0x43, 0x5B, 0x3B, 0x43, 0x00, 0x01, 0x47, 0x56, 0x55, 0x47, 0x00,
    0x05, 0x45, 0x5B, 0x59, 0x45, 0x00, 0x01, 0x43, 0x5D, 0x3B, 0x43, 0x00, 0x01, 0x47, 0x58, 0x59,
    0x47, 0x00, 0x01, 0x45, 0x5A, 0x57, 0x45, 0x00, 0x03, 0x43, 0x58, 0x3B, 0x43, 0x00, 0x01, 0x47,
    0x57, 0x81, 0x6F, 0x47, 0x00, 0x01, 0x48, 0x56, 0x81, 0x32, 0x48, 0x00, 0x02, 0x47, 0x5C, 0x3B,
    0x47, 0x00, 0x01, 0x48, 0x66, 0x81, 0x33, 0x48, 0x00, 0x01, 0x4A, 0x65, 0x3A, 0x4A, 0x00, 0x02,
    0x4C, 0x61, 0x81, 0x33, 0x4C, 0x00, 0x01, 0x48, 0x62, 0x3B, 0x48, 0x00, 0x01, 0x47, 0x60, 0x81,
    0x31, 0x47, 0x00, 0x03, 0x4A, 0x60, 0x3B, 0x4A, 0x00, 0x01, 0x4E, 0x65, 0x81, 0x32, 0x4E, 0x00,
    0x02, 0x48, 0x66, 0x3B, 0x48, 0x00, 0x01, 0x47, 0x64, 0x81, 0x31, 0x47, 0x00, 0x03, 0x4A, 0x63,
    0x3B, 0x4A, 0x00, 0x01, 0x4E, 0x63, 0x73, 0x4E, 0x00, 0x05, 0x4F, 0x62, 0x77, 0x4F, 0x00, 0x01,
    0x4E, 0x63, 0x59, 0x4E, 0x00, 0x01, 0x4C, 0x64, 0x1D, 0x4C, 0x00, 0x01, 0x4A, 0x61, 0x81, 0x77,
    0x4A, 0x00, 0x35, 0x43, 0x62, 0x3B, 0x43, 0x00, 0x01, 0x48, 0x65, 0x81, 0x2F, 0x48, 0x00, 0x05,
    0x4A, 0x62, 0x37, 0x4A, 0x00, 0x05, 0x4C, 0x66, 0x81, 0x33, 0x4C, 0x00, 0x01, 0x48, 0x67, 0x37,
    0x48, 0x00, 0x05, 0x47, 0x66, 0x81, 0x33, 0x47, 0x00, 0x01, 0x4A, 0x65, 0x3A, 0x4A, 0x00, 0x02,
    0x4E, 0x62, 0x81, 0x32, 0x4E, 0x00, 0x02, 0x48, 0x67, 0x37, 0x48, 0x00, 0x05, 0x47, 0x61, 0x81,
    0x33, 0x47, 0x00, 0x01, 0x4A, 0x60, 0x3B, 0x4A, 0x00, 0x01, 0x4E, 0x66, 0x75, 0x4E, 0x00, 0x03,
    0x4F, 0x64, 0x77, 0x4F, 0x00, 0x01, 0x4E, 0x64, 0x70, 0x4E, 0x00, 0x08, 0x4E, 0x67, 0x59, 0x4E,
    0x00, 0x01, 0x4C, 0x60, 0x1D, 0x4C, 0x00, 0x01, 0x4A, 0x67, 0x81, 0x01, 0x4A, 0x00, 0x33, 0x43,
    0x65, 0x3A, 0x43, 0x00, 0x02, 0x4A, 0x62, 0x81, 0x30, 0x4A, 0x00, 0x04, 0x4C, 0x60, 0x1D, 0x4C,
    0x00, 0x01, 0x4C, 0x64, 0x81, 0x1C, 0x4C, 0x00, 0x54, 0x4C, 0x61, 0x1D, 0x4C, 0x00, 0x01, 0x4C,
    0x62, 0x81, 0x2D, 0x4C, 0x00, 0x07, 0x4E, 0x67, 0x1D, 0x4E, 0x00, 0x01, 0x4E, 0x64, 0x81, 0x1F,
    0x4E, 0x00, 0x33, 0x47, 0x65, 0x1D, 0x47, 0x00, 0x01, 0x47, 0x60, 0x1D, 0x47, 0x00, 0x01, 0x51,
    0x63, 0x81, 0x2D, 0x51, 0x00, 0x07, 0x4F, 0x63, 0x1D, 0x4F, 0x00, 0x01, 0x4E, 0x63, 0x1D, 0x4E,
    0x00, 0x01, 0x4C, 0x66, 0x3B, 0x4C, 0x00, 0x01, 0x4E, 0x64, 0x3B, 0x4E, 0x00, 0x01, 0x4F, 0x63,
    0x37, 0x4F, 0x00, 0x05, 0x51, 0x65, 0x1D, 0x51, 0x00, 0x01, 0x53, 0x64, 0x83, 0x0A, 0x53, 0x00,
    0x38, 0x47, 0x64, 0x1F, 0x47, 0x00, 0x1D, 0x47, 0x63, 0x59, 0x47, 0x00, 0x01, 0x43, 0x60, 0x1D,
    0x43, 0x00, 0x01, 0x43, 0x65, 0x3A, 0x43, 0x00, 0x02, 0x40, 0x60, 0x3B, 0x40, 0x00, 0x01, 0x3F,
    0x64, 0x36, 0x3F, 0x00, 0x06, 0x43, 0x66, 0x3B, 0x43, 0x00, 0x01, 0x45, 0x63, 0x3A, 0x45, 0x00,
    0x02, 0x47, 0x65, 0x37, 0x47, 0x00, 0x05, 0x43, 0x63, 0x81, 0x6E, 0x43, 0x00, 0xA3, 0x52, 0x45,
    0x4F, 0x81, 0x6A, 0x45, 0x00, 0x06, 0x42, 0x52, 0x81, 0x76, 0x42, 0x00, 0x81, 0x6A, 0x3E, 0x50,
    0x3B, 0x3E, 0x00, 0x01, 0x40, 0x4E, 0x3B, 0x40, 0x00, 0x01, 0x43, 0x53, 0x3B, 0x43, 0x00, 0x01,
    0x45, 0x51, 0x3A, 0x45, 0x00, 0x02, 0x47, 0x4D, 0x81, 0x30, 0x47, 0x00, 0x04, 0x48, 0x4E, 0x6E,
    0x48, 0x00, 0x0A, 0x40, 0x4D, 0x81, 0x43, 0x40, 0x00, 0x69, 0x45, 0x51, 0x77, 0x45, 0x00, 0x01,
    0x47, 0x53, 0x75, 0x47, 0x00, 0x03, 0x48, 0x50, 0x77, 0x48, 0x00, 0x01, 0x4A, 0x4C, 0x2F, 0x4A,
    0x00, 0x0D, 0x4A, 0x4E, 0x2B, 0x4A, 0x00, 0x11, 0x4A, 0x4C, 0x2F, 0x4A, 0x00, 0x0D, 0x4A, 0x51,
    0x1D, 0x4A, 0x00, 0x01, 0x4A, 0x4D, 0x4A, 0x4A, 0x00, 0x10, 0x4A, 0x52, 0x2B, 0x4A, 0x00, 0x11,
    0x4A, 0x52, 0x2D, 0x4A, 0x00, 0x0F, 0x4A, 0x50, 0x1D, 0x4A, 0x00, 0x01, 0x4A, 0x51, 0x4D, 0x4A,
    0x00, 0x0D, 0x43, 0x52, 0x81, 0x3A, 0x43, 0x00, 0x36, 0x47, 0x4C, 0x2B, 0x47, 0x00, 0x11, 0x47,
    0x4D, 0x3B, 0x47, 0x00, 0x01, 0x48, 0x51, 0x1D, 0x48, 0x00, 0x01, 0x4A, 0x50, 0x4C, 0x4A, 0x00,
    0x0E, 0x4A, 0x4D, 0x2B, 0x4A, 0x00, 0x11, 0x4A, 0x4C, 0x2A, 0x4A, 0x00, 0x12, 0x4A, 0x4D, 0x1D,
    0x4A, 0x00, 0x01, 0x4A, 0x50, 0x47, 0x4A, 0x00, 0x13, 0x4A, 0x4E, 0x2D, 0x4A, 0x00, 0x0F, 0x4A,
    0x4E, 0x2B, 0x4A, 0x00, 0x11, 0x4A, 0x4E, 0x1D, 0x4A, 0x00, 0x01, 0x4A, 0x51, 0x50, 0x4A, 0x00,
    0x0A, 0x43, 0x52, 0x81, 0x34, 0x43, 0x00, 0x81, 0x34, 0x47, 0x52, 0x3B, 0x47, 0x00, 0x01, 0x4A,
    0x50, 0x59, 0x4A, 0x00, 0x01, 0x48, 0x50, 0x58, 0x48, 0x00, 0x02, 0x47, 0x52, 0x3B, 0x47, 0x00,
    0x01, 0x4A, 0x53, 0x59, 0x4A, 0x00, 0x01, 0x48, 0x4D, 0x59, 0x48, 0x00, 0x01, 0x47, 0x51, 0x3B,
    0x47, 0x00, 0x01, 0x4A, 0x4F, 0x59, 0x4A, 0x00, 0x01, 0x47, 0x4E, 0x55, 0x47, 0x00, 0x05, 0x4C,
    0x4D, 0x3B, 0x4C, 0x00, 0x01, 0x4D, 0x52, 0x56, 0x4D, 0x00, 0x04, 0x4C, 0x4C, 0x56, 0x4C, 0x00,
    0x04, 0x47, 0x4F, 0x76, 0x47, 0x00, 0x02, 0x45, 0x50, 0x82, 0x32, 0x45, 0x00, 0x54, 0x40, 0x4E,
    0x1D, 0x40, 0x00, 0x01, 0x3E, 0x50, 0x81, 0x50, 0x3E, 0x00, 0x02, 0x45, 0x4D, 0x1D, 0x45, 0x00,
    0x01, 0x45, 0x4E, 0x81, 0x2C, 0x45, 0x00, 0x08, 0x47, 0x4C, 0x3A, 0x47, 0x00, 0x02, 0x48, 0x66,
    0x81, 0x33, 0x48, 0x00, 0x01, 0x4A, 0x61, 0x3A, 0x4A, 0x00, 0x02, 0x4C, 0x62, 0x81, 0x33, 0x4C,
    0x00, 0x01, 0x48, 0x66, 0x3B, 0x48, 0x00, 0x01, 0x47, 0x67, 0x81, 0x31, 0x47, 0x00, 0x03, 0x4A,
    0x66, 0x3B, 0x4A, 0x00, 0x01, 0x4E, 0x65, 0x81, 0x32, 0x4E, 0x00, 0x02, 0x48, 0x64, 0x3B, 0x48,
    0x00, 0x01, 0x47, 0x62, 0x81, 0x31, 0x47, 0x00, 0x03, 0x4A, 0x66, 0x3B, 0x4A, 0x00, 0x01, 0x4E,
    0x61, 0x73, 0x4E, 0x00, 0x05, 0x4F, 0x66, 0x77, 0x4F, 0x00, 0x01, 0x4E, 0x61, 0x59, 0x4E, 0x00,
    0x01, 0x4C, 0x61, 0x1D, 0x4C, 0x00, 0x01, 0x4A, 0x64, 0x81, 0x77, 0x4A, 0x00, 0x35, 0x43, 0x67,
    0x3B, 0x43, 0x00, 0x01, 0x48, 0x60, 0x81, 0x2F, 0x48, 0x00, 0x05, 0x4A, 0x60, 0x37, 0x4A, 0x00,
    0x05, 0x4C, 0x64, 0x81, 0x33, 0x4C, 0x00, 0x01, 0x48, 0x63, 0x37, 0x48, 0x00, 0x05, 0x47, 0x60,
    0x81, 0x33, 0x47, 0x00, 0x01, 0x4A, 0x62, 0x3A, 0x4A, 0x00, 0x02, 0x4E, 0x67, 0x81, 0x32, 0x4E,
    0x00, 0x02, 0x48, 0x61, 0x37, 0x48, 0x00, 0x05, 0x47, 0x61, 0x81, 0x33, 0x47, 0x00, 0x01, 0x4A,
    0x61, 0x3B, 0x4A, 0x00, 0x01, 0x4E, 0x67, 0x75, 0x4E, 0x00, 0x03, 0x4F, 0x60, 0x77, 0x4F, 0x00,
    0x01, 0x4E, 0x60, 0x70, 0x4E, 0x00, 0x08, 0x4E, 0x60, 0x59, 0x4E, 0x00, 0x01, 0x4C, 0x62, 0x1D,
    0x4C, 0x00, 0x01, 0x4A, 0x67, 0x81, 0x01, 0x4A, 0x00, 0x33, 0x43, 0x63, 0x3A, 0x43, 0x00, 0x02,
    0x4A, 0x63, 0x81, 0x30, 0x4A, 0x00, 0x04, 0x4C, 0x67, 0x1D, 0x4C, 0x00, 0x01, 0x4C, 0x66, 0x81,
    0x1C, 0x4C, 0x00, 0x54, 0x4C, 0x64, 0x1D, 0x4C, 0x00, 0x01, 0x4C, 0x66, 0x81, 0x2D, 0x4C, 0x00,
    0x07, 0x4E, 0x65, 0x1D, 0x4E, 0x00, 0x01, 0x4E, 0x63, 0x81, 0x1F, 0x4E, 0x00, 0x33, 0x47, 0x62,
    0x1D, 0x47, 0x00, 0x01, 0x47, 0x60, 0x1D, 0x47, 0x00, 0x01, 0x51, 0x64, 0x81, 0x2D, 0x51, 0x00,
    0x07, 0x4F, 0x67, 0x1D, 0x4F, 0x00, 0x01, 0x4E, 0x63, 0x1D, 0x4E, 0x00, 0x01, 0x4C, 0x61, 0x3B,
    0x4C, 0x00, 0x01, 0x4E, 0x64, 0x3B, 0x4E, 0x00, 0x01, 0x4F, 0x62, 0x37, 0x4F, 0x00, 0x05, 0x51,
    0x65, 0x1D, 0x51, 0x00, 0x01, 0x53, 0x67, 0x83, 0x0A, 0x53, 0x00, 0x38, 0x47, 0x63, 0x1F, 0x47,
    0x00, 0x1D, 0x47, 0x67, 0x52, 0x47, 0x00, 0x08, 0x43, 0x60, 0x1D, 0x43, 0x00, 0x01, 0x43, 0x67,
    0x82, 0x26, 0x43, 0x00, 0x06, 0x47, 0x64, 0x2D, 0x47, 0x00, 0x0F, 0x47, 0x66, 0x54, 0x47, 0x00,
    0x06, 0x42, 0x64, 0x1D, 0x42, 0x00, 0x01, 0x42, 0x61, 0x81, 0x72, 0x42, 0x00, 0x3A, 0x47, 0x61,
    0x2B, 0x47, 0x00, 0x11, 0x47, 0x63, 0x59, 0x47, 0x00, 0x01, 0x43, 0x60, 0x1D, 0x43, 0x00, 0x01,
    0x43, 0x63, 0x3B, 0x43, 0x00, 0x01, 0x3F, 0x60, 0x37, 0x3F, 0x00, 0x05, 0x3E, 0x65, 0x83, 0x60,
    0x3E, 0x00, 0x78, 0x43, 0x48, 0x77, 0x43, 0x00, 0x01, 0x45, 0x42, 0x76, 0x45, 0x00, 0x02, 0x47,
    0x48, 0x77, 0x47, 0x00, 0x01, 0x4F, 0x47, 0x83, 0x69, 0x4F, 0x00, 0x00, 0xFF, 0x2F, 0x00, 0x4D,
    0x54, 0x72, 0x6B, 0x00, 0x00, 0x10, 0xB2, 0x00, 0xFF, 0x21, 0x01, 0x00, 0x00, 0xFF, 0x03, 0x07,
    0x32, 0x36, 0x3C, 0x31, 0x32, 0x37, 0x3E, 0x00, 0xB5, 0x07, 0x73, 0x00, 0x0A, 0x28, 0x02, 0x79,
    0x00, 0x02, 0x00, 0x08, 0x02, 0x20, 0x00, 0x02, 0x0B, 0x78, 0x02, 0xC5, 0x1A, 0x02, 0xB5, 0x5B,
    0x64, 0x02, 0x5D, 0x32, 0x02, 0x65, 0x00, 0x02, 0x64, 0x00, 0x02, 0x06, 0x02, 0x87, 0x23, 0x95,
    0x3B, 0x6D, 0x09, 0x3E, 0x6D, 0x08, 0x42, 0x6B, 0x82, 0x64, 0x42, 0x00, 0x03, 0x3E, 0x00, 0x05,
    0x3B, 0x00, 0x60, 0x3C, 0x6E, 0x0B, 0x40, 0x6B, 0x0B, 0x43, 0x6C, 0x82, 0x63, 0x43, 0x00, 0x00,
    0x40, 0x00, 0x05, 0x3C, 0x00, 0x64, 0x3B, 0x6C, 0x08, 0x3E, 0x6B, 0x0D, 0x42, 0x6B, 0x82, 0x62,
    0x42, 0x00, 0x00, 0x3E, 0x00, 0x01, 0x3B, 0x00, 0x66, 0x3C, 0x6D, 0x0A, 0x40, 0x6E, 0x0B, 0x43,
    0x66, 0x81, 0x47, 0x3C, 0x00, 0x07, 0x43, 0x00, 0x00, 0x40, 0x00, 0x11, 0x3C, 0x6C, 0x0C, 0x3F,
    0x6C, 0x0B, 0x43, 0x5F, 0x81, 0x57, 0x3F, 0x00, 0x01, 0x3B, 0x6E, 0x02, 0x43, 0x00, 0x00, 0x3C,
    0x00, 0x05, 0x3E, 0x6B, 0x14, 0x43, 0x6C, 0x81, 0x3D, 0x3B, 0x00, 0x03, 0x3E, 0x00, 0x05, 0x43,
    0x00, 0x12, 0x3B, 0x6D, 0x0B, 0x3E, 0x68, 0x0F, 0x41, 0x5B, 0x81, 0x4B, 0x3E, 0x00, 0x02, 0x41,
    0x00, 0x00, 0x3B, 0x00, 0x11, 0x38, 0x6C, 0x00, 0x40, 0x6F, 0x00, 0x3B, 0x70, 0x3D, 0x3B, 0x00,
    0x00, 0x38, 0x00, 0x03, 0x40, 0x00, 0x85, 0x4C, 0x3C, 0x71, 0x3C, 0x40, 0x6D, 0x04, 0x3C, 0x00,
    0x38, 0x43, 0x6A, 0x01, 0x40, 0x00, 0x3B, 0x3E, 0x6F, 0x00, 0x42, 0x6F, 0x04, 0x43, 0x00, 0x82,
    0x5B, 0x42, 0x00, 0x05, 0x3E, 0x00, 0x7C, 0x43, 0x6D, 0x00, 0x3E, 0x70, 0x00, 0x3B, 0x6E, 0x82,
    0x0B, 0x43, 0x00, 0x0F, 0x3E, 0x00, 0x05, 0x3B, 0x00, 0x0D, 0x43, 0x70, 0x3C, 0x3E, 0x6C, 0x03,
    0x43, 0x00, 0x37, 0x3E, 0x00, 0x02, 0x3B, 0x71, 0x3B, 0x3B, 0x00, 0x01, 0x3B, 0x6E, 0x00, 0x41,
    0x6F, 0x83, 0x59, 0x3B, 0x00, 0x01, 0x41, 0x00, 0x82, 0x32, 0x3C, 0x71, 0x3C, 0x40, 0x6D, 0x04,
    0x3C, 0x00, 0x38, 0x43, 0x6A, 0x01, 0x40, 0x00, 0x3B, 0x3E, 0x6F, 0x00, 0x42, 0x6F, 0x04, 0x43,
    0x00, 0x82, 0x5B, 0x42, 0x00, 0x05, 0x3E, 0x00, 0x7C, 0x43, 0x6D, 0x00, 0x3E, 0x70, 0x00, 0x3B,
    0x6E, 0x82, 0x0B, 0x43, 0x00, 0x0F, 0x3E, 0x00, 0x05, 0x3B, 0x00, 0x0D, 0x43, 0x70, 0x3C, 0x3E,
    0x6C, 0x03, 0x43, 0x00, 0x37, 0x3E, 0x00, 0x02, 0x3B, 0x71, 0x3B, 0x3B, 0x00, 0x01, 0x3B, 0x6E,
    0x00, 0x41, 0x6F, 0x83, 0x59, 0x3B, 0x00, 0x01, 0x41, 0x00, 0x06, 0x43, 0x6E, 0x00, 0x40, 0x70,
    0x00, 0x3C, 0x6E, 0x82, 0x15, 0x3C, 0x00, 0x12, 0x43, 0x00, 0x03, 0x40, 0x00, 0x02, 0x3C, 0x6E,
    0x3C, 0x40, 0x6C, 0x3C, 0x43, 0x6F, 0x0A, 0x40, 0x00, 0x22, 0x43, 0x00, 0x01, 0x3C, 0x00, 0x0F,
    0x3F, 0x6D, 0x00, 0x3C, 0x6C, 0x00, 0x43, 0x70, 0x82, 0x12, 0x3C, 0x00, 0x15, 0x43, 0x00, 0x05,
    0x3F, 0x00, 0x00, 0x3C, 0x6E, 0x3C, 0x3F, 0x6C, 0x3C, 0x43, 0x6E, 0x3C, 0x3E, 0x71, 0x00, 0x42,
    0x6E, 0x00, 0x3B, 0x6F, 0x02, 0x3F, 0x00, 0x00, 0x3C, 0x00, 0x01, 0x43, 0x00, 0x82, 0x0F, 0x3B,
    0x00, 0x13, 0x42, 0x00, 0x01, 0x3E, 0x00, 0x06, 0x3B, 0x6F, 0x3C, 0x3E, 0x6F, 0x3C, 0x42, 0x6D,
    0x3C, 0x3E, 0x00, 0x00, 0x38, 0x6F, 0x00, 0x3B, 0x70, 0x00, 0x42, 0x6E, 0x03, 0x3B, 0x00, 0x03,
    0x42, 0x00, 0x26, 0x42, 0x00, 0x10, 0x42, 0x6C, 0x4B, 0x42, 0x00, 0x0F, 0x42, 0x6D, 0x58, 0x42,
    0x00, 0x02, 0x40, 0x72, 0x81, 0x6A, 0x40, 0x00, 0x05, 0x38, 0x00, 0x01, 0x3C, 0x70, 0x00, 0x40,
    0x6F, 0x00, 0x39, 0x6D, 0x01, 0x3B, 0x00, 0x82, 0x15, 0x39, 0x00, 0x13, 0x40, 0x00, 0x00, 0x3C,
    0x00, 0x03, 0x39, 0x6F, 0x3C, 0x3C, 0x6D, 0x3C, 0x40, 0x70, 0x12, 0x3C, 0x00, 0x19, 0x39, 0x00,
    0x03, 0x40, 0x00, 0x0E, 0x3D, 0x6F, 0x00, 0x39, 0x6F, 0x00, 0x40, 0x73, 0x82, 0x0F, 0x39, 0x00,
    0x0E, 0x40, 0x00, 0x08, 0x3D, 0x00, 0x07, 0x39, 0x6F, 0x3C, 0x3D, 0x6B, 0x3C, 0x40, 0x6F, 0x37,
    0x3D, 0x00, 0x00, 0x39, 0x00, 0x03, 0x40, 0x00, 0x02, 0x3C, 0x6F, 0x00, 0x40, 0x6F, 0x00, 0x39,
    0x6C, 0x3F, 0x39, 0x00, 0x0F, 0x40, 0x00, 0x02, 0x3C, 0x00, 0x0A, 0x39, 0x6F, 0x5A, 0x3C, 0x6B,
    0x29, 0x39, 0x00, 0x06, 0x3C, 0x00, 0x0D, 0x40, 0x6F, 0x00, 0x3C, 0x6F, 0x00, 0x39, 0x6D, 0x49,
    0x39, 0x00, 0x08, 0x40, 0x00, 0x04, 0x3C, 0x00, 0x05, 0x39, 0x70, 0x5A, 0x3C, 0x6E, 0x35, 0x39,
    0x00, 0x03, 0x3C, 0x00, 0x04, 0x39, 0x71, 0x00, 0x43, 0x6D, 0x00, 0x3E, 0x6F, 0x63, 0x3E, 0x00,
    0x04, 0x43, 0x00, 0x11, 0x3E, 0x6D, 0x00, 0x43, 0x6D, 0x63, 0x3E, 0x00, 0x0F, 0x43, 0x00, 0x06,
    0x42, 0x6D, 0x00, 0x3E, 0x6E, 0x81, 0x68, 0x42, 0x00, 0x01, 0x3E, 0x00, 0x00, 0x39, 0x00, 0x07,
    0x42, 0x52, 0x00, 0x3E, 0x53, 0x00, 0x47, 0x53, 0x1D, 0x47, 0x00, 0x00, 0x3E, 0x00, 0x00, 0x42,
    0x00, 0x01, 0x47, 0x55, 0x00, 0x42, 0x4B, 0x00, 0x3E, 0x51, 0x1D, 0x3E, 0x00, 0x00, 0x42, 0x00,
    0x00, 0x47, 0x00, 0x01, 0x42, 0x4B, 0x00, 0x3E, 0x50, 0x00, 0x47, 0x50, 0x1D, 0x47, 0x00, 0x00,
    0x3E, 0x00, 0x00, 0x42, 0x00, 0x01, 0x47, 0x56, 0x00, 0x42, 0x4E, 0x00, 0x3E, 0x53, 0x1D, 0x3E,
    0x00, 0x00, 0x42, 0x00, 0x00, 0x47, 0x00, 0x5B, 0x47, 0x56, 0x00, 0x42, 0x53, 0x00, 0x3E, 0x54,
    0x1D, 0x3E, 0x00, 0x00, 0x42, 0x00, 0x00, 0x47, 0x00, 0x1F, 0x47, 0x56, 0x00, 0x42, 0x52, 0x00,
    0x3E, 0x52, 0x1D, 0x3E, 0x00, 0x00, 0x42, 0x00, 0x00, 0x47, 0x00, 0x5B, 0x42, 0x54, 0x00, 0x47,
    0x56, 0x00, 0x3E, 0x54, 0x1D, 0x3E, 0x00, 0x00, 0x47, 0x00, 0x00, 0x42, 0x00, 0x3D, 0x42, 0x52,
    0x00, 0x3E, 0x53, 0x00, 0x47, 0x53, 0x1D, 0x47, 0x00, 0x00, 0x3E, 0x00, 0x00, 0x42, 0x00, 0x01,
    0x47, 0x55, 0x00, 0x42, 0x4B, 0x00, 0x3E, 0x51, 0x1D, 0x3E, 0x00, 0x00, 0x42, 0x00, 0x00, 0x47,
    0x00, 0x01, 0x42, 0x4B, 0x00, 0x3E, 0x50, 0x00, 0x47, 0x50, 0x1D, 0x47, 0x00, 0x00, 0x3E, 0x00,
    0x00, 0x42, 0x00, 0x01, 0x47, 0x56, 0x00, 0x42, 0x4E, 0x00, 0x3E, 0x53, 0x1D, 0x3E, 0x00, 0x00,
    0x42, 0x00, 0x00, 0x47, 0x00, 0x5B, 0x47, 0x56, 0x00, 0x42, 0x53, 0x00, 0x3E, 0x54, 0x1D, 0x3E,
    0x00, 0x00, 0x42, 0x00, 0x00, 0x47, 0x00, 0x1F, 0x47, 0x56, 0x00, 0x42, 0x52, 0x00, 0x3E, 0x52,
    0x1D, 0x3E, 0x00, 0x00, 0x42, 0x00, 0x00, 0x47, 0x00, 0x5B, 0x42, 0x54, 0x00, 0x47, 0x56, 0x00,
    0x3E, 0x54, 0x1D, 0x3E, 0x00, 0x00, 0x47, 0x00, 0x00, 0x42, 0x00, 0x3D, 0x47, 0x53, 0x00, 0x43,
    0x55, 0x00, 0x40, 0x54, 0x1D, 0x40, 0x00, 0x00, 0x43, 0x00, 0x00, 0x47, 0x00, 0x01, 0x47, 0x53,
    0x00, 0x43, 0x52, 0x00, 0x40, 0x52, 0x1D, 0x40, 0x00, 0x00, 0x43, 0x00, 0x00, 0x47, 0x00, 0x01,
    0x43, 0x50, 0x00, 0x47, 0x50, 0x00, 0x40, 0x4F, 0x1D, 0x40, 0x00, 0x00, 0x47, 0x00, 0x00, 0x43,
    0x00, 0x01, 0x47, 0x56, 0x00, 0x43, 0x55, 0x00, 0x40, 0x53, 0x1D, 0x40, 0x00, 0x00, 0x43, 0x00,
    0x00, 0x47, 0x00, 0x5B, 0x47, 0x54, 0x00, 0x43, 0x57, 0x00, 0x40, 0x56, 0x1D, 0x40, 0x00, 0x00,
    0x43, 0x00, 0x00, 0x47, 0x00, 0x1F, 0x47, 0x54, 0x00, 0x43, 0x56, 0x00, 0x40, 0x53, 0x1D, 0x40,
    0x00, 0x00, 0x43, 0x00, 0x00, 0x47, 0x00, 0x5B, 0x47, 0x56, 0x00, 0x43, 0x5A, 0x00, 0x40, 0x56,
    0x1D, 0x40, 0x00, 0x00, 0x43, 0x00, 0x00, 0x47, 0x00, 0x2F, 0x3C, 0x54, 0x09, 0x40, 0x51, 0x0D,
    0x45, 0x53, 0x81, 0x4B, 0x40, 0x00, 0x01, 0x45, 0x00, 0x00, 0x3C, 0x00, 0x0A, 0x3E, 0x57, 0x0C,
    0x42, 0x52, 0x0E, 0x45, 0x53, 0x81, 0x5D, 0x42, 0x00, 0x00, 0x3E, 0x00, 0x03, 0x45, 0x00, 0x08,
    0x47, 0x56, 0x00, 0x42, 0x55, 0x00, 0x3E, 0x55, 0x1D, 0x3E, 0x00, 0x00, 0x42, 0x00, 0x00, 0x47,
    0x00, 0x01, 0x42, 0x51, 0x00, 0x47, 0x55, 0x00, 0x3E, 0x53, 0x1D, 0x3E, 0x00, 0x00, 0x47, 0x00,
    0x00, 0x42, 0x00, 0x01, 0x47, 0x52, 0x00, 0x3E, 0x51, 0x00, 0x42, 0x4A, 0x1D, 0x42, 0x00, 0x00,
    0x3E, 0x00, 0x00, 0x47, 0x00, 0x01, 0x47, 0x56, 0x00, 0x3E, 0x54, 0x00, 0x42, 0x4F, 0x1D, 0x42,
    0x00, 0x00, 0x3E, 0x00, 0x00, 0x47, 0x00, 0x5B, 0x42, 0x54, 0x00, 0x47, 0x55, 0x00, 0x3E, 0x54,
    0x1D, 0x3E, 0x00, 0x00, 0x47, 0x00, 0x00, 0x42, 0x00, 0x1F, 0x42, 0x55, 0x00, 0x47, 0x55, 0x00,
    0x3E, 0x54, 0x1D, 0x3E, 0x00, 0x00, 0x47, 0x00, 0x00, 0x42, 0x00, 0x5B, 0x47, 0x57, 0x00, 0x42,
    0x56, 0x00, 0x3E, 0x56, 0x1D, 0x3E, 0x00, 0x00, 0x42, 0x00, 0x00, 0x47, 0x00, 0x3D, 0x47, 0x55,
    0x00, 0x43, 0x58, 0x00, 0x40, 0x56, 0x1D, 0x40, 0x00, 0x00, 0x43, 0x00, 0x00, 0x47, 0x00, 0x01,
    0x47, 0x52, 0x00, 0x43, 0x52, 0x00, 0x40, 0x48, 0x1D, 0x40, 0x00, 0x00, 0x43, 0x00, 0x00, 0x47,
    0x00, 0x01, 0x47, 0x52, 0x00, 0x40, 0x50, 0x00, 0x43, 0x51, 0x1D, 0x43, 0x00, 0x00, 0x40, 0x00,
    0x00, 0x47, 0x00, 0x01, 0x47, 0x57, 0x00, 0x43, 0x54, 0x00, 0x40, 0x54, 0x1D, 0x40, 0x00, 0x00,
    0x43, 0x00, 0x00, 0x47, 0x00, 0x5B, 0x47, 0x54, 0x00, 0x40, 0x54, 0x00, 0x43, 0x55, 0x1D, 0x43,
    0x00, 0x00, 0x40, 0x00, 0x00, 0x47, 0x00, 0x1F, 0x47, 0x53, 0x00, 0x43, 0x51, 0x00, 0x40, 0x51,
    0x1D, 0x40, 0x00, 0x00, 0x43, 0x00, 0x00, 0x47, 0x00, 0x5B, 0x47, 0x54, 0x00, 0x43, 0x56, 0x00,
    0x40, 0x54, 0x1D, 0x40, 0x00, 0x00, 0x43, 0x00, 0x00, 0x47, 0x00, 0x3D, 0x47, 0x56, 0x00, 0x42,
    0x55, 0x00, 0x3E, 0x55, 0x1D, 0x3E, 0x00, 0x00, 0x42, 0x00, 0x00, 0x47, 0x00, 0x01, 0x42, 0x51,
    0x00, 0x47, 0x55, 0x00, 0x3E, 0x53, 0x1D, 0x3E, 0x00, 0x00, 0x47, 0x00, 0x00, 0x42, 0x00, 0x01,
    0x47, 0x52, 0x00, 0x3E, 0x51, 0x00, 0x42, 0x4A, 0x1D, 0x42, 0x00, 0x00, 0x3E, 0x00, 0x00, 0x47,
    0x00, 0x01, 0x47, 0x56, 0x00, 0x3E, 0x54, 0x00, 0x42, 0x4F, 0x1D, 0x42, 0x00, 0x00, 0x3E, 0x00,
    0x00, 0x47, 0x00, 0x5B, 0x42, 0x54, 0x00, 0x47, 0x55, 0x00, 0x3E, 0x54, 0x1D, 0x3E, 0x00, 0x00,
    0x47, 0x00, 0x00, 0x42, 0x00, 0x1F, 0x42, 0x55, 0x00, 0x47, 0x55, 0x00, 0x3E, 0x54, 0x1D, 0x3E,
    0x00, 0x00, 0x47, 0x00, 0x00, 0x42, 0x00, 0x5B, 0x47, 0x57, 0x00, 0x42, 0x56, 0x00, 0x3E, 0x56,
    0x1D, 0x3E, 0x00, 0x00, 0x42, 0x00, 0x00, 0x47, 0x00, 0x3D, 0x47, 0x55, 0x00, 0x43, 0x58, 0x00,
    0x40, 0x56, 0x1D, 0x40, 0x00, 0x00, 0x43, 0x00, 0x00, 0x47, 0x00, 0x01, 0x47, 0x52, 0x00, 0x43,
    0x52, 0x00, 0x40, 0x48, 0x1D, 0x40, 0x00, 0x00, 0x43, 0x00, 0x00, 0x47, 0x00, 0x01, 0x47, 0x52,
    0x00, 0x40, 0x50, 0x00, 0x43, 0x51, 0x1D, 0x43, 0x00, 0x00, 0x40, 0x00, 0x00, 0x47, 0x00, 0x01,
    0x47, 0x57, 0x00, 0x43, 0x54, 0x00, 0x40, 0x54, 0x1D, 0x40, 0x00, 0x00, 0x43, 0x00, 0x00, 0x47,
    0x00, 0x5B, 0x47, 0x54, 0x00, 0x40, 0x54, 0x00, 0x43, 0x55, 0x1D, 0x43, 0x00, 0x00, 0x40, 0x00,
    0x00, 0x47, 0x00, 0x1F, 0x47, 0x53, 0x00, 0x43, 0x51, 0x00, 0x40, 0x51, 0x1D, 0x40, 0x00, 0x00,
    0x43, 0x00, 0x00, 0x47, 0x00, 0x5B, 0x47, 0x54, 0x00, 0x43, 0x56, 0x00, 0x40, 0x54, 0x1D, 0x40,
    0x00, 0x00, 0x43, 0x00, 0x00, 0x47, 0x00, 0x3D, 0x47, 0x56, 0x00, 0x42, 0x55, 0x00, 0x3E, 0x55,
    0x1D, 0x3E, 0x00, 0x00, 0x42, 0x00, 0x00, 0x47, 0x00, 0x01, 0x42, 0x51, 0x00, 0x47, 0x55, 0x00,
    0x3E, 0x53, 0x1D, 0x3E, 0x00, 0x00, 0x47, 0x00, 0x00, 0x42, 0x00, 0x01, 0x47, 0x52, 0x00, 0x3E,
    0x51, 0x00, 0x42, 0x4A, 0x1D, 0x42, 0x00, 0x00, 0x3E, 0x00, 0x00, 0x47, 0x00, 0x01, 0x47, 0x56,
    0x00, 0x3E, 0x54, 0x00, 0x42, 0x4F, 0x1D, 0x42, 0x00, 0x00, 0x3E, 0x00, 0x00, 0x47, 0x00, 0x5B,
    0x42, 0x54, 0x00, 0x47, 0x55, 0x00, 0x3E, 0x54, 0x1D, 0x3E, 0x00, 0x00, 0x47, 0x00, 0x00, 0x42,
    0x00, 0x1F, 0x42, 0x55, 0x00, 0x47, 0x55, 0x00, 0x3E, 0x54, 0x1D, 0x3E, 0x00, 0x00, 0x47, 0x00,
    0x00, 0x42, 0x00, 0x5B, 0x47, 0x57, 0x00, 0x42, 0x56, 0x00, 0x3E, 0x56, 0x1D, 0x3E, 0x00, 0x00,
    0x42, 0x00, 0x00, 0x47, 0x00, 0x3D, 0x45, 0x54, 0x00, 0x40, 0x53, 0x00, 0x3B, 0x52, 0x3B, 0x3B,
    0x00, 0x00, 0x40, 0x00, 0x00, 0x45, 0x00, 0x1F, 0x45, 0x55, 0x00, 0x40, 0x55, 0x00, 0x3B, 0x54,
    0x3B, 0x3B, 0x00, 0x00, 0x40, 0x00, 0x00, 0x45, 0x00, 0x1F, 0x45, 0x55, 0x00, 0x40, 0x53, 0x00,
    0x3B, 0x50, 0x3B, 0x3B, 0x00, 0x00, 0x40, 0x00, 0x00, 0x45, 0x00, 0x01, 0x41, 0x55, 0x00, 0x44,
    0x53, 0x00, 0x3B, 0x53, 0x3B, 0x3B, 0x00, 0x00, 0x44, 0x00, 0x00, 0x41, 0x00, 0x1F, 0x40, 0x56,
    0x00, 0x44, 0x52, 0x00, 0x3B, 0x53, 0x3B, 0x3B, 0x00, 0x00, 0x44, 0x00, 0x00, 0x40, 0x00, 0x1F,
    0x40, 0x55, 0x00, 0x3B, 0x52, 0x00, 0x44, 0x52, 0x3B, 0x44, 0x00, 0x00, 0x3B, 0x00, 0x00, 0x40,
    0x00, 0x01, 0x45, 0x55, 0x00, 0x40, 0x55, 0x00, 0x3C, 0x53, 0x81, 0x15, 0x3C, 0x00, 0x00, 0x40,
    0x00, 0x00, 0x45, 0x00, 0x1F, 0x45, 0x56, 0x00, 0x40, 0x55, 0x00, 0x3C, 0x53, 0x1D, 0x3C, 0x00,
    0x00, 0x40, 0x00, 0x1E, 0x45, 0x00, 0x01, 0x45, 0x56, 0x00, 0x40, 0x55, 0x00, 0x3C, 0x56, 0x59,
    0x3C, 0x00, 0x00, 0x40, 0x00, 0x00, 0x45, 0x00, 0x1F, 0x45, 0x56, 0x00, 0x40, 0x57, 0x00, 0x3C,
    0x55, 0x77, 0x3C, 0x00, 0x00, 0x40, 0x00, 0x00, 0x45, 0x00, 0x01, 0x39, 0x57, 0x00, 0x45, 0x59,
    0x00, 0x3E, 0x59, 0x83, 0x5F, 0x3E, 0x00, 0x00, 0x45, 0x00, 0x00, 0x39, 0x00, 0xB0, 0x50, 0x3B,
    0x6D, 0x0C, 0x3E, 0x6D, 0x0B, 0x43, 0x6B, 0x82, 0x64, 0x43, 0x00, 0x00, 0x3E, 0x00, 0x02, 0x3B,
    0x00, 0x67, 0x3C, 0x6E, 0x0B, 0x40, 0x6B, 0x0B, 0x43, 0x6C, 0x82, 0x63, 0x43, 0x00, 0x00, 0x40,
    0x00, 0x05, 0x3C, 0x00, 0x64, 0x3B, 0x6C, 0x08, 0x3E, 0x6B, 0x0D, 0x43, 0x6B, 0x82, 0x62, 0x43,
    0x00, 0x00, 0x3E, 0x00, 0x01, 0x3B, 0x00, 0x66, 0x3C, 0x6D, 0x0A, 0x40, 0x6E, 0x0B, 0x43, 0x66,
    0x81, 0x47, 0x3C, 0x00, 0x07, 0x43, 0x00, 0x00, 0x40, 0x00, 0x11, 0x3C, 0x6C, 0x0C, 0x3F, 0x6C,
    0x0B, 0x43, 0x5F, 0x81, 0x57, 0x3F, 0x00, 0x01, 0x3B, 0x6E, 0x02, 0x43, 0x00, 0x00, 0x3C, 0x00,
    0x05, 0x3E, 0x6B, 0x14, 0x43, 0x6C, 0x81, 0x3D, 0x3B, 0x00, 0x03, 0x3E, 0x00, 0x05, 0x43, 0x00,
    0x12, 0x3B, 0x6D, 0x0B, 0x3E, 0x68, 0x0F, 0x41, 0x5B, 0x81, 0x4B, 0x3E, 0x00, 0x02, 0x41, 0x00,
    0x00, 0x3B, 0x00, 0x11, 0x38, 0x6C, 0x00, 0x40, 0x6F, 0x00, 0x3B, 0x70, 0x3D, 0x3B, 0x00, 0x00,
    0x38, 0x00, 0x03, 0x40, 0x00, 0x85, 0x4C, 0x3C, 0x71, 0x3C, 0x40, 0x6D, 0x04, 0x3C, 0x00, 0x38,
    0x43, 0x6A, 0x01, 0x40, 0x00, 0x3B, 0x3E, 0x6F, 0x00, 0x42, 0x6F, 0x04, 0x43, 0x00, 0x82, 0x5B,
    0x42, 0x00, 0x05, 0x3E, 0x00, 0x7C, 0x43, 0x6D, 0x00, 0x3E, 0x70, 0x00, 0x3B, 0x6E, 0x82, 0x0B,
    0x43, 0x00, 0x0F, 0x3E, 0x00, 0x05, 0x3B, 0x00, 0x0D, 0x43, 0x70, 0x3C, 0x3E, 0x6C, 0x03, 0x43,
    0x00, 0x37, 0x3E, 0x00, 0x02, 0x3B, 0x71, 0x3B, 0x3B, 0x00, 0x01, 0x3B, 0x6E, 0x00, 0x41, 0x6F,
    0x83, 0x59, 0x3B, 0x00, 0x01, 0x41, 0x00, 0x82, 0x32, 0x3C, 0x71, 0x3C, 0x40, 0x6D, 0x04, 0x3C,
    0x00, 0x38, 0x43, 0x6A, 0x01, 0x40, 0x00, 0x3B, 0x3E, 0x6F, 0x00, 0x42, 0x6F, 0x04, 0x43, 0x00,
    0x82, 0x5B, 0x42, 0x00, 0x05, 0x3E, 0x00, 0x7C, 0x43, 0x6D, 0x00, 0x3E, 0x70, 0x00, 0x3B, 0x6E,
    0x82, 0x0B, 0x43, 0x00, 0x0F, 0x3E, 0x00, 0x05, 0x3B, 0x00, 0x0D, 0x43, 0x70, 0x3C, 0x3E, 0x6C,
    0x03, 0x43, 0x00, 0x37, 0x3E, 0x00, 0x02, 0x3B, 0x71, 0x3B, 0x3B, 0x00, 0x01, 0x3B, 0x6E, 0x00,
    0x41, 0x6F, 0x83, 0x59, 0x3B, 0x00, 0x01, 0x41, 0x00, 0x06, 0x43, 0x6E, 0x00, 0x40, 0x70, 0x00,
    0x3C, 0x6E, 0x82, 0x15, 0x3C, 0x00, 0x12, 0x43, 0x00, 0x03, 0x40, 0x00, 0x02, 0x3C, 0x6E, 0x3C,
    0x40, 0x6C, 0x3C, 0x43, 0x6F, 0x0A, 0x40, 0x00, 0x22, 0x43, 0x00, 0x01, 0x3C, 0x00, 0x0F, 0x3F,
    0x6D, 0x00, 0x3C, 0x6C, 0x00, 0x43, 0x70, 0x82, 0x12, 0x3C, 0x00, 0x15, 0x43, 0x00, 0x05, 0x3F,
    0x00, 0x00, 0x3C, 0x6E, 0x3C, 0x3F, 0x6C, 0x3C, 0x43, 0x6E, 0x3C, 0x3E, 0x71, 0x00, 0x42, 0x6E,
    0x00, 0x3B, 0x6F, 0x02, 0x3F, 0x00, 0x00, 0x3C, 0x00, 0x01, 0x43, 0x00, 0x82, 0x0F, 0x3B, 0x00,
    0x13, 0x42, 0x00, 0x01, 0x3E, 0x00, 0x06, 0x3B, 0x6F, 0x3C, 0x3E, 0x6F, 0x3C, 0x42, 0x6D, 0x3C,
    0x3E, 0x00, 0x00, 0x38, 0x6F, 0x00, 0x3B, 0x70, 0x00, 0x42, 0x6E, 0x03, 0x3B, 0x00, 0x03, 0x42,
    0x00, 0x26, 0x42, 0x00, 0x10, 0x42, 0x6C, 0x4B, 0x42, 0x00, 0x0F, 0x42, 0x6D, 0x58, 0x42, 0x00,
    0x02, 0x40, 0x72, 0x81, 0x6A, 0x40, 0x00, 0x05, 0x38, 0x00, 0x01, 0x3C, 0x70, 0x00, 0x40, 0x6F,
    0x00, 0x39, 0x6D, 0x01, 0x3B, 0x00, 0x82, 0x15, 0x39, 0x00, 0x13, 0x40, 0x00, 0x00, 0x3C, 0x00,
    0x03, 0x39, 0x6F, 0x3C, 0x3C, 0x6D, 0x3C, 0x40, 0x70, 0x12, 0x3C, 0x00, 0x19, 0x39, 0x00, 0x03,
    0x40, 0x00, 0x0E, 0x3D, 0x6F, 0x00, 0x39, 0x6F, 0x00, 0x40, 0x73, 0x82, 0x0F, 0x39, 0x00, 0x0E,
    0x40, 0x00, 0x08, 0x3D, 0x00, 0x07, 0x39, 0x6F, 0x3C, 0x3D, 0x6B, 0x3C, 0x40, 0x6F, 0x37, 0x3D,
    0x00, 0x00, 0x39, 0x00, 0x03, 0x40, 0x00, 0x02, 0x3C, 0x6F, 0x00, 0x40, 0x6F, 0x00, 0x39, 0x6C,
    0x3F, 0x39, 0x00, 0x0F, 0x40, 0x00, 0x02, 0x3C, 0x00, 0x0A, 0x39, 0x6F, 0x5A, 0x3C, 0x6B, 0x29,
    0x39, 0x00, 0x06, 0x3C, 0x00, 0x0D, 0x40, 0x6F, 0x00, 0x3C, 0x6F, 0x00, 0x39, 0x6D, 0x49, 0x39,
    0x00, 0x08, 0x40, 0x00, 0x04, 0x3C, 0x00, 0x05, 0x39, 0x70, 0x5A, 0x3C, 0x6E, 0x35, 0x39, 0x00,
    0x03, 0x3C, 0x00, 0x04, 0x39, 0x71, 0x00, 0x43, 0x6D, 0x00, 0x3E, 0x6F, 0x63, 0x3E, 0x00, 0x04,
    0x43, 0x00, 0x11, 0x3E, 0x6D, 0x00, 0x43, 0x6D, 0x63, 0x3E, 0x00, 0x0F, 0x43, 0x00, 0x06, 0x42,
    0x6D, 0x00, 0x3E, 0x6E, 0x81, 0x68, 0x42, 0x00, 0x01, 0x3E, 0x00, 0x00, 0x39, 0x00, 0xB8, 0x27,
    0x43, 0x6E, 0x00, 0x40, 0x70, 0x00, 0x3C, 0x6E, 0x82, 0x15, 0x3C, 0x00, 0x12, 0x43, 0x00, 0x03,
    0x40, 0x00, 0x02, 0x3C, 0x6E, 0x3C, 0x40, 0x6C, 0x3C, 0x43, 0x6F, 0x0A, 0x40, 0x00, 0x22, 0x43,
    0x00, 0x01, 0x3C, 0x00, 0x0F, 0x3F, 0x6D, 0x00, 0x3C, 0x6C, 0x00, 0x43, 0x70, 0x82, 0x12, 0x3C,
    0x00, 0x15, 0x43, 0x00, 0x05, 0x3F, 0x00, 0x00, 0x3C, 0x6E, 0x3C, 0x3F, 0x6C, 0x3C, 0x43, 0x6E,
    0x3C, 0x3E, 0x71, 0x00, 0x42, 0x6E, 0x00, 0x3B, 0x6F, 0x02, 0x3F, 0x00, 0x00, 0x3C, 0x00, 0x01,
    0x43, 0x00, 0x82, 0x0F, 0x3B, 0x00, 0x13, 0x42, 0x00, 0x01, 0x3E, 0x00, 0x06, 0x3B, 0x6F, 0x3C,
    0x3E, 0x6F, 0x3C, 0x42, 0x6D, 0x3C, 0x3E, 0x00, 0x00, 0x38, 0x6F, 0x00, 0x3B, 0x70, 0x00, 0x42,
    0x6E, 0x03, 0x3B, 0x00, 0x03, 0x42, 0x00, 0x26, 0x42, 0x00, 0x10, 0x42, 0x6C, 0x4B, 0x42, 0x00,
    0x0F, 0x42, 0x6D, 0x58, 0x42, 0x00, 0x02, 0x40, 0x72, 0x81, 0x6A, 0x40, 0x00, 0x05, 0x38, 0x00,
    0x01, 0x3C, 0x70, 0x00, 0x40, 0x6F, 0x00, 0x39, 0x6D, 0x01, 0x3B, 0x00, 0x82, 0x15, 0x39, 0x00,
    0x13, 0x40, 0x00, 0x00, 0x3C, 0x00, 0x03, 0x39, 0x6F, 0x3C, 0x3C, 0x6D, 0x3C, 0x40, 0x70, 0x12,
    0x3C, 0x00, 0x19, 0x39, 0x00, 0x03, 0x40, 0x00, 0x0E, 0x3D, 0x6F, 0x00, 0x39, 0x6F, 0x00, 0x40,
    0x73, 0x82, 0x0F, 0x39, 0x00, 0x0E, 0x40, 0x00, 0x08, 0x3D, 0x00, 0x07, 0x39, 0x6F, 0x3C, 0x3D,
    0x6B, 0x3C, 0x40, 0x6F, 0x37, 0x3D, 0x00, 0x00, 0x39, 0x00, 0x03, 0x40, 0x00, 0x02, 0x3C, 0x6F,
    0x00, 0x40, 0x6F, 0x00, 0x39, 0x6C, 0x3F, 0x39, 0x00, 0x0F, 0x40, 0x00, 0x02, 0x3C, 0x00, 0x0A,
    0x39, 0x6F, 0x5A, 0x3C, 0x6B, 0x29, 0x39, 0x00, 0x06, 0x3C, 0x00, 0x0D, 0x40, 0x6F, 0x00, 0x3C,
    0x6F, 0x00, 0x39, 0x6D, 0x49, 0x39, 0x00, 0x08, 0x40, 0x00, 0x04, 0x3C, 0x00, 0x05, 0x39, 0x70,
    0x5A, 0x3C, 0x6E, 0x35, 0x39, 0x00, 0x03, 0x3C, 0x00, 0x04, 0x39, 0x71, 0x00, 0x43, 0x6D, 0x00,
    0x3E, 0x6F, 0x63, 0x3E, 0x00, 0x04, 0x43, 0x00, 0x11, 0x3E, 0x6D, 0x00, 0x43, 0x6D, 0x63, 0x3E,
    0x00, 0x0F, 0x43, 0x00, 0x06, 0x42, 0x6D, 0x00, 0x3E, 0x6E, 0x81, 0x68, 0x42, 0x00, 0x01, 0x3E,
    0x00, 0x00, 0x39, 0x00, 0x07, 0x42, 0x52, 0x00, 0x3E, 0x53, 0x00, 0x47, 0x53, 0x1D, 0x47, 0x00,
    0x00, 0x3E, 0x00, 0x00, 0x42, 0x00, 0x01, 0x47, 0x55, 0x00, 0x42, 0x4B, 0x00, 0x3E, 0x51, 0x1D,
    0x3E, 0x00, 0x00, 0x42, 0x00, 0x00, 0x47, 0x00, 0x01, 0x42, 0x4B, 0x00, 0x3E, 0x50, 0x00, 0x47,
    0x50, 0x1D, 0x47, 0x00, 0x00, 0x3E, 0x00, 0x00, 0x42, 0x00, 0x01, 0x47, 0x56, 0x00, 0x42, 0x4E,
    0x00, 0x3E, 0x53, 0x1D, 0x3E, 0x00, 0x00, 0x42, 0x00, 0x00, 0x47, 0x00, 0x5B, 0x47, 0x56, 0x00,
    0x42, 0x53, 0x00, 0x3E, 0x54, 0x1D, 0x3E, 0x00, 0x00, 0x42, 0x00, 0x00, 0x47, 0x00, 0x1F, 0x47,
    0x56, 0x00, 0x42, 0x52, 0x00, 0x3E, 0x52, 0x1D, 0x3E, 0x00, 0x00, 0x42, 0x00, 0x00, 0x47, 0x00,
    0x5B, 0x42, 0x54, 0x00, 0x47, 0x56, 0x00, 0x3E, 0x54, 0x1D, 0x3E, 0x00, 0x00, 0x47, 0x00, 0x00,
    0x42, 0x00, 0x3D, 0x42, 0x52, 0x00, 0x3E, 0x53, 0x00, 0x47, 0x53, 0x1D, 0x47, 0x00, 0x00, 0x3E,
    0x00, 0x00, 0x42, 0x00, 0x01, 0x47, 0x55, 0x00, 0x42, 0x4B, 0x00, 0x3E, 0x51, 0x1D, 0x3E, 0x00,
    0x00, 0x42, 0x00, 0x00, 0x47, 0x00, 0x01, 0x42, 0x4B, 0x00, 0x3E, 0x50, 0x00, 0x47, 0x50, 0x1D,
    0x47, 0x00, 0x00, 0x3E, 0x00, 0x00, 0x42, 0x00, 0x01, 0x47, 0x56, 0x00, 0x42, 0x4E, 0x00, 0x3E,
    0x53, 0x1D, 0x3E, 0x00, 0x00, 0x42, 0x00, 0x00, 0x47, 0x00, 0x5B, 0x47, 0x56, 0x00, 0x42, 0x53,
    0x00, 0x3E, 0x54, 0x1D, 0x3E, 0x00, 0x00, 0x42, 0x00, 0x00, 0x47, 0x00, 0x1F, 0x47, 0x56, 0x00,
    0x42, 0x52, 0x00, 0x3E, 0x52, 0x1D, 0x3E, 0x00, 0x00, 0x42, 0x00, 0x00, 0x47, 0x00, 0x5B, 0x42,
    0x54, 0x00, 0x47, 0x56, 0x00, 0x3E, 0x54, 0x1D, 0x3E, 0x00, 0x00, 0x47, 0x00, 0x00, 0x42, 0x00,
    0x3D, 0x47, 0x53, 0x00, 0x43, 0x55, 0x00, 0x40, 0x54, 0x1D, 0x40, 0x00, 0x00, 0x43, 0x00, 0x00,
    0x47, 0x00, 0x01, 0x47, 0x53, 0x00, 0x43, 0x52, 0x00, 0x40, 0x52, 0x1D, 0x40, 0x00, 0x00, 0x43,
    0x00, 0x00, 0x47, 0x00, 0x01, 0x43, 0x50, 0x00, 0x47, 0x50, 0x00, 0x40, 0x4F, 0x1D, 0x40, 0x00,
    0x00, 0x47, 0x00, 0x00, 0x43, 0x00, 0x01, 0x47, 0x56, 0x00, 0x43, 0x55, 0x00, 0x40, 0x53, 0x1D,
    0x40, 0x00, 0x00, 0x43, 0x00, 0x00, 0x47, 0x00, 0x5B, 0x47, 0x54, 0x00, 0x43, 0x57, 0x00, 0x40,
    0x56, 0x1D, 0x40, 0x00, 0x00, 0x43, 0x00, 0x00, 0x47, 0x00, 0x1F, 0x47, 0x54, 0x00, 0x43, 0x56,
    0x00, 0x40, 0x53, 0x1D, 0x40, 0x00, 0x00, 0x43, 0x00, 0x00, 0x47, 0x00, 0x5B, 0x47, 0x56, 0x00,
    0x43, 0x5A, 0x00, 0x40, 0x56, 0x1D, 0x40, 0x00, 0x00, 0x43, 0x00, 0x00, 0x47, 0x00, 0x2F, 0x3C,
    0x54, 0x09, 0x40, 0x51, 0x0D, 0x45, 0x53, 0x81, 0x4B, 0x40, 0x00, 0x01, 0x45, 0x00, 0x00, 0x3C,
    0x00, 0x0A, 0x3E, 0x57, 0x0C, 0x42, 0x52, 0x0E, 0x45, 0x53, 0x81, 0x5D, 0x42, 0x00, 0x00, 0x3E,
    0x00, 0x03, 0x45, 0x00, 0x08, 0x47, 0x56, 0x00, 0x42, 0x55, 0x00, 0x3E, 0x55, 0x1D, 0x3E, 0x00,
    0x00, 0x42, 0x00, 0x00, 0x47, 0x00, 0x01, 0x42, 0x51, 0x00, 0x47, 0x55, 0x00, 0x3E, 0x53, 0x1D,
    0x3E, 0x00, 0x00, 0x47, 0x00, 0x00, 0x42, 0x00, 0x01, 0x47, 0x52, 0x00, 0x3E, 0x51, 0x00, 0x42,
    0x4A, 0x1D, 0x42, 0x00, 0x00, 0x3E, 0x00, 0x00, 0x47, 0x00, 0x01, 0x47, 0x56, 0x00, 0x3E, 0x54,
    0x00, 0x42, 0x4F, 0x1D, 0x42, 0x00, 0x00, 0x3E, 0x00, 0x00, 0x47, 0x00, 0x5B, 0x42, 0x54, 0x00,
    0x47, 0x55, 0x00, 0x3E, 0x54, 0x1D, 0x3E, 0x00, 0x00, 0x47, 0x00, 0x00, 0x42, 0x00, 0x1F, 0x42,
    0x55, 0x00, 0x47, 0x55, 0x00, 0x3E, 0x54, 0x1D, 0x3E, 0x00, 0x00, 0x47, 0x00, 0x00, 0x42, 0x00,
    0x5B, 0x47, 0x57, 0x00, 0x42, 0x56, 0x00, 0x3E, 0x56, 0x1D, 0x3E, 0x00, 0x00, 0x42, 0x00, 0x00,
    0x47, 0x00, 0x3D, 0x47, 0x55, 0x00, 0x43, 0x58, 0x00, 0x40, 0x56, 0x1D, 0x40, 0x00, 0x00, 0x43,
    0x00, 0x00, 0x47, 0x00, 0x01, 0x47, 0x52, 0x00, 0x43, 0x52, 0x00, 0x40, 0x48, 0x1D, 0x40, 0x00,
    0x00, 0x43, 0x00, 0x00, 0x47, 0x00, 0x01, 0x47, 0x52, 0x00, 0x40, 0x50, 0x00, 0x43, 0x51, 0x1D,
    0x43, 0x00, 0x00, 0x40, 0x00, 0x00, 0x47, 0x00, 0x01, 0x47, 0x57, 0x00, 0x43, 0x54, 0x00, 0x40,
    0x54, 0x1D, 0x40, 0x00, 0x00, 0x43, 0x00, 0x00, 0x47, 0x00, 0x5B, 0x47, 0x54, 0x00, 0x40, 0x54,
    0x00, 0x43, 0x55, 0x1D, 0x43, 0x00, 0x00, 0x40, 0x00, 0x00, 0x47, 0x00, 0x1F, 0x47, 0x53, 0x00,
    0x43, 0x51, 0x00, 0x40, 0x51, 0x1D, 0x40, 0x00, 0x00, 0x43, 0x00, 0x00, 0x47, 0x00, 0x5B, 0x47,
    0x54, 0x00, 0x43, 0x56, 0x00, 0x40, 0x54, 0x1D, 0x40, 0x00, 0x00, 0x43, 0x00, 0x00, 0x47, 0x00,
    0x3D, 0x47, 0x56, 0x00, 0x42, 0x55, 0x00, 0x3E, 0x55, 0x1D, 0x3E, 0x00, 0x00, 0x42, 0x00, 0x00,
    0x47, 0x00, 0x01, 0x42, 0x51, 0x00, 0x47, 0x55, 0x00, 0x3E, 0x53, 0x1D, 0x3E, 0x00, 0x00, 0x47,
    0x00, 0x00, 0x42, 0x00, 0x01, 0x47, 0x52, 0x00, 0x3E, 0x51, 0x00, 0x42, 0x4A, 0x1D, 0x42, 0x00,
    0x00, 0x3E, 0x00, 0x00, 0x47, 0x00, 0x01, 0x47, 0x56, 0x00, 0x3E, 0x54, 0x00, 0x42, 0x4F, 0x1D,
    0x42, 0x00, 0x00, 0x3E, 0x00, 0x00, 0x47, 0x00, 0x5B, 0x42, 0x54, 0x00, 0x47, 0x55, 0x00, 0x3E,
    0x54, 0x1D, 0x3E, 0x00, 0x00, 0x47, 0x00, 0x00, 0x42, 0x00, 0x1F, 0x42, 0x55, 0x00, 0x47, 0x55,
    0x00, 0x3E, 0x54, 0x1D, 0x3E, 0x00, 0x00, 0x47, 0x00, 0x00, 0x42, 0x00, 0x5B, 0x47, 0x57, 0x00,
    0x42, 0x56, 0x00, 0x3E, 0x56, 0x1D, 0x3E, 0x00, 0x00, 0x42, 0x00, 0x00, 0x47, 0x00, 0x3D, 0x47,
    0x55, 0x00, 0x43, 0x58, 0x00, 0x40, 0x56, 0x1D, 0x40, 0x00, 0x00, 0x43, 0x00, 0x00, 0x47, 0x00,
    0x01, 0x47, 0x52, 0x00, 0x43, 0x52, 0x00, 0x40, 0x48, 0x1D, 0x40, 0x00, 0x00, 0x43, 0x00, 0x00,
    0x47, 0x00, 0x01, 0x47, 0x52, 0x00, 0x40, 0x50, 0x00, 0x43, 0x51, 0x1D, 0x43, 0x00, 0x00, 0x40,
    0x00, 0x00, 0x47, 0x00, 0x01, 0x47, 0x57, 0x00, 0x43, 0x54, 0x00, 0x40, 0x54, 0x1D, 0x40, 0x00,
    0x00, 0x43, 0x00, 0x00, 0x47, 0x00, 0x5B, 0x47, 0x54, 0x00, 0x40, 0x54, 0x00, 0x43, 0x55, 0x1D,
    0x43, 0x00, 0x00, 0x40, 0x00, 0x00, 0x47, 0x00, 0x1F, 0x47, 0x53, 0x00, 0x43, 0x51, 0x00, 0x40,
    0x51, 0x1D, 0x40, 0x00, 0x00, 0x43, 0x00, 0x00, 0x47, 0x00, 0x5B, 0x47, 0x54, 0x00, 0x43, 0x56,
    0x00, 0x40, 0x54, 0x1D, 0x40, 0x00, 0x00, 0x43, 0x00, 0x00, 0x47, 0x00, 0x3D, 0x47, 0x56, 0x00,
    0x42, 0x55, 0x00, 0x3E, 0x55, 0x1D, 0x3E, 0x00, 0x00, 0x42, 0x00, 0x00, 0x47, 0x00, 0x01, 0x42,
    0x51, 0x00, 0x47, 0x55, 0x00, 0x3E, 0x53, 0x1D, 0x3E, 0x00, 0x00, 0x47, 0x00, 0x00, 0x42, 0x00,
    0x01, 0x47, 0x52, 0x00, 0x3E, 0x51, 0x00, 0x42, 0x4A, 0x1D, 0x42, 0x00, 0x00, 0x3E, 0x00, 0x00,
    0x47, 0x00, 0x01, 0x47, 0x56, 0x00, 0x3E, 0x54, 0x00, 0x42, 0x4F, 0x1D, 0x42, 0x00, 0x00, 0x3E,
    0x00, 0x00, 0x47, 0x00, 0x5B, 0x42, 0x54, 0x00, 0x47, 0x55, 0x00, 0x3E, 0x54, 0x1D, 0x3E, 0x00,
    0x00, 0x47, 0x00, 0x00, 0x42, 0x00, 0x1F, 0x42, 0x55, 0x00, 0x47, 0x55, 0x00, 0x3E, 0x54, 0x1D,
    0x3E, 0x00, 0x00, 0x47, 0x00, 0x00, 0x42, 0x00, 0x5B, 0x47, 0x57, 0x00, 0x42, 0x56, 0x00, 0x3E,
    0x56, 0x1D, 0x3E, 0x00, 0x00, 0x42, 0x00, 0x00, 0x47, 0x00, 0x3D, 0x45, 0x54, 0x00, 0x40, 0x53,
    0x00, 0x3B, 0x52, 0x3B, 0x3B, 0x00, 0x00, 0x40, 0x00, 0x00, 0x45, 0x00, 0x1F, 0x45, 0x55, 0x00,
    0x40, 0x55, 0x00, 0x3B, 0x54, 0x3B, 0x3B, 0x00, 0x00, 0x40, 0x00, 0x00, 0x45, 0x00, 0x1F, 0x45,
    0x55, 0x00, 0x40, 0x53, 0x00, 0x3B, 0x50, 0x3B, 0x3B, 0x00, 0x00, 0x40, 0x00, 0x00, 0x45, 0x00,
    0x01, 0x41, 0x55, 0x00, 0x44, 0x53, 0x00, 0x3B, 0x53, 0x3B, 0x3B, 0x00, 0x00, 0x44, 0x00, 0x00,
    0x41, 0x00, 0x1F, 0x40, 0x56, 0x00, 0x44, 0x52, 0x00, 0x3B, 0x53, 0x3B, 0x3B, 0x00, 0x00, 0x44,
    0x00, 0x00, 0x40, 0x00, 0x1F, 0x40, 0x55, 0x00, 0x3B, 0x52, 0x00, 0x44, 0x52, 0x3B, 0x44, 0x00,
    0x00, 0x3B, 0x00, 0x00, 0x40, 0x00, 0x01, 0x45, 0x55, 0x00, 0x40, 0x55, 0x00, 0x3C, 0x53, 0x81,
    0x15, 0x3C, 0x00, 0x00, 0x40, 0x00, 0x00, 0x45, 0x00, 0x1F, 0x45, 0x56, 0x00, 0x40, 0x55, 0x00,
    0x3C, 0x53, 0x1D, 0x3C, 0x00, 0x00, 0x40, 0x00, 0x1E, 0x45, 0x00, 0x01, 0x45, 0x56, 0x00, 0x40,
    0x55, 0x00, 0x3C, 0x56, 0x59, 0x3C, 0x00, 0x00, 0x40, 0x00, 0x00, 0x45, 0x00, 0x1F, 0x45, 0x56,
    0x00, 0x40, 0x57, 0x00, 0x3C, 0x55, 0x77, 0x3C, 0x00, 0x00, 0x40, 0x00, 0x00, 0x45, 0x00, 0x01,
    0x39, 0x57, 0x00, 0x45, 0x59, 0x00, 0x3E, 0x59, 0x83, 0x5F, 0x3E, 0x00, 0x00, 0x45, 0x00, 0x00,
    0x39, 0x00, 0xBD, 0x60, 0x3B, 0x6D, 0x0C, 0x3E, 0x6D, 0x0B, 0x43, 0x6B, 0x82, 0x64, 0x43, 0x00,
    0x00, 0x3E, 0x00, 0x02, 0x3B, 0x00, 0x67, 0x3C, 0x6E, 0x0B, 0x40, 0x6B, 0x0B, 0x43, 0x6C, 0x82,
    0x63, 0x43, 0x00, 0x00, 0x40, 0x00, 0x05, 0x3C, 0x00, 0x64, 0x3B, 0x6C, 0x08, 0x3E, 0x6B, 0x0D,
    0x43, 0x6B, 0x82, 0x62, 0x43, 0x00, 0x00, 0x3E, 0x00, 0x01, 0x3B, 0x00, 0x66, 0x3C, 0x6D, 0x0A,
    0x40, 0x6E, 0x0B, 0x43, 0x66, 0x81, 0x47, 0x3C, 0x00, 0x07, 0x43, 0x00, 0x00, 0x40, 0x00, 0x11,
    0x3C, 0x6C, 0x0C, 0x3F, 0x6C, 0x0B, 0x43, 0x5F, 0x81, 0x57, 0x3F, 0x00, 0x01, 0x3B, 0x6E, 0x02,
    0x43, 0x00, 0x00, 0x3C, 0x00, 0x05, 0x3E, 0x6B, 0x0F, 0x43, 0x6C, 0x83, 0x53, 0x3B, 0x00, 0x02,
    0x43, 0x00, 0x05, 0x3E, 0x00, 0x00, 0xFF, 0x2F, 0x00, 0x4D, 0x54, 0x72, 0x6B, 0x00, 0x00, 0x01,
    0x27, 0x00, 0xFF, 0x21, 0x01, 0x00, 0x00, 0xFF, 0x03, 0x02, 0x35, 0x33, 0x00, 0xB7, 0x07, 0x02,
    0x00, 0x0A, 0x23, 0x04, 0x78, 0x00, 0x02, 0x00, 0x00, 0x02, 0x20, 0x00, 0x02, 0x0B, 0x6E, 0x02,
    0xC7, 0x35, 0x02, 0xB7, 0x5B, 0x50, 0x02, 0x5D, 0x00, 0x02, 0x65, 0x00, 0x02, 0x64, 0x00, 0x02,
    0x06, 0x02, 0xE8, 0x6C, 0x97, 0x42, 0x6F, 0x00, 0x47, 0x6E, 0x00, 0x3E, 0x70, 0x82, 0x67, 0x3E,
    0x00, 0x00, 0x47, 0x00, 0x00, 0x42, 0x00, 0x01, 0x45, 0x70, 0x77, 0x45, 0x00, 0x01, 0x43, 0x73,
    0x00, 0x40, 0x70, 0x82, 0x67, 0x40, 0x00, 0x00, 0x43, 0x00, 0x01, 0x45, 0x6C, 0x00, 0x42, 0x6D,
    0x77, 0x42, 0x00, 0x00, 0x45, 0x00, 0x01, 0x42, 0x6F, 0x00, 0x47, 0x6E, 0x00, 0x3E, 0x70, 0x82,
    0x67, 0x3E, 0x00, 0x00, 0x47, 0x00, 0x00, 0x42, 0x00, 0x01, 0x45, 0x70, 0x77, 0x45, 0x00, 0x01,
    0x43, 0x73, 0x00, 0x40, 0x70, 0x82, 0x67, 0x40, 0x00, 0x00, 0x43, 0x00, 0x01, 0x45, 0x6C, 0x00,
    0x42, 0x6D, 0x77, 0x42, 0x00, 0x00, 0x45, 0x00, 0x01, 0x42, 0x6F, 0x00, 0x47, 0x6E, 0x00, 0x3E,
    0x70, 0x82, 0x67, 0x3E, 0x00, 0x00, 0x47, 0x00, 0x00, 0x42, 0x00, 0x81, 0xF4, 0x59, 0x42, 0x6F,
    0x00, 0x47, 0x6E, 0x00, 0x3E, 0x70, 0x82, 0x67, 0x3E, 0x00, 0x00, 0x47, 0x00, 0x00, 0x42, 0x00,
    0x01, 0x45, 0x70, 0x77, 0x45, 0x00, 0x01, 0x43, 0x73, 0x00, 0x40, 0x70, 0x82, 0x67, 0x40, 0x00,
    0x00, 0x43, 0x00, 0x01, 0x45, 0x6C, 0x00, 0x42, 0x6D, 0x77, 0x42, 0x00, 0x00, 0x45, 0x00, 0x01,
    0x42, 0x6F, 0x00, 0x47, 0x6E, 0x00, 0x3E, 0x70, 0x82, 0x67, 0x3E, 0x00, 0x00, 0x47, 0x00, 0x00,
    0x42, 0x00, 0x01, 0x45, 0x70, 0x77, 0x45, 0x00, 0x01, 0x43, 0x73, 0x00, 0x40, 0x70, 0x82, 0x67,
    0x40, 0x00, 0x00, 0x43, 0x00, 0x01, 0x45, 0x6C, 0x00, 0x42, 0x6D, 0x77, 0x42, 0x00, 0x00, 0x45,
    0x00, 0x01, 0x42, 0x6F, 0x00, 0x47, 0x6E, 0x00, 0x3E, 0x70, 0x82, 0x67, 0x3E, 0x00, 0x00, 0x47,
    0x00, 0x00, 0x42, 0x00, 0x00, 0xFF, 0x2F, 0x00, 0x4D, 0x54, 0x72, 0x6B, 0x00, 0x00, 0x11, 0xFF,
    0x00, 0xFF, 0x21, 0x01, 0x00, 0x00, 0xFF, 0x03, 0x02, 0x32, 0x39, 0x00, 0xBB, 0x07, 0x5F, 0x00,
    0x0A, 0x00, 0x04, 0x78, 0x00, 0x02, 0x00, 0x00, 0x02, 0x20, 0x00, 0x02, 0x0B, 0x6E, 0x02, 0xCB,
    0x1D, 0x02, 0xBB, 0x5B, 0x50, 0x02, 0x5D, 0x28, 0x02, 0x65, 0x00, 0x02, 0x64, 0x00, 0x02, 0x06,
    0x02, 0x81, 0x86, 0x6A, 0x9B, 0x30, 0x60, 0x00, 0x3C, 0x60, 0x00, 0x37, 0x5E, 0x39, 0x37, 0x00,
    0x00, 0x3C, 0x00, 0x00, 0x30, 0x00, 0x03, 0x30, 0x60, 0x00, 0x37, 0x5D, 0x00, 0x3C, 0x5F, 0x39,
    0x3C, 0x00, 0x00, 0x37, 0x00, 0x00, 0x30, 0x00, 0x03, 0x30, 0x61, 0x00, 0x37, 0x5E, 0x00, 0x3C,
    0x60, 0x39, 0x3C, 0x00, 0x00, 0x37, 0x00, 0x00, 0x30, 0x00, 0x03, 0x30, 0x62, 0x00, 0x3C, 0x60,
    0x00, 0x37, 0x5E, 0x39, 0x37, 0x00, 0x00, 0x3C, 0x00, 0x00, 0x30, 0x00, 0x03, 0x37, 0x5E, 0x00,
    0x3C, 0x60, 0x00, 0x30, 0x61, 0x39, 0x30, 0x00, 0x00, 0x3C, 0x00, 0x00, 0x37, 0x00, 0x03, 0x30,
    0x60, 0x00, 0x37, 0x5F, 0x00, 0x3C, 0x5F, 0x39, 0x3C, 0x00, 0x00, 0x37, 0x00, 0x00, 0x30, 0x00,
    0x03, 0x30, 0x5F, 0x00, 0x37, 0x60, 0x00, 0x3C, 0x60, 0x39, 0x3C, 0x00, 0x00, 0x37, 0x00, 0x00,
    0x30, 0x00, 0x03, 0x3C, 0x5E, 0x00, 0x30, 0x5E, 0x00, 0x37, 0x5D, 0x39, 0x37, 0x00, 0x00, 0x30,
    0x00, 0x00, 0x3C, 0x00, 0x03, 0x2B, 0x5F, 0x00, 0x37, 0x60, 0x00, 0x32, 0x5C, 0x39, 0x32, 0x00,
    0x00, 0x37, 0x00, 0x00, 0x2B, 0x00, 0x03, 0x2B, 0x60, 0x00, 0x37, 0x60, 0x00, 0x32, 0x5E, 0x39,
    0x32, 0x00, 0x00, 0x37, 0x00, 0x00, 0x2B, 0x00, 0x03, 0x2B, 0x60, 0x00, 0x37, 0x5E, 0x00, 0x32,
    0x5E, 0x39, 0x32, 0x00, 0x00, 0x37, 0x00, 0x00, 0x2B, 0x00, 0x03, 0x2B, 0x62, 0x00, 0x37, 0x60,
    0x00, 0x32, 0x5E, 0x39, 0x32, 0x00, 0x00, 0x37, 0x00, 0x00, 0x2B, 0x00, 0x03, 0x2B, 0x5E, 0x00,
    0x37, 0x5F, 0x00, 0x32, 0x5E, 0x39, 0x32, 0x00, 0x00, 0x37, 0x00, 0x00, 0x2B, 0x00, 0x03, 0x2B,
    0x5E, 0x00, 0x37, 0x60, 0x00, 0x32, 0x5E, 0x39, 0x32, 0x00, 0x00, 0x37, 0x00, 0x00, 0x2B, 0x00,
    0x03, 0x2B, 0x61, 0x00, 0x37, 0x60, 0x00, 0x32, 0x60, 0x39, 0x32, 0x00, 0x00, 0x37, 0x00, 0x00,
    0x2B, 0x00, 0x03, 0x2B, 0x62, 0x00, 0x37, 0x60, 0x00, 0x32, 0x60, 0x39, 0x32, 0x00, 0x00, 0x37,
    0x00, 0x00, 0x2B, 0x00, 0x03, 0x3B, 0x61, 0x00, 0x34, 0x60, 0x00, 0x28, 0x62, 0x39, 0x28, 0x00,
    0x00, 0x34, 0x00, 0x00, 0x3B, 0x00, 0x03, 0x28, 0x60, 0x00, 0x34, 0x60, 0x00, 0x3B, 0x60, 0x39,
    0x3B, 0x00, 0x00, 0x34, 0x00, 0x00, 0x28, 0x00, 0x03, 0x28, 0x61, 0x00, 0x3B, 0x60, 0x00, 0x34,
    0x5E, 0x39, 0x34, 0x00, 0x00, 0x3B, 0x00, 0x00, 0x28, 0x00, 0x03, 0x34, 0x5F, 0x00, 0x3B, 0x60,
    0x00, 0x28, 0x62, 0x39, 0x28, 0x00, 0x00, 0x3B, 0x00, 0x00, 0x34, 0x00, 0x03, 0x28, 0x62, 0x00,
    0x34, 0x60, 0x00, 0x3B, 0x60, 0x39, 0x3B, 0x00, 0x00, 0x34, 0x00, 0x00, 0x28, 0x00, 0x03, 0x28,
    0x60, 0x00, 0x3B, 0x60, 0x00, 0x34, 0x60, 0x39, 0x34, 0x00, 0x00, 0x3B, 0x00, 0x00, 0x28, 0x00,
    0x03, 0x3B, 0x60, 0x00, 0x34, 0x60, 0x00, 0x28, 0x62, 0x39, 0x28, 0x00, 0x00, 0x34, 0x00, 0x00,
    0x3B, 0x00, 0x03, 0x28, 0x62, 0x00, 0x34, 0x60, 0x00, 0x3B, 0x61, 0x39, 0x3B, 0x00, 0x00, 0x34,
    0x00, 0x00, 0x28, 0x00, 0x03, 0x2F, 0x62, 0x00, 0x3B, 0x62, 0x00, 0x36, 0x5D, 0x39, 0x36, 0x00,
    0x00, 0x3B, 0x00, 0x00, 0x2F, 0x00, 0x03, 0x36, 0x5B, 0x00, 0x3B, 0x61, 0x00, 0x2F, 0x61, 0x39,
    0x2F, 0x00, 0x00, 0x3B, 0x00, 0x00, 0x36, 0x00, 0x03, 0x3B, 0x60, 0x00, 0x36, 0x58, 0x00, 0x2F,
    0x61, 0x39, 0x2F, 0x00, 0x00, 0x36, 0x00, 0x00, 0x3B, 0x00, 0x03, 0x36, 0x5D, 0x00, 0x3B, 0x60,
    0x00, 0x2F, 0x62, 0x39, 0x2F, 0x00, 0x00, 0x3B, 0x00, 0x00, 0x36, 0x00, 0x03, 0x36, 0x5D, 0x00,
    0x3B, 0x60, 0x00, 0x2F, 0x62, 0x39, 0x2F, 0x00, 0x00, 0x3B, 0x00, 0x00, 0x36, 0x00, 0x03, 0x36,
    0x5E, 0x00, 0x2F, 0x62, 0x00, 0x3B, 0x61, 0x39, 0x3B, 0x00, 0x00, 0x2F, 0x00, 0x00, 0x36, 0x00,
    0x03, 0x2F, 0x62, 0x00, 0x3B, 0x60, 0x00, 0x36, 0x5F, 0x39, 0x36, 0x00, 0x00, 0x3B, 0x00, 0x00,
    0x2F, 0x00, 0x03, 0x3B, 0x60, 0x00, 0x36, 0x5F, 0x00, 0x2F, 0x63, 0x39, 0x2F, 0x00, 0x00, 0x36,
    0x00, 0x00, 0x3B, 0x00, 0x03, 0x30, 0x60, 0x00, 0x3C, 0x60, 0x00, 0x37, 0x5E, 0x39, 0x37, 0x00,
    0x00, 0x3C, 0x00, 0x00, 0x30, 0x00, 0x03, 0x30, 0x60, 0x00, 0x37, 0x5D, 0x00, 0x3C, 0x5F, 0x39,
    0x3C, 0x00, 0x00, 0x37, 0x00, 0x00, 0x30, 0x00, 0x03, 0x30, 0x61, 0x00, 0x37, 0x5E, 0x00, 0x3C,
    0x60, 0x39, 0x3C, 0x00, 0x00, 0x37, 0x00, 0x00, 0x30, 0x00, 0x03, 0x30, 0x62, 0x00, 0x3C, 0x60,
    0x00, 0x37, 0x5E, 0x39, 0x37, 0x00, 0x00, 0x3C, 0x00, 0x00, 0x30, 0x00, 0x03, 0x37, 0x5E, 0x00,
    0x3C, 0x60, 0x00, 0x30, 0x61, 0x39, 0x30, 0x00, 0x00, 0x3C, 0x00, 0x00, 0x37, 0x00, 0x03, 0x30,
    0x60, 0x00, 0x37, 0x5F, 0x00, 0x3C, 0x5F, 0x39, 0x3C, 0x00, 0x00, 0x37, 0x00, 0x00, 0x30, 0x00,
    0x03, 0x30, 0x5F, 0x00, 0x37, 0x60, 0x00, 0x3C, 0x60, 0x39, 0x3C, 0x00, 0x00, 0x37, 0x00, 0x00,
    0x30, 0x00, 0x03, 0x3C, 0x5E, 0x00, 0x30, 0x5E, 0x00, 0x37, 0x5D, 0x39, 0x37, 0x00, 0x00, 0x30,
    0x00, 0x00, 0x3C, 0x00, 0x03, 0x2B, 0x5F, 0x00, 0x37, 0x60, 0x00, 0x32, 0x5C, 0x39, 0x32, 0x00,
    0x00, 0x37, 0x00, 0x00, 0x2B, 0x00, 0x03, 0x2B, 0x60, 0x00, 0x37, 0x60, 0x00, 0x32, 0x5E, 0x39,
    0x32, 0x00, 0x00, 0x37, 0x00, 0x00, 0x2B, 0x00, 0x03, 0x2B, 0x60, 0x00, 0x37, 0x5E, 0x00, 0x32,
    0x5E, 0x39, 0x32, 0x00, 0x00, 0x37, 0x00, 0x00, 0x2B, 0x00, 0x03, 0x2B, 0x62, 0x00, 0x37, 0x60,
    0x00, 0x32, 0x5E, 0x39, 0x32, 0x00, 0x00, 0x37, 0x00, 0x00, 0x2B, 0x00, 0x03, 0x2B, 0x5E, 0x00,
    0x37, 0x5F, 0x00, 0x32, 0x5E, 0x39, 0x32, 0x00, 0x00, 0x37, 0x00, 0x00, 0x2B, 0x00, 0x03, 0x2B,
    0x5E, 0x00, 0x37, 0x60, 0x00, 0x32, 0x5E, 0x39, 0x32, 0x00, 0x00, 0x37, 0x00, 0x00, 0x2B, 0x00,
    0x03, 0x2B, 0x61, 0x00, 0x37, 0x60, 0x00, 0x32, 0x60, 0x39, 0x32, 0x00, 0x00, 0x37, 0x00, 0x00,
    0x2B, 0x00, 0x03, 0x2B, 0x62, 0x00, 0x37, 0x60, 0x00, 0x32, 0x60, 0x39, 0x32, 0x00, 0x00, 0x37,
    0x00, 0x00, 0x2B, 0x00, 0x03, 0x3B, 0x61, 0x00, 0x34, 0x60, 0x00, 0x28, 0x62, 0x39, 0x28, 0x00,
    0x00, 0x34, 0x00, 0x00, 0x3B, 0x00, 0x03, 0x28, 0x60, 0x00, 0x34, 0x60, 0x00, 0x3B, 0x60, 0x39,
    0x3B, 0x00, 0x00, 0x34, 0x00, 0x00, 0x28, 0x00, 0x03, 0x28, 0x61, 0x00, 0x3B, 0x60, 0x00, 0x34,
    0x5E, 0x39, 0x34, 0x00, 0x00, 0x3B, 0x00, 0x00, 0x28, 0x00, 0x03, 0x34, 0x5F, 0x00, 0x3B, 0x60,
    0x00, 0x28, 0x62, 0x39, 0x28, 0x00, 0x00, 0x3B, 0x00, 0x00, 0x34, 0x00, 0x03, 0x28, 0x62, 0x00,
    0x34, 0x60, 0x00, 0x3B, 0x60, 0x39, 0x3B, 0x00, 0x00, 0x34, 0x00, 0x00, 0x28, 0x00, 0x03, 0x28,
    0x60, 0x00, 0x3B, 0x60, 0x00, 0x34, 0x60, 0x39, 0x34, 0x00, 0x00, 0x3B, 0x00, 0x00, 0x28, 0x00,
    0x03, 0x3B, 0x60, 0x00, 0x34, 0x60, 0x00, 0x28, 0x62, 0x39, 0x28, 0x00, 0x00, 0x34, 0x00, 0x00,
    0x3B, 0x00, 0x03, 0x28, 0x62, 0x00, 0x34, 0x60, 0x00, 0x3B, 0x61, 0x39, 0x3B, 0x00, 0x00, 0x34,
    0x00, 0x00, 0x28, 0x00, 0x03, 0x2F, 0x62, 0x00, 0x3B, 0x62, 0x00, 0x36, 0x5D, 0x39, 0x36, 0x00,
    0x00, 0x3B, 0x00, 0x00, 0x2F, 0x00, 0x03, 0x36, 0x5B, 0x00, 0x3B, 0x61, 0x00, 0x2F, 0x61, 0x39,
    0x2F, 0x00, 0x00, 0x3B, 0x00, 0x00, 0x36, 0x00, 0x03, 0x3B, 0x60, 0x00, 0x36, 0x58, 0x00, 0x2F,
    0x61, 0x39, 0x2F, 0x00, 0x00, 0x36, 0x00, 0x00, 0x3B, 0x00, 0x03, 0x36, 0x5D, 0x00, 0x3B, 0x60,
    0x00, 0x2F, 0x62, 0x39, 0x2F, 0x00, 0x00, 0x3B, 0x00, 0x00, 0x36, 0x00, 0x03, 0x36, 0x5D, 0x00,
    0x3B, 0x60, 0x00, 0x2F, 0x62, 0x39, 0x2F, 0x00, 0x00, 0x3B, 0x00, 0x00, 0x36, 0x00, 0x03, 0x36,
    0x5E, 0x00, 0x2F, 0x62, 0x00, 0x3B, 0x61, 0x39, 0x3B, 0x00, 0x00, 0x2F, 0x00, 0x00, 0x36, 0x00,
    0x03, 0x2F, 0x62, 0x00, 0x3B, 0x60, 0x00, 0x36, 0x5F, 0x39, 0x36, 0x00, 0x00, 0x3B, 0x00, 0x00,
    0x2F, 0x00, 0x03, 0x3B, 0x60, 0x00, 0x36, 0x5F, 0x00, 0x2F, 0x63, 0x39, 0x2F, 0x00, 0x00, 0x36,
    0x00, 0x00, 0x3B, 0x00, 0x03, 0x30, 0x60, 0x00, 0x3C, 0x60, 0x00, 0x37, 0x5E, 0x39, 0x37, 0x00,
    0x00, 0x3C, 0x00, 0x00, 0x30, 0x00, 0x03, 0x30, 0x60, 0x00, 0x37, 0x5D, 0x00, 0x3C, 0x5F, 0x39,
    0x3C, 0x00, 0x00, 0x37, 0x00, 0x00, 0x30, 0x00, 0x03, 0x30, 0x61, 0x00, 0x37, 0x5E, 0x00, 0x3C,
    0x60, 0x39, 0x3C, 0x00, 0x00, 0x37, 0x00, 0x00, 0x30, 0x00, 0x03, 0x30, 0x62, 0x00, 0x3C, 0x60,
    0x00, 0x37, 0x5E, 0x39, 0x37, 0x00, 0x00, 0x3C, 0x00, 0x00, 0x30, 0x00, 0x03, 0x37, 0x5E, 0x00,
    0x3C, 0x60, 0x00, 0x30, 0x61, 0x39, 0x30, 0x00, 0x00, 0x3C, 0x00, 0x00, 0x37, 0x00, 0x03, 0x30,
    0x60, 0x00, 0x37, 0x5F, 0x00, 0x3C, 0x5F, 0x39, 0x3C, 0x00, 0x00, 0x37, 0x00, 0x00, 0x30, 0x00,
    0x03, 0x30, 0x5F, 0x00, 0x37, 0x60, 0x00, 0x3C, 0x60, 0x39, 0x3C, 0x00, 0x00, 0x37, 0x00, 0x00,
    0x30, 0x00, 0x03, 0x3C, 0x5E, 0x00, 0x30, 0x5E, 0x00, 0x37, 0x5D, 0x39, 0x37, 0x00, 0x00, 0x30,
    0x00, 0x00, 0x3C, 0x00, 0x03, 0x2F, 0x62, 0x00, 0x36, 0x5E, 0x00, 0x3B, 0x60, 0x39, 0x3B, 0x00,
    0x00, 0x36, 0x00, 0x00, 0x2F, 0x00, 0x03, 0x3B, 0x60, 0x00, 0x36, 0x5C, 0x00, 0x2F, 0x5F, 0x39,
    0x2F, 0x00, 0x00, 0x36, 0x00, 0x00, 0x3B, 0x00, 0x03, 0x36, 0x59, 0x00, 0x3B, 0x5F, 0x00, 0x2F,
    0x62, 0x39, 0x2F, 0x00, 0x00, 0x3B, 0x00, 0x00, 0x36, 0x00, 0x03, 0x2F, 0x60, 0x00, 0x3B, 0x5F,
    0x00, 0x36, 0x5B, 0x39, 0x36, 0x00, 0x00, 0x3B, 0x00, 0x00, 0x2F, 0x00, 0x03, 0x2F, 0x5F, 0x00,
    0x36, 0x5C, 0x00, 0x3B, 0x60, 0x39, 0x3B, 0x00, 0x00, 0x36, 0x00, 0x00, 0x2F, 0x00, 0x03, 0x2F,
    0x60, 0x00, 0x36, 0x5C, 0x00, 0x3B, 0x5F, 0x39, 0x3B, 0x00, 0x00, 0x36, 0x00, 0x00, 0x2F, 0x00,
    0x03, 0x36, 0x59, 0x00, 0x3B, 0x60, 0x00, 0x2F, 0x61, 0x39, 0x2F, 0x00, 0x00, 0x3B, 0x00, 0x00,
    0x36, 0x00, 0x03, 0x36, 0x5C, 0x00, 0x2F, 0x64, 0x00, 0x3B, 0x61, 0x39, 0x3B, 0x00, 0x00, 0x2F,
    0x00, 0x00, 0x36, 0x00, 0x03, 0x28, 0x65, 0x00, 0x3B, 0x62, 0x00, 0x34, 0x61, 0x81, 0x6F, 0x34,
    0x00, 0x00, 0x28, 0x00, 0x01, 0x26, 0x63, 0x00, 0x32, 0x64, 0x81, 0x6F, 0x32, 0x00, 0x00, 0x26,
    0x00, 0x00, 0x3B, 0x00, 0x01, 0x31, 0x62, 0x00, 0x3B, 0x62, 0x00, 0x37, 0x63, 0x83, 0x5F, 0x37,
    0x00, 0x00, 0x3B, 0x00, 0x00, 0x31, 0x00, 0xD6, 0x21, 0x30, 0x60, 0x00, 0x3C, 0x60, 0x00, 0x37,
    0x5E, 0x39, 0x37, 0x00, 0x00, 0x3C, 0x00, 0x00, 0x30, 0x00, 0x03, 0x30, 0x60, 0x00, 0x37, 0x5D,
    0x00, 0x3C, 0x5F, 0x39, 0x3C, 0x00, 0x00, 0x37, 0x00, 0x00, 0x30, 0x00, 0x03, 0x30, 0x61, 0x00,
    0x37, 0x5E, 0x00, 0x3C, 0x60, 0x39, 0x3C, 0x00, 0x00, 0x37, 0x00, 0x00, 0x30, 0x00, 0x03, 0x30,
    0x62, 0x00, 0x3C, 0x60, 0x00, 0x37, 0x5E, 0x39, 0x37, 0x00, 0x00, 0x3C, 0x00, 0x00, 0x30, 0x00,
    0x03, 0x37, 0x5E, 0x00, 0x3C, 0x60, 0x00, 0x30, 0x61, 0x39, 0x30, 0x00, 0x00, 0x3C, 0x00, 0x00,
    0x37, 0x00, 0x03, 0x30, 0x60, 0x00, 0x37, 0x5F, 0x00, 0x3C, 0x5F, 0x39, 0x3C, 0x00, 0x00, 0x37,
    0x00, 0x00, 0x30, 0x00, 0x03, 0x30, 0x5F, 0x00, 0x37, 0x60, 0x00, 0x3C, 0x60, 0x39, 0x3C, 0x00,
    0x00, 0x37, 0x00, 0x00, 0x30, 0x00, 0x03, 0x3C, 0x5E, 0x00, 0x30, 0x5E, 0x00, 0x37, 0x5D, 0x39,
    0x37, 0x00, 0x00, 0x30, 0x00, 0x00, 0x3C, 0x00, 0x03, 0x2B, 0x5F, 0x00, 0x37, 0x60, 0x00, 0x32,
    0x5C, 0x39, 0x32, 0x00, 0x00, 0x37, 0x00, 0x00, 0x2B, 0x00, 0x03, 0x2B, 0x60, 0x00, 0x37, 0x60,
    0x00, 0x32, 0x5E, 0x39, 0x32, 0x00, 0x00, 0x37, 0x00, 0x00, 0x2B, 0x00, 0x03, 0x2B, 0x60, 0x00,
    0x37, 0x5E, 0x00, 0x32, 0x5E, 0x39, 0x32, 0x00, 0x00, 0x37, 0x00, 0x00, 0x2B, 0x00, 0x03, 0x2B,
    0x62, 0x00, 0x37, 0x60, 0x00, 0x32, 0x5E, 0x39, 0x32, 0x00, 0x00, 0x37, 0x00, 0x00, 0x2B, 0x00,
    0x03, 0x2B, 0x5E, 0x00, 0x37, 0x5F, 0x00, 0x32, 0x5E, 0x39, 0x32, 0x00, 0x00, 0x37, 0x00, 0x00,
    0x2B, 0x00, 0x03, 0x2B, 0x5E, 0x00, 0x37, 0x60, 0x00, 0x32, 0x5E, 0x39, 0x32, 0x00, 0x00, 0x37,
    0x00, 0x00, 0x2B, 0x00, 0x03, 0x2B, 0x61, 0x00, 0x37, 0x60, 0x00, 0x32, 0x60, 0x39, 0x32, 0x00,
    0x00, 0x37, 0x00, 0x00, 0x2B, 0x00, 0x03, 0x2B, 0x62, 0x00, 0x37, 0x60, 0x00, 0x32, 0x60, 0x39,
    0x32, 0x00, 0x00, 0x37, 0x00, 0x00, 0x2B, 0x00, 0x03, 0x3B, 0x61, 0x00, 0x34, 0x60, 0x00, 0x28,
    0x62, 0x39, 0x28, 0x00, 0x00, 0x34, 0x00, 0x00, 0x3B, 0x00, 0x03, 0x28, 0x60, 0x00, 0x34, 0x60,
    0x00, 0x3B, 0x60, 0x39, 0x3B, 0x00, 0x00, 0x34, 0x00, 0x00, 0x28, 0x00, 0x03, 0x28, 0x61, 0x00,
    0x3B, 0x60, 0x00, 0x34, 0x5E, 0x39, 0x34, 0x00, 0x00, 0x3B, 0x00, 0x00, 0x28, 0x00, 0x03, 0x34,
    0x5F, 0x00, 0x3B, 0x60, 0x00, 0x28, 0x62, 0x39, 0x28, 0x00, 0x00, 0x3B, 0x00, 0x00, 0x34, 0x00,
    0x03, 0x28, 0x62, 0x00, 0x34, 0x60, 0x00, 0x3B, 0x60, 0x39, 0x3B, 0x00, 0x00, 0x34, 0x00, 0x00,
    0x28, 0x00, 0x03, 0x28, 0x60, 0x00, 0x3B, 0x60, 0x00, 0x34, 0x60, 0x39, 0x34, 0x00, 0x00, 0x3B,
    0x00, 0x00, 0x28, 0x00, 0x03, 0x3B, 0x60, 0x00, 0x34, 0x60, 0x00, 0x28, 0x62, 0x39, 0x28, 0x00,
    0x00, 0x34, 0x00, 0x00, 0x3B, 0x00, 0x03, 0x28, 0x62, 0x00, 0x34, 0x60, 0x00, 0x3B, 0x61, 0x39,
    0x3B, 0x00, 0x00, 0x34, 0x00, 0x00, 0x28, 0x00, 0x03, 0x2F, 0x62, 0x00, 0x3B, 0x62, 0x00, 0x36,
    0x5D, 0x39, 0x36, 0x00, 0x00, 0x3B, 0x00, 0x00, 0x2F, 0x00, 0x03, 0x36, 0x5B, 0x00, 0x3B, 0x61,
    0x00, 0x2F, 0x61, 0x39, 0x2F, 0x00, 0x00, 0x3B, 0x00, 0x00, 0x36, 0x00, 0x03, 0x3B, 0x60, 0x00,
    0x36, 0x58, 0x00, 0x2F, 0x61, 0x39, 0x2F, 0x00, 0x00, 0x36, 0x00, 0x00, 0x3B, 0x00, 0x03, 0x36,
    0x5D, 0x00, 0x3B, 0x60, 0x00, 0x2F, 0x62, 0x39, 0x2F, 0x00, 0x00, 0x3B, 0x00, 0x00, 0x36, 0x00,
    0x03, 0x36, 0x5D, 0x00, 0x3B, 0x60, 0x00, 0x2F, 0x62, 0x39, 0x2F, 0x00, 0x00, 0x3B, 0x00, 0x00,
    0x36, 0x00, 0x03, 0x36, 0x5E, 0x00, 0x2F, 0x62, 0x00, 0x3B, 0x61, 0x39, 0x3B, 0x00, 0x00, 0x2F,
    0x00, 0x00, 0x36, 0x00, 0x03, 0x2F, 0x62, 0x00, 0x3B, 0x60, 0x00, 0x36, 0x5F, 0x39, 0x36, 0x00,
    0x00, 0x3B, 0x00, 0x00, 0x2F, 0x00, 0x03, 0x3B, 0x60, 0x00, 0x36, 0x5F, 0x00, 0x2F, 0x63, 0x39,
    0x2F, 0x00, 0x00, 0x36, 0x00, 0x00, 0x3B, 0x00, 0x03, 0x30, 0x60, 0x00, 0x3C, 0x60, 0x00, 0x37,
    0x5E, 0x39, 0x37, 0x00, 0x00, 0x3C, 0x00, 0x00, 0x30, 0x00, 0x03, 0x30, 0x60, 0x00, 0x37, 0x5D,
    0x00, 0x3C, 0x5F, 0x39, 0x3C, 0x00, 0x00, 0x37, 0x00, 0x00, 0x30, 0x00, 0x03, 0x30, 0x61, 0x00,
    0x37, 0x5E, 0x00, 0x3C, 0x60, 0x39, 0x3C, 0x00, 0x00, 0x37, 0x00, 0x00, 0x30, 0x00, 0x03, 0x30,
    0x62, 0x00, 0x3C, 0x60, 0x00, 0x37, 0x5E, 0x39, 0x37, 0x00, 0x00, 0x3C, 0x00, 0x00, 0x30, 0x00,
    0x03, 0x37, 0x5E, 0x00, 0x3C, 0x60, 0x00, 0x30, 0x61, 0x39, 0x30, 0x00, 0x00, 0x3C, 0x00, 0x00,
    0x37, 0x00, 0x03, 0x30, 0x60, 0x00, 0x37, 0x5F, 0x00, 0x3C, 0x5F, 0x39, 0x3C, 0x00, 0x00, 0x37,
    0x00, 0x00, 0x30, 0x00, 0x03, 0x30, 0x5F, 0x00, 0x37, 0x60, 0x00, 0x3C, 0x60, 0x39, 0x3C, 0x00,
    0x00, 0x37, 0x00, 0x00, 0x30, 0x00, 0x03, 0x3C, 0x5E, 0x00, 0x30, 0x5E, 0x00, 0x37, 0x5D, 0x39,
    0x37, 0x00, 0x00, 0x30, 0x00, 0x00, 0x3C, 0x00, 0x03, 0x2B, 0x5F, 0x00, 0x37, 0x60, 0x00, 0x32,
    0x5C, 0x39, 0x32, 0x00, 0x00, 0x37, 0x00, 0x00, 0x2B, 0x00, 0x03, 0x2B, 0x60, 0x00, 0x37, 0x60,
    0x00, 0x32, 0x5E, 0x39, 0x32, 0x00, 0x00, 0x37, 0x00, 0x00, 0x2B, 0x00, 0x03, 0x2B, 0x60, 0x00,
    0x37, 0x5E, 0x00, 0x32, 0x5E, 0x39, 0x32, 0x00, 0x00, 0x37, 0x00, 0x00, 0x2B, 0x00, 0x03, 0x2B,
    0x62, 0x00, 0x37, 0x60, 0x00, 0x32, 0x5E, 0x39, 0x32, 0x00, 0x00, 0x37, 0x00, 0x00, 0x2B, 0x00,
    0x03, 0x2B, 0x5E, 0x00, 0x37, 0x5F, 0x00, 0x32, 0x5E, 0x39, 0x32, 0x00, 0x00, 0x37, 0x00, 0x00,
    0x2B, 0x00, 0x03, 0x2B, 0x5E, 0x00, 0x37, 0x60, 0x00, 0x32, 0x5E, 0x39, 0x32, 0x00, 0x00, 0x37,
    0x00, 0x00, 0x2B, 0x00, 0x03, 0x2B, 0x61, 0x00, 0x37, 0x60, 0x00, 0x32, 0x60, 0x39, 0x32, 0x00,
    0x00, 0x37, 0x00, 0x00, 0x2B, 0x00, 0x03, 0x2B, 0x62, 0x00, 0x37, 0x60, 0x00, 0x32, 0x60, 0x39,
    0x32, 0x00, 0x00, 0x37, 0x00, 0x00, 0x2B, 0x00, 0x03, 0x3B, 0x61, 0x00, 0x34, 0x60, 0x00, 0x28,
    0x62, 0x39, 0x28, 0x00, 0x00, 0x34, 0x00, 0x00, 0x3B, 0x00, 0x03, 0x28, 0x60, 0x00, 0x34, 0x60,
    0x00, 0x3B, 0x60, 0x39, 0x3B, 0x00, 0x00, 0x34, 0x00, 0x00, 0x28, 0x00, 0x03, 0x28, 0x61, 0x00,
    0x3B, 0x60, 0x00, 0x34, 0x5E, 0x39, 0x34, 0x00, 0x00, 0x3B, 0x00, 0x00, 0x28, 0x00, 0x03, 0x34,
    0x5F, 0x00, 0x3B, 0x60, 0x00, 0x28, 0x62, 0x39, 0x28, 0x00, 0x00, 0x3B, 0x00, 0x00, 0x34, 0x00,
    0x03, 0x28, 0x62, 0x00, 0x34, 0x60, 0x00, 0x3B, 0x60, 0x39, 0x3B, 0x00, 0x00, 0x34, 0x00, 0x00,
    0x28, 0x00, 0x03, 0x28, 0x60, 0x00, 0x3B, 0x60, 0x00, 0x34, 0x60, 0x39, 0x34, 0x00, 0x00, 0x3B,
    0x00, 0x00, 0x28, 0x00, 0x03, 0x3B, 0x60, 0x00, 0x34, 0x60, 0x00, 0x28, 0x62, 0x39, 0x28, 0x00,
    0x00, 0x34, 0x00, 0x00, 0x3B, 0x00, 0x03, 0x28, 0x62, 0x00, 0x34, 0x60, 0x00, 0x3B, 0x61, 0x39,
    0x3B, 0x00, 0x00, 0x34, 0x00, 0x00, 0x28, 0x00, 0x03, 0x2F, 0x62, 0x00, 0x3B, 0x62, 0x00, 0x36,
    0x5D, 0x39, 0x36, 0x00, 0x00, 0x3B, 0x00, 0x00, 0x2F, 0x00, 0x03, 0x36, 0x5B, 0x00, 0x3B, 0x61,
    0x00, 0x2F, 0x61, 0x39, 0x2F, 0x00, 0x00, 0x3B, 0x00, 0x00, 0x36, 0x00, 0x03, 0x3B, 0x60, 0x00,
    0x36, 0x58, 0x00, 0x2F, 0x61, 0x39, 0x2F, 0x00, 0x00, 0x36, 0x00, 0x00, 0x3B, 0x00, 0x03, 0x36,
    0x5D, 0x00, 0x3B, 0x60, 0x00, 0x2F, 0x62, 0x39, 0x2F, 0x00, 0x00, 0x3B, 0x00, 0x00, 0x36, 0x00,
    0x03, 0x36, 0x5D, 0x00, 0x3B, 0x60, 0x00, 0x2F, 0x62, 0x39, 0x2F, 0x00, 0x00, 0x3B, 0x00, 0x00,
    0x36, 0x00, 0x03, 0x36, 0x5E, 0x00, 0x2F, 0x62, 0x00, 0x3B, 0x61, 0x39, 0x3B, 0x00, 0x00, 0x2F,
    0x00, 0x00, 0x36, 0x00, 0x03, 0x2F, 0x62, 0x00, 0x3B, 0x60, 0x00, 0x36, 0x5F, 0x39, 0x36, 0x00,
    0x00, 0x3B, 0x00, 0x00, 0x2F, 0x00, 0x03, 0x3B, 0x60, 0x00, 0x36, 0x5F, 0x00, 0x2F, 0x63, 0x39,
    0x2F, 0x00, 0x00, 0x36, 0x00, 0x00, 0x3B, 0x00, 0x03, 0x30, 0x60, 0x00, 0x3C, 0x60, 0x00, 0x37,
    0x5E, 0x39, 0x37, 0x00, 0x00, 0x3C, 0x00, 0x00, 0x30, 0x00, 0x03, 0x30, 0x60, 0x00, 0x37, 0x5D,
    0x00, 0x3C, 0x5F, 0x39, 0x3C, 0x00, 0x00, 0x37, 0x00, 0x00, 0x30, 0x00, 0x03, 0x30, 0x61, 0x00,
    0x37, 0x5E, 0x00, 0x3C, 0x60, 0x39, 0x3C, 0x00, 0x00, 0x37, 0x00, 0x00, 0x30, 0x00, 0x03, 0x30,
    0x62, 0x00, 0x3C, 0x60, 0x00, 0x37, 0x5E, 0x39, 0x37, 0x00, 0x00, 0x3C, 0x00, 0x00, 0x30, 0x00,
    0x03, 0x37, 0x5E, 0x00, 0x3C, 0x60, 0x00, 0x30, 0x61, 0x39, 0x30, 0x00, 0x00, 0x3C, 0x00, 0x00,
    0x37, 0x00, 0x03, 0x30, 0x60, 0x00, 0x37, 0x5F, 0x00, 0x3C, 0x5F, 0x39, 0x3C, 0x00, 0x00, 0x37,
    0x00, 0x00, 0x30, 0x00, 0x03, 0x30, 0x5F, 0x00, 0x37, 0x60, 0x00, 0x3C, 0x60, 0x39, 0x3C, 0x00,
    0x00, 0x37, 0x00, 0x00, 0x30, 0x00, 0x03, 0x3C, 0x5E, 0x00, 0x30, 0x5E, 0x00, 0x37, 0x5D, 0x39,
    0x37, 0x00, 0x00, 0x30, 0x00, 0x00, 0x3C, 0x00, 0x03, 0x2F, 0x62, 0x00, 0x36, 0x5E, 0x00, 0x3B,
    0x60, 0x39, 0x3B, 0x00, 0x00, 0x36, 0x00, 0x00, 0x2F, 0x00, 0x03, 0x3B, 0x60, 0x00, 0x36, 0x5C,
    0x00, 0x2F, 0x5F, 0x39, 0x2F, 0x00, 0x00, 0x36, 0x00, 0x00, 0x3B, 0x00, 0x03, 0x36, 0x59, 0x00,
    0x3B, 0x5F, 0x00, 0x2F, 0x62, 0x39, 0x2F, 0x00, 0x00, 0x3B, 0x00, 0x00, 0x36, 0x00, 0x03, 0x2F,
    0x60, 0x00, 0x3B, 0x5F, 0x00, 0x36, 0x5B, 0x39, 0x36, 0x00, 0x00, 0x3B, 0x00, 0x00, 0x2F, 0x00,
    0x03, 0x2F, 0x5F, 0x00, 0x36, 0x5C, 0x00, 0x3B, 0x60, 0x39, 0x3B, 0x00, 0x00, 0x36, 0x00, 0x00,
    0x2F, 0x00, 0x03, 0x2F, 0x60, 0x00, 0x36, 0x5C, 0x00, 0x3B, 0x5F, 0x39, 0x3B, 0x00, 0x00, 0x36,
    0x00, 0x00, 0x2F, 0x00, 0x03, 0x36, 0x59, 0x00, 0x3B, 0x60, 0x00, 0x2F, 0x61, 0x39, 0x2F, 0x00,
    0x00, 0x3B, 0x00, 0x00, 0x36, 0x00, 0x03, 0x36, 0x5C, 0x00, 0x2F, 0x64, 0x00, 0x3B, 0x61, 0x39,
    0x3B, 0x00, 0x00, 0x2F, 0x00, 0x00, 0x36, 0x00, 0x03, 0x28, 0x65, 0x00, 0x3B, 0x62, 0x00, 0x34,
    0x61, 0x81, 0x6F, 0x34, 0x00, 0x00, 0x28, 0x00, 0x01, 0x26, 0x63, 0x00, 0x32, 0x64, 0x81, 0x6F,
    0x32, 0x00, 0x00, 0x26, 0x00, 0x00, 0x3B, 0x00, 0x01, 0x31, 0x62, 0x00, 0x3B, 0x62, 0x00, 0x37,
    0x63, 0x83, 0x5F, 0x37, 0x00, 0x00, 0x3B, 0x00, 0x00, 0x31, 0x00, 0xD6, 0x21, 0x30, 0x60, 0x00,
    0x3C, 0x60, 0x00, 0x37, 0x5E, 0x39, 0x37, 0x00, 0x00, 0x3C, 0x00, 0x00, 0x30, 0x00, 0x03, 0x30,
    0x60, 0x00, 0x37, 0x5D, 0x00, 0x3C, 0x5F, 0x39, 0x3C, 0x00, 0x00, 0x37, 0x00, 0x00, 0x30, 0x00,
    0x03, 0x30, 0x61, 0x00, 0x37, 0x5E, 0x00, 0x3C, 0x60, 0x39, 0x3C, 0x00, 0x00, 0x37, 0x00, 0x00,
    0x30, 0x00, 0x03, 0x30, 0x62, 0x00, 0x3C, 0x60, 0x00, 0x37, 0x5E, 0x39, 0x37, 0x00, 0x00, 0x3C,
    0x00, 0x00, 0x30, 0x00, 0x03, 0x37, 0x5E, 0x00, 0x3C, 0x60, 0x00, 0x30, 0x61, 0x39, 0x30, 0x00,
    0x00, 0x3C, 0x00, 0x00, 0x37, 0x00, 0x03, 0x30, 0x60, 0x00, 0x37, 0x5F, 0x00, 0x3C, 0x5F, 0x39,
    0x3C, 0x00, 0x00, 0x37, 0x00, 0x00, 0x30, 0x00, 0x03, 0x30, 0x5F, 0x00, 0x37, 0x60, 0x00, 0x3C,
    0x60, 0x39, 0x3C, 0x00, 0x00, 0x37, 0x00, 0x00, 0x30, 0x00, 0x03, 0x3C, 0x5E, 0x00, 0x30, 0x5E,
    0x00, 0x37, 0x5D, 0x39, 0x37, 0x00, 0x00, 0x30, 0x00, 0x00, 0x3C, 0x00, 0x03, 0x2B, 0x5F, 0x00,
    0x37, 0x60, 0x00, 0x32, 0x5C, 0x39, 0x32, 0x00, 0x00, 0x37, 0x00, 0x00, 0x2B, 0x00, 0x03, 0x2B,
    0x60, 0x00, 0x37, 0x60, 0x00, 0x32, 0x5E, 0x39, 0x32, 0x00, 0x00, 0x37, 0x00, 0x00, 0x2B, 0x00,
    0x03, 0x2B, 0x60, 0x00, 0x37, 0x5E, 0x00, 0x32, 0x5E, 0x39, 0x32, 0x00, 0x00, 0x37, 0x00, 0x00,
    0x2B, 0x00, 0x03, 0x2B, 0x62, 0x00, 0x37, 0x60, 0x00, 0x32, 0x5E, 0x39, 0x32, 0x00, 0x00, 0x37,
    0x00, 0x00, 0x2B, 0x00, 0x03, 0x2B, 0x5E, 0x00, 0x37, 0x5F, 0x00, 0x32, 0x5E, 0x39, 0x32, 0x00,
    0x00, 0x37, 0x00, 0x00, 0x2B, 0x00, 0x03, 0x2B, 0x5E, 0x00, 0x37, 0x60, 0x00, 0x32, 0x5E, 0x39,
    0x32, 0x00, 0x00, 0x37, 0x00, 0x00, 0x2B, 0x00, 0x03, 0x2B, 0x61, 0x00, 0x37, 0x60, 0x00, 0x32,
    0x60, 0x39, 0x32, 0x00, 0x00, 0x37, 0x00, 0x00, 0x2B, 0x00, 0x03, 0x2B, 0x62, 0x00, 0x37, 0x60,
    0x00, 0x32, 0x60, 0x39, 0x32, 0x00, 0x00, 0x37, 0x00, 0x00, 0x2B, 0x00, 0x03, 0x3B, 0x61, 0x00,
    0x34, 0x60, 0x00, 0x28, 0x62, 0x39, 0x28, 0x00, 0x00, 0x34, 0x00, 0x00, 0x3B, 0x00, 0x03, 0x28,
    0x60, 0x00, 0x34, 0x60, 0x00, 0x3B, 0x60, 0x39, 0x3B, 0x00, 0x00, 0x34, 0x00, 0x00, 0x28, 0x00,
    0x03, 0x28, 0x61, 0x00, 0x3B, 0x60, 0x00, 0x34, 0x5E, 0x39, 0x34, 0x00, 0x00, 0x3B, 0x00, 0x00,
    0x28, 0x00, 0x03, 0x34, 0x5F, 0x00, 0x3B, 0x60, 0x00, 0x28, 0x62, 0x39, 0x28, 0x00, 0x00, 0x3B,
    0x00, 0x00, 0x34, 0x00, 0x03, 0x28, 0x62, 0x00, 0x34, 0x60, 0x00, 0x3B, 0x60, 0x39, 0x3B, 0x00,
    0x00, 0x34, 0x00, 0x00, 0x28, 0x00, 0x03, 0x28, 0x60, 0x00, 0x3B, 0x60, 0x00, 0x34, 0x60, 0x39,
    0x34, 0x00, 0x00, 0x3B, 0x00, 0x00, 0x28, 0x00, 0x03, 0x3B, 0x60, 0x00, 0x34, 0x60, 0x00, 0x28,
    0x62, 0x39, 0x28, 0x00, 0x00, 0x34, 0x00, 0x00, 0x3B, 0x00, 0x03, 0x28, 0x62, 0x00, 0x34, 0x60,
    0x00, 0x3B, 0x61, 0x39, 0x3B, 0x00, 0x00, 0x34, 0x00, 0x00, 0x28, 0x00, 0x03, 0x2F, 0x62, 0x00,
    0x3B, 0x62, 0x00, 0x36, 0x5D, 0x39, 0x36, 0x00, 0x00, 0x3B, 0x00, 0x00, 0x2F, 0x00, 0x03, 0x36,
    0x5B, 0x00, 0x3B, 0x61, 0x00, 0x2F, 0x61, 0x39, 0x2F, 0x00, 0x00, 0x3B, 0x00, 0x00, 0x36, 0x00,
    0x03, 0x3B, 0x60, 0x00, 0x36, 0x58, 0x00, 0x2F, 0x61, 0x39, 0x2F, 0x00, 0x00, 0x36, 0x00, 0x00,
    0x3B, 0x00, 0x03, 0x36, 0x5D, 0x00, 0x3B, 0x60, 0x00, 0x2F, 0x62, 0x39, 0x2F, 0x00, 0x00, 0x3B,
    0x00, 0x00, 0x36, 0x00, 0x03, 0x36, 0x5D, 0x00, 0x3B, 0x60, 0x00, 0x2F, 0x62, 0x39, 0x2F, 0x00,
    0x00, 0x3B, 0x00, 0x00, 0x36, 0x00, 0x03, 0x36, 0x5E, 0x00, 0x2F, 0x62, 0x00, 0x3B, 0x61, 0x39,
    0x3B, 0x00, 0x00, 0x2F, 0x00, 0x00, 0x36, 0x00, 0x03, 0x2F, 0x62, 0x00, 0x3B, 0x60, 0x00, 0x36,
    0x5F, 0x39, 0x36, 0x00, 0x00, 0x3B, 0x00, 0x00, 0x2F, 0x00, 0x03, 0x3B, 0x60, 0x00, 0x36, 0x5F,
    0x00, 0x2F, 0x63, 0x39, 0x2F, 0x00, 0x00, 0x36, 0x00, 0x00, 0x3B, 0x00, 0x03, 0x30, 0x60, 0x00,
    0x3C, 0x60, 0x00, 0x37, 0x5E, 0x39, 0x37, 0x00, 0x00, 0x3C, 0x00, 0x00, 0x30, 0x00, 0x03, 0x30,
    0x60, 0x00, 0x37, 0x5D, 0x00, 0x3C, 0x5F, 0x39, 0x3C, 0x00, 0x00, 0x37, 0x00, 0x00, 0x30, 0x00,
    0x03, 0x30, 0x61, 0x00, 0x37, 0x5E, 0x00, 0x3C, 0x60, 0x39, 0x3C, 0x00, 0x00, 0x37, 0x00, 0x00,
    0x30, 0x00, 0x03, 0x30, 0x62, 0x00, 0x3C, 0x60, 0x00, 0x37, 0x5E, 0x39, 0x37, 0x00, 0x00, 0x3C,
    0x00, 0x00, 0x30, 0x00, 0x03, 0x37, 0x5E, 0x00, 0x3C, 0x60, 0x00, 0x30, 0x61, 0x39, 0x30, 0x00,
    0x00, 0x3C, 0x00, 0x00, 0x37, 0x00, 0x03, 0x30, 0x60, 0x00, 0x37, 0x5F, 0x00, 0x3C, 0x5F, 0x39,
    0x3C, 0x00, 0x00, 0x37, 0x00, 0x00, 0x30, 0x00, 0x03, 0x30, 0x5F, 0x00, 0x37, 0x60, 0x00, 0x3C,
    0x60, 0x39, 0x3C, 0x00, 0x00, 0x37, 0x00, 0x00, 0x30, 0x00, 0x03, 0x3C, 0x5E, 0x00, 0x30, 0x5E,
    0x00, 0x37, 0x5D, 0x39, 0x37, 0x00, 0x00, 0x30, 0x00, 0x00, 0x3C, 0x00, 0x03, 0x2B, 0x5F, 0x00,
    0x37, 0x60, 0x00, 0x32, 0x5C, 0x39, 0x32, 0x00, 0x00, 0x37, 0x00, 0x00, 0x2B, 0x00, 0x03, 0x2B,
    0x60, 0x00, 0x37, 0x60, 0x00, 0x32, 0x5E, 0x39, 0x32, 0x00, 0x00, 0x37, 0x00, 0x00, 0x2B, 0x00,
    0x03, 0x2B, 0x60, 0x00, 0x37, 0x5E, 0x00, 0x32, 0x5E, 0x39, 0x32, 0x00, 0x00, 0x37, 0x00, 0x00,
    0x2B, 0x00, 0x03, 0x2B, 0x62, 0x00, 0x37, 0x60, 0x00, 0x32, 0x5E, 0x39, 0x32, 0x00, 0x00, 0x37,
    0x00, 0x00, 0x2B, 0x00, 0x03, 0x2B, 0x5E, 0x00, 0x37, 0x5F, 0x00, 0x32, 0x5E, 0x39, 0x32, 0x00,
    0x00, 0x37, 0x00, 0x00, 0x2B, 0x00, 0x03, 0x2B, 0x5E, 0x00, 0x37, 0x60, 0x00, 0x32, 0x5E, 0x39,
    0x32, 0x00, 0x00, 0x37, 0x00, 0x00, 0x2B, 0x00, 0x03, 0x2B, 0x61, 0x00, 0x37, 0x60, 0x00, 0x32,
    0x60, 0x39, 0x32, 0x00, 0x00, 0x37, 0x00, 0x00, 0x2B, 0x00, 0x03, 0x2B, 0x62, 0x00, 0x37, 0x60,
    0x00, 0x32, 0x60, 0x39, 0x32, 0x00, 0x00, 0x37, 0x00, 0x00, 0x2B, 0x00, 0x03, 0x3B, 0x61, 0x00,
    0x34, 0x60, 0x00, 0x28, 0x62, 0x39, 0x28, 0x00, 0x00, 0x34, 0x00, 0x00, 0x3B, 0x00, 0x03, 0x28,
    0x60, 0x00, 0x34, 0x60, 0x00, 0x3B, 0x60, 0x39, 0x3B, 0x00, 0x00, 0x34, 0x00, 0x00, 0x28, 0x00,
    0x03, 0x28, 0x61, 0x00, 0x3B, 0x60, 0x00, 0x34, 0x5E, 0x39, 0x34, 0x00, 0x00, 0x3B, 0x00, 0x00,
    0x28, 0x00, 0x03, 0x34, 0x5F, 0x00, 0x3B, 0x60, 0x00, 0x28, 0x62, 0x39, 0x28, 0x00, 0x00, 0x3B,
    0x00, 0x00, 0x34, 0x00, 0x03, 0x28, 0x62, 0x00, 0x34, 0x60, 0x00, 0x3B, 0x60, 0x39, 0x3B, 0x00,
    0x00, 0x34, 0x00, 0x00, 0x28, 0x00, 0x03, 0x28, 0x60, 0x00, 0x3B, 0x60, 0x00, 0x34, 0x60, 0x39,
    0x34, 0x00, 0x00, 0x3B, 0x00, 0x00, 0x28, 0x00, 0x03, 0x3B, 0x60, 0x00, 0x34, 0x60, 0x00, 0x28,
    0x62, 0x39, 0x28, 0x00, 0x00, 0x34, 0x00, 0x00, 0x3B, 0x00, 0x03, 0x28, 0x62, 0x00, 0x34, 0x60,
    0x00, 0x3B, 0x61, 0x39, 0x3B, 0x00, 0x00, 0x34, 0x00, 0x00, 0x28, 0x00, 0x03, 0x2F, 0x62, 0x00,
    0x3B, 0x62, 0x00, 0x36, 0x5D, 0x39, 0x36, 0x00, 0x00, 0x3B, 0x00, 0x00, 0x2F, 0x00, 0x03, 0x36,
    0x5B, 0x00, 0x3B, 0x61, 0x00, 0x2F, 0x61, 0x39, 0x2F, 0x00, 0x00, 0x3B, 0x00, 0x00, 0x36, 0x00,
    0x03, 0x3B, 0x60, 0x00, 0x36, 0x58, 0x00, 0x2F, 0x61, 0x39, 0x2F, 0x00, 0x00, 0x36, 0x00, 0x00,
    0x3B, 0x00, 0x03, 0x36, 0x5D, 0x00, 0x3B, 0x60, 0x00, 0x2F, 0x62, 0x39, 0x2F, 0x00, 0x00, 0x3B,
    0x00, 0x00, 0x36, 0x00, 0x03, 0x36, 0x5D, 0x00, 0x3B, 0x60, 0x00, 0x2F, 0x62, 0x39, 0x2F, 0x00,
    0x00, 0x3B, 0x00, 0x00, 0x36, 0x00, 0x03, 0x36, 0x5E, 0x00, 0x2F, 0x62, 0x00, 0x3B, 0x61, 0x39,
    0x3B, 0x00, 0x00, 0x2F, 0x00, 0x00, 0x36, 0x00, 0x03, 0x2F, 0x62, 0x00, 0x3B, 0x60, 0x00, 0x36,
    0x5F, 0x39, 0x36, 0x00, 0x00, 0x3B, 0x00, 0x00, 0x2F, 0x00, 0x03, 0x3B, 0x60, 0x00, 0x36, 0x5F,
    0x00, 0x2F, 0x63, 0x39, 0x2F, 0x00, 0x00, 0x36, 0x00, 0x00, 0x3B, 0x00, 0x03, 0x30, 0x60, 0x00,
    0x3C, 0x60, 0x00, 0x37, 0x5E, 0x39, 0x37, 0x00, 0x00, 0x3C, 0x00, 0x00, 0x30, 0x00, 0x03, 0x30,
    0x60, 0x00, 0x37, 0x5D, 0x00, 0x3C, 0x5F, 0x39, 0x3C, 0x00, 0x00, 0x37, 0x00, 0x00, 0x30, 0x00,
    0x03, 0x30, 0x61, 0x00, 0x37, 0x5E, 0x00, 0x3C, 0x60, 0x39, 0x3C, 0x00, 0x00, 0x37, 0x00, 0x00,
    0x30, 0x00, 0x03, 0x30, 0x62, 0x00, 0x3C, 0x60, 0x00, 0x37, 0x5E, 0x39, 0x37, 0x00, 0x00, 0x3C,
    0x00, 0x00, 0x30, 0x00, 0x03, 0x37, 0x5E, 0x00, 0x3C, 0x60, 0x00, 0x30, 0x61, 0x39, 0x30, 0x00,
    0x00, 0x3C, 0x00, 0x00, 0x37, 0x00, 0x03, 0x30, 0x60, 0x00, 0x37, 0x5F, 0x00, 0x3C, 0x5F, 0x39,
    0x3C, 0x00, 0x00, 0x37, 0x00, 0x00, 0x30, 0x00, 0x03, 0x30, 0x5F, 0x00, 0x37, 0x60, 0x00, 0x3C,
    0x60, 0x39, 0x3C, 0x00, 0x00, 0x37, 0x00, 0x00, 0x30, 0x00, 0x03, 0x3C, 0x5E, 0x00, 0x30, 0x5E,
    0x00, 0x37, 0x5D, 0x39, 0x37, 0x00, 0x00, 0x30, 0x00, 0x00, 0x3C, 0x00, 0x03, 0x2F, 0x62, 0x00,
    0x36, 0x5E, 0x00, 0x3B, 0x60, 0x39, 0x3B, 0x00, 0x00, 0x36, 0x00, 0x00, 0x2F, 0x00, 0x03, 0x3B,
    0x60, 0x00, 0x36, 0x5C, 0x00, 0x2F, 0x5F, 0x39, 0x2F, 0x00, 0x00, 0x36, 0x00, 0x00, 0x3B, 0x00,
    0x03, 0x36, 0x59, 0x00, 0x3B, 0x5F, 0x00, 0x2F, 0x62, 0x39, 0x2F, 0x00, 0x00, 0x3B, 0x00, 0x00,
    0x36, 0x00, 0x03, 0x2F, 0x60, 0x00, 0x3B, 0x5F, 0x00, 0x36, 0x5B, 0x39, 0x36, 0x00, 0x00, 0x3B,
    0x00, 0x00, 0x2F, 0x00, 0x03, 0x2F, 0x5F, 0x00, 0x36, 0x5C, 0x00, 0x3B, 0x60, 0x39, 0x3B, 0x00,
    0x00, 0x36, 0x00, 0x00, 0x2F, 0x00, 0x03, 0x2F, 0x60, 0x00, 0x36, 0x5C, 0x00, 0x3B, 0x5F, 0x39,
    0x3B, 0x00, 0x00, 0x36, 0x00, 0x00, 0x2F, 0x00, 0x03, 0x36, 0x59, 0x00, 0x3B, 0x60, 0x00, 0x2F,
    0x61, 0x39, 0x2F, 0x00, 0x00, 0x3B, 0x00, 0x00, 0x36, 0x00, 0x03, 0x36, 0x5C, 0x00, 0x2F, 0x64,
    0x00, 0x3B, 0x61, 0x39, 0x3B, 0x00, 0x00, 0x2F, 0x00, 0x00, 0x36, 0x00, 0x03, 0x28, 0x65, 0x00,
    0x3B, 0x62, 0x00, 0x34, 0x61, 0x81, 0x6F, 0x34, 0x00, 0x00, 0x28, 0x00, 0x01, 0x26, 0x63, 0x00,
    0x32, 0x64, 0x81, 0x6F, 0x32, 0x00, 0x00, 0x26, 0x00, 0x00, 0x3B, 0x00, 0x01, 0x31, 0x62, 0x00,
    0x3B, 0x62, 0x00, 0x37, 0x63, 0x83, 0x5F, 0x37, 0x00, 0x00, 0x3B, 0x00, 0x00, 0x31, 0x00, 0x01,
    0x2D, 0x63, 0x00, 0x39, 0x60, 0x00, 0x34, 0x5F, 0x83, 0x5F, 0x34, 0x00, 0x00, 0x39, 0x00, 0x00,
    0x2D, 0x00, 0x01, 0x36, 0x5E, 0x00, 0x3B, 0x60, 0x00, 0x2F, 0x63, 0x83, 0x5F, 0x2F, 0x00, 0x00,
    0x3B, 0x00, 0x00, 0x36, 0x00, 0x01, 0x37, 0x5E, 0x00, 0x30, 0x5D, 0x00, 0x3C, 0x5E, 0x81, 0x6F,
    0x3C, 0x00, 0x00, 0x30, 0x00, 0x00, 0x37, 0x00, 0x01, 0x32, 0x63, 0x00, 0x39, 0x61, 0x00, 0x3E,
    0x5F, 0x87, 0x3F, 0x3E, 0x00, 0x00, 0x39, 0x00, 0x00, 0x32, 0x00, 0x00, 0xFF, 0x2F, 0x00, 0x4D,
    0x54, 0x72, 0x6B, 0x00, 0x00, 0x3A, 0x03, 0x00, 0xFF, 0x21, 0x01, 0x00, 0x00, 0xFF, 0x03, 0x02,
    0x32, 0x35, 0x00, 0xBC, 0x07, 0x73, 0x00, 0x0A, 0x55, 0x02, 0x79, 0x00, 0x02, 0x00, 0x08, 0x02,
    0x20, 0x00, 0x02, 0x0B, 0x6E, 0x02, 0xCC, 0x19, 0x02, 0xBC, 0x5B, 0x50, 0x02, 0x5D, 0x28, 0x02,
    0x65, 0x00, 0x02, 0x64, 0x00, 0x02, 0x06, 0x02, 0x02, 0x63, 0x01, 0x02, 0x62, 0x20, 0x02, 0x06,
    0x46, 0x87, 0x26, 0x9C, 0x3B, 0x6B, 0x01, 0x3E, 0x6E, 0x01, 0x43, 0x6E, 0x08, 0xBC, 0x40, 0x7F,
    0x02, 0x9C, 0x3B, 0x00, 0x02, 0x3E, 0x00, 0x03, 0x43, 0x00, 0x2B, 0x3B, 0x64, 0x01, 0x3E, 0x6C,
    0x01, 0x43, 0x69, 0x0A, 0x3B, 0x00, 0x01, 0x43, 0x00, 0x01, 0x3E, 0x00, 0x2E, 0x3B, 0x6A, 0x01,
    0x3E, 0x6A, 0x01, 0x43, 0x6D, 0x0B, 0x3B, 0x00, 0x01, 0x3E, 0x00, 0x02, 0x43, 0x00, 0x2C, 0x3B,
    0x6A, 0x01, 0x3E, 0x6C, 0x01, 0x43, 0x6D, 0x09, 0x3B, 0x00, 0x01, 0x3E, 0x00, 0x01, 0x43, 0x00,
    0x2F, 0x3B, 0x6C, 0x01, 0x3E, 0x6F, 0x01, 0x43, 0x6D, 0x09, 0x3B, 0x00, 0x02, 0x3E, 0x00, 0x02,
    0x43, 0x00, 0x2D, 0x3B, 0x6C, 0x01, 0x3E, 0x6F, 0x01, 0x43, 0x6E, 0x0A, 0x3B, 0x00, 0x02, 0x3E,
    0x00, 0x01, 0x43, 0x00, 0x2D, 0x3B, 0x6D, 0x01, 0x3E, 0x6F, 0x01, 0x43, 0x6E, 0x0A, 0x3B, 0x00,
    0x02, 0x43, 0x00, 0x01, 0x3E, 0x00, 0x2D, 0x3B, 0x6C, 0x01, 0x3E, 0x6D, 0x01, 0x43, 0x6E, 0x0A,
    0x3B, 0x00, 0x03, 0x3E, 0x00, 0x01, 0x43, 0x00, 0x2A, 0xBC, 0x40, 0x00, 0x02, 0x40, 0x7F, 0x00,
    0x9C, 0x3C, 0x6D, 0x01, 0x40, 0x6F, 0x01, 0x43, 0x6D, 0x0D, 0x3C, 0x00, 0x01, 0x43, 0x00, 0x00,
    0x40, 0x00, 0x2C, 0x3C, 0x6C, 0x01, 0x40, 0x6E, 0x01, 0x43, 0x6D, 0x0C, 0x3C, 0x00, 0x01, 0x40,
    0x00, 0x01, 0x43, 0x00, 0x2C, 0x3C, 0x6C, 0x01, 0x40, 0x6F, 0x01, 0x43, 0x6D, 0x0C, 0x3C, 0x00,
    0x02, 0x43, 0x00, 0x00, 0x40, 0x00, 0x2C, 0x3C, 0x6C, 0x01, 0x40, 0x6D, 0x01, 0x43, 0x6D, 0x0D,
    0x40, 0x00, 0x00, 0x3C, 0x00, 0x01, 0x43, 0x00, 0x2C, 0x3C, 0x6D, 0x01, 0x40, 0x6F, 0x01, 0x43,
    0x6D, 0x0A, 0x43, 0x00, 0x03, 0x40, 0x00, 0x00, 0x3C, 0x00, 0x2D, 0x3C, 0x6C, 0x01, 0x40, 0x6D,
    0x01, 0x43, 0x6C, 0x0D, 0x40, 0x00, 0x00, 0x3C, 0x00, 0x01, 0x43, 0x00, 0x2C, 0x3C, 0x6D, 0x01,
    0x40, 0x6E, 0x01, 0x43, 0x6D, 0x0D, 0x43, 0x00, 0x00, 0x3C, 0x00, 0x01, 0x40, 0x00, 0x2C, 0x3C,
    0x6D, 0x01, 0x40, 0x6E, 0x01, 0x43, 0x6D, 0x0F, 0x43, 0x00, 0x00, 0x40, 0x00, 0x01, 0x3C, 0x00,
    0x28, 0xBC, 0x40, 0x00, 0x02, 0x40, 0x7F, 0x00, 0x9C, 0x3B, 0x6F, 0x01, 0x3E, 0x6D, 0x01, 0x43,
    0x6D, 0x0D, 0x3E, 0x00, 0x02, 0x3B, 0x00, 0x01, 0x43, 0x00, 0x2A, 0x3B, 0x6C, 0x01, 0x3E, 0x6C,
    0x01, 0x43, 0x6C, 0x0C, 0x3E, 0x00, 0x01, 0x3B, 0x00, 0x02, 0x43, 0x00, 0x2B, 0x3B, 0x6D, 0x01,
    0x3E, 0x6D, 0x01, 0x43, 0x6D, 0x0D, 0x43, 0x00, 0x00, 0x3E, 0x00, 0x01, 0x3B, 0x00, 0x2C, 0x3B,
    0x6C, 0x01, 0x3E, 0x6D, 0x01, 0x43, 0x6D, 0x0C, 0x3B, 0x00, 0x02, 0x3E, 0x00, 0x01, 0x43, 0x00,
    0x2B, 0x3B, 0x6C, 0x01, 0x3E, 0x6C, 0x01, 0x43, 0x6C, 0x0E, 0x3E, 0x00, 0x00, 0x3B, 0x00, 0x02,
    0x43, 0x00, 0x2A, 0x3B, 0x6C, 0x01, 0x3E, 0x6F, 0x01, 0x43, 0x6C, 0x0B, 0x3B, 0x00, 0x02, 0x43,
    0x00, 0x02, 0x3E, 0x00, 0x2B, 0x3B, 0x6B, 0x01, 0x3E, 0x6D, 0x01, 0x43, 0x6D, 0x0C, 0x3B, 0x00,
    0x02, 0x3E, 0x00, 0x02, 0x43, 0x00, 0x2A, 0x3B, 0x6C, 0x01, 0x3E, 0x6D, 0x01, 0x43, 0x6E, 0x0C,
    0x3B, 0x00, 0x01, 0x3E, 0x00, 0x03, 0x43, 0x00, 0x28, 0xBC, 0x40, 0x00, 0x02, 0x9C, 0x3C, 0x6D,
    0x00, 0xBC, 0x40, 0x7F, 0x01, 0x9C, 0x40, 0x71, 0x01, 0x43, 0x6F, 0x0D, 0x40, 0x00, 0x01, 0x3C,
    0x00, 0x01, 0x43, 0x00, 0x2B, 0x3C, 0x6D, 0x01, 0x40, 0x6F, 0x01, 0x43, 0x6E, 0x0A, 0x40, 0x00,
    0x03, 0x3C, 0x00, 0x01, 0x43, 0x00, 0x2C, 0x3C, 0x6C, 0x01, 0x40, 0x6F, 0x01, 0x43, 0x6D, 0x0B,
    0x3C, 0x00, 0x01, 0x40, 0x00, 0x03, 0x43, 0x00, 0x2B, 0x3C, 0x6D, 0x01, 0x40, 0x6D, 0x01, 0x43,
    0x6D, 0x0D, 0x40, 0x00, 0x03, 0x43, 0x00, 0x00, 0x3C, 0x00, 0x28, 0xBC, 0x40, 0x00, 0x02, 0x40,
    0x7F, 0x00, 0x9C, 0x3C, 0x6D, 0x01, 0x3F, 0x6F, 0x01, 0x43, 0x6F, 0x0D, 0x3C, 0x00, 0x01, 0x43,
    0x00, 0x01, 0x3F, 0x00, 0x2B, 0x3C, 0x6C, 0x01, 0x3F, 0x6C, 0x01, 0x43, 0x6D, 0x0C, 0x43, 0x00,
    0x01, 0x3F, 0x00, 0x00, 0x3C, 0x00, 0x2D, 0x3C, 0x6C, 0x01, 0x3F, 0x6D, 0x01, 0x43, 0x6D, 0x0B,
    0x3C, 0x00, 0x01, 0x43, 0x00, 0x00, 0x3F, 0x00, 0x2E, 0x3C, 0x6C, 0x01, 0x3F, 0x6D, 0x01, 0x43,
    0x6C, 0x09, 0x43, 0x00, 0x01, 0x3C, 0x00, 0x02, 0x3F, 0x00, 0x2C, 0xBC, 0x40, 0x00, 0x02, 0x9C,
    0x3B, 0x6F, 0x00, 0xBC, 0x40, 0x7F, 0x01, 0x9C, 0x3E, 0x70, 0x01, 0x43, 0x6E, 0x0C, 0x3E, 0x00,
    0x01, 0x3B, 0x00, 0x02, 0x43, 0x00, 0x2B, 0x3B, 0x6C, 0x01, 0x3E, 0x6D, 0x01, 0x43, 0x6E, 0x09,
    0x3E, 0x00, 0x03, 0x3B, 0x00, 0x04, 0x43, 0x00, 0x2A, 0x3B, 0x6D, 0x01, 0x3E, 0x6E, 0x01, 0x43,
    0x6E, 0x0B, 0x3E, 0x00, 0x00, 0x3B, 0x00, 0x03, 0x43, 0x00, 0x2C, 0x3B, 0x6B, 0x01, 0x3E, 0x6D,
    0x01, 0x43, 0x6D, 0x0D, 0x3E, 0x00, 0x00, 0x3B, 0x00, 0x05, 0x43, 0x00, 0x28, 0x3B, 0x6C, 0x01,
    0x3E, 0x6F, 0x01, 0x41, 0x70, 0x0D, 0x3B, 0x00, 0x02, 0x3E, 0x00, 0x03, 0x41, 0x00, 0x28, 0x3B,
    0x6A, 0x01, 0x3E, 0x6D, 0x01, 0x41, 0x6C, 0x0C, 0x3B, 0x00, 0x02, 0x3E, 0x00, 0x01, 0x41, 0x00,
    0x2B, 0x3B, 0x6C, 0x01, 0x3E, 0x6D, 0x01, 0x41, 0x6B, 0x0C, 0x3B, 0x00, 0x01, 0x41, 0x00, 0x00,
    0x3E, 0x00, 0x2D, 0x3B, 0x6E, 0x01, 0x3E, 0x6F, 0x01, 0x41, 0x6F, 0x0C, 0x3E, 0x00, 0x00, 0x3B,
    0x00, 0x03, 0x41, 0x00, 0x29, 0xBC, 0x40, 0x00, 0x02, 0x9C, 0x38, 0x6D, 0x01, 0x3B, 0x73, 0x01,
    0x40, 0x72, 0x31, 0x3B, 0x00, 0x01, 0x38, 0x00, 0x03, 0x40, 0x00, 0xA1, 0x29, 0xBC, 0x40, 0x7F,
    0x00, 0x9C, 0x3C, 0x6C, 0x01, 0x40, 0x6F, 0x01, 0x43, 0x6E, 0x0B, 0x3C, 0x00, 0x01, 0x40, 0x00,
    0x01, 0x43, 0x00, 0x2D, 0x3C, 0x6A, 0x01, 0x40, 0x6D, 0x01, 0x43, 0x6D, 0x0A, 0x3C, 0x00, 0x02,
    0x40, 0x00, 0x02, 0x43, 0x00, 0x2C, 0x3C, 0x6C, 0x01, 0x40, 0x6C, 0x01, 0x43, 0x6C, 0x0A, 0x40,
    0x00, 0x01, 0x3C, 0x00, 0x05, 0x43, 0x00, 0x2A, 0x3C, 0x6B, 0x01, 0x40, 0x6C, 0x01, 0x43, 0x6D,
    0x0B, 0x3C, 0x00, 0x01, 0x40, 0x00, 0x01, 0x43, 0x00, 0x2D, 0x3C, 0x6B, 0x01, 0x40, 0x6D, 0x01,
    0x43, 0x6D, 0x0B, 0x3C, 0x00, 0x02, 0x43, 0x00, 0x00, 0x40, 0x00, 0x2D, 0x3C, 0x6B, 0x01, 0x40,
    0x6E, 0x01, 0x43, 0x6D, 0x0B, 0x3C, 0x00, 0x01, 0x40, 0x00, 0x01, 0x43, 0x00, 0x2D, 0x3C, 0x6C,
    0x01, 0x40, 0x6E, 0x01, 0x43, 0x6C, 0x0A, 0x3C, 0x00, 0x02, 0x40, 0x00, 0x01, 0x43, 0x00, 0x2D,
    0x3C, 0x6C, 0x01, 0x40, 0x6E, 0x01, 0x43, 0x6D, 0x0D, 0x40, 0x00, 0x00, 0x3C, 0x00, 0x02, 0x43,
    0x00, 0x29, 0xBC, 0x40, 0x00, 0x02, 0x40, 0x7F, 0x00, 0x9C, 0x3C, 0x6D, 0x01, 0x3F, 0x6E, 0x01,
    0x43, 0x6F, 0x0C, 0x3C, 0x00, 0x01, 0x43, 0x00, 0x01, 0x3F, 0x00, 0x2C, 0x3C, 0x6C, 0x01, 0x3F,
    0x6E, 0x01, 0x43, 0x6F, 0x0A, 0x43, 0x00, 0x01, 0x3C, 0x00, 0x01, 0x3F, 0x00, 0x2E, 0x3C, 0x6C,
    0x01, 0x3F, 0x6D, 0x01, 0x43, 0x6E, 0x0B, 0x43, 0x00, 0x00, 0x3C, 0x00, 0x02, 0x3F, 0x00, 0x2D,
    0x3C, 0x6E, 0x01, 0x3F, 0x6E, 0x01, 0x43, 0x6F, 0x0A, 0x3F, 0x00, 0x00, 0x3C, 0x00, 0x02, 0x43,
    0x00, 0x2E, 0x3C, 0x6C, 0x01, 0x3F, 0x6D, 0x01, 0x43, 0x6E, 0x0A, 0x3C, 0x00, 0x02, 0x43, 0x00,
    0x01, 0x3F, 0x00, 0x2D, 0x3C, 0x6D, 0x01, 0x3F, 0x6D, 0x01, 0x43, 0x6D, 0x0A, 0x43, 0x00, 0x02,
    0x3C, 0x00, 0x01, 0x3F, 0x00, 0x2D, 0x3C, 0x6C, 0x01, 0x3F, 0x6D, 0x01, 0x43, 0x6D, 0x0B, 0x43,
    0x00, 0x00, 0x3C, 0x00, 0x02, 0x3F, 0x00, 0x2D, 0x3C, 0x6C, 0x01, 0x3F, 0x6C, 0x01, 0x43, 0x6D,
    0x0C, 0x3C, 0x00, 0x02, 0x3F, 0x00, 0x01, 0x43, 0x00, 0x29, 0xBC, 0x40, 0x00, 0x02, 0x40, 0x7F,
    0x00, 0x9C, 0x3B, 0x6E, 0x01, 0x3E, 0x6F, 0x01, 0x42, 0x6C, 0x0B, 0x3B, 0x00, 0x01, 0x3E, 0x00,
    0x04, 0x42, 0x00, 0x2A, 0x3B, 0x6C, 0x01, 0x3E, 0x6C, 0x01, 0x42, 0x67, 0x0A, 0x3E, 0x00, 0x03,
    0x3B, 0x00, 0x03, 0x42, 0x00, 0x2A, 0x3B, 0x6E, 0x01, 0x3E, 0x6F, 0x01, 0x42, 0x6B, 0x0C, 0x3B,
    0x00, 0x01, 0x3E, 0x00, 0x01, 0x42, 0x00, 0x2C, 0x3B, 0x6D, 0x01, 0x3E, 0x6F, 0x01, 0x42, 0x6B,
    0x0C, 0x3B, 0x00, 0x01, 0x42, 0x00, 0x00, 0x3E, 0x00, 0x2D, 0x3B, 0x6D, 0x01, 0x3E, 0x6F, 0x01,
    0x42, 0x6B, 0x0D, 0x3B, 0x00, 0x01, 0x42, 0x00, 0x00, 0x3E, 0x00, 0x2C, 0x3B, 0x6E, 0x01, 0x3E,
    0x71, 0x01, 0x42, 0x6B, 0x0B, 0x3B, 0x00, 0x02, 0x42, 0x00, 0x00, 0x3E, 0x00, 0x2D, 0x3B, 0x6C,
    0x01, 0x3E, 0x6F, 0x01, 0x42, 0x6C, 0x0C, 0x3B, 0x00, 0x03, 0x3E, 0x00, 0x01, 0x42, 0x00, 0x2A,
    0x3B, 0x6E, 0x01, 0x3E, 0x70, 0x01, 0x42, 0x6D, 0x0C, 0x3B, 0x00, 0x01, 0x3E, 0x00, 0x01, 0x42,
    0x00, 0x2A, 0xBC, 0x40, 0x00, 0x02, 0x9C, 0x38, 0x70, 0x00, 0xBC, 0x40, 0x7F, 0x01, 0x9C, 0x3B,
    0x6D, 0x01, 0x42, 0x70, 0x0F, 0x3B, 0x00, 0x02, 0x38, 0x00, 0x01, 0x42, 0x00, 0x28, 0x38, 0x6C,
    0x01, 0x3B, 0x6D, 0x01, 0x42, 0x6F, 0x0C, 0x3B, 0x00, 0x02, 0x42, 0x00, 0x02, 0x38, 0x00, 0x2A,
    0x38, 0x6D, 0x01, 0x3B, 0x6D, 0x01, 0x42, 0x6E, 0x0B, 0x3B, 0x00, 0x03, 0x42, 0x00, 0x01, 0x38,
    0x00, 0x2B, 0x38, 0x6F, 0x01, 0x3B, 0x6E, 0x01, 0x42, 0x6C, 0x0D, 0x3B, 0x00, 0x03, 0x42, 0x00,
    0x01, 0x38, 0x00, 0x29, 0x38, 0x6C, 0x01, 0x3B, 0x6C, 0x01, 0x40, 0x6D, 0x0F, 0x3B, 0x00, 0x01,
    0x38, 0x00, 0x01, 0x40, 0x00, 0x29, 0x38, 0x6B, 0x01, 0x3B, 0x6D, 0x01, 0x40, 0x70, 0x0C, 0x3B,
    0x00, 0x01, 0x40, 0x00, 0x01, 0x38, 0x00, 0x2C, 0x38, 0x6E, 0x01, 0x3B, 0x6E, 0x01, 0x40, 0x70,
    0x0D, 0x40, 0x00, 0x00, 0x3B, 0x00, 0x02, 0x38, 0x00, 0x2B, 0x38, 0x6E, 0x01, 0x3B, 0x6F, 0x01,
    0x40, 0x70, 0x0D, 0x38, 0x00, 0x01, 0x40, 0x00, 0x00, 0x3B, 0x00, 0x2A, 0xBC, 0x40, 0x00, 0x02,
    0x40, 0x7F, 0x00, 0x9C, 0x39, 0x6E, 0x01, 0x3C, 0x6F, 0x01, 0x40, 0x6F, 0x0D, 0x3C, 0x00, 0x01,
    0x39, 0x00, 0x02, 0x40, 0x00, 0x2A, 0x39, 0x6B, 0x01, 0x3C, 0x6E, 0x01, 0x40, 0x6E, 0x0C, 0x40,
    0x00, 0x00, 0x39, 0x00, 0x01, 0x3C, 0x00, 0x2D, 0x39, 0x6C, 0x01, 0x3C, 0x6B, 0x01, 0x40, 0x6E,
    0x0B, 0x3C, 0x00, 0x02, 0x39, 0x00, 0x01, 0x40, 0x00, 0x2C, 0x39, 0x6C, 0x01, 0x3C, 0x6D, 0x01,
    0x40, 0x6D, 0x0D, 0x3C, 0x00, 0x00, 0x39, 0x00, 0x01, 0x40, 0x00, 0x2C, 0x39, 0x6B, 0x01, 0x3C,
    0x6C, 0x01, 0x40, 0x6E, 0x0D, 0x39, 0x00, 0x02, 0x40, 0x00, 0x00, 0x3C, 0x00, 0x2B, 0x39, 0x6E,
    0x01, 0x3C, 0x6F, 0x01, 0x40, 0x6F, 0x0D, 0x3C, 0x00, 0x01, 0x40, 0x00, 0x00, 0x39, 0x00, 0x2C,
    0x39, 0x6D, 0x01, 0x3C, 0x6F, 0x01, 0x40, 0x6E, 0x0C, 0x39, 0x00, 0x01, 0x40, 0x00, 0x00, 0x3C,
    0x00, 0x2D, 0x39, 0x6D, 0x01, 0x3C, 0x70, 0x01, 0x40, 0x6E, 0x0D, 0x39, 0x00, 0x01, 0x3C, 0x00,
    0x01, 0x40, 0x00, 0x29, 0xBC, 0x40, 0x00, 0x02, 0x9C, 0x39, 0x6E, 0x00, 0xBC, 0x40, 0x7F, 0x01,
    0x9C, 0x3D, 0x6D, 0x01, 0x40, 0x6F, 0x0D, 0x3D, 0x00, 0x00, 0x39, 0x00, 0x01, 0x40, 0x00, 0x2C,
    0x39, 0x6D, 0x01, 0x3D, 0x6C, 0x01, 0x40, 0x6E, 0x0B, 0x40, 0x00, 0x00, 0x3D, 0x00, 0x01, 0x39,
    0x00, 0x2E, 0x39, 0x6D, 0x01, 0x3D, 0x6D, 0x01, 0x40, 0x6F, 0x0C, 0x40, 0x00, 0x00, 0x3D, 0x00,
    0x00, 0x39, 0x00, 0x2E, 0x39, 0x6D, 0x01, 0x3D, 0x6D, 0x01, 0x40, 0x6E, 0x0B, 0x40, 0x00, 0x00,
    0x3D, 0x00, 0x00, 0x39, 0x00, 0x2F, 0x39, 0x6D, 0x01, 0x3D, 0x6E, 0x01, 0x40, 0x70, 0x0A, 0x3D,
    0x00, 0x00, 0x39, 0x00, 0x02, 0x40, 0x00, 0x2E, 0x39, 0x6C, 0x01, 0x3D, 0x6D, 0x01, 0x40, 0x6D,
    0x09, 0x40, 0x00, 0x01, 0x39, 0x00, 0x02, 0x3D, 0x00, 0x2E, 0x39, 0x6C, 0x01, 0x3D, 0x6D, 0x01,
    0x40, 0x6F, 0x0B, 0x39, 0x00, 0x01, 0x40, 0x00, 0x01, 0x3D, 0x00, 0x2D, 0x39, 0x6E, 0x01, 0x3D,
    0x6F, 0x01, 0x40, 0x70, 0x0A, 0x39, 0x00, 0x01, 0x3D, 0x00, 0x02, 0x40, 0x00, 0x2B, 0xBC, 0x40,
    0x00, 0x02, 0x40, 0x7F, 0x00, 0x9C, 0x39, 0x6F, 0x01, 0x3C, 0x70, 0x01, 0x40, 0x70, 0x0D, 0x3C,
    0x00, 0x01, 0x40, 0x00, 0x00, 0x39, 0x00, 0x4A, 0x39, 0x70, 0x01, 0x3C, 0x71, 0x01, 0x40, 0x6F,
    0x0C, 0x39, 0x00, 0x01, 0x40, 0x00, 0x00, 0x3C, 0x00, 0x4B, 0x39, 0x70, 0x01, 0x3C, 0x70, 0x01,
    0x40, 0x6F, 0x0C, 0x3C, 0x00, 0x00, 0x39, 0x00, 0x03, 0x40, 0x00, 0x2B, 0x39, 0x6F, 0x01, 0x3C,
    0x6F, 0x01, 0x40, 0x70, 0x0B, 0x3C, 0x00, 0x01, 0x39, 0x00, 0x02, 0x40, 0x00, 0x4A, 0x39, 0x70,
    0x01, 0x3C, 0x71, 0x01, 0x40, 0x70, 0x0B, 0x39, 0x00, 0x01, 0x3C, 0x00, 0x02, 0x40, 0x00, 0x4A,
    0x39, 0x71, 0x01, 0x3C, 0x71, 0x01, 0x40, 0x70, 0x0B, 0x3C, 0x00, 0x01, 0x39, 0x00, 0x02, 0x40,
    0x00, 0x2A, 0xBC, 0x40, 0x00, 0x02, 0x9C, 0x39, 0x70, 0x00, 0xBC, 0x40, 0x7F, 0x01, 0x9C, 0x3E,
    0x70, 0x01, 0x43, 0x6F, 0x0F, 0x39, 0x00, 0x02, 0x3E, 0x00, 0x03, 0x43, 0x00, 0x62, 0x39, 0x70,
    0x01, 0x3E, 0x6E, 0x01, 0x43, 0x6F, 0x0B, 0x39, 0x00, 0x01, 0x3E, 0x00, 0x06, 0x43, 0x00, 0x64,
    0x39, 0x70, 0x01, 0x3E, 0x70, 0x01, 0x42, 0x6F, 0x0C, 0x39, 0x00, 0x02, 0x3E, 0x00, 0x01, 0x42,
    0x00, 0x81, 0x5D, 0xBC, 0x40, 0x00, 0x02, 0x9C, 0x3E, 0x6B, 0x00, 0xBC, 0x40, 0x7F, 0x01, 0x9C,
    0x42, 0x6B, 0x01, 0x47, 0x6B, 0x07, 0x42, 0x00, 0x03, 0x47, 0x00, 0x00, 0x3E, 0x00, 0x12, 0x3E,
    0x6B, 0x01, 0x42, 0x68, 0x01, 0x47, 0x6E, 0x07, 0x42, 0x00, 0x04, 0x47, 0x00, 0x01, 0x3E, 0x00,
    0x10, 0x3E, 0x6C, 0x01, 0x42, 0x6B, 0x01, 0x47, 0x6F, 0x09, 0x47, 0x00, 0x00, 0x42, 0x00, 0x00,
    0x3E, 0x00, 0x13, 0x3E, 0x6C, 0x01, 0x42, 0x6A, 0x01, 0x47, 0x6F, 0x09, 0x42, 0x00, 0x01, 0x3E,
    0x00, 0x01, 0x47, 0x00, 0x6B, 0x3E, 0x6C, 0x01, 0x42, 0x6D, 0x01, 0x47, 0x6E, 0x0A, 0x3E, 0x00,
    0x01, 0x42, 0x00, 0x04, 0x47, 0x00, 0x2B, 0x3E, 0x6D, 0x01, 0x42, 0x6E, 0x01, 0x47, 0x6F, 0x08,
    0x42, 0x00, 0x02, 0x3E, 0x00, 0x02, 0x47, 0x00, 0x6A, 0x3E, 0x6F, 0x01, 0x42, 0x6E, 0x01, 0x47,
    0x6D, 0x08, 0x42, 0x00, 0x00, 0x3E, 0x00, 0x02, 0x47, 0x00, 0x12, 0x3E, 0x6C, 0x01, 0x42, 0x6B,
    0x01, 0x47, 0x6F, 0x0B, 0x3E, 0x00, 0x01, 0x42, 0x00, 0x02, 0x47, 0x00, 0x2A, 0xBC, 0x40, 0x00,
    0x02, 0x9C, 0x3E, 0x6E, 0x00, 0xBC, 0x40, 0x7F, 0x01, 0x9C, 0x42, 0x6E, 0x01, 0x47, 0x6D, 0x08,
    0x47, 0x00, 0x00, 0x42, 0x00, 0x00, 0x3E, 0x00, 0x14, 0x3E, 0x55, 0x01, 0x42, 0x5E, 0x01, 0x47,
    0x6B, 0x06, 0x3E, 0x00, 0x02, 0x42, 0x00, 0x02, 0x47, 0x00, 0x12, 0x3E, 0x69, 0x01, 0x42, 0x64,
    0x01, 0x47, 0x6C, 0x09, 0x47, 0x00, 0x00, 0x42, 0x00, 0x02, 0x3E, 0x00, 0x11, 0x3E, 0x6D, 0x01,
    0x42, 0x6B, 0x01, 0x47, 0x6F, 0x08, 0x42, 0x00, 0x03, 0x47, 0x00, 0x01, 0x3E, 0x00, 0x6A, 0x3E,
    0x6E, 0x01, 0x42, 0x6E, 0x01, 0x47, 0x6E, 0x0B, 0x42, 0x00, 0x00, 0x3E, 0x00, 0x02, 0x47, 0x00,
    0x2D, 0x3E, 0x6E, 0x01, 0x42, 0x6E, 0x01, 0x47, 0x6E, 0x0C, 0x47, 0x00, 0x00, 0x42, 0x00, 0x00,
    0x3E, 0x00, 0x6A, 0x3E, 0x6D, 0x01, 0x42, 0x6E, 0x01, 0x47, 0x6C, 0x08, 0x47, 0x00, 0x00, 0x42,
    0x00, 0x00, 0x3E, 0x00, 0x14, 0x3E, 0x6D, 0x01, 0x42, 0x6B, 0x01, 0x47, 0x6F, 0x11, 0x3E, 0x00,
    0x01, 0x47, 0x00, 0x00, 0x42, 0x00, 0x26, 0xBC, 0x40, 0x00, 0x02, 0x9C, 0x40, 0x6D, 0x00, 0xBC,
    0x40, 0x7F, 0x01, 0x9C, 0x43, 0x6F, 0x01, 0x47, 0x6D, 0x08, 0x40, 0x00, 0x01, 0x47, 0x00, 0x00,
    0x43, 0x00, 0x13, 0x40, 0x6C, 0x01, 0x43, 0x6C, 0x01, 0x47, 0x6D, 0x08, 0x43, 0x00, 0x04, 0x40,
    0x00, 0x01, 0x47, 0x00, 0x0F, 0x40, 0x69, 0x01, 0x43, 0x6A, 0x01, 0x47, 0x6A, 0x08, 0x43, 0x00,
    0x01, 0x40, 0x00, 0x01, 0x47, 0x00, 0x12, 0x40, 0x6D, 0x01, 0x43, 0x6F, 0x01, 0x47, 0x6F, 0x08,
    0x43, 0x00, 0x03, 0x47, 0x00, 0x00, 0x40, 0x00, 0x6B, 0x40, 0x6F, 0x01, 0x43, 0x6F, 0x01, 0x47,
    0x6C, 0x0A, 0x43, 0x00, 0x00, 0x40, 0x00, 0x04, 0x47, 0x00, 0x2C, 0x40, 0x6F, 0x01, 0x43, 0x71,
    0x01, 0x47, 0x6C, 0x0A, 0x43, 0x00, 0x01, 0x40, 0x00, 0x01, 0x47, 0x00, 0x6A, 0x40, 0x6D, 0x01,
    0x43, 0x6F, 0x01, 0x47, 0x6B, 0x07, 0x43, 0x00, 0x01, 0x47, 0x00, 0x00, 0x40, 0x00, 0x14, 0x40,
    0x6F, 0x01, 0x43, 0x6F, 0x01, 0x47, 0x6F, 0x0C, 0x43, 0x00, 0x01, 0x40, 0x00, 0x03, 0x47, 0x00,
    0x28, 0xBC, 0x40, 0x00, 0x02, 0x40, 0x7F, 0x00, 0x9C, 0x3C, 0x6E, 0x01, 0x40, 0x6F, 0x01, 0x45,
    0x6B, 0x09, 0x40, 0x00, 0x01, 0x3C, 0x00, 0x02, 0x45, 0x00, 0x10, 0x3C, 0x6B, 0x01, 0x40, 0x6E,
    0x01, 0x45, 0x6D, 0x0A, 0x45, 0x00, 0x00, 0x40, 0x00, 0x00, 0x3C, 0x00, 0x12, 0x3C, 0x6C, 0x01,
    0x40, 0x70, 0x01, 0x45, 0x6F, 0x08, 0x3C, 0x00, 0x01, 0x45, 0x00, 0x00, 0x40, 0x00, 0x13, 0x3C,
    0x70, 0x01, 0x40, 0x70, 0x01, 0x45, 0x6F, 0x08, 0x40, 0x00, 0x03, 0x3C, 0x00, 0x04, 0x45, 0x00,
    0x65, 0xBC, 0x40, 0x00, 0x02, 0x9C, 0x3E, 0x6B, 0x00, 0xBC, 0x40, 0x7F, 0x01, 0x9C, 0x42, 0x6C,
    0x01, 0x45, 0x6E, 0x0D, 0x3E, 0x00, 0x01, 0x42, 0x00, 0x01, 0x45, 0x00, 0x2B, 0x3E, 0x6F, 0x01,
    0x42, 0x6F, 0x01, 0x45, 0x6F, 0x0A, 0x45, 0x00, 0x00, 0x42, 0x00, 0x00, 0x3E, 0x00, 0x6C, 0x3E,
    0x6D, 0x01, 0x42, 0x6E, 0x01, 0x45, 0x6D, 0x08, 0x42, 0x00, 0x01, 0x3E, 0x00, 0x01, 0x45, 0x00,
    0x12, 0x3E, 0x6D, 0x01, 0x42, 0x6C, 0x01, 0x45, 0x6F, 0x0A, 0x42, 0x00, 0x03, 0x3E, 0x00, 0x02,
    0x45, 0x00, 0x29, 0xBC, 0x40, 0x00, 0x02, 0x40, 0x7F, 0x00, 0x9C, 0x3E, 0x6E, 0x01, 0x42, 0x6E,
    0x01, 0x47, 0x6E, 0x0A, 0x42, 0x00, 0x01, 0x47, 0x00, 0x00, 0x3E, 0x00, 0x11, 0x3E, 0x6B, 0x01,
    0x42, 0x68, 0x01, 0x47, 0x6C, 0x0B, 0x42, 0x00, 0x01, 0x47, 0x00, 0x00, 0x3E, 0x00, 0x10, 0x3E,
    0x6B, 0x01, 0x42, 0x65, 0x01, 0x47, 0x6E, 0x0A, 0x42, 0x00, 0x00, 0x3E, 0x00, 0x04, 0x47, 0x00,
    0x0E, 0x3E, 0x6D, 0x01, 0x42, 0x6A, 0x01, 0x47, 0x6F, 0x08, 0x42, 0x00, 0x02, 0x3E, 0x00, 0x01,
    0x47, 0x00, 0x6B, 0x3E, 0x6F, 0x01, 0x42, 0x6C, 0x01, 0x47, 0x6C, 0x09, 0x42, 0x00, 0x02, 0x47,
    0x00, 0x01, 0x3E, 0x00, 0x2E, 0x3E, 0x6E, 0x01, 0x42, 0x6E, 0x01, 0x47, 0x6F, 0x09, 0x42, 0x00,
    0x01, 0x3E, 0x00, 0x02, 0x47, 0x00, 0x6A, 0x3E, 0x6F, 0x01, 0x42, 0x6D, 0x01, 0x47, 0x6D, 0x09,
    0x42, 0x00, 0x01, 0x3E, 0x00, 0x01, 0x47, 0x00, 0x4B, 0xBC, 0x40, 0x00, 0x02, 0x40, 0x7F, 0x00,
    0x9C, 0x40, 0x6E, 0x01, 0x43, 0x6F, 0x01, 0x47, 0x6D, 0x09, 0x43, 0x00, 0x02, 0x47, 0x00, 0x00,
    0x40, 0x00, 0x11, 0x40, 0x6B, 0x01, 0x43, 0x6B, 0x01, 0x47, 0x6E, 0x08, 0x43, 0x00, 0x02, 0x40,
    0x00, 0x03, 0x47, 0x00, 0x0F, 0x40, 0x6A, 0x01, 0x43, 0x6A, 0x01, 0x47, 0x6A, 0x09, 0x43, 0x00,
    0x01, 0x40, 0x00, 0x01, 0x47, 0x00, 0x11, 0x40, 0x6D, 0x01, 0x43, 0x6E, 0x01, 0x47, 0x6F, 0x08,
    0x43, 0x00, 0x02, 0x40, 0x00, 0x02, 0x47, 0x00, 0x6A, 0x40, 0x6C, 0x01, 0x43, 0x6E, 0x01, 0x47,
    0x6C, 0x0A, 0x43, 0x00, 0x00, 0x40, 0x00, 0x03, 0x47, 0x00, 0x2D, 0x40, 0x71, 0x01, 0x43, 0x72,
    0x01, 0x47, 0x6E, 0x08, 0x43, 0x00, 0x02, 0x40, 0x00, 0x02, 0x47, 0x00, 0x6A, 0x40, 0x6F, 0x01,
    0x43, 0x71, 0x01, 0x47, 0x6E, 0x0A, 0x43, 0x00, 0x00, 0x40, 0x00, 0x02, 0x47, 0x00, 0x4A, 0xBC,
    0x40, 0x00, 0x02, 0x40, 0x7F, 0x00, 0x9C, 0x3E, 0x6E, 0x01, 0x42, 0x6E, 0x01, 0x47, 0x6E, 0x0A,
    0x42, 0x00, 0x01, 0x47, 0x00, 0x00, 0x3E, 0x00, 0x11, 0x3E, 0x6B, 0x01, 0x42, 0x68, 0x01, 0x47,
    0x6C, 0x0B, 0x42, 0x00, 0x01, 0x47, 0x00, 0x00, 0x3E, 0x00, 0x10, 0x3E, 0x6B, 0x01, 0x42, 0x65,
    0x01, 0x47, 0x6E, 0x0A, 0x42, 0x00, 0x00, 0x3E, 0x00, 0x04, 0x47, 0x00, 0x0E, 0x3E, 0x6D, 0x01,
    0x42, 0x6A, 0x01, 0x47, 0x6F, 0x08, 0x42, 0x00, 0x02, 0x3E, 0x00, 0x01, 0x47, 0x00, 0x6B, 0x3E,
    0x6F, 0x01, 0x42, 0x6C, 0x01, 0x47, 0x6C, 0x09, 0x42, 0x00, 0x02, 0x47, 0x00, 0x01, 0x3E, 0x00,
    0x2E, 0x3E, 0x6E, 0x01, 0x42, 0x6E, 0x01, 0x47, 0x6F, 0x09, 0x42, 0x00, 0x01, 0x3E, 0x00, 0x02,
    0x47, 0x00, 0x6A, 0x3E, 0x6F, 0x01, 0x42, 0x6D, 0x01, 0x47, 0x6D, 0x09, 0x42, 0x00, 0x01, 0x3E,
    0x00, 0x01, 0x47, 0x00, 0x4B, 0xBC, 0x40, 0x00, 0x02, 0x40, 0x7F, 0x00, 0x9C, 0x40, 0x6E, 0x01,
    0x43, 0x6F, 0x01, 0x47, 0x6D, 0x09, 0x43, 0x00, 0x02, 0x47, 0x00, 0x00, 0x40, 0x00, 0x11, 0x40,
    0x6B, 0x01, 0x43, 0x6B, 0x01, 0x47, 0x6E, 0x08, 0x43, 0x00, 0x02, 0x40, 0x00, 0x03, 0x47, 0x00,
    0x0F, 0x40, 0x6A, 0x01, 0x43, 0x6A, 0x01, 0x47, 0x6A, 0x09, 0x43, 0x00, 0x01, 0x40, 0x00, 0x01,
    0x47, 0x00, 0x11, 0x40, 0x6D, 0x01, 0x43, 0x6E, 0x01, 0x47, 0x6F, 0x08, 0x43, 0x00, 0x02, 0x40,
    0x00, 0x02, 0x47, 0x00, 0x6A, 0x40, 0x6C, 0x01, 0x43, 0x6E, 0x01, 0x47, 0x6C, 0x0A, 0x43, 0x00,
    0x00, 0x40, 0x00, 0x03, 0x47, 0x00, 0x2D, 0x40, 0x71, 0x01, 0x43, 0x72, 0x01, 0x47, 0x6E, 0x08,
    0x43, 0x00, 0x02, 0x40, 0x00, 0x02, 0x47, 0x00, 0x6A, 0x40, 0x6F, 0x01, 0x43, 0x71, 0x01, 0x47,
    0x6E, 0x0A, 0x43, 0x00, 0x00, 0x40, 0x00, 0x02, 0x47, 0x00, 0x4A, 0xBC, 0x40, 0x00, 0x02, 0x40,
    0x7F, 0x00, 0x9C, 0x3E, 0x6E, 0x01, 0x42, 0x6E, 0x01, 0x47, 0x6E, 0x0A, 0x42, 0x00, 0x01, 0x47,
    0x00, 0x00, 0x3E, 0x00, 0x11, 0x3E, 0x6B, 0x01, 0x42, 0x68, 0x01, 0x47, 0x6C, 0x0B, 0x42, 0x00,
    0x01, 0x47, 0x00, 0x00, 0x3E, 0x00, 0x10, 0x3E, 0x6B, 0x01, 0x42, 0x65, 0x01, 0x47, 0x6E, 0x0A,
    0x42, 0x00, 0x00, 0x3E, 0x00, 0x04, 0x47, 0x00, 0x0E, 0x3E, 0x6D, 0x01, 0x42, 0x6A, 0x01, 0x47,
    0x6F, 0x08, 0x42, 0x00, 0x02, 0x3E, 0x00, 0x01, 0x47, 0x00, 0x6B, 0x3E, 0x6F, 0x01, 0x42, 0x6C,
    0x01, 0x47, 0x6C, 0x09, 0x42, 0x00, 0x02, 0x47, 0x00, 0x01, 0x3E, 0x00, 0x2E, 0x3E, 0x6E, 0x01,
    0x42, 0x6E, 0x01, 0x47, 0x6F, 0x09, 0x42, 0x00, 0x01, 0x3E, 0x00, 0x02, 0x47, 0x00, 0x6A, 0x3E,
    0x6F, 0x01, 0x42, 0x6D, 0x01, 0x47, 0x6D, 0x09, 0x42, 0x00, 0x01, 0x3E, 0x00, 0x01, 0x47, 0x00,
    0x4B, 0xBC, 0x40, 0x00, 0x02, 0x40, 0x7F, 0x00, 0x9C, 0x3B, 0x6E, 0x01, 0x40, 0x6E, 0x01, 0x45,
    0x6C, 0x0A, 0x40, 0x00, 0x01, 0x3B, 0x00, 0x06, 0x45, 0x00, 0x47, 0x3B, 0x6F, 0x01, 0x40, 0x6F,
    0x01, 0x45, 0x6E, 0x0E, 0x3B, 0x00, 0x03, 0x40, 0x00, 0x05, 0x45, 0x00, 0x42, 0x3B, 0x6C, 0x01,
    0x40, 0x6F, 0x01, 0x45, 0x6E, 0x0B, 0x3B, 0x00, 0x01, 0x40, 0x00, 0x07, 0x45, 0x00, 0x27, 0x3B,
    0x6C, 0x01, 0x41, 0x6A, 0x1C, 0x41, 0x00, 0x03, 0x3B, 0x00, 0x3A, 0x3B, 0x6D, 0x01, 0x40, 0x6E,
    0x14, 0x40, 0x00, 0x01, 0x3B, 0x00, 0x44, 0x3B, 0x71, 0x10, 0x3B, 0x00, 0x2A, 0xBC, 0x40, 0x00,
    0x02, 0x9C, 0x3C, 0x6D, 0x00, 0xBC, 0x40, 0x7F, 0x01, 0x9C, 0x40, 0x70, 0x01, 0x45, 0x6F, 0x07,
    0x40, 0x00, 0x01, 0x3C, 0x00, 0x05, 0x45, 0x00, 0x0F, 0x3C, 0x6B, 0x01, 0x40, 0x6E, 0x01, 0x45,
    0x6F, 0x09, 0x40, 0x00, 0x01, 0x3C, 0x00, 0x01, 0x45, 0x00, 0x11, 0x3C, 0x6A, 0x01, 0x40, 0x6D,
    0x01, 0x45, 0x6C, 0x09, 0x40, 0x00, 0x00, 0x3C, 0x00, 0x02, 0x45, 0x00, 0x11, 0x3C, 0x70, 0x01,
    0x40, 0x70, 0x01, 0x45, 0x70, 0x06, 0x40, 0x00, 0x04, 0x3C, 0x00, 0x05, 0x45, 0x00, 0x81, 0x05,
    0x3C, 0x6D, 0x01, 0x40, 0x71, 0x01, 0x45, 0x6E, 0x09, 0x3C, 0x00, 0x02, 0x40, 0x00, 0x03, 0x45,
    0x00, 0x68, 0x3C, 0x70, 0x01, 0x40, 0x72, 0x01, 0x45, 0x6F, 0x0A, 0x40, 0x00, 0x01, 0x3C, 0x00,
    0x05, 0x45, 0x00, 0x64, 0xBC, 0x40, 0x00, 0x02, 0x40, 0x7F, 0x00, 0x9C, 0x39, 0x73, 0x01, 0x3E,
    0x73, 0x01, 0x45, 0x71, 0x0C, 0x39, 0x00, 0x02, 0x3E, 0x00, 0x03, 0x45, 0x00, 0x83, 0x4B, 0xBC,
    0x40, 0x00, 0x02, 0x40, 0x7F, 0x00, 0x9C, 0x3C, 0x6D, 0x01, 0x40, 0x6D, 0x01, 0x43, 0x6E, 0x0D,
    0x3C, 0x00, 0x01, 0x40, 0x00, 0x02, 0x43, 0x00, 0x2A, 0x3C, 0x6B, 0x01, 0x40, 0x6D, 0x01, 0x43,
    0x6D, 0x09, 0x3C, 0x00, 0x01, 0x40, 0x00, 0x01, 0x43, 0x00, 0x11, 0x3C, 0x6B, 0x01, 0x40, 0x6C,
    0x01, 0x43, 0x6E, 0x09, 0x3C, 0x00, 0x02, 0x40, 0x00, 0x01, 0x43, 0x00, 0x10, 0x3C, 0x6D, 0x01,
    0x40, 0x6F, 0x01, 0x43, 0x6F, 0x0C, 0x3C, 0x00, 0x02, 0x40, 0x00, 0x01, 0x43, 0x00, 0x2B, 0x3C,
    0x6E, 0x01, 0x40, 0x70, 0x01, 0x43, 0x6E, 0x0A, 0x3C, 0x00, 0x01, 0x43, 0x00, 0x00, 0x40, 0x00,
    0x2F, 0x3C, 0x6E, 0x01, 0x40, 0x70, 0x01, 0x43, 0x6D, 0x0A, 0x43, 0x00, 0x00, 0x3C, 0x00, 0x01,
    0x40, 0x00, 0x2F, 0x3C, 0x6E, 0x01, 0x40, 0x70, 0x01, 0x43, 0x6D, 0x09, 0x43, 0x00, 0x02, 0x40,
    0x00, 0x00, 0x3C, 0x00, 0x2F, 0x3C, 0x6E, 0x01, 0x40, 0x6E, 0x01, 0x43, 0x6E, 0x0B, 0x40, 0x00,
    0x00, 0x3C, 0x00, 0x03, 0x43, 0x00, 0x2C, 0x3C, 0x6E, 0x01, 0x40, 0x70, 0x01, 0x43, 0x6E, 0x0E,
    0x43, 0x00, 0x00, 0x40, 0x00, 0x00, 0x3C, 0x00, 0x2A, 0xBC, 0x40, 0x00, 0x02, 0x40, 0x7F, 0x00,
    0x9C, 0x3B, 0x6E, 0x01, 0x3E, 0x6E, 0x01, 0x43, 0x6E, 0x0B, 0x3E, 0x00, 0x02, 0x3B, 0x00, 0x01,
    0x43, 0x00, 0x2C, 0x3B, 0x6D, 0x01, 0x3E, 0x6E, 0x01, 0x43, 0x6B, 0x09, 0x43, 0x00, 0x00, 0x3E,
    0x00, 0x02, 0x3B, 0x00, 0x11, 0x3B, 0x6C, 0x01, 0x3E, 0x6C, 0x01, 0x43, 0x6D, 0x09, 0x3E, 0x00,
    0x01, 0x3B, 0x00, 0x01, 0x43, 0x00, 0x11, 0x3B, 0x6D, 0x01, 0x3E, 0x6E, 0x01, 0x43, 0x70, 0x0A,
    0x3E, 0x00, 0x02, 0x3B, 0x00, 0x03, 0x43, 0x00, 0x2B, 0x3B, 0x6D, 0x01, 0x3E, 0x6F, 0x01, 0x43,
    0x6D, 0x0C, 0x43, 0x00, 0x01, 0x3B, 0x00, 0x01, 0x3E, 0x00, 0x2C, 0x3B, 0x6D, 0x01, 0x3E, 0x70,
    0x01, 0x43, 0x6D, 0x0B, 0x3B, 0x00, 0x01, 0x3E, 0x00, 0x02, 0x43, 0x00, 0x2C, 0x3B, 0x6C, 0x01,
    0x3E, 0x70, 0x01, 0x43, 0x6D, 0x0B, 0x3B, 0x00, 0x01, 0x3E, 0x00, 0x01, 0x43, 0x00, 0x2D, 0x3B,
    0x6D, 0x01, 0x3E, 0x70, 0x01, 0x43, 0x6E, 0x0B, 0x3B, 0x00, 0x02, 0x3E, 0x00, 0x01, 0x43, 0x00,
    0x2C, 0x3B, 0x6E, 0x01, 0x3E, 0x6D, 0x01, 0x43, 0x6E, 0x0B, 0x3E, 0x00, 0x00, 0x3B, 0x00, 0x05,
    0x43, 0x00, 0x28, 0xBC, 0x40, 0x00, 0x02, 0x40, 0x7F, 0x00, 0x9C, 0x3B, 0x6D, 0x01, 0x40, 0x6F,
    0x01, 0x43, 0x6E, 0x0B, 0x3B, 0x00, 0x02, 0x40, 0x00, 0x02, 0x43, 0x00, 0x2B, 0x3B, 0x6B, 0x01,
    0x40, 0x6E, 0x01, 0x43, 0x6C, 0x0A, 0x43, 0x00, 0x00, 0x40, 0x00, 0x00, 0x3B, 0x00, 0x12, 0x3B,
    0x65, 0x01, 0x40, 0x6D, 0x01, 0x43, 0x6E, 0x08, 0x3B, 0x00, 0x02, 0x40, 0x00, 0x02, 0x43, 0x00,
    0x10, 0x3B, 0x6C, 0x01, 0x40, 0x6E, 0x01, 0x43, 0x6F, 0x09, 0x40, 0x00, 0x02, 0x3B, 0x00, 0x02,
    0x43, 0x00, 0x2D, 0x3B, 0x6E, 0x01, 0x40, 0x70, 0x01, 0x43, 0x6E, 0x09, 0x3B, 0x00, 0x02, 0x40,
    0x00, 0x02, 0x43, 0x00, 0x2D, 0x3B, 0x6C, 0x01, 0x40, 0x6E, 0x01, 0x43, 0x6E, 0x0A, 0x3B, 0x00,
    0x02, 0x40, 0x00, 0x02, 0x43, 0x00, 0x2C, 0x3B, 0x6D, 0x01, 0x40, 0x70, 0x01, 0x43, 0x6E, 0x0A,
    0x3B, 0x00, 0x01, 0x40, 0x00, 0x02, 0x43, 0x00, 0x2D, 0x3B, 0x6C, 0x01, 0x40, 0x6D, 0x01, 0x43,
    0x6F, 0x0A, 0x3B, 0x00, 0x02, 0x40, 0x00, 0x03, 0x43, 0x00, 0x2B, 0x3B, 0x6D, 0x01, 0x40, 0x6E,
    0x01, 0x43, 0x6E, 0x0C, 0x3B, 0x00, 0x02, 0x40, 0x00, 0x01, 0x43, 0x00, 0x29, 0xBC, 0x40, 0x00,
    0x02, 0x40, 0x7F, 0x00, 0x9C, 0x3B, 0x70, 0x01, 0x3E, 0x71, 0x01, 0x42, 0x6F, 0x0B, 0x3B, 0x00,
    0x01, 0x42, 0x00, 0x01, 0x3E, 0x00, 0x2D, 0x3B, 0x6D, 0x01, 0x3E, 0x6F, 0x01, 0x42, 0x6E, 0x07,
    0x3B, 0x00, 0x01, 0x3E, 0x00, 0x01, 0x42, 0x00, 0x13, 0x3B, 0x6B, 0x01, 0x3E, 0x6E, 0x01, 0x42,
    0x6A, 0x08, 0x3B, 0x00, 0x02, 0x42, 0x00, 0x01, 0x3E, 0x00, 0x11, 0x3B, 0x6C, 0x01, 0x3E, 0x6F,
    0x01, 0x42, 0x6C, 0x0A, 0x3B, 0x00, 0x01, 0x3E, 0x00, 0x02, 0x42, 0x00, 0x2D, 0x3B, 0x6D, 0x01,
    0x3E, 0x70, 0x01, 0x42, 0x6E, 0x0A, 0x3B, 0x00, 0x01, 0x3E, 0x00, 0x02, 0x42, 0x00, 0x2D, 0x3B,
    0x6D, 0x01, 0x3E, 0x70, 0x01, 0x42, 0x6E, 0x09, 0x3B, 0x00, 0x02, 0x3E, 0x00, 0x02, 0x42, 0x00,
    0x2D, 0x3B, 0x6E, 0x01, 0x3E, 0x6F, 0x01, 0x42, 0x6E, 0x09, 0x3E, 0x00, 0x00, 0x3B, 0x00, 0x03,
    0x42, 0x00, 0x2E, 0x3B, 0x70, 0x01, 0x3E, 0x70, 0x01, 0x42, 0x6E, 0x09, 0x3E, 0x00, 0x00, 0x3B,
    0x00, 0x01, 0x42, 0x00, 0x30, 0x3B, 0x70, 0x01, 0x3E, 0x70, 0x01, 0x42, 0x6E, 0x0A, 0x3E, 0x00,
    0x02, 0x3B, 0x00, 0x01, 0x42, 0x00, 0x2B, 0xBC, 0x40, 0x00, 0x02, 0x9C, 0x3C, 0x6D, 0x00, 0xBC,
    0x40, 0x7F, 0x01, 0x9C, 0x40, 0x6D, 0x01, 0x43, 0x6E, 0x0D, 0x3C, 0x00, 0x01, 0x40, 0x00, 0x02,
    0x43, 0x00, 0x2A, 0x3C, 0x6B, 0x01, 0x40, 0x6D, 0x01, 0x43, 0x6D, 0x09, 0x3C, 0x00, 0x01, 0x40,
    0x00, 0x01, 0x43, 0x00, 0x11, 0x3C, 0x6B, 0x01, 0x40, 0x6C, 0x01, 0x43, 0x6E, 0x09, 0x3C, 0x00,
    0x02, 0x40, 0x00, 0x01, 0x43, 0x00, 0x10, 0x3C, 0x6D, 0x01, 0x40, 0x6F, 0x01, 0x43, 0x6F, 0x0C,
    0x3C, 0x00, 0x02, 0x40, 0x00, 0x01, 0x43, 0x00, 0x2B, 0x3C, 0x6E, 0x01, 0x40, 0x70, 0x01, 0x43,
    0x6E, 0x0A, 0x3C, 0x00, 0x01, 0x43, 0x00, 0x00, 0x40, 0x00, 0x2F, 0x3C, 0x6E, 0x01, 0x40, 0x70,
    0x01, 0x43, 0x6D, 0x0A, 0x43, 0x00, 0x00, 0x3C, 0x00, 0x01, 0x40, 0x00, 0x2F, 0x3C, 0x6E, 0x01,
    0x40, 0x70, 0x01, 0x43, 0x6D, 0x09, 0x43, 0x00, 0x02, 0x40, 0x00, 0x00, 0x3C, 0x00, 0x2F, 0x3C,
    0x6E, 0x01, 0x40, 0x6E, 0x01, 0x43, 0x6E, 0x0B, 0x40, 0x00, 0x00, 0x3C, 0x00, 0x03, 0x43, 0x00,
    0x2C, 0x3C, 0x6E, 0x01, 0x40, 0x70, 0x01, 0x43, 0x6E, 0x0E, 0x43, 0x00, 0x00, 0x40, 0x00, 0x00,
    0x3C, 0x00, 0x2A, 0xBC, 0x40, 0x00, 0x02, 0x40, 0x7F, 0x00, 0x9C, 0x3B, 0x6E, 0x01, 0x3E, 0x6E,
    0x01, 0x43, 0x6E, 0x0B, 0x3E, 0x00, 0x02, 0x3B, 0x00, 0x01, 0x43, 0x00, 0x2C, 0x3B, 0x6D, 0x01,
    0x3E, 0x6E, 0x01, 0x43, 0x6B, 0x09, 0x43, 0x00, 0x00, 0x3E, 0x00, 0x02, 0x3B, 0x00, 0x11, 0x3B,
    0x6C, 0x01, 0x3E, 0x6C, 0x01, 0x43, 0x6D, 0x09, 0x3E, 0x00, 0x01, 0x3B, 0x00, 0x01, 0x43, 0x00,
    0x11, 0x3B, 0x6D, 0x01, 0x3E, 0x6E, 0x01, 0x43, 0x70, 0x0A, 0x3E, 0x00, 0x02, 0x3B, 0x00, 0x03,
    0x43, 0x00, 0x2B, 0x3B, 0x6D, 0x01, 0x3E, 0x6F, 0x01, 0x43, 0x6D, 0x0C, 0x43, 0x00, 0x01, 0x3B,
    0x00, 0x01, 0x3E, 0x00, 0x2C, 0x3B, 0x6D, 0x01, 0x3E, 0x70, 0x01, 0x43, 0x6D, 0x0B, 0x3B, 0x00,
    0x01, 0x3E, 0x00, 0x02, 0x43, 0x00, 0x2C, 0x3B, 0x6C, 0x01, 0x3E, 0x70, 0x01, 0x43, 0x6D, 0x0B,
    0x3B, 0x00, 0x01, 0x3E, 0x00, 0x01, 0x43, 0x00, 0x2D, 0x3B, 0x6D, 0x01, 0x3E, 0x70, 0x01, 0x43,
    0x6E, 0x0B, 0x3B, 0x00, 0x02, 0x3E, 0x00, 0x01, 0x43, 0x00, 0x2C, 0x3B, 0x6E, 0x01, 0x3E, 0x6D,
    0x01, 0x43, 0x6E, 0x0B, 0x3E, 0x00, 0x00, 0x3B, 0x00, 0x05, 0x43, 0x00, 0x28, 0xBC, 0x40, 0x00,
    0x02, 0x40, 0x7F, 0x00, 0x9C, 0x3B, 0x6D, 0x01, 0x40, 0x6F, 0x01, 0x43, 0x6E, 0x0B, 0x3B, 0x00,
    0x02, 0x40, 0x00, 0x02, 0x43, 0x00, 0x2B, 0x3B, 0x6B, 0x01, 0x40, 0x6E, 0x01, 0x43, 0x6C, 0x0A,
    0x43, 0x00, 0x00, 0x40, 0x00, 0x00, 0x3B, 0x00, 0x12, 0x3B, 0x65, 0x01, 0x40, 0x6D, 0x01, 0x43,
    0x6E, 0x08, 0x3B, 0x00, 0x02, 0x40, 0x00, 0x02, 0x43, 0x00, 0x10, 0x3B, 0x6C, 0x01, 0x40, 0x6E,
    0x01, 0x43, 0x6F, 0x09, 0x40, 0x00, 0x02, 0x3B, 0x00, 0x02, 0x43, 0x00, 0x2D, 0x3B, 0x6E, 0x01,
    0x40, 0x70, 0x01, 0x43, 0x6E, 0x09, 0x3B, 0x00, 0x02, 0x40, 0x00, 0x02, 0x43, 0x00, 0x2D, 0x3B,
    0x6C, 0x01, 0x40, 0x6E, 0x01, 0x43, 0x6E, 0x0A, 0x3B, 0x00, 0x02, 0x40, 0x00, 0x02, 0x43, 0x00,
    0x2C, 0x3B, 0x6D, 0x01, 0x40, 0x70, 0x01, 0x43, 0x6E, 0x0A, 0x3B, 0x00, 0x01, 0x40, 0x00, 0x02,
    0x43, 0x00, 0x2D, 0x3B, 0x6C, 0x01, 0x40, 0x6D, 0x01, 0x43, 0x6F, 0x0A, 0x3B, 0x00, 0x02, 0x40,
    0x00, 0x03, 0x43, 0x00, 0x2B, 0x3B, 0x6D, 0x01, 0x40, 0x6E, 0x01, 0x43, 0x6E, 0x0C, 0x3B, 0x00,
    0x02, 0x40, 0x00, 0x01, 0x43, 0x00, 0x29, 0xBC, 0x40, 0x00, 0x02, 0x40, 0x7F, 0x00, 0x9C, 0x3B,
    0x70, 0x01, 0x3E, 0x71, 0x01, 0x42, 0x6F, 0x0B, 0x3B, 0x00, 0x01, 0x42, 0x00, 0x01, 0x3E, 0x00,
    0x2D, 0x3B, 0x6D, 0x01, 0x3E, 0x6F, 0x01, 0x42, 0x6E, 0x07, 0x3B, 0x00, 0x01, 0x3E, 0x00, 0x01,
    0x42, 0x00, 0x13, 0x3B, 0x6B, 0x01, 0x3E, 0x6E, 0x01, 0x42, 0x6A, 0x08, 0x3B, 0x00, 0x02, 0x42,
    0x00, 0x01, 0x3E, 0x00, 0x11, 0x3B, 0x6C, 0x01, 0x3E, 0x6F, 0x01, 0x42, 0x6C, 0x0A, 0x3B, 0x00,
    0x01, 0x3E, 0x00, 0x02, 0x42, 0x00, 0x2D, 0x3B, 0x6D, 0x01, 0x3E, 0x70, 0x01, 0x42, 0x6E, 0x0A,
    0x3B, 0x00, 0x01, 0x3E, 0x00, 0x02, 0x42, 0x00, 0x2D, 0x3B, 0x6D, 0x01, 0x3E, 0x70, 0x01, 0x42,
    0x6E, 0x09, 0x3B, 0x00, 0x02, 0x3E, 0x00, 0x02, 0x42, 0x00, 0x2D, 0x3B, 0x6E, 0x01, 0x3E, 0x6F,
    0x01, 0x42, 0x6E, 0x09, 0x3E, 0x00, 0x00, 0x3B, 0x00, 0x03, 0x42, 0x00, 0x2E, 0x3B, 0x70, 0x01,
    0x3E, 0x70, 0x01, 0x42, 0x6E, 0x09, 0x3E, 0x00, 0x00, 0x3B, 0x00, 0x01, 0x42, 0x00, 0x30, 0x3B,
    0x70, 0x01, 0x3E, 0x70, 0x01, 0x42, 0x6E, 0x0A, 0x3E, 0x00, 0x02, 0x3B, 0x00, 0x01, 0x42, 0x00,
    0x2B, 0xBC, 0x40, 0x00, 0x02, 0x9C, 0x3C, 0x6F, 0x00, 0xBC, 0x40, 0x7F, 0x01, 0x9C, 0x40, 0x6F,
    0x01, 0x43, 0x6E, 0x0B, 0x40, 0x00, 0x02, 0x3C, 0x00, 0x01, 0x43, 0x00, 0x2C, 0x3C, 0x6D, 0x01,
    0x40, 0x70, 0x01, 0x43, 0x6D, 0x09, 0x43, 0x00, 0x00, 0x3C, 0x00, 0x02, 0x40, 0x00, 0x11, 0x3C,
    0x6B, 0x01, 0x40, 0x6E, 0x01, 0x43, 0x6E, 0x09, 0x3C, 0x00, 0x02, 0x40, 0x00, 0x02, 0x43, 0x00,
    0x0F, 0x3C, 0x6D, 0x01, 0x40, 0x6F, 0x01, 0x43, 0x6F, 0x0B, 0x3C, 0x00, 0x01, 0x43, 0x00, 0x00,
    0x40, 0x00, 0x2E, 0x3C, 0x6E, 0x01, 0x40, 0x70, 0x01, 0x43, 0x6D, 0x0A, 0x3C, 0x00, 0x02, 0x43,
    0x00, 0x00, 0x40, 0x00, 0x2E, 0x3C, 0x6D, 0x01, 0x40, 0x6E, 0x01, 0x43, 0x6E, 0x0C, 0x40, 0x00,
    0x01, 0x3C, 0x00, 0x01, 0x43, 0x00, 0x2C, 0x3C, 0x6C, 0x01, 0x40, 0x6F, 0x01, 0x43, 0x6E, 0x0C,
    0x3C, 0x00, 0x01, 0x40, 0x00, 0x01, 0x43, 0x00, 0x2C, 0x3C, 0x6E, 0x01, 0x40, 0x70, 0x01, 0x43,
    0x6E, 0x0C, 0x40, 0x00, 0x00, 0x3C, 0x00, 0x02, 0x43, 0x00, 0x2C, 0x3C, 0x6E, 0x01, 0x40, 0x6F,
    0x01, 0x43, 0x6E, 0x0C, 0x40, 0x00, 0x00, 0x3C, 0x00, 0x02, 0x43, 0x00, 0x2A, 0xBC, 0x40, 0x00,
    0x02, 0x40, 0x7F, 0x00, 0x9C, 0x3B, 0x6E, 0x01, 0x3F, 0x6D, 0x01, 0x42, 0x6E, 0x0F, 0x3B, 0x00,
    0x01, 0x3F, 0x00, 0x02, 0x42, 0x00, 0x28, 0x3B, 0x6E, 0x01, 0x3F, 0x6E, 0x01, 0x42, 0x6C, 0x0A,
    0x42, 0x00, 0x00, 0x3F, 0x00, 0x00, 0x3B, 0x00, 0x12, 0x3B, 0x6C, 0x01, 0x3F, 0x6D, 0x01, 0x42,
    0x6D, 0x07, 0x3B, 0x00, 0x04, 0x42, 0x00, 0x00, 0x3F, 0x00, 0x11, 0x3B, 0x6D, 0x01, 0x3F, 0x6B,
    0x01, 0x42, 0x6C, 0x0D, 0x3F, 0x00, 0x01, 0x3B, 0x00, 0x01, 0x42, 0x00, 0x2B, 0x3B, 0x6C, 0x01,
    0x3F, 0x6D, 0x01, 0x42, 0x6A, 0x0C, 0x3B, 0x00, 0x01, 0x42, 0x00, 0x00, 0x3F, 0x00, 0x2D, 0x3B,
    0x6E, 0x01, 0x3F, 0x6E, 0x01, 0x42, 0x6D, 0x0B, 0x3B, 0x00, 0x01, 0x3F, 0x00, 0x02, 0x42, 0x00,
    0x2C, 0x3B, 0x6D, 0x01, 0x3F, 0x6D, 0x01, 0x42, 0x6D, 0x0A, 0x3B, 0x00, 0x02, 0x3F, 0x00, 0x02,
    0x42, 0x00, 0x2C, 0x3B, 0x6E, 0x01, 0x3F, 0x6E, 0x01, 0x42, 0x6E, 0x0C, 0x3B, 0x00, 0x01, 0x3F,
    0x00, 0x02, 0x42, 0x00, 0x2B, 0x3B, 0x70, 0x01, 0x3F, 0x6D, 0x01, 0x42, 0x6E, 0x0C, 0x3F, 0x00,
    0x00, 0x3B, 0x00, 0x04, 0x42, 0x00, 0x28, 0xBC, 0x40, 0x00, 0x02, 0x40, 0x7F, 0x00, 0x9C, 0x3B,
    0x6D, 0x01, 0x40, 0x6F, 0x01, 0x43, 0x6E, 0x0A, 0x3B, 0x00, 0x02, 0x40, 0x00, 0x01, 0x43, 0x00,
    0x69, 0x3B, 0x6D, 0x01, 0x40, 0x6D, 0x01, 0x43, 0x6E, 0x0D, 0x40, 0x00, 0x00, 0x3B, 0x00, 0x02,
    0x43, 0x00, 0x67, 0x3B, 0x6D, 0x01, 0x3E, 0x6C, 0x01, 0x40, 0x6D, 0x01, 0x43, 0x6E, 0x0B, 0x3B,
    0x00, 0x01, 0x3E, 0x00, 0x00, 0x40, 0x00, 0x01, 0x43, 0x00, 0x68, 0x3B, 0x6D, 0x01, 0x3E, 0x6D,
    0x01, 0x40, 0x6D, 0x01, 0x43, 0x6E, 0x0B, 0x3E, 0x00, 0x00, 0x3B, 0x00, 0x01, 0x40, 0x00, 0x03,
    0x43, 0x00, 0x64, 0xBC, 0x40, 0x00, 0x02, 0x9C, 0x3D, 0x6A, 0x00, 0xBC, 0x40, 0x7F, 0x01, 0x9C,
    0x40, 0x6E, 0x01, 0x43, 0x6E, 0x10, 0x3D, 0x00, 0x01, 0x40, 0x00, 0x06, 0x43, 0x00, 0x83, 0x45,
    0xBC, 0x40, 0x00, 0x02, 0x9C, 0x39, 0x6E, 0x00, 0xBC, 0x40, 0x7F, 0x01, 0x9C, 0x3C, 0x6E, 0x01,
    0x40, 0x70, 0x23, 0x39, 0x00, 0x02, 0x3C, 0x00, 0x03, 0x40, 0x00, 0x81, 0x44, 0xBC, 0x40, 0x00,
    0x02, 0x40, 0x7F, 0x00, 0x9C, 0x32, 0x70, 0x01, 0x36, 0x6B, 0x01, 0x39, 0x70, 0x01, 0x3F, 0x6C,
    0x7D, 0x39, 0x00, 0x01, 0x32, 0x00, 0x01, 0x36, 0x00, 0x01, 0x3F, 0x00, 0x6B, 0xBC, 0x40, 0x00,
    0x02, 0x40, 0x7F, 0x00, 0x9C, 0x3B, 0x6B, 0x01, 0x3E, 0x6E, 0x01, 0x43, 0x6E, 0x0A, 0x3B, 0x00,
    0x02, 0x3E, 0x00, 0x03, 0x43, 0x00, 0x2B, 0x3B, 0x64, 0x01, 0x3E, 0x6C, 0x01, 0x43, 0x69, 0x0A,
    0x3B, 0x00, 0x01, 0x43, 0x00, 0x01, 0x3E, 0x00, 0x2E, 0x3B, 0x6A, 0x01, 0x3E, 0x6A, 0x01, 0x43,
    0x6D, 0x0B, 0x3B, 0x00, 0x01, 0x3E, 0x00, 0x02, 0x43, 0x00, 0x2C, 0x3B, 0x6A, 0x01, 0x3E, 0x6C,
    0x01, 0x43, 0x6D, 0x09, 0x3B, 0x00, 0x01, 0x3E, 0x00, 0x01, 0x43, 0x00, 0x2F, 0x3B, 0x6C, 0x01,
    0x3E, 0x6F, 0x01, 0x43, 0x6D, 0x09, 0x3B, 0x00, 0x02, 0x3E, 0x00, 0x02, 0x43, 0x00, 0x2D, 0x3B,
    0x6C, 0x01, 0x3E, 0x6F, 0x01, 0x43, 0x6E, 0x0A, 0x3B, 0x00, 0x02, 0x3E, 0x00, 0x01, 0x43, 0x00,
    0x2D, 0x3B, 0x6D, 0x01, 0x3E, 0x6F, 0x01, 0x43, 0x6E, 0x0A, 0x3B, 0x00, 0x02, 0x43, 0x00, 0x01,
    0x3E, 0x00, 0x2D, 0x3B, 0x6C, 0x01, 0x3E, 0x6D, 0x01, 0x43, 0x6E, 0x0A, 0x3B, 0x00, 0x03, 0x3E,
    0x00, 0x01, 0x43, 0x00, 0x2A, 0xBC, 0x40, 0x00, 0x02, 0x40, 0x7F, 0x00, 0x9C, 0x3C, 0x6D, 0x01,
    0x40, 0x6F, 0x01, 0x43, 0x6D, 0x0D, 0x3C, 0x00, 0x01, 0x43, 0x00, 0x00, 0x40, 0x00, 0x2C, 0x3C,
    0x6C, 0x01, 0x40, 0x6E, 0x01, 0x43, 0x6D, 0x0C, 0x3C, 0x00, 0x01, 0x40, 0x00, 0x01, 0x43, 0x00,
    0x2C, 0x3C, 0x6C, 0x01, 0x40, 0x6F, 0x01, 0x43, 0x6D, 0x0C, 0x3C, 0x00, 0x02, 0x43, 0x00, 0x00,
    0x40, 0x00, 0x2C, 0x3C, 0x6C, 0x01, 0x40, 0x6D, 0x01, 0x43, 0x6D, 0x0D, 0x40, 0x00, 0x00, 0x3C,
    0x00, 0x01, 0x43, 0x00, 0x2C, 0x3C, 0x6D, 0x01, 0x40, 0x6F, 0x01, 0x43, 0x6D, 0x0A, 0x43, 0x00,
    0x03, 0x40, 0x00, 0x00, 0x3C, 0x00, 0x2D, 0x3C, 0x6C, 0x01, 0x40, 0x6D, 0x01, 0x43, 0x6C, 0x0D,
    0x40, 0x00, 0x00, 0x3C, 0x00, 0x01, 0x43, 0x00, 0x2C, 0x3C, 0x6D, 0x01, 0x40, 0x6E, 0x01, 0x43,
    0x6D, 0x0D, 0x43, 0x00, 0x00, 0x3C, 0x00, 0x01, 0x40, 0x00, 0x2C, 0x3C, 0x6D, 0x01, 0x40, 0x6E,
    0x01, 0x43, 0x6D, 0x0F, 0x43, 0x00, 0x00, 0x40, 0x00, 0x01, 0x3C, 0x00, 0x28, 0xBC, 0x40, 0x00,
    0x02, 0x9C, 0x3B, 0x6F, 0x00, 0xBC, 0x40, 0x7F, 0x01, 0x9C, 0x3E, 0x6D, 0x01, 0x43, 0x6D, 0x0D,
    0x3E, 0x00, 0x02, 0x3B, 0x00, 0x01, 0x43, 0x00, 0x2A, 0x3B, 0x6C, 0x01, 0x3E, 0x6C, 0x01, 0x43,
    0x6C, 0x0C, 0x3E, 0x00, 0x01, 0x3B, 0x00, 0x02, 0x43, 0x00, 0x2B, 0x3B, 0x6D, 0x01, 0x3E, 0x6D,
    0x01, 0x43, 0x6D, 0x0D, 0x43, 0x00, 0x00, 0x3E, 0x00, 0x01, 0x3B, 0x00, 0x2C, 0x3B, 0x6C, 0x01,
    0x3E, 0x6D, 0x01, 0x43, 0x6D, 0x0C, 0x3B, 0x00, 0x02, 0x3E, 0x00, 0x01, 0x43, 0x00, 0x2B, 0x3B,
    0x6C, 0x01, 0x3E, 0x6C, 0x01, 0x43, 0x6C, 0x0E, 0x3E, 0x00, 0x00, 0x3B, 0x00, 0x02, 0x43, 0x00,
    0x2A, 0x3B, 0x6C, 0x01, 0x3E, 0x6F, 0x01, 0x43, 0x6C, 0x0B, 0x3B, 0x00, 0x02, 0x43, 0x00, 0x02,
    0x3E, 0x00, 0x2B, 0x3B, 0x6B, 0x01, 0x3E, 0x6D, 0x01, 0x43, 0x6D, 0x0C, 0x3B, 0x00, 0x02, 0x3E,
    0x00, 0x02, 0x43, 0x00, 0x2A, 0x3B, 0x6C, 0x01, 0x3E, 0x6D, 0x01, 0x43, 0x6E, 0x0C, 0x3B, 0x00,
    0x01, 0x3E, 0x00, 0x03, 0x43, 0x00, 0x28, 0xBC, 0x40, 0x00, 0x02, 0x40, 0x7F, 0x00, 0x9C, 0x3C,
    0x6D, 0x01, 0x40, 0x71, 0x01, 0x43, 0x6F, 0x0D, 0x40, 0x00, 0x01, 0x3C, 0x00, 0x01, 0x43, 0x00,
    0x2B, 0x3C, 0x6D, 0x01, 0x40, 0x6F, 0x01, 0x43, 0x6E, 0x0A, 0x40, 0x00, 0x03, 0x3C, 0x00, 0x01,
    0x43, 0x00, 0x2C, 0x3C, 0x6C, 0x01, 0x40, 0x6F, 0x01, 0x43, 0x6D, 0x0B, 0x3C, 0x00, 0x01, 0x40,
    0x00, 0x03, 0x43, 0x00, 0x2B, 0x3C, 0x6D, 0x01, 0x40, 0x6D, 0x01, 0x43, 0x6D, 0x0D, 0x40, 0x00,
    0x03, 0x43, 0x00, 0x00, 0x3C, 0x00, 0x28, 0xBC, 0x40, 0x00, 0x02, 0x9C, 0x3C, 0x6D, 0x00, 0xBC,
    0x40, 0x7F, 0x01, 0x9C, 0x3F, 0x6F, 0x01, 0x43, 0x6F, 0x0D, 0x3C, 0x00, 0x01, 0x43, 0x00, 0x01,
    0x3F, 0x00, 0x2B, 0x3C, 0x6C, 0x01, 0x3F, 0x6C, 0x01, 0x43, 0x6D, 0x0C, 0x43, 0x00, 0x01, 0x3F,
    0x00, 0x00, 0x3C, 0x00, 0x2D, 0x3C, 0x6C, 0x01, 0x3F, 0x6D, 0x01, 0x43, 0x6D, 0x0B, 0x3C, 0x00,
    0x01, 0x43, 0x00, 0x00, 0x3F, 0x00, 0x2E, 0x3C, 0x6C, 0x01, 0x3F, 0x6D, 0x01, 0x43, 0x6C, 0x09,
    0x43, 0x00, 0x01, 0x3C, 0x00, 0x02, 0x3F, 0x00, 0x2C, 0xBC, 0x40, 0x00, 0x02, 0x40, 0x7F, 0x00,
    0x9C, 0x3B, 0x6F, 0x01, 0x3E, 0x70, 0x01, 0x43, 0x6E, 0x0C, 0x3E, 0x00, 0x01, 0x3B, 0x00, 0x02,
    0x43, 0x00, 0x2B, 0x3B, 0x6C, 0x01, 0x3E, 0x6D, 0x01, 0x43, 0x6E, 0x09, 0x3E, 0x00, 0x03, 0x3B,
    0x00, 0x04, 0x43, 0x00, 0x2A, 0x3B, 0x6D, 0x01, 0x3E, 0x6E, 0x01, 0x43, 0x6E, 0x0B, 0x3E, 0x00,
    0x00, 0x3B, 0x00, 0x03, 0x43, 0x00, 0x2C, 0x3B, 0x6B, 0x01, 0x3E, 0x6D, 0x01, 0x43, 0x6D, 0x0D,
    0x3E, 0x00, 0x00, 0x3B, 0x00, 0x05, 0x43, 0x00, 0x28, 0x3B, 0x6C, 0x01, 0x3E, 0x6F, 0x01, 0x41,
    0x70, 0x0D, 0x3B, 0x00, 0x02, 0x3E, 0x00, 0x03, 0x41, 0x00, 0x28, 0x3B, 0x6A, 0x01, 0x3E, 0x6D,
    0x01, 0x41, 0x6C, 0x0C, 0x3B, 0x00, 0x02, 0x3E, 0x00, 0x01, 0x41, 0x00, 0x2B, 0x3B, 0x6C, 0x01,
    0x3E, 0x6D, 0x01, 0x41, 0x6B, 0x0C, 0x3B, 0x00, 0x01, 0x41, 0x00, 0x00, 0x3E, 0x00, 0x2D, 0x3B,
    0x6E, 0x01, 0x3E, 0x6F, 0x01, 0x41, 0x6F, 0x0C, 0x3E, 0x00, 0x00, 0x3B, 0x00, 0x03, 0x41, 0x00,
    0x29, 0xBC, 0x40, 0x00, 0x02, 0x9C, 0x38, 0x6D, 0x01, 0x3B, 0x73, 0x01, 0x40, 0x72, 0x31, 0x3B,
    0x00, 0x01, 0x38, 0x00, 0x03, 0x40, 0x00, 0xA1, 0x29, 0x3C, 0x6C, 0x00, 0xBC, 0x40, 0x7F, 0x01,
    0x9C, 0x40, 0x6F, 0x01, 0x43, 0x6E, 0x0B, 0x3C, 0x00, 0x01, 0x40, 0x00, 0x01, 0x43, 0x00, 0x2D,
    0x3C, 0x6A, 0x01, 0x40, 0x6D, 0x01, 0x43, 0x6D, 0x0A, 0x3C, 0x00, 0x02, 0x40, 0x00, 0x02, 0x43,
    0x00, 0x2C, 0x3C, 0x6C, 0x01, 0x40, 0x6C, 0x01, 0x43, 0x6C, 0x0A, 0x40, 0x00, 0x01, 0x3C, 0x00,
    0x05, 0x43, 0x00, 0x2A, 0x3C, 0x6B, 0x01, 0x40, 0x6C, 0x01, 0x43, 0x6D, 0x0B, 0x3C, 0x00, 0x01,
    0x40, 0x00, 0x01, 0x43, 0x00, 0x2D, 0x3C, 0x6B, 0x01, 0x40, 0x6D, 0x01, 0x43, 0x6D, 0x0B, 0x3C,
    0x00, 0x02, 0x43, 0x00, 0x00, 0x40, 0x00, 0x2D, 0x3C, 0x6B, 0x01, 0x40, 0x6E, 0x01, 0x43, 0x6D,
    0x0B, 0x3C, 0x00, 0x01, 0x40, 0x00, 0x01, 0x43, 0x00, 0x2D, 0x3C, 0x6C, 0x01, 0x40, 0x6E, 0x01,
    0x43, 0x6C, 0x0A, 0x3C, 0x00, 0x02, 0x40, 0x00, 0x01, 0x43, 0x00, 0x2D, 0x3C, 0x6C, 0x01, 0x40,
    0x6E, 0x01, 0x43, 0x6D, 0x0D, 0x40, 0x00, 0x00, 0x3C, 0x00, 0x02, 0x43, 0x00, 0x29, 0xBC, 0x40,
    0x00, 0x02, 0x9C, 0x3C, 0x6D, 0x00, 0xBC, 0x40, 0x7F, 0x01, 0x9C, 0x3F, 0x6E, 0x01, 0x43, 0x6F,
    0x0C, 0x3C, 0x00, 0x01, 0x43, 0x00, 0x01, 0x3F, 0x00, 0x2C, 0x3C, 0x6C, 0x01, 0x3F, 0x6E, 0x01,
    0x43, 0x6F, 0x0A, 0x43, 0x00, 0x01, 0x3C, 0x00, 0x01, 0x3F, 0x00, 0x2E, 0x3C, 0x6C, 0x01, 0x3F,
    0x6D, 0x01, 0x43, 0x6E, 0x0B, 0x43, 0x00, 0x00, 0x3C, 0x00, 0x02, 0x3F, 0x00, 0x2D, 0x3C, 0x6E,
    0x01, 0x3F, 0x6E, 0x01, 0x43, 0x6F, 0x0A, 0x3F, 0x00, 0x00, 0x3C, 0x00, 0x02, 0x43, 0x00, 0x2E,
    0x3C, 0x6C, 0x01, 0x3F, 0x6D, 0x01, 0x43, 0x6E, 0x0A, 0x3C, 0x00, 0x02, 0x43, 0x00, 0x01, 0x3F,
    0x00, 0x2D, 0x3C, 0x6D, 0x01, 0x3F, 0x6D, 0x01, 0x43, 0x6D, 0x0A, 0x43, 0x00, 0x02, 0x3C, 0x00,
    0x01, 0x3F, 0x00, 0x2D, 0x3C, 0x6C, 0x01, 0x3F, 0x6D, 0x01, 0x43, 0x6D, 0x0B, 0x43, 0x00, 0x00,
    0x3C, 0x00, 0x02, 0x3F, 0x00, 0x2D, 0x3C, 0x6C, 0x01, 0x3F, 0x6C, 0x01, 0x43, 0x6D, 0x0C, 0x3C,
    0x00, 0x02, 0x3F, 0x00, 0x01, 0x43, 0x00, 0x29, 0xBC, 0x40, 0x00, 0x02, 0x40, 0x7F, 0x00, 0x9C,
    0x3B, 0x6E, 0x01, 0x3E, 0x6F, 0x01, 0x42, 0x6C, 0x0B, 0x3B, 0x00, 0x01, 0x3E, 0x00, 0x04, 0x42,
    0x00, 0x2A, 0x3B, 0x6C, 0x01, 0x3E, 0x6C, 0x01, 0x42, 0x67, 0x0A, 0x3E, 0x00, 0x03, 0x3B, 0x00,
    0x03, 0x42, 0x00, 0x2A, 0x3B, 0x6E, 0x01, 0x3E, 0x6F, 0x01, 0x42, 0x6B, 0x0C, 0x3B, 0x00, 0x01,
    0x3E, 0x00, 0x01, 0x42, 0x00, 0x2C, 0x3B, 0x6D, 0x01, 0x3E, 0x6F, 0x01, 0x42, 0x6B, 0x0C, 0x3B,
    0x00, 0x01, 0x42, 0x00, 0x00, 0x3E, 0x00, 0x2D, 0x3B, 0x6D, 0x01, 0x3E, 0x6F, 0x01, 0x42, 0x6B,
    0x0D, 0x3B, 0x00, 0x01, 0x42, 0x00, 0x00, 0x3E, 0x00, 0x2C, 0x3B, 0x6E, 0x01, 0x3E, 0x71, 0x01,
    0x42, 0x6B, 0x0B, 0x3B, 0x00, 0x02, 0x42, 0x00, 0x00, 0x3E, 0x00, 0x2D, 0x3B, 0x6C, 0x01, 0x3E,
    0x6F, 0x01, 0x42, 0x6C, 0x0C, 0x3B, 0x00, 0x03, 0x3E, 0x00, 0x01, 0x42, 0x00, 0x2A, 0x3B, 0x6E,
    0x01, 0x3E, 0x70, 0x01, 0x42, 0x6D, 0x0C, 0x3B, 0x00, 0x01, 0x3E, 0x00, 0x01, 0x42, 0x00, 0x2A,
    0xBC, 0x40, 0x00, 0x02, 0x9C, 0x38, 0x70, 0x00, 0xBC, 0x40, 0x7F, 0x01, 0x9C, 0x3B, 0x6D, 0x01,
    0x42, 0x70, 0x0F, 0x3B, 0x00, 0x02, 0x38, 0x00, 0x01, 0x42, 0x00, 0x28, 0x38, 0x6C, 0x01, 0x3B,
    0x6D, 0x01, 0x42, 0x6F, 0x0C, 0x3B, 0x00, 0x02, 0x42, 0x00, 0x02, 0x38, 0x00, 0x2A, 0x38, 0x6D,
    0x01, 0x3B, 0x6D, 0x01, 0x42, 0x6E, 0x0B, 0x3B, 0x00, 0x03, 0x42, 0x00, 0x01, 0x38, 0x00, 0x2B,
    0x38, 0x6F, 0x01, 0x3B, 0x6E, 0x01, 0x42, 0x6C, 0x0D, 0x3B, 0x00, 0x03, 0x42, 0x00, 0x01, 0x38,
    0x00, 0x29, 0x38, 0x6C, 0x01, 0x3B, 0x6C, 0x01, 0x40, 0x6D, 0x0F, 0x3B, 0x00, 0x01, 0x38, 0x00,
    0x01, 0x40, 0x00, 0x29, 0x38, 0x6B, 0x01, 0x3B, 0x6D, 0x01, 0x40, 0x70, 0x0C, 0x3B, 0x00, 0x01,
    0x40, 0x00, 0x01, 0x38, 0x00, 0x2C, 0x38, 0x6E, 0x01, 0x3B, 0x6E, 0x01, 0x40, 0x70, 0x0D, 0x40,
    0x00, 0x00, 0x3B, 0x00, 0x02, 0x38, 0x00, 0x2B, 0x38, 0x6E, 0x01, 0x3B, 0x6F, 0x01, 0x40, 0x70,
    0x0D, 0x38, 0x00, 0x01, 0x40, 0x00, 0x00, 0x3B, 0x00, 0x2A, 0xBC, 0x40, 0x00, 0x02, 0x9C, 0x39,
    0x6E, 0x00, 0xBC, 0x40, 0x7F, 0x01, 0x9C, 0x3C, 0x6F, 0x01, 0x40, 0x6F, 0x0D, 0x3C, 0x00, 0x01,
    0x39, 0x00, 0x02, 0x40, 0x00, 0x2A, 0x39, 0x6B, 0x01, 0x3C, 0x6E, 0x01, 0x40, 0x6E, 0x0C, 0x40,
    0x00, 0x00, 0x39, 0x00, 0x01, 0x3C, 0x00, 0x2D, 0x39, 0x6C, 0x01, 0x3C, 0x6B, 0x01, 0x40, 0x6E,
    0x0B, 0x3C, 0x00, 0x02, 0x39, 0x00, 0x01, 0x40, 0x00, 0x2C, 0x39, 0x6C, 0x01, 0x3C, 0x6D, 0x01,
    0x40, 0x6D, 0x0D, 0x3C, 0x00, 0x00, 0x39, 0x00, 0x01, 0x40, 0x00, 0x2C, 0x39, 0x6B, 0x01, 0x3C,
    0x6C, 0x01, 0x40, 0x6E, 0x0D, 0x39, 0x00, 0x02, 0x40, 0x00, 0x00, 0x3C, 0x00, 0x2B, 0x39, 0x6E,
    0x01, 0x3C, 0x6F, 0x01, 0x40, 0x6F, 0x0D, 0x3C, 0x00, 0x01, 0x40, 0x00, 0x00, 0x39, 0x00, 0x2C,
    0x39, 0x6D, 0x01, 0x3C, 0x6F, 0x01, 0x40, 0x6E, 0x0C, 0x39, 0x00, 0x01, 0x40, 0x00, 0x00, 0x3C,
    0x00, 0x2D, 0x39, 0x6D, 0x01, 0x3C, 0x70, 0x01, 0x40, 0x6E, 0x0D, 0x39, 0x00, 0x01, 0x3C, 0x00,
    0x01, 0x40, 0x00, 0x29, 0xBC, 0x40, 0x00, 0x02, 0x9C, 0x39, 0x6E, 0x00, 0xBC, 0x40, 0x7F, 0x01,
    0x9C, 0x3D, 0x6D, 0x01, 0x40, 0x6F, 0x0D, 0x3D, 0x00, 0x00, 0x39, 0x00, 0x01, 0x40, 0x00, 0x2C,
    0x39, 0x6D, 0x01, 0x3D, 0x6C, 0x01, 0x40, 0x6E, 0x0B, 0x40, 0x00, 0x00, 0x3D, 0x00, 0x01, 0x39,
    0x00, 0x2E, 0x39, 0x6D, 0x01, 0x3D, 0x6D, 0x01, 0x40, 0x6F, 0x0C, 0x40, 0x00, 0x00, 0x3D, 0x00,
    0x00, 0x39, 0x00, 0x2E, 0x39, 0x6D, 0x01, 0x3D, 0x6D, 0x01, 0x40, 0x6E, 0x0B, 0x40, 0x00, 0x00,
    0x3D, 0x00, 0x00, 0x39, 0x00, 0x2F, 0x39, 0x6D, 0x01, 0x3D, 0x6E, 0x01, 0x40, 0x70, 0x0A, 0x3D,
    0x00, 0x00, 0x39, 0x00, 0x02, 0x40, 0x00, 0x2E, 0x39, 0x6C, 0x01, 0x3D, 0x6D, 0x01, 0x40, 0x6D,
    0x09, 0x40, 0x00, 0x01, 0x39, 0x00, 0x02, 0x3D, 0x00, 0x2E, 0x39, 0x6C, 0x01, 0x3D, 0x6D, 0x01,
    0x40, 0x6F, 0x0B, 0x39, 0x00, 0x01, 0x40, 0x00, 0x01, 0x3D, 0x00, 0x2D, 0x39, 0x6E, 0x01, 0x3D,
    0x6F, 0x01, 0x40, 0x70, 0x0A, 0x39, 0x00, 0x01, 0x3D, 0x00, 0x02, 0x40, 0x00, 0x2B, 0xBC, 0x40,
    0x00, 0x02, 0x9C, 0x39, 0x6F, 0x00, 0xBC, 0x40, 0x7F, 0x01, 0x9C, 0x3C, 0x70, 0x01, 0x40, 0x70,
    0x0D, 0x3C, 0x00, 0x01, 0x40, 0x00, 0x00, 0x39, 0x00, 0x4A, 0x39, 0x70, 0x01, 0x3C, 0x71, 0x01,
    0x40, 0x6F, 0x0C, 0x39, 0x00, 0x01, 0x40, 0x00, 0x00, 0x3C, 0x00, 0x4B, 0x39, 0x70, 0x01, 0x3C,
    0x70, 0x01, 0x40, 0x6F, 0x0C, 0x3C, 0x00, 0x00, 0x39, 0x00, 0x03, 0x40, 0x00, 0x2B, 0x39, 0x6F,
    0x01, 0x3C, 0x6F, 0x01, 0x40, 0x70, 0x0B, 0x3C, 0x00, 0x01, 0x39, 0x00, 0x02, 0x40, 0x00, 0x4A,
    0x39, 0x70, 0x01, 0x3C, 0x71, 0x01, 0x40, 0x70, 0x0B, 0x39, 0x00, 0x01, 0x3C, 0x00, 0x02, 0x40,
    0x00, 0x4A, 0x39, 0x71, 0x01, 0x3C, 0x71, 0x01, 0x40, 0x70, 0x0B, 0x3C, 0x00, 0x01, 0x39, 0x00,
    0x02, 0x40, 0x00, 0x2A, 0xBC, 0x40, 0x00, 0x02, 0x9C, 0x39, 0x70, 0x00, 0xBC, 0x40, 0x7F, 0x01,
    0x9C, 0x3E, 0x70, 0x01, 0x43, 0x6F, 0x0F, 0x39, 0x00, 0x02, 0x3E, 0x00, 0x03, 0x43, 0x00, 0x62,
    0x39, 0x70, 0x01, 0x3E, 0x6E, 0x01, 0x43, 0x6F, 0x0B, 0x39, 0x00, 0x01, 0x3E, 0x00, 0x06, 0x43,
    0x00, 0x64, 0x39, 0x70, 0x01, 0x3E, 0x70, 0x01, 0x42, 0x6F, 0x0C, 0x39, 0x00, 0x02, 0x3E, 0x00,
    0x01, 0x42, 0x00, 0x81, 0x5D, 0xBC, 0x40, 0x00, 0x02, 0x40, 0x7F, 0x00, 0x9C, 0x3C, 0x6D, 0x01,
    0x40, 0x6D, 0x01, 0x43, 0x6E, 0x0D, 0x3C, 0x00, 0x01, 0x40, 0x00, 0x02, 0x43, 0x00, 0x2A, 0x3C,
    0x6B, 0x01, 0x40, 0x6D, 0x01, 0x43, 0x6D, 0x09, 0x3C, 0x00, 0x01, 0x40, 0x00, 0x01, 0x43, 0x00,
    0x11, 0x3C, 0x6B, 0x01, 0x40, 0x6C, 0x01, 0x43, 0x6E, 0x09, 0x3C, 0x00, 0x02, 0x40, 0x00, 0x01,
    0x43, 0x00, 0x10, 0x3C, 0x6D, 0x01, 0x40, 0x6F, 0x01, 0x43, 0x6F, 0x0C, 0x3C, 0x00, 0x02, 0x40,
    0x00, 0x01, 0x43, 0x00, 0x2B, 0x3C, 0x6E, 0x01, 0x40, 0x70, 0x01, 0x43, 0x6E, 0x0A, 0x3C, 0x00,
    0x01, 0x43, 0x00, 0x00, 0x40, 0x00, 0x2F, 0x3C, 0x6E, 0x01, 0x40, 0x70, 0x01, 0x43, 0x6D, 0x0A,
    0x43, 0x00, 0x00, 0x3C, 0x00, 0x01, 0x40, 0x00, 0x2F, 0x3C, 0x6E, 0x01, 0x40, 0x70, 0x01, 0x43,
    0x6D, 0x09, 0x43, 0x00, 0x02, 0x40, 0x00, 0x00, 0x3C, 0x00, 0x2F, 0x3C, 0x6E, 0x01, 0x40, 0x6E,
    0x01, 0x43, 0x6E, 0x0B, 0x40, 0x00, 0x00, 0x3C, 0x00, 0x03, 0x43, 0x00, 0x2C, 0x3C, 0x6E, 0x01,
    0x40, 0x70, 0x01, 0x43, 0x6E, 0x0E, 0x43, 0x00, 0x00, 0x40, 0x00, 0x00, 0x3C, 0x00, 0x2A, 0xBC,
    0x40, 0x00, 0x02, 0x9C, 0x3B, 0x6E, 0x00, 0xBC, 0x40, 0x7F, 0x01, 0x9C, 0x3E, 0x6E, 0x01, 0x43,
    0x6E, 0x0B, 0x3E, 0x00, 0x02, 0x3B, 0x00, 0x01, 0x43, 0x00, 0x2C, 0x3B, 0x6D, 0x01, 0x3E, 0x6E,
    0x01, 0x43, 0x6B, 0x09, 0x43, 0x00, 0x00, 0x3E, 0x00, 0x02, 0x3B, 0x00, 0x11, 0x3B, 0x6C, 0x01,
    0x3E, 0x6C, 0x01, 0x43, 0x6D, 0x09, 0x3E, 0x00, 0x01, 0x3B, 0x00, 0x01, 0x43, 0x00, 0x11, 0x3B,
    0x6D, 0x01, 0x3E, 0x6E, 0x01, 0x43, 0x70, 0x0A, 0x3E, 0x00, 0x02, 0x3B, 0x00, 0x03, 0x43, 0x00,
    0x2B, 0x3B, 0x6D, 0x01, 0x3E, 0x6F, 0x01, 0x43, 0x6D, 0x0C, 0x43, 0x00, 0x01, 0x3B, 0x00, 0x01,
    0x3E, 0x00, 0x2C, 0x3B, 0x6D, 0x01, 0x3E, 0x70, 0x01, 0x43, 0x6D, 0x0B, 0x3B, 0x00, 0x01, 0x3E,
    0x00, 0x02, 0x43, 0x00, 0x2C, 0x3B, 0x6C, 0x01, 0x3E, 0x70, 0x01, 0x43, 0x6D, 0x0B, 0x3B, 0x00,
    0x01, 0x3E, 0x00, 0x01, 0x43, 0x00, 0x2D, 0x3B, 0x6D, 0x01, 0x3E, 0x70, 0x01, 0x43, 0x6E, 0x0B,
    0x3B, 0x00, 0x02, 0x3E, 0x00, 0x01, 0x43, 0x00, 0x2C, 0x3B, 0x6E, 0x01, 0x3E, 0x6D, 0x01, 0x43,
    0x6E, 0x0B, 0x3E, 0x00, 0x00, 0x3B, 0x00, 0x05, 0x43, 0x00, 0x28, 0xBC, 0x40, 0x00, 0x02, 0x40,
    0x7F, 0x00, 0x9C, 0x3B, 0x6D, 0x01, 0x40, 0x6F, 0x01, 0x43, 0x6E, 0x0B, 0x3B, 0x00, 0x02, 0x40,
    0x00, 0x02, 0x43, 0x00, 0x2B, 0x3B, 0x6B, 0x01, 0x40, 0x6E, 0x01, 0x43, 0x6C, 0x0A, 0x43, 0x00,
    0x00, 0x40, 0x00, 0x00, 0x3B, 0x00, 0x12, 0x3B, 0x65, 0x01, 0x40, 0x6D, 0x01, 0x43, 0x6E, 0x08,
    0x3B, 0x00, 0x02, 0x40, 0x00, 0x02, 0x43, 0x00, 0x10, 0x3B, 0x6C, 0x01, 0x40, 0x6E, 0x01, 0x43,
    0x6F, 0x09, 0x40, 0x00, 0x02, 0x3B, 0x00, 0x02, 0x43, 0x00, 0x2D, 0x3B, 0x6E, 0x01, 0x40, 0x70,
    0x01, 0x43, 0x6E, 0x09, 0x3B, 0x00, 0x02, 0x40, 0x00, 0x02, 0x43, 0x00, 0x2D, 0x3B, 0x6C, 0x01,
    0x40, 0x6E, 0x01, 0x43, 0x6E, 0x0A, 0x3B, 0x00, 0x02, 0x40, 0x00, 0x02, 0x43, 0x00, 0x2C, 0x3B,
    0x6D, 0x01, 0x40, 0x70, 0x01, 0x43, 0x6E, 0x0A, 0x3B, 0x00, 0x01, 0x40, 0x00, 0x02, 0x43, 0x00,
    0x2D, 0x3B, 0x6C, 0x01, 0x40, 0x6D, 0x01, 0x43, 0x6F, 0x0A, 0x3B, 0x00, 0x02, 0x40, 0x00, 0x03,
    0x43, 0x00, 0x2B, 0x3B, 0x6D, 0x01, 0x40, 0x6E, 0x01, 0x43, 0x6E, 0x0C, 0x3B, 0x00, 0x02, 0x40,
    0x00, 0x01, 0x43, 0x00, 0x29, 0xBC, 0x40, 0x00, 0x02, 0x9C, 0x3B, 0x70, 0x00, 0xBC, 0x40, 0x7F,
    0x01, 0x9C, 0x3E, 0x71, 0x01, 0x42, 0x6F, 0x0B, 0x3B, 0x00, 0x01, 0x42, 0x00, 0x01, 0x3E, 0x00,
    0x2D, 0x3B, 0x6D, 0x01, 0x3E, 0x6F, 0x01, 0x42, 0x6E, 0x07, 0x3B, 0x00, 0x01, 0x3E, 0x00, 0x01,
    0x42, 0x00, 0x13, 0x3B, 0x6B, 0x01, 0x3E, 0x6E, 0x01, 0x42, 0x6A, 0x08, 0x3B, 0x00, 0x02, 0x42,
    0x00, 0x01, 0x3E, 0x00, 0x11, 0x3B, 0x6C, 0x01, 0x3E, 0x6F, 0x01, 0x42, 0x6C, 0x0A, 0x3B, 0x00,
    0x01, 0x3E, 0x00, 0x02, 0x42, 0x00, 0x2D, 0x3B, 0x6D, 0x01, 0x3E, 0x70, 0x01, 0x42, 0x6E, 0x0A,
    0x3B, 0x00, 0x01, 0x3E, 0x00, 0x02, 0x42, 0x00, 0x2D, 0x3B, 0x6D, 0x01, 0x3E, 0x70, 0x01, 0x42,
    0x6E, 0x09, 0x3B, 0x00, 0x02, 0x3E, 0x00, 0x02, 0x42, 0x00, 0x2D, 0x3B, 0x6E, 0x01, 0x3E, 0x6F,
    0x01, 0x42, 0x6E, 0x09, 0x3E, 0x00, 0x00, 0x3B, 0x00, 0x03, 0x42, 0x00, 0x2E, 0x3B, 0x70, 0x01,
    0x3E, 0x70, 0x01, 0x42, 0x6E, 0x09, 0x3E, 0x00, 0x00, 0x3B, 0x00, 0x01, 0x42, 0x00, 0x30, 0x3B,
    0x70, 0x01, 0x3E, 0x70, 0x01, 0x42, 0x6E, 0x0A, 0x3E, 0x00, 0x02, 0x3B, 0x00, 0x01, 0x42, 0x00,
    0x2B, 0xBC, 0x40, 0x00, 0x02, 0x40, 0x7F, 0x00, 0x9C, 0x3C, 0x6D, 0x01, 0x40, 0x6D, 0x01, 0x43,
    0x6E, 0x0D, 0x3C, 0x00, 0x01, 0x40, 0x00, 0x02, 0x43, 0x00, 0x2A, 0x3C, 0x6B, 0x01, 0x40, 0x6D,
    0x01, 0x43, 0x6D, 0x09, 0x3C, 0x00, 0x01, 0x40, 0x00, 0x01, 0x43, 0x00, 0x11, 0x3C, 0x6B, 0x01,
    0x40, 0x6C, 0x01, 0x43, 0x6E, 0x09, 0x3C, 0x00, 0x02, 0x40, 0x00, 0x01, 0x43, 0x00, 0x10, 0x3C,
    0x6D, 0x01, 0x40, 0x6F, 0x01, 0x43, 0x6F, 0x0C, 0x3C, 0x00, 0x02, 0x40, 0x00, 0x01, 0x43, 0x00,
    0x2B, 0x3C, 0x6E, 0x01, 0x40, 0x70, 0x01, 0x43, 0x6E, 0x0A, 0x3C, 0x00, 0x01, 0x43, 0x00, 0x00,
    0x40, 0x00, 0x2F, 0x3C, 0x6E, 0x01, 0x40, 0x70, 0x01, 0x43, 0x6D, 0x0A, 0x43, 0x00, 0x00, 0x3C,
    0x00, 0x01, 0x40, 0x00, 0x2F, 0x3C, 0x6E, 0x01, 0x40, 0x70, 0x01, 0x43, 0x6D, 0x09, 0x43, 0x00,
    0x02, 0x40, 0x00, 0x00, 0x3C, 0x00, 0x2F, 0x3C, 0x6E, 0x01, 0x40, 0x6E, 0x01, 0x43, 0x6E, 0x0B,
    0x40, 0x00, 0x00, 0x3C, 0x00, 0x03, 0x43, 0x00, 0x2C, 0x3C, 0x6E, 0x01, 0x40, 0x70, 0x01, 0x43,
    0x6E, 0x0E, 0x43, 0x00, 0x00, 0x40, 0x00, 0x00, 0x3C, 0x00, 0x2A, 0xBC, 0x40, 0x00, 0x02, 0x9C,
    0x3B, 0x6E, 0x00, 0xBC, 0x40, 0x7F, 0x01, 0x9C, 0x3E, 0x6E, 0x01, 0x43, 0x6E, 0x0B, 0x3E, 0x00,
    0x02, 0x3B, 0x00, 0x01, 0x43, 0x00, 0x2C, 0x3B, 0x6D, 0x01, 0x3E, 0x6E, 0x01, 0x43, 0x6B, 0x09,
    0x43, 0x00, 0x00, 0x3E, 0x00, 0x02, 0x3B, 0x00, 0x11, 0x3B, 0x6C, 0x01, 0x3E, 0x6C, 0x01, 0x43,
    0x6D, 0x09, 0x3E, 0x00, 0x01, 0x3B, 0x00, 0x01, 0x43, 0x00, 0x11, 0x3B, 0x6D, 0x01, 0x3E, 0x6E,
    0x01, 0x43, 0x70, 0x0A, 0x3E, 0x00, 0x02, 0x3B, 0x00, 0x03, 0x43, 0x00, 0x2B, 0x3B, 0x6D, 0x01,
    0x3E, 0x6F, 0x01, 0x43, 0x6D, 0x0C, 0x43, 0x00, 0x01, 0x3B, 0x00, 0x01, 0x3E, 0x00, 0x2C, 0x3B,
    0x6D, 0x01, 0x3E, 0x70, 0x01, 0x43, 0x6D, 0x0B, 0x3B, 0x00, 0x01, 0x3E, 0x00, 0x02, 0x43, 0x00,
    0x2C, 0x3B, 0x6C, 0x01, 0x3E, 0x70, 0x01, 0x43, 0x6D, 0x0B, 0x3B, 0x00, 0x01, 0x3E, 0x00, 0x01,
    0x43, 0x00, 0x2D, 0x3B, 0x6D, 0x01, 0x3E, 0x70, 0x01, 0x43, 0x6E, 0x0B, 0x3B, 0x00, 0x02, 0x3E,
    0x00, 0x01, 0x43, 0x00, 0x2C, 0x3B, 0x6E, 0x01, 0x3E, 0x6D, 0x01, 0x43, 0x6E, 0x0B, 0x3E, 0x00,
    0x00, 0x3B, 0x00, 0x05, 0x43, 0x00, 0x28, 0xBC, 0x40, 0x00, 0x02, 0x40, 0x7F, 0x00, 0x9C, 0x3B,
    0x6D, 0x01, 0x40, 0x6F, 0x01, 0x43, 0x6E, 0x0B, 0x3B, 0x00, 0x02, 0x40, 0x00, 0x02, 0x43, 0x00,
    0x2B, 0x3B, 0x6B, 0x01, 0x40, 0x6E, 0x01, 0x43, 0x6C, 0x0A, 0x43, 0x00, 0x00, 0x40, 0x00, 0x00,
    0x3B, 0x00, 0x12, 0x3B, 0x65, 0x01, 0x40, 0x6D, 0x01, 0x43, 0x6E, 0x08, 0x3B, 0x00, 0x02, 0x40,
    0x00, 0x02, 0x43, 0x00, 0x10, 0x3B, 0x6C, 0x01, 0x40, 0x6E, 0x01, 0x43, 0x6F, 0x09, 0x40, 0x00,
    0x02, 0x3B, 0x00, 0x02, 0x43, 0x00, 0x2D, 0x3B, 0x6E, 0x01, 0x40, 0x70, 0x01, 0x43, 0x6E, 0x09,
    0x3B, 0x00, 0x02, 0x40, 0x00, 0x02, 0x43, 0x00, 0x2D, 0x3B, 0x6C, 0x01, 0x40, 0x6E, 0x01, 0x43,
    0x6E, 0x0A, 0x3B, 0x00, 0x02, 0x40, 0x00, 0x02, 0x43, 0x00, 0x2C, 0x3B, 0x6D, 0x01, 0x40, 0x70,
    0x01, 0x43, 0x6E, 0x0A, 0x3B, 0x00, 0x01, 0x40, 0x00, 0x02, 0x43, 0x00, 0x2D, 0x3B, 0x6C, 0x01,
    0x40, 0x6D, 0x01, 0x43, 0x6F, 0x0A, 0x3B, 0x00, 0x02, 0x40, 0x00, 0x03, 0x43, 0x00, 0x2B, 0x3B,
    0x6D, 0x01, 0x40, 0x6E, 0x01, 0x43, 0x6E, 0x0C, 0x3B, 0x00, 0x02, 0x40, 0x00, 0x01, 0x43, 0x00,
    0x29, 0xBC, 0x40, 0x00, 0x02, 0x40, 0x7F, 0x00, 0x9C, 0x3B, 0x70, 0x01, 0x3E, 0x71, 0x01, 0x42,
    0x6F, 0x0B, 0x3B, 0x00, 0x01, 0x42, 0x00, 0x01, 0x3E, 0x00, 0x2D, 0x3B, 0x6D, 0x01, 0x3E, 0x6F,
    0x01, 0x42, 0x6E, 0x07, 0x3B, 0x00, 0x01, 0x3E, 0x00, 0x01, 0x42, 0x00, 0x13, 0x3B, 0x6B, 0x01,
    0x3E, 0x6E, 0x01, 0x42, 0x6A, 0x08, 0x3B, 0x00, 0x02, 0x42, 0x00, 0x01, 0x3E, 0x00, 0x11, 0x3B,
    0x6C, 0x01, 0x3E, 0x6F, 0x01, 0x42, 0x6C, 0x0A, 0x3B, 0x00, 0x01, 0x3E, 0x00, 0x02, 0x42, 0x00,
    0x2D, 0x3B, 0x6D, 0x01, 0x3E, 0x70, 0x01, 0x42, 0x6E, 0x0A, 0x3B, 0x00, 0x01, 0x3E, 0x00, 0x02,
    0x42, 0x00, 0x2D, 0x3B, 0x6D, 0x01, 0x3E, 0x70, 0x01, 0x42, 0x6E, 0x09, 0x3B, 0x00, 0x02, 0x3E,
    0x00, 0x02, 0x42, 0x00, 0x2D, 0x3B, 0x6E, 0x01, 0x3E, 0x6F, 0x01, 0x42, 0x6E, 0x09, 0x3E, 0x00,
    0x00, 0x3B, 0x00, 0x03, 0x42, 0x00, 0x2E, 0x3B, 0x70, 0x01, 0x3E, 0x70, 0x01, 0x42, 0x6E, 0x09,
    0x3E, 0x00, 0x00, 0x3B, 0x00, 0x01, 0x42, 0x00, 0x30, 0x3B, 0x70, 0x01, 0x3E, 0x70, 0x01, 0x42,
    0x6E, 0x0A, 0x3E, 0x00, 0x02, 0x3B, 0x00, 0x01, 0x42, 0x00, 0x2B, 0xBC, 0x40, 0x00, 0x02, 0x9C,
    0x3C, 0x6F, 0x00, 0xBC, 0x40, 0x7F, 0x01, 0x9C, 0x40, 0x6F, 0x01, 0x43, 0x6E, 0x0B, 0x40, 0x00,
    0x02, 0x3C, 0x00, 0x01, 0x43, 0x00, 0x2C, 0x3C, 0x6D, 0x01, 0x40, 0x70, 0x01, 0x43, 0x6D, 0x09,
    0x43, 0x00, 0x00, 0x3C, 0x00, 0x02, 0x40, 0x00, 0x11, 0x3C, 0x6B, 0x01, 0x40, 0x6E, 0x01, 0x43,
    0x6E, 0x09, 0x3C, 0x00, 0x02, 0x40, 0x00, 0x02, 0x43, 0x00, 0x0F, 0x3C, 0x6D, 0x01, 0x40, 0x6F,
    0x01, 0x43, 0x6F, 0x0B, 0x3C, 0x00, 0x01, 0x43, 0x00, 0x00, 0x40, 0x00, 0x2E, 0x3C, 0x6E, 0x01,
    0x40, 0x70, 0x01, 0x43, 0x6D, 0x0A, 0x3C, 0x00, 0x02, 0x43, 0x00, 0x00, 0x40, 0x00, 0x2E, 0x3C,
    0x6D, 0x01, 0x40, 0x6E, 0x01, 0x43, 0x6E, 0x0C, 0x40, 0x00, 0x01, 0x3C, 0x00, 0x01, 0x43, 0x00,
    0x2C, 0x3C, 0x6C, 0x01, 0x40, 0x6F, 0x01, 0x43, 0x6E, 0x0C, 0x3C, 0x00, 0x01, 0x40, 0x00, 0x01,
    0x43, 0x00, 0x2C, 0x3C, 0x6E, 0x01, 0x40, 0x70, 0x01, 0x43, 0x6E, 0x0C, 0x40, 0x00, 0x00, 0x3C,
    0x00, 0x02, 0x43, 0x00, 0x2C, 0x3C, 0x6E, 0x01, 0x40, 0x6F, 0x01, 0x43, 0x6E, 0x0C, 0x40, 0x00,
    0x00, 0x3C, 0x00, 0x02, 0x43, 0x00, 0x2A, 0xBC, 0x40, 0x00, 0x02, 0x40, 0x7F, 0x00, 0x9C, 0x3B,
    0x6E, 0x01, 0x3F, 0x6D, 0x01, 0x42, 0x6E, 0x0F, 0x3B, 0x00, 0x01, 0x3F, 0x00, 0x02, 0x42, 0x00,
    0x28, 0x3B, 0x6E, 0x01, 0x3F, 0x6E, 0x01, 0x42, 0x6C, 0x0A, 0x42, 0x00, 0x00, 0x3F, 0x00, 0x00,
    0x3B, 0x00, 0x12, 0x3B, 0x6C, 0x01, 0x3F, 0x6D, 0x01, 0x42, 0x6D, 0x07, 0x3B, 0x00, 0x04, 0x42,
    0x00, 0x00, 0x3F, 0x00, 0x11, 0x3B, 0x6D, 0x01, 0x3F, 0x6B, 0x01, 0x42, 0x6C, 0x0D, 0x3F, 0x00,
    0x01, 0x3B, 0x00, 0x01, 0x42, 0x00, 0x2B, 0x3B, 0x6C, 0x01, 0x3F, 0x6D, 0x01, 0x42, 0x6A, 0x0C,
    0x3B, 0x00, 0x01, 0x42, 0x00, 0x00, 0x3F, 0x00, 0x2D, 0x3B, 0x6E, 0x01, 0x3F, 0x6E, 0x01, 0x42,
    0x6D, 0x0B, 0x3B, 0x00, 0x01, 0x3F, 0x00, 0x02, 0x42, 0x00, 0x2C, 0x3B, 0x6D, 0x01, 0x3F, 0x6D,
    0x01, 0x42, 0x6D, 0x0A, 0x3B, 0x00, 0x02, 0x3F, 0x00, 0x02, 0x42, 0x00, 0x2C, 0x3B, 0x6E, 0x01,
    0x3F, 0x6E, 0x01, 0x42, 0x6E, 0x0C, 0x3B, 0x00, 0x01, 0x3F, 0x00, 0x02, 0x42, 0x00, 0x2B, 0x3B,
    0x70, 0x01, 0x3F, 0x6D, 0x01, 0x42, 0x6E, 0x0C, 0x3F, 0x00, 0x00, 0x3B, 0x00, 0x04, 0x42, 0x00,
    0x28, 0xBC, 0x40, 0x00, 0x02, 0x9C, 0x3B, 0x6D, 0x00, 0xBC, 0x40, 0x7F, 0x01, 0x9C, 0x40, 0x6F,
    0x01, 0x43, 0x6E, 0x0A, 0x3B, 0x00, 0x02, 0x40, 0x00, 0x01, 0x43, 0x00, 0x69, 0x3B, 0x6D, 0x01,
    0x40, 0x6D, 0x01, 0x43, 0x6E, 0x0D, 0x40, 0x00, 0x00, 0x3B, 0x00, 0x02, 0x43, 0x00, 0x67, 0x3B,
    0x6D, 0x01, 0x3E, 0x6C, 0x01, 0x40, 0x6D, 0x01, 0x43, 0x6E, 0x0B, 0x3B, 0x00, 0x01, 0x3E, 0x00,
    0x00, 0x40, 0x00, 0x01, 0x43, 0x00, 0x68, 0x3B, 0x6D, 0x01, 0x3E, 0x6D, 0x01, 0x40, 0x6D, 0x01,
    0x43, 0x6E, 0x0B, 0x3E, 0x00, 0x00, 0x3B, 0x00, 0x01, 0x40, 0x00, 0x03, 0x43, 0x00, 0x64, 0xBC,
    0x40, 0x00, 0x02, 0x40, 0x7F, 0x00, 0x9C, 0x3D, 0x6A, 0x01, 0x40, 0x6E, 0x01, 0x43, 0x6E, 0x10,
    0x3D, 0x00, 0x01, 0x40, 0x00, 0x06, 0x43, 0x00, 0x83, 0x45, 0xBC, 0x40, 0x00, 0x02, 0x9C, 0x39,
    0x6E, 0x00, 0xBC, 0x40, 0x7F, 0x01, 0x9C, 0x3C, 0x6E, 0x01, 0x40, 0x70, 0x23, 0x39, 0x00, 0x02,
    0x3C, 0x00, 0x03, 0x40, 0x00, 0x81, 0x44, 0xBC, 0x40, 0x00, 0x02, 0x9C, 0x32, 0x70, 0x00, 0xBC,
    0x40, 0x7F, 0x01, 0x9C, 0x36, 0x6B, 0x01, 0x39, 0x70, 0x01, 0x3F, 0x6C, 0x7D, 0x39, 0x00, 0x01,
    0x32, 0x00, 0x01, 0x36, 0x00, 0x01, 0x3F, 0x00, 0x6B, 0xBC, 0x40, 0x00, 0x02, 0x40, 0x7F, 0x00,
    0x9C, 0x3B, 0x6E, 0x01, 0x3E, 0x6D, 0x01, 0x43, 0x6E, 0x0C, 0x3E, 0x00, 0x00, 0x3B, 0x00, 0x03,
    0x43, 0x00, 0x2B, 0x3B, 0x6A, 0x01, 0x3E, 0x6A, 0x01, 0x43, 0x6C, 0x0B, 0x3B, 0x00, 0x01, 0x3E,
    0x00, 0x01, 0x43, 0x00, 0x2D, 0x3B, 0x6A, 0x01, 0x3E, 0x69, 0x01, 0x43, 0x6D, 0x0B, 0x3B, 0x00,
    0x02, 0x3E, 0x00, 0x01, 0x43, 0x00, 0x2C, 0x3B, 0x6B, 0x01, 0x3E, 0x6B, 0x01, 0x43, 0x6C, 0x0D,
    0x3E, 0x00, 0x01, 0x3B, 0x00, 0x01, 0x43, 0x00, 0x2B, 0x3B, 0x6B, 0x01, 0x3E, 0x6E, 0x01, 0x42,
    0x6E, 0x0D, 0x3B, 0x00, 0x01, 0x42, 0x00, 0x01, 0x3E, 0x00, 0x2B, 0x3B, 0x6B, 0x01, 0x3E, 0x6C,
    0x01, 0x42, 0x66, 0x0B, 0x3E, 0x00, 0x01, 0x3B, 0x00, 0x01, 0x42, 0x00, 0x2D, 0x3B, 0x6C, 0x01,
    0x3E, 0x6C, 0x01, 0x42, 0x66, 0x0B, 0x3E, 0x00, 0x01, 0x3B, 0x00, 0x01, 0x42, 0x00, 0x2D, 0x3B,
    0x6B, 0x01, 0x3E, 0x6B, 0x01, 0x42, 0x69, 0x0C, 0x3B, 0x00, 0x01, 0x3E, 0x00, 0x06, 0x42, 0x00,
    0x25, 0xBC, 0x40, 0x00, 0x02, 0x9C, 0x3B, 0x6C, 0x01, 0x3E, 0x6F, 0x01, 0x41, 0x6C, 0x1A, 0x3B,
    0x00, 0x01, 0x3E, 0x00, 0x01, 0x41, 0x00, 0x83, 0x42, 0xBC, 0x40, 0x7F, 0x00, 0x9C, 0x3C, 0x6C,
    0x01, 0x40, 0x6F, 0x01, 0x43, 0x6E, 0x0B, 0x3C, 0x00, 0x01, 0x40, 0x00, 0x01, 0x43, 0x00, 0x2D,
    0x3C, 0x6A, 0x01, 0x40, 0x6D, 0x01, 0x43, 0x6D, 0x0A, 0x3C, 0x00, 0x02, 0x40, 0x00, 0x02, 0x43,
    0x00, 0x2C, 0x3C, 0x6C, 0x01, 0x40, 0x6C, 0x01, 0x43, 0x6C, 0x0A, 0x40, 0x00, 0x01, 0x3C, 0x00,
    0x05, 0x43, 0x00, 0x2A, 0x3C, 0x6B, 0x01, 0x40, 0x6C, 0x01, 0x43, 0x6D, 0x0B, 0x3C, 0x00, 0x01,
    0x40, 0x00, 0x01, 0x43, 0x00, 0x2D, 0x3C, 0x6B, 0x01, 0x40, 0x6D, 0x01, 0x43, 0x6D, 0x0B, 0x3C,
    0x00, 0x02, 0x43, 0x00, 0x00, 0x40, 0x00, 0x2D, 0x3C, 0x6B, 0x01, 0x40, 0x6E, 0x01, 0x43, 0x6D,
    0x0B, 0x3C, 0x00, 0x01, 0x40, 0x00, 0x01, 0x43, 0x00, 0x2D, 0x3C, 0x6C, 0x01, 0x40, 0x6E, 0x01,
    0x43, 0x6C, 0x0A, 0x3C, 0x00, 0x02, 0x40, 0x00, 0x01, 0x43, 0x00, 0x2D, 0x3C, 0x6C, 0x01, 0x40,
    0x6E, 0x01, 0x43, 0x6D, 0x0D, 0x40, 0x00, 0x00, 0x3C, 0x00, 0x02, 0x43, 0x00, 0x29, 0xBC, 0x40,
    0x00, 0x02, 0x40, 0x7F, 0x00, 0x9C, 0x3C, 0x6D, 0x01, 0x3F, 0x6E, 0x01, 0x43, 0x6F, 0x0C, 0x3C,
    0x00, 0x01, 0x43, 0x00, 0x01, 0x3F, 0x00, 0x2C, 0x3C, 0x6C, 0x01, 0x3F, 0x6E, 0x01, 0x43, 0x6F,
    0x0A, 0x43, 0x00, 0x01, 0x3C, 0x00, 0x01, 0x3F, 0x00, 0x2E, 0x3C, 0x6C, 0x01, 0x3F, 0x6D, 0x01,
    0x43, 0x6E, 0x0B, 0x43, 0x00, 0x00, 0x3C, 0x00, 0x02, 0x3F, 0x00, 0x2D, 0x3C, 0x6E, 0x01, 0x3F,
    0x6E, 0x01, 0x43, 0x6F, 0x0A, 0x3F, 0x00, 0x00, 0x3C, 0x00, 0x02, 0x43, 0x00, 0x2E, 0x3C, 0x6C,
    0x01, 0x3F, 0x6D, 0x01, 0x43, 0x6E, 0x0A, 0x3C, 0x00, 0x02, 0x43, 0x00, 0x01, 0x3F, 0x00, 0x2D,
    0x3C, 0x6D, 0x01, 0x3F, 0x6D, 0x01, 0x43, 0x6D, 0x0A, 0x43, 0x00, 0x02, 0x3C, 0x00, 0x01, 0x3F,
    0x00, 0x2D, 0x3C, 0x6C, 0x01, 0x3F, 0x6D, 0x01, 0x43, 0x6D, 0x0B, 0x43, 0x00, 0x00, 0x3C, 0x00,
    0x02, 0x3F, 0x00, 0x2D, 0x3C, 0x6C, 0x01, 0x3F, 0x6C, 0x01, 0x43, 0x6D, 0x0C, 0x3C, 0x00, 0x02,
    0x3F, 0x00, 0x01, 0x43, 0x00, 0x29, 0xBC, 0x40, 0x00, 0x02, 0x9C, 0x3B, 0x6E, 0x00, 0xBC, 0x40,
    0x7F, 0x01, 0x9C, 0x3E, 0x6F, 0x01, 0x42, 0x6C, 0x0B, 0x3B, 0x00, 0x01, 0x3E, 0x00, 0x04, 0x42,
    0x00, 0x2A, 0x3B, 0x6C, 0x01, 0x3E, 0x6C, 0x01, 0x42, 0x67, 0x0A, 0x3E, 0x00, 0x03, 0x3B, 0x00,
    0x03, 0x42, 0x00, 0x2A, 0x3B, 0x6E, 0x01, 0x3E, 0x6F, 0x01, 0x42, 0x6B, 0x0C, 0x3B, 0x00, 0x01,
    0x3E, 0x00, 0x01, 0x42, 0x00, 0x2C, 0x3B, 0x6D, 0x01, 0x3E, 0x6F, 0x01, 0x42, 0x6B, 0x0C, 0x3B,
    0x00, 0x01, 0x42, 0x00, 0x00, 0x3E, 0x00, 0x2D, 0x3B, 0x6D, 0x01, 0x3E, 0x6F, 0x01, 0x42, 0x6B,
    0x0D, 0x3B, 0x00, 0x01, 0x42, 0x00, 0x00, 0x3E, 0x00, 0x2C, 0x3B, 0x6E, 0x01, 0x3E, 0x71, 0x01,
    0x42, 0x6B, 0x0B, 0x3B, 0x00, 0x02, 0x42, 0x00, 0x00, 0x3E, 0x00, 0x2D, 0x3B, 0x6C, 0x01, 0x3E,
    0x6F, 0x01, 0x42, 0x6C, 0x0C, 0x3B, 0x00, 0x03, 0x3E, 0x00, 0x01, 0x42, 0x00, 0x2A, 0x3B, 0x6E,
    0x01, 0x3E, 0x70, 0x01, 0x42, 0x6D, 0x0C, 0x3B, 0x00, 0x01, 0x3E, 0x00, 0x01, 0x42, 0x00, 0x2A,
    0xBC, 0x40, 0x00, 0x02, 0x40, 0x7F, 0x00, 0x9C, 0x38, 0x70, 0x01, 0x3B, 0x6D, 0x01, 0x42, 0x70,
    0x0F, 0x3B, 0x00, 0x02, 0x38, 0x00, 0x01, 0x42, 0x00, 0x28, 0x38, 0x6C, 0x01, 0x3B, 0x6D, 0x01,
    0x42, 0x6F, 0x0C, 0x3B, 0x00, 0x02, 0x42, 0x00, 0x02, 0x38, 0x00, 0x2A, 0x38, 0x6D, 0x01, 0x3B,
    0x6D, 0x01, 0x42, 0x6E, 0x0B, 0x3B, 0x00, 0x03, 0x42, 0x00, 0x01, 0x38, 0x00, 0x2B, 0x38, 0x6F,
    0x01, 0x3B, 0x6E, 0x01, 0x42, 0x6C, 0x0D, 0x3B, 0x00, 0x03, 0x42, 0x00, 0x01, 0x38, 0x00, 0x29,
    0x38, 0x6C, 0x01, 0x3B, 0x6C, 0x01, 0x40, 0x6D, 0x0F, 0x3B, 0x00, 0x01, 0x38, 0x00, 0x01, 0x40,
    0x00, 0x29, 0x38, 0x6B, 0x01, 0x3B, 0x6D, 0x01, 0x40, 0x70, 0x0C, 0x3B, 0x00, 0x01, 0x40, 0x00,
    0x01, 0x38, 0x00, 0x2C, 0x38, 0x6E, 0x01, 0x3B, 0x6E, 0x01, 0x40, 0x70, 0x0D, 0x40, 0x00, 0x00,
    0x3B, 0x00, 0x02, 0x38, 0x00, 0x2B, 0x38, 0x6E, 0x01, 0x3B, 0x6F, 0x01, 0x40, 0x70, 0x0D, 0x38,
    0x00, 0x01, 0x40, 0x00, 0x00, 0x3B, 0x00, 0x2A, 0xBC, 0x40, 0x00, 0x02, 0x40, 0x7F, 0x00, 0x9C,
    0x39, 0x6E, 0x01, 0x3C, 0x6F, 0x01, 0x40, 0x6F, 0x0D, 0x3C, 0x00, 0x01, 0x39, 0x00, 0x02, 0x40,
    0x00, 0x2A, 0x39, 0x6B, 0x01, 0x3C, 0x6E, 0x01, 0x40, 0x6E, 0x0C, 0x40, 0x00, 0x00, 0x39, 0x00,
    0x01, 0x3C, 0x00, 0x2D, 0x39, 0x6C, 0x01, 0x3C, 0x6B, 0x01, 0x40, 0x6E, 0x0B, 0x3C, 0x00, 0x02,
    0x39, 0x00, 0x01, 0x40, 0x00, 0x2C, 0x39, 0x6C, 0x01, 0x3C, 0x6D, 0x01, 0x40, 0x6D, 0x0D, 0x3C,
    0x00, 0x00, 0x39, 0x00, 0x01, 0x40, 0x00, 0x2C, 0x39, 0x6B, 0x01, 0x3C, 0x6C, 0x01, 0x40, 0x6E,
    0x0D, 0x39, 0x00, 0x02, 0x40, 0x00, 0x00, 0x3C, 0x00, 0x2B, 0x39, 0x6E, 0x01, 0x3C, 0x6F, 0x01,
    0x40, 0x6F, 0x0D, 0x3C, 0x00, 0x01, 0x40, 0x00, 0x00, 0x39, 0x00, 0x2C, 0x39, 0x6D, 0x01, 0x3C,
    0x6F, 0x01, 0x40, 0x6E, 0x0C, 0x39, 0x00, 0x01, 0x40, 0x00, 0x00, 0x3C, 0x00, 0x2D, 0x39, 0x6D,
    0x01, 0x3C, 0x70, 0x01, 0x40, 0x6E, 0x0D, 0x39, 0x00, 0x01, 0x3C, 0x00, 0x01, 0x40, 0x00, 0x29,
    0xBC, 0x40, 0x00, 0x02, 0x40, 0x7F, 0x00, 0x9C, 0x39, 0x6E, 0x01, 0x3D, 0x6D, 0x01, 0x40, 0x6F,
    0x0D, 0x3D, 0x00, 0x00, 0x39, 0x00, 0x01, 0x40, 0x00, 0x2C, 0x39, 0x6D, 0x01, 0x3D, 0x6C, 0x01,
    0x40, 0x6E, 0x0B, 0x40, 0x00, 0x00, 0x3D, 0x00, 0x01, 0x39, 0x00, 0x2E, 0x39, 0x6D, 0x01, 0x3D,
    0x6D, 0x01, 0x40, 0x6F, 0x0C, 0x40, 0x00, 0x00, 0x3D, 0x00, 0x00, 0x39, 0x00, 0x2E, 0x39, 0x6D,
    0x01, 0x3D, 0x6D, 0x01, 0x40, 0x6E, 0x0B, 0x40, 0x00, 0x00, 0x3D, 0x00, 0x00, 0x39, 0x00, 0x2F,
    0x39, 0x6D, 0x01, 0x3D, 0x6E, 0x01, 0x40, 0x70, 0x0A, 0x3D, 0x00, 0x00, 0x39, 0x00, 0x02, 0x40,
    0x00, 0x2E, 0x39, 0x6C, 0x01, 0x3D, 0x6D, 0x01, 0x40, 0x6D, 0x09, 0x40, 0x00, 0x01, 0x39, 0x00,
    0x02, 0x3D, 0x00, 0x2E, 0x39, 0x6C, 0x01, 0x3D, 0x6D, 0x01, 0x40, 0x6F, 0x0B, 0x39, 0x00, 0x01,
    0x40, 0x00, 0x01, 0x3D, 0x00, 0x2D, 0x39, 0x6E, 0x01, 0x3D, 0x6F, 0x01, 0x40, 0x70, 0x0A, 0x39,
    0x00, 0x01, 0x3D, 0x00, 0x02, 0x40, 0x00, 0x2B, 0xBC, 0x40, 0x00, 0x02, 0x40, 0x7F, 0x00, 0x9C,
    0x39, 0x6F, 0x01, 0x3C, 0x70, 0x01, 0x40, 0x70, 0x0D, 0x3C, 0x00, 0x01, 0x40, 0x00, 0x00, 0x39,
    0x00, 0x4A, 0x39, 0x70, 0x01, 0x3C, 0x71, 0x01, 0x40, 0x6F, 0x0C, 0x39, 0x00, 0x01, 0x40, 0x00,
    0x00, 0x3C, 0x00, 0x4B, 0x39, 0x70, 0x01, 0x3C, 0x70, 0x01, 0x40, 0x6F, 0x0C, 0x3C, 0x00, 0x00,
    0x39, 0x00, 0x03, 0x40, 0x00, 0x2B, 0x39, 0x6F, 0x01, 0x3C, 0x6F, 0x01, 0x40, 0x70, 0x0B, 0x3C,
    0x00, 0x01, 0x39, 0x00, 0x02, 0x40, 0x00, 0x4A, 0x39, 0x70, 0x01, 0x3C, 0x71, 0x01, 0x40, 0x70,
    0x0B, 0x39, 0x00, 0x01, 0x3C, 0x00, 0x02, 0x40, 0x00, 0x4A, 0x39, 0x71, 0x01, 0x3C, 0x71, 0x01,
    0x40, 0x70, 0x0B, 0x3C, 0x00, 0x01, 0x39, 0x00, 0x02, 0x40, 0x00, 0x2A, 0xBC, 0x40, 0x00, 0x02,
    0x9C, 0x39, 0x70, 0x00, 0xBC, 0x40, 0x7F, 0x01, 0x9C, 0x3E, 0x70, 0x01, 0x43, 0x6F, 0x0F, 0x39,
    0x00, 0x02, 0x3E, 0x00, 0x03, 0x43, 0x00, 0x62, 0x39, 0x70, 0x01, 0x3E, 0x6E, 0x01, 0x43, 0x6F,
    0x0B, 0x39, 0x00, 0x01, 0x3E, 0x00, 0x06, 0x43, 0x00, 0x64, 0x39, 0x70, 0x01, 0x3E, 0x70, 0x01,
    0x42, 0x6F, 0x0C, 0x39, 0x00, 0x02, 0x3E, 0x00, 0x01, 0x42, 0x00, 0x81, 0x5D, 0xBC, 0x40, 0x00,
    0x02, 0x40, 0x7F, 0x00, 0x9C, 0x3E, 0x6B, 0x01, 0x42, 0x6B, 0x01, 0x47, 0x6B, 0x07, 0x42, 0x00,
    0x03, 0x47, 0x00, 0x00, 0x3E, 0x00, 0x12, 0x3E, 0x6B, 0x01, 0x42, 0x68, 0x01, 0x47, 0x6E, 0x07,
    0x42, 0x00, 0x04, 0x47, 0x00, 0x01, 0x3E, 0x00, 0x10, 0x3E, 0x6C, 0x01, 0x42, 0x6B, 0x01, 0x47,
    0x6F, 0x09, 0x47, 0x00, 0x00, 0x42, 0x00, 0x00, 0x3E, 0x00, 0x13, 0x3E, 0x6C, 0x01, 0x42, 0x6A,
    0x01, 0x47, 0x6F, 0x09, 0x42, 0x00, 0x01, 0x3E, 0x00, 0x01, 0x47, 0x00, 0x6B, 0x3E, 0x6C, 0x01,
    0x42, 0x6D, 0x01, 0x47, 0x6E, 0x0A, 0x3E, 0x00, 0x01, 0x42, 0x00, 0x04, 0x47, 0x00, 0x2B, 0x3E,
    0x6D, 0x01, 0x42, 0x6E, 0x01, 0x47, 0x6F, 0x08, 0x42, 0x00, 0x02, 0x3E, 0x00, 0x02, 0x47, 0x00,
    0x6A, 0x3E, 0x6F, 0x01, 0x42, 0x6E, 0x01, 0x47, 0x6D, 0x08, 0x42, 0x00, 0x00, 0x3E, 0x00, 0x02,
    0x47, 0x00, 0x12, 0x3E, 0x6C, 0x01, 0x42, 0x6B, 0x01, 0x47, 0x6F, 0x0B, 0x3E, 0x00, 0x01, 0x42,
    0x00, 0x02, 0x47, 0x00, 0x2A, 0xBC, 0x40, 0x00, 0x02, 0x9C, 0x3E, 0x6E, 0x00, 0xBC, 0x40, 0x7F,
    0x01, 0x9C, 0x42, 0x6E, 0x01, 0x47, 0x6D, 0x08, 0x47, 0x00, 0x00, 0x42, 0x00, 0x00, 0x3E, 0x00,
    0x14, 0x3E, 0x55, 0x01, 0x42, 0x5E, 0x01, 0x47, 0x6B, 0x06, 0x3E, 0x00, 0x02, 0x42, 0x00, 0x02,
    0x47, 0x00, 0x12, 0x3E, 0x69, 0x01, 0x42, 0x64, 0x01, 0x47, 0x6C, 0x09, 0x47, 0x00, 0x00, 0x42,
    0x00, 0x02, 0x3E, 0x00, 0x11, 0x3E, 0x6D, 0x01, 0x42, 0x6B, 0x01, 0x47, 0x6F, 0x08, 0x42, 0x00,
    0x03, 0x47, 0x00, 0x01, 0x3E, 0x00, 0x6A, 0x3E, 0x6E, 0x01, 0x42, 0x6E, 0x01, 0x47, 0x6E, 0x0B,
    0x42, 0x00, 0x00, 0x3E, 0x00, 0x02, 0x47, 0x00, 0x2D, 0x3E, 0x6E, 0x01, 0x42, 0x6E, 0x01, 0x47,
    0x6E, 0x0C, 0x47, 0x00, 0x00, 0x42, 0x00, 0x00, 0x3E, 0x00, 0x6A, 0x3E, 0x6D, 0x01, 0x42, 0x6E,
    0x01, 0x47, 0x6C, 0x08, 0x47, 0x00, 0x00, 0x42, 0x00, 0x00, 0x3E, 0x00, 0x14, 0x3E, 0x6D, 0x01,
    0x42, 0x6B, 0x01, 0x47, 0x6F, 0x11, 0x3E, 0x00, 0x01, 0x47, 0x00, 0x00, 0x42, 0x00, 0x26, 0xBC,
    0x40, 0x00, 0x02, 0x9C, 0x40, 0x6D, 0x00, 0xBC, 0x40, 0x7F, 0x01, 0x9C, 0x43, 0x6F, 0x01, 0x47,
    0x6D, 0x08, 0x40, 0x00, 0x01, 0x47, 0x00, 0x00, 0x43, 0x00, 0x13, 0x40, 0x6C, 0x01, 0x43, 0x6C,
    0x01, 0x47, 0x6D, 0x08, 0x43, 0x00, 0x04, 0x40, 0x00, 0x01, 0x47, 0x00, 0x0F, 0x40, 0x69, 0x01,
    0x43, 0x6A, 0x01, 0x47, 0x6A, 0x08, 0x43, 0x00, 0x01, 0x40, 0x00, 0x01, 0x47, 0x00, 0x12, 0x40,
    0x6D, 0x01, 0x43, 0x6F, 0x01, 0x47, 0x6F, 0x08, 0x43, 0x00, 0x03, 0x47, 0x00, 0x00, 0x40, 0x00,
    0x6B, 0x40, 0x6F, 0x01, 0x43, 0x6F, 0x01, 0x47, 0x6C, 0x0A, 0x43, 0x00, 0x00, 0x40, 0x00, 0x04,
    0x47, 0x00, 0x2C, 0x40, 0x6F, 0x01, 0x43, 0x71, 0x01, 0x47, 0x6C, 0x0A, 0x43, 0x00, 0x01, 0x40,
    0x00, 0x01, 0x47, 0x00, 0x6A, 0x40, 0x6D, 0x01, 0x43, 0x6F, 0x01, 0x47, 0x6B, 0x07, 0x43, 0x00,
    0x01, 0x47, 0x00, 0x00, 0x40, 0x00, 0x14, 0x40, 0x6F, 0x01, 0x43, 0x6F, 0x01, 0x47, 0x6F, 0x0C,
    0x43, 0x00, 0x01, 0x40, 0x00, 0x03, 0x47, 0x00, 0x28, 0xBC, 0x40, 0x00, 0x02, 0x9C, 0x3C, 0x6E,
    0x00, 0xBC, 0x40, 0x7F, 0x01, 0x9C, 0x40, 0x6F, 0x01, 0x45, 0x6B, 0x09, 0x40, 0x00, 0x01, 0x3C,
    0x00, 0x02, 0x45, 0x00, 0x10, 0x3C, 0x6B, 0x01, 0x40, 0x6E, 0x01, 0x45, 0x6D, 0x0A, 0x45, 0x00,
    0x00, 0x40, 0x00, 0x00, 0x3C, 0x00, 0x12, 0x3C, 0x6C, 0x01, 0x40, 0x70, 0x01, 0x45, 0x6F, 0x08,
    0x3C, 0x00, 0x01, 0x45, 0x00, 0x00, 0x40, 0x00, 0x13, 0x3C, 0x70, 0x01, 0x40, 0x70, 0x01, 0x45,
    0x6F, 0x08, 0x40, 0x00, 0x03, 0x3C, 0x00, 0x04, 0x45, 0x00, 0x65, 0xBC, 0x40, 0x00, 0x02, 0x9C,
    0x3E, 0x6B, 0x00, 0xBC, 0x40, 0x7F, 0x01, 0x9C, 0x42, 0x6C, 0x01, 0x45, 0x6E, 0x0D, 0x3E, 0x00,
    0x01, 0x42, 0x00, 0x01, 0x45, 0x00, 0x2B, 0x3E, 0x6F, 0x01, 0x42, 0x6F, 0x01, 0x45, 0x6F, 0x0A,
    0x45, 0x00, 0x00, 0x42, 0x00, 0x00, 0x3E, 0x00, 0x6C, 0x3E, 0x6D, 0x01, 0x42, 0x6E, 0x01, 0x45,
    0x6D, 0x08, 0x42, 0x00, 0x01, 0x3E, 0x00, 0x01, 0x45, 0x00, 0x12, 0x3E, 0x6D, 0x01, 0x42, 0x6C,
    0x01, 0x45, 0x6F, 0x0A, 0x42, 0x00, 0x03, 0x3E, 0x00, 0x02, 0x45, 0x00, 0x29, 0xBC, 0x40, 0x00,
    0x02, 0x40, 0x7F, 0x00, 0x9C, 0x3E, 0x6E, 0x01, 0x42, 0x6E, 0x01, 0x47, 0x6E, 0x0A, 0x42, 0x00,
    0x01, 0x47, 0x00, 0x00, 0x3E, 0x00, 0x11, 0x3E, 0x6B, 0x01, 0x42, 0x68, 0x01, 0x47, 0x6C, 0x0B,
    0x42, 0x00, 0x01, 0x47, 0x00, 0x00, 0x3E, 0x00, 0x10, 0x3E, 0x6B, 0x01, 0x42, 0x65, 0x01, 0x47,
    0x6E, 0x0A, 0x42, 0x00, 0x00, 0x3E, 0x00, 0x04, 0x47, 0x00, 0x0E, 0x3E, 0x6D, 0x01, 0x42, 0x6A,
    0x01, 0x47, 0x6F, 0x08, 0x42, 0x00, 0x02, 0x3E, 0x00, 0x01, 0x47, 0x00, 0x6B, 0x3E, 0x6F, 0x01,
    0x42, 0x6C, 0x01, 0x47, 0x6C, 0x09, 0x42, 0x00, 0x02, 0x47, 0x00, 0x01, 0x3E, 0x00, 0x2E, 0x3E,
    0x6E, 0x01, 0x42, 0x6E, 0x01, 0x47, 0x6F, 0x09, 0x42, 0x00, 0x01, 0x3E, 0x00, 0x02, 0x47, 0x00,
    0x6A, 0x3E, 0x6F, 0x01, 0x42, 0x6D, 0x01, 0x47, 0x6D, 0x09, 0x42, 0x00, 0x01, 0x3E, 0x00, 0x01,
    0x47, 0x00, 0x4B, 0xBC, 0x40, 0x00, 0x02, 0x40, 0x7F, 0x00, 0x9C, 0x40, 0x6E, 0x01, 0x43, 0x6F,
    0x01, 0x47, 0x6D, 0x09, 0x43, 0x00, 0x02, 0x47, 0x00, 0x00, 0x40, 0x00, 0x11, 0x40, 0x6B, 0x01,
    0x43, 0x6B, 0x01, 0x47, 0x6E, 0x08, 0x43, 0x00, 0x02, 0x40, 0x00, 0x03, 0x47, 0x00, 0x0F, 0x40,
    0x6A, 0x01, 0x43, 0x6A, 0x01, 0x47, 0x6A, 0x09, 0x43, 0x00, 0x01, 0x40, 0x00, 0x01, 0x47, 0x00,
    0x11, 0x40, 0x6D, 0x01, 0x43, 0x6E, 0x01, 0x47, 0x6F, 0x08, 0x43, 0x00, 0x02, 0x40, 0x00, 0x02,
    0x47, 0x00, 0x6A, 0x40, 0x6C, 0x01, 0x43, 0x6E, 0x01, 0x47, 0x6C, 0x0A, 0x43, 0x00, 0x00, 0x40,
    0x00, 0x03, 0x47, 0x00, 0x2D, 0x40, 0x71, 0x01, 0x43, 0x72, 0x01, 0x47, 0x6E, 0x08, 0x43, 0x00,
    0x02, 0x40, 0x00, 0x02, 0x47, 0x00, 0x6A, 0x40, 0x6F, 0x01, 0x43, 0x71, 0x01, 0x47, 0x6E, 0x0A,
    0x43, 0x00, 0x00, 0x40, 0x00, 0x02, 0x47, 0x00, 0x4A, 0xBC, 0x40, 0x00, 0x02, 0x9C, 0x3E, 0x6E,
    0x00, 0xBC, 0x40, 0x7F, 0x01, 0x9C, 0x42, 0x6E, 0x01, 0x47, 0x6E, 0x0A, 0x42, 0x00, 0x01, 0x47,
    0x00, 0x00, 0x3E, 0x00, 0x11, 0x3E, 0x6B, 0x01, 0x42, 0x68, 0x01, 0x47, 0x6C, 0x0B, 0x42, 0x00,
    0x01, 0x47, 0x00, 0x00, 0x3E, 0x00, 0x10, 0x3E, 0x6B, 0x01, 0x42, 0x65, 0x01, 0x47, 0x6E, 0x0A,
    0x42, 0x00, 0x00, 0x3E, 0x00, 0x04, 0x47, 0x00, 0x0E, 0x3E, 0x6D, 0x01, 0x42, 0x6A, 0x01, 0x47,
    0x6F, 0x08, 0x42, 0x00, 0x02, 0x3E, 0x00, 0x01, 0x47, 0x00, 0x6B, 0x3E, 0x6F, 0x01, 0x42, 0x6C,
    0x01, 0x47, 0x6C, 0x09, 0x42, 0x00, 0x02, 0x47, 0x00, 0x01, 0x3E, 0x00, 0x2E, 0x3E, 0x6E, 0x01,
    0x42, 0x6E, 0x01, 0x47, 0x6F, 0x09, 0x42, 0x00, 0x01, 0x3E, 0x00, 0x02, 0x47, 0x00, 0x6A, 0x3E,
    0x6F, 0x01, 0x42, 0x6D, 0x01, 0x47, 0x6D, 0x09, 0x42, 0x00, 0x01, 0x3E, 0x00, 0x01, 0x47, 0x00,
    0x4B, 0xBC, 0x40, 0x00, 0x02, 0x9C, 0x40, 0x6E, 0x00, 0xBC, 0x40, 0x7F, 0x01, 0x9C, 0x43, 0x6F,
    0x01, 0x47, 0x6D, 0x09, 0x43, 0x00, 0x02, 0x47, 0x00, 0x00, 0x40, 0x00, 0x11, 0x40, 0x6B, 0x01,
    0x43, 0x6B, 0x01, 0x47, 0x6E, 0x08, 0x43, 0x00, 0x02, 0x40, 0x00, 0x03, 0x47, 0x00, 0x0F, 0x40,
    0x6A, 0x01, 0x43, 0x6A, 0x01, 0x47, 0x6A, 0x09, 0x43, 0x00, 0x01, 0x40, 0x00, 0x01, 0x47, 0x00,
    0x11, 0x40, 0x6D, 0x01, 0x43, 0x6E, 0x01, 0x47, 0x6F, 0x08, 0x43, 0x00, 0x02, 0x40, 0x00, 0x02,
    0x47, 0x00, 0x6A, 0x40, 0x6C, 0x01, 0x43, 0x6E, 0x01, 0x47, 0x6C, 0x0A, 0x43, 0x00, 0x00, 0x40,
    0x00, 0x03, 0x47, 0x00, 0x2D, 0x40, 0x71, 0x01, 0x43, 0x72, 0x01, 0x47, 0x6E, 0x08, 0x43, 0x00,
    0x02, 0x40, 0x00, 0x02, 0x47, 0x00, 0x6A, 0x40, 0x6F, 0x01, 0x43, 0x71, 0x01, 0x47, 0x6E, 0x0A,
    0x43, 0x00, 0x00, 0x40, 0x00, 0x02, 0x47, 0x00, 0x4A, 0xBC, 0x40, 0x00, 0x02, 0x9C, 0x3E, 0x6E,
    0x00, 0xBC, 0x40, 0x7F, 0x01, 0x9C, 0x42, 0x6E, 0x01, 0x47, 0x6E, 0x0A, 0x42, 0x00, 0x01, 0x47,
    0x00, 0x00, 0x3E, 0x00, 0x11, 0x3E, 0x6B, 0x01, 0x42, 0x68, 0x01, 0x47, 0x6C, 0x0B, 0x42, 0x00,
    0x01, 0x47, 0x00, 0x00, 0x3E, 0x00, 0x10, 0x3E, 0x6B, 0x01, 0x42, 0x65, 0x01, 0x47, 0x6E, 0x0A,
    0x42, 0x00, 0x00, 0x3E, 0x00, 0x04, 0x47, 0x00, 0x0E, 0x3E, 0x6D, 0x01, 0x42, 0x6A, 0x01, 0x47,
    0x6F, 0x08, 0x42, 0x00, 0x02, 0x3E, 0x00, 0x01, 0x47, 0x00, 0x6B, 0x3E, 0x6F, 0x01, 0x42, 0x6C,
    0x01, 0x47, 0x6C, 0x09, 0x42, 0x00, 0x02, 0x47, 0x00, 0x01, 0x3E, 0x00, 0x2E, 0x3E, 0x6E, 0x01,
    0x42, 0x6E, 0x01, 0x47, 0x6F, 0x09, 0x42, 0x00, 0x01, 0x3E, 0x00, 0x02, 0x47, 0x00, 0x6A, 0x3E,
    0x6F, 0x01, 0x42, 0x6D, 0x01, 0x47, 0x6D, 0x09, 0x42, 0x00, 0x01, 0x3E, 0x00, 0x01, 0x47, 0x00,
    0x4B, 0xBC, 0x40, 0x00, 0x02, 0x9C, 0x3B, 0x6E, 0x00, 0xBC, 0x40, 0x7F, 0x01, 0x9C, 0x40, 0x6E,
    0x01, 0x45, 0x6C, 0x0A, 0x40, 0x00, 0x01, 0x3B, 0x00, 0x06, 0x45, 0x00, 0x47, 0x3B, 0x6F, 0x01,
    0x40, 0x6F, 0x01, 0x45, 0x6E, 0x0E, 0x3B, 0x00, 0x03, 0x40, 0x00, 0x05, 0x45, 0x00, 0x42, 0x3B,
    0x6C, 0x01, 0x40, 0x6F, 0x01, 0x45, 0x6E, 0x0B, 0x3B, 0x00, 0x01, 0x40, 0x00, 0x07, 0x45, 0x00,
    0x27, 0x3B, 0x6C, 0x01, 0x41, 0x6A, 0x1C, 0x41, 0x00, 0x03, 0x3B, 0x00, 0x3A, 0x3B, 0x6D, 0x01,
    0x40, 0x6E, 0x14, 0x40, 0x00, 0x01, 0x3B, 0x00, 0x44, 0x3B, 0x71, 0x10, 0x3B, 0x00, 0x2A, 0xBC,
    0x40, 0x00, 0x02, 0x40, 0x7F, 0x00, 0x9C, 0x3C, 0x6D, 0x01, 0x40, 0x70, 0x01, 0x45, 0x6F, 0x07,
    0x40, 0x00, 0x01, 0x3C, 0x00, 0x05, 0x45, 0x00, 0x0F, 0x3C, 0x6B, 0x01, 0x40, 0x6E, 0x01, 0x45,
    0x6F, 0x09, 0x40, 0x00, 0x01, 0x3C, 0x00, 0x01, 0x45, 0x00, 0x11, 0x3C, 0x6A, 0x01, 0x40, 0x6D,
    0x01, 0x45, 0x6C, 0x09, 0x40, 0x00, 0x00, 0x3C, 0x00, 0x02, 0x45, 0x00, 0x11, 0x3C, 0x70, 0x01,
    0x40, 0x70, 0x01, 0x45, 0x70, 0x06, 0x40, 0x00, 0x04, 0x3C, 0x00, 0x05, 0x45, 0x00, 0x81, 0x05,
    0x3C, 0x6D, 0x01, 0x40, 0x71, 0x01, 0x45, 0x6E, 0x09, 0x3C, 0x00, 0x02, 0x40, 0x00, 0x03, 0x45,
    0x00, 0x68, 0x3C, 0x70, 0x01, 0x40, 0x72, 0x01, 0x45, 0x6F, 0x0A, 0x40, 0x00, 0x01, 0x3C, 0x00,
    0x05, 0x45, 0x00, 0x64, 0xBC, 0x40, 0x00, 0x02, 0x40, 0x7F, 0x00, 0x9C, 0x39, 0x73, 0x01, 0x3E,
    0x73, 0x01, 0x45, 0x71, 0x0C, 0x39, 0x00, 0x02, 0x3E, 0x00, 0x03, 0x45, 0x00, 0x83, 0x4B, 0xBC,
    0x40, 0x00, 0x02, 0x40, 0x7F, 0x00, 0x9C, 0x3C, 0x6D, 0x01, 0x40, 0x6D, 0x01, 0x43, 0x6E, 0x0D,
    0x3C, 0x00, 0x01, 0x40, 0x00, 0x02, 0x43, 0x00, 0x2A, 0x3C, 0x6B, 0x01, 0x40, 0x6D, 0x01, 0x43,
    0x6D, 0x09, 0x3C, 0x00, 0x01, 0x40, 0x00, 0x01, 0x43, 0x00, 0x11, 0x3C, 0x6B, 0x01, 0x40, 0x6C,
    0x01, 0x43, 0x6E, 0x09, 0x3C, 0x00, 0x02, 0x40, 0x00, 0x01, 0x43, 0x00, 0x10, 0x3C, 0x6D, 0x01,
    0x40, 0x6F, 0x01, 0x43, 0x6F, 0x0C, 0x3C, 0x00, 0x02, 0x40, 0x00, 0x01, 0x43, 0x00, 0x2B, 0x3C,
    0x6E, 0x01, 0x40, 0x70, 0x01, 0x43, 0x6E, 0x0A, 0x3C, 0x00, 0x01, 0x43, 0x00, 0x00, 0x40, 0x00,
    0x2F, 0x3C, 0x6E, 0x01, 0x40, 0x70, 0x01, 0x43, 0x6D, 0x0A, 0x43, 0x00, 0x00, 0x3C, 0x00, 0x01,
    0x40, 0x00, 0x2F, 0x3C, 0x6E, 0x01, 0x40, 0x70, 0x01, 0x43, 0x6D, 0x09, 0x43, 0x00, 0x02, 0x40,
    0x00, 0x00, 0x3C, 0x00, 0x2F, 0x3C, 0x6E, 0x01, 0x40, 0x6E, 0x01, 0x43, 0x6E, 0x0B, 0x40, 0x00,
    0x00, 0x3C, 0x00, 0x03, 0x43, 0x00, 0x2C, 0x3C, 0x6E, 0x01, 0x40, 0x70, 0x01, 0x43, 0x6E, 0x0E,
    0x43, 0x00, 0x00, 0x40, 0x00, 0x00, 0x3C, 0x00, 0x2A, 0xBC, 0x40, 0x00, 0x02, 0x9C, 0x3B, 0x6E,
    0x00, 0xBC, 0x40, 0x7F, 0x01, 0x9C, 0x3E, 0x6E, 0x01, 0x43, 0x6E, 0x0B, 0x3E, 0x00, 0x02, 0x3B,
    0x00, 0x01, 0x43, 0x00, 0x2C, 0x3B, 0x6D, 0x01, 0x3E, 0x6E, 0x01, 0x43, 0x6B, 0x09, 0x43, 0x00,
    0x00, 0x3E, 0x00, 0x02, 0x3B, 0x00, 0x11, 0x3B, 0x6C, 0x01, 0x3E, 0x6C, 0x01, 0x43, 0x6D, 0x09,
    0x3E, 0x00, 0x01, 0x3B, 0x00, 0x01, 0x43, 0x00, 0x11, 0x3B, 0x6D, 0x01, 0x3E, 0x6E, 0x01, 0x43,
    0x70, 0x0A, 0x3E, 0x00, 0x02, 0x3B, 0x00, 0x03, 0x43, 0x00, 0x2B, 0x3B, 0x6D, 0x01, 0x3E, 0x6F,
    0x01, 0x43, 0x6D, 0x0C, 0x43, 0x00, 0x01, 0x3B, 0x00, 0x01, 0x3E, 0x00, 0x2C, 0x3B, 0x6D, 0x01,
    0x3E, 0x70, 0x01, 0x43, 0x6D, 0x0B, 0x3B, 0x00, 0x01, 0x3E, 0x00, 0x02, 0x43, 0x00, 0x2C, 0x3B,
    0x6C, 0x01, 0x3E, 0x70, 0x01, 0x43, 0x6D, 0x0B, 0x3B, 0x00, 0x01, 0x3E, 0x00, 0x01, 0x43, 0x00,
    0x2D, 0x3B, 0x6D, 0x01, 0x3E, 0x70, 0x01, 0x43, 0x6E, 0x0B, 0x3B, 0x00, 0x02, 0x3E, 0x00, 0x01,
    0x43, 0x00, 0x2C, 0x3B, 0x6E, 0x01, 0x3E, 0x6D, 0x01, 0x43, 0x6E, 0x0B, 0x3E, 0x00, 0x00, 0x3B,
    0x00, 0x05, 0x43, 0x00, 0x28, 0xBC, 0x40, 0x00, 0x02, 0x9C, 0x3B, 0x6D, 0x00, 0xBC, 0x40, 0x7F,
    0x01, 0x9C, 0x40, 0x6F, 0x01, 0x43, 0x6E, 0x0B, 0x3B, 0x00, 0x02, 0x40, 0x00, 0x02, 0x43, 0x00,
    0x2B, 0x3B, 0x6B, 0x01, 0x40, 0x6E, 0x01, 0x43, 0x6C, 0x0A, 0x43, 0x00, 0x00, 0x40, 0x00, 0x00,
    0x3B, 0x00, 0x12, 0x3B, 0x65, 0x01, 0x40, 0x6D, 0x01, 0x43, 0x6E, 0x08, 0x3B, 0x00, 0x02, 0x40,
    0x00, 0x02, 0x43, 0x00, 0x10, 0x3B, 0x6C, 0x01, 0x40, 0x6E, 0x01, 0x43, 0x6F, 0x09, 0x40, 0x00,
    0x02, 0x3B, 0x00, 0x02, 0x43, 0x00, 0x2D, 0x3B, 0x6E, 0x01, 0x40, 0x70, 0x01, 0x43, 0x6E, 0x09,
    0x3B, 0x00, 0x02, 0x40, 0x00, 0x02, 0x43, 0x00, 0x2D, 0x3B, 0x6C, 0x01, 0x40, 0x6E, 0x01, 0x43,
    0x6E, 0x0A, 0x3B, 0x00, 0x02, 0x40, 0x00, 0x02, 0x43, 0x00, 0x2C, 0x3B, 0x6D, 0x01, 0x40, 0x70,
    0x01, 0x43, 0x6E, 0x0A, 0x3B, 0x00, 0x01, 0x40, 0x00, 0x02, 0x43, 0x00, 0x2D, 0x3B, 0x6C, 0x01,
    0x40, 0x6D, 0x01, 0x43, 0x6F, 0x0A, 0x3B, 0x00, 0x02, 0x40, 0x00, 0x03, 0x43, 0x00, 0x2B, 0x3B,
    0x6D, 0x01, 0x40, 0x6E, 0x01, 0x43, 0x6E, 0x0C, 0x3B, 0x00, 0x02, 0x40, 0x00, 0x01, 0x43, 0x00,
    0x29, 0xBC, 0x40, 0x00, 0x02, 0x9C, 0x3B, 0x70, 0x00, 0xBC, 0x40, 0x7F, 0x01, 0x9C, 0x3E, 0x71,
    0x01, 0x42, 0x6F, 0x0B, 0x3B, 0x00, 0x01, 0x42, 0x00, 0x01, 0x3E, 0x00, 0x2D, 0x3B, 0x6D, 0x01,
    0x3E, 0x6F, 0x01, 0x42, 0x6E, 0x07, 0x3B, 0x00, 0x01, 0x3E, 0x00, 0x01, 0x42, 0x00, 0x13, 0x3B,
    0x6B, 0x01, 0x3E, 0x6E, 0x01, 0x42, 0x6A, 0x08, 0x3B, 0x00, 0x02, 0x42, 0x00, 0x01, 0x3E, 0x00,
    0x11, 0x3B, 0x6C, 0x01, 0x3E, 0x6F, 0x01, 0x42, 0x6C, 0x0A, 0x3B, 0x00, 0x01, 0x3E, 0x00, 0x02,
    0x42, 0x00, 0x2D, 0x3B, 0x6D, 0x01, 0x3E, 0x70, 0x01, 0x42, 0x6E, 0x0A, 0x3B, 0x00, 0x01, 0x3E,
    0x00, 0x02, 0x42, 0x00, 0x2D, 0x3B, 0x6D, 0x01, 0x3E, 0x70, 0x01, 0x42, 0x6E, 0x09, 0x3B, 0x00,
    0x02, 0x3E, 0x00, 0x02, 0x42, 0x00, 0x2D, 0x3B, 0x6E, 0x01, 0x3E, 0x6F, 0x01, 0x42, 0x6E, 0x09,
    0x3E, 0x00, 0x00, 0x3B, 0x00, 0x03, 0x42, 0x00, 0x2E, 0x3B, 0x70, 0x01, 0x3E, 0x70, 0x01, 0x42,
    0x6E, 0x09, 0x3E, 0x00, 0x00, 0x3B, 0x00, 0x01, 0x42, 0x00, 0x30, 0x3B, 0x70, 0x01, 0x3E, 0x70,
    0x01, 0x42, 0x6E, 0x0A, 0x3E, 0x00, 0x02, 0x3B, 0x00, 0x01, 0x42, 0x00, 0x2B, 0xBC, 0x40, 0x00,
    0x02, 0x40, 0x7F, 0x00, 0x9C, 0x3C, 0x6D, 0x01, 0x40, 0x6D, 0x01, 0x43, 0x6E, 0x0D, 0x3C, 0x00,
    0x01, 0x40, 0x00, 0x02, 0x43, 0x00, 0x2A, 0x3C, 0x6B, 0x01, 0x40, 0x6D, 0x01, 0x43, 0x6D, 0x09,
    0x3C, 0x00, 0x01, 0x40, 0x00, 0x01, 0x43, 0x00, 0x11, 0x3C, 0x6B, 0x01, 0x40, 0x6C, 0x01, 0x43,
    0x6E, 0x09, 0x3C, 0x00, 0x02, 0x40, 0x00, 0x01, 0x43, 0x00, 0x10, 0x3C, 0x6D, 0x01, 0x40, 0x6F,
    0x01, 0x43, 0x6F, 0x0C, 0x3C, 0x00, 0x02, 0x40, 0x00, 0x01, 0x43, 0x00, 0x2B, 0x3C, 0x6E, 0x01,
    0x40, 0x70, 0x01, 0x43, 0x6E, 0x0A, 0x3C, 0x00, 0x01, 0x43, 0x00, 0x00, 0x40, 0x00, 0x2F, 0x3C,
    0x6E, 0x01, 0x40, 0x70, 0x01, 0x43, 0x6D, 0x0A, 0x43, 0x00, 0x00, 0x3C, 0x00, 0x01, 0x40, 0x00,
    0x2F, 0x3C, 0x6E, 0x01, 0x40, 0x70, 0x01, 0x43, 0x6D, 0x09, 0x43, 0x00, 0x02, 0x40, 0x00, 0x00,
    0x3C, 0x00, 0x2F, 0x3C, 0x6E, 0x01, 0x40, 0x6E, 0x01, 0x43, 0x6E, 0x0B, 0x40, 0x00, 0x00, 0x3C,
    0x00, 0x03, 0x43, 0x00, 0x2C, 0x3C, 0x6E, 0x01, 0x40, 0x70, 0x01, 0x43, 0x6E, 0x0E, 0x43, 0x00,
    0x00, 0x40, 0x00, 0x00, 0x3C, 0x00, 0x2A, 0xBC, 0x40, 0x00, 0x02, 0x9C, 0x3B, 0x6E, 0x00, 0xBC,
    0x40, 0x7F, 0x01, 0x9C, 0x3E, 0x6E, 0x01, 0x43, 0x6E, 0x0B, 0x3E, 0x00, 0x02, 0x3B, 0x00, 0x01,
    0x43, 0x00, 0x2C, 0x3B, 0x6D, 0x01, 0x3E, 0x6E, 0x01, 0x43, 0x6B, 0x09, 0x43, 0x00, 0x00, 0x3E,
    0x00, 0x02, 0x3B, 0x00, 0x11, 0x3B, 0x6C, 0x01, 0x3E, 0x6C, 0x01, 0x43, 0x6D, 0x09, 0x3E, 0x00,
    0x01, 0x3B, 0x00, 0x01, 0x43, 0x00, 0x11, 0x3B, 0x6D, 0x01, 0x3E, 0x6E, 0x01, 0x43, 0x70, 0x0A,
    0x3E, 0x00, 0x02, 0x3B, 0x00, 0x03, 0x43, 0x00, 0x2B, 0x3B, 0x6D, 0x01, 0x3E, 0x6F, 0x01, 0x43,
    0x6D, 0x0C, 0x43, 0x00, 0x01, 0x3B, 0x00, 0x01, 0x3E, 0x00, 0x2C, 0x3B, 0x6D, 0x01, 0x3E, 0x70,
    0x01, 0x43, 0x6D, 0x0B, 0x3B, 0x00, 0x01, 0x3E, 0x00, 0x02, 0x43, 0x00, 0x2C, 0x3B, 0x6C, 0x01,
    0x3E, 0x70, 0x01, 0x43, 0x6D, 0x0B, 0x3B, 0x00, 0x01, 0x3E, 0x00, 0x01, 0x43, 0x00, 0x2D, 0x3B,
    0x6D, 0x01, 0x3E, 0x70, 0x01, 0x43, 0x6E, 0x0B, 0x3B, 0x00, 0x02, 0x3E, 0x00, 0x01, 0x43, 0x00,
    0x2C, 0x3B, 0x6E, 0x01, 0x3E, 0x6D, 0x01, 0x43, 0x6E, 0x0B, 0x3E, 0x00, 0x00, 0x3B, 0x00, 0x05,
    0x43, 0x00, 0x28, 0xBC, 0x40, 0x00, 0x02, 0x9C, 0x3B, 0x6D, 0x00, 0xBC, 0x40, 0x7F, 0x01, 0x9C,
    0x40, 0x6F, 0x01, 0x43, 0x6E, 0x0B, 0x3B, 0x00, 0x02, 0x40, 0x00, 0x02, 0x43, 0x00, 0x2B, 0x3B,
    0x6B, 0x01, 0x40, 0x6E, 0x01, 0x43, 0x6C, 0x0A, 0x43, 0x00, 0x00, 0x40, 0x00, 0x00, 0x3B, 0x00,
    0x12, 0x3B, 0x65, 0x01, 0x40, 0x6D, 0x01, 0x43, 0x6E, 0x08, 0x3B, 0x00, 0x02, 0x40, 0x00, 0x02,
    0x43, 0x00, 0x10, 0x3B, 0x6C, 0x01, 0x40, 0x6E, 0x01, 0x43, 0x6F, 0x09, 0x40, 0x00, 0x02, 0x3B,
    0x00, 0x02, 0x43, 0x00, 0x2D, 0x3B, 0x6E, 0x01, 0x40, 0x70, 0x01, 0x43, 0x6E, 0x09, 0x3B, 0x00,
    0x02, 0x40, 0x00, 0x02, 0x43, 0x00, 0x2D, 0x3B, 0x6C, 0x01, 0x40, 0x6E, 0x01, 0x43, 0x6E, 0x0A,
    0x3B, 0x00, 0x02, 0x40, 0x00, 0x02, 0x43, 0x00, 0x2C, 0x3B, 0x6D, 0x01, 0x40, 0x70, 0x01, 0x43,
    0x6E, 0x0A, 0x3B, 0x00, 0x01, 0x40, 0x00, 0x02, 0x43, 0x00, 0x2D, 0x3B, 0x6C, 0x01, 0x40, 0x6D,
    0x01, 0x43, 0x6F, 0x0A, 0x3B, 0x00, 0x02, 0x40, 0x00, 0x03, 0x43, 0x00, 0x2B, 0x3B, 0x6D, 0x01,
    0x40, 0x6E, 0x01, 0x43, 0x6E, 0x0C, 0x3B, 0x00, 0x02, 0x40, 0x00, 0x01, 0x43, 0x00, 0x29, 0xBC,
    0x40, 0x00, 0x02, 0x40, 0x7F, 0x00, 0x9C, 0x3B, 0x70, 0x01, 0x3E, 0x71, 0x01, 0x42, 0x6F, 0x0B,
    0x3B, 0x00, 0x01, 0x42, 0x00, 0x01, 0x3E, 0x00, 0x2D, 0x3B, 0x6D, 0x01, 0x3E, 0x6F, 0x01, 0x42,
    0x6E, 0x07, 0x3B, 0x00, 0x01, 0x3E, 0x00, 0x01, 0x42, 0x00, 0x13, 0x3B, 0x6B, 0x01, 0x3E, 0x6E,
    0x01, 0x42, 0x6A, 0x08, 0x3B, 0x00, 0x02, 0x42, 0x00, 0x01, 0x3E, 0x00, 0x11, 0x3B, 0x6C, 0x01,
    0x3E, 0x6F, 0x01, 0x42, 0x6C, 0x0A, 0x3B, 0x00, 0x01, 0x3E, 0x00, 0x02, 0x42, 0x00, 0x2D, 0x3B,
    0x6D, 0x01, 0x3E, 0x70, 0x01, 0x42, 0x6E, 0x0A, 0x3B, 0x00, 0x01, 0x3E, 0x00, 0x02, 0x42, 0x00,
    0x2D, 0x3B, 0x6D, 0x01, 0x3E, 0x70, 0x01, 0x42, 0x6E, 0x09, 0x3B, 0x00, 0x02, 0x3E, 0x00, 0x02,
    0x42, 0x00, 0x2D, 0x3B, 0x6E, 0x01, 0x3E, 0x6F, 0x01, 0x42, 0x6E, 0x09, 0x3E, 0x00, 0x00, 0x3B,
    0x00, 0x03, 0x42, 0x00, 0x2E, 0x3B, 0x70, 0x01, 0x3E, 0x70, 0x01, 0x42, 0x6E, 0x09, 0x3E, 0x00,
    0x00, 0x3B, 0x00, 0x01, 0x42, 0x00, 0x30, 0x3B, 0x70, 0x01, 0x3E, 0x70, 0x01, 0x42, 0x6E, 0x0A,
    0x3E, 0x00, 0x02, 0x3B, 0x00, 0x01, 0x42, 0x00, 0x2B, 0xBC, 0x40, 0x00, 0x02, 0x40, 0x7F, 0x00,
    0x9C, 0x3C, 0x6F, 0x01, 0x40, 0x6F, 0x01, 0x43, 0x6E, 0x0B, 0x40, 0x00, 0x02, 0x3C, 0x00, 0x01,
    0x43, 0x00, 0x2C, 0x3C, 0x6D, 0x01, 0x40, 0x70, 0x01, 0x43, 0x6D, 0x09, 0x43, 0x00, 0x00, 0x3C,
    0x00, 0x02, 0x40, 0x00, 0x11, 0x3C, 0x6B, 0x01, 0x40, 0x6E, 0x01, 0x43, 0x6E, 0x09, 0x3C, 0x00,
    0x02, 0x40, 0x00, 0x02, 0x43, 0x00, 0x0F, 0x3C, 0x6D, 0x01, 0x40, 0x6F, 0x01, 0x43, 0x6F, 0x0B,
    0x3C, 0x00, 0x01, 0x43, 0x00, 0x00, 0x40, 0x00, 0x2E, 0x3C, 0x6E, 0x01, 0x40, 0x70, 0x01, 0x43,
    0x6D, 0x0A, 0x3C, 0x00, 0x02, 0x43, 0x00, 0x00, 0x40, 0x00, 0x2E, 0x3C, 0x6D, 0x01, 0x40, 0x6E,
    0x01, 0x43, 0x6E, 0x0C, 0x40, 0x00, 0x01, 0x3C, 0x00, 0x01, 0x43, 0x00, 0x2C, 0x3C, 0x6C, 0x01,
    0x40, 0x6F, 0x01, 0x43, 0x6E, 0x0C, 0x3C, 0x00, 0x01, 0x40, 0x00, 0x01, 0x43, 0x00, 0x2C, 0x3C,
    0x6E, 0x01, 0x40, 0x70, 0x01, 0x43, 0x6E, 0x0C, 0x40, 0x00, 0x00, 0x3C, 0x00, 0x02, 0x43, 0x00,
    0x2C, 0x3C, 0x6E, 0x01, 0x40, 0x6F, 0x01, 0x43, 0x6E, 0x0C, 0x40, 0x00, 0x00, 0x3C, 0x00, 0x02,
    0x43, 0x00, 0x2A, 0xBC, 0x40, 0x00, 0x02, 0x9C, 0x3B, 0x6E, 0x00, 0xBC, 0x40, 0x7F, 0x01, 0x9C,
    0x3F, 0x6D, 0x01, 0x42, 0x6E, 0x0F, 0x3B, 0x00, 0x01, 0x3F, 0x00, 0x02, 0x42, 0x00, 0x28, 0x3B,
    0x6E, 0x01, 0x3F, 0x6E, 0x01, 0x42, 0x6C, 0x0A, 0x42, 0x00, 0x00, 0x3F, 0x00, 0x00, 0x3B, 0x00,
    0x12, 0x3B, 0x6C, 0x01, 0x3F, 0x6D, 0x01, 0x42, 0x6D, 0x07, 0x3B, 0x00, 0x04, 0x42, 0x00, 0x00,
    0x3F, 0x00, 0x11, 0x3B, 0x6D, 0x01, 0x3F, 0x6B, 0x01, 0x42, 0x6C, 0x0D, 0x3F, 0x00, 0x01, 0x3B,
    0x00, 0x01, 0x42, 0x00, 0x2B, 0x3B, 0x6C, 0x01, 0x3F, 0x6D, 0x01, 0x42, 0x6A, 0x0C, 0x3B, 0x00,
    0x01, 0x42, 0x00, 0x00, 0x3F, 0x00, 0x2D, 0x3B, 0x6E, 0x01, 0x3F, 0x6E, 0x01, 0x42, 0x6D, 0x0B,
    0x3B, 0x00, 0x01, 0x3F, 0x00, 0x02, 0x42, 0x00, 0x2C, 0x3B, 0x6D, 0x01, 0x3F, 0x6D, 0x01, 0x42,
    0x6D, 0x0A, 0x3B, 0x00, 0x02, 0x3F, 0x00, 0x02, 0x42, 0x00, 0x2C, 0x3B, 0x6E, 0x01, 0x3F, 0x6E,
    0x01, 0x42, 0x6E, 0x0C, 0x3B, 0x00, 0x01, 0x3F, 0x00, 0x02, 0x42, 0x00, 0x2B, 0x3B, 0x70, 0x01,
    0x3F, 0x6D, 0x01, 0x42, 0x6E, 0x0C, 0x3F, 0x00, 0x00, 0x3B, 0x00, 0x04, 0x42, 0x00, 0x28, 0xBC,
    0x40, 0x00, 0x02, 0x9C, 0x3B, 0x6D, 0x00, 0xBC, 0x40, 0x7F, 0x01, 0x9C, 0x40, 0x6F, 0x01, 0x43,
    0x6E, 0x0A, 0x3B, 0x00, 0x02, 0x40, 0x00, 0x01, 0x43, 0x00, 0x69, 0x3B, 0x6D, 0x01, 0x40, 0x6D,
    0x01, 0x43, 0x6E, 0x0D, 0x40, 0x00, 0x00, 0x3B, 0x00, 0x02, 0x43, 0x00, 0x67, 0x3B, 0x6D, 0x01,
    0x3E, 0x6C, 0x01, 0x40, 0x6D, 0x01, 0x43, 0x6E, 0x0B, 0x3B, 0x00, 0x01, 0x3E, 0x00, 0x00, 0x40,
    0x00, 0x01, 0x43, 0x00, 0x68, 0x3B, 0x6D, 0x01, 0x3E, 0x6D, 0x01, 0x40, 0x6D, 0x01, 0x43, 0x6E,
    0x0B, 0x3E, 0x00, 0x00, 0x3B, 0x00, 0x01, 0x40, 0x00, 0x03, 0x43, 0x00, 0x64, 0xBC, 0x40, 0x00,
    0x02, 0x9C, 0x3D, 0x6A, 0x00, 0xBC, 0x40, 0x7F, 0x01, 0x9C, 0x40, 0x6E, 0x01, 0x43, 0x6E, 0x10,
    0x3D, 0x00, 0x01, 0x40, 0x00, 0x06, 0x43, 0x00, 0x83, 0x45, 0xBC, 0x40, 0x00, 0x02, 0x40, 0x7F,
    0x00, 0x9C, 0x39, 0x6C, 0x01, 0x3C, 0x6C, 0x01, 0x40, 0x6E, 0x0C, 0x3C, 0x00, 0x01, 0x40, 0x00,
    0x00, 0x39, 0x00, 0x2D, 0x39, 0x6A, 0x01, 0x3C, 0x64, 0x01, 0x40, 0x6C, 0x0A, 0x3C, 0x00, 0x02,
    0x40, 0x00, 0x00, 0x39, 0x00, 0x2E, 0x39, 0x6C, 0x01, 0x3C, 0x6B, 0x01, 0x40, 0x6E, 0x0B, 0x3C,
    0x00, 0x00, 0x39, 0x00, 0x02, 0x40, 0x00, 0x2D, 0x39, 0x6C, 0x01, 0x3C, 0x6B, 0x01, 0x40, 0x6D,
    0x09, 0x3C, 0x00, 0x01, 0x40, 0x00, 0x03, 0x39, 0x00, 0x2D, 0x39, 0x67, 0x01, 0x3C, 0x6C, 0x01,
    0x40, 0x6C, 0x0B, 0x39, 0x00, 0x01, 0x3C, 0x00, 0x01, 0x40, 0x00, 0x2D, 0x39, 0x66, 0x01, 0x3C,
    0x6A, 0x01, 0x40, 0x6E, 0x0C, 0x39, 0x00, 0x03, 0x3C, 0x00, 0x01, 0x40, 0x00, 0x2A, 0x39, 0x61,
    0x01, 0x3C, 0x6B, 0x01, 0x40, 0x6C, 0x0A, 0x39, 0x00, 0x03, 0x3C, 0x00, 0x01, 0x40, 0x00, 0x2C,
    0x39, 0x6B, 0x01, 0x3C, 0x6C, 0x01, 0x40, 0x6E, 0x0D, 0x3C, 0x00, 0x01, 0x39, 0x00, 0x02, 0x40,
    0x00, 0x28, 0xBC, 0x40, 0x00, 0x02, 0x9C, 0x3B, 0x67, 0x00, 0xBC, 0x40, 0x7F, 0x01, 0x9C, 0x3E,
    0x6E, 0x01, 0x42, 0x66, 0x10, 0x42, 0x00, 0x02, 0x3E, 0x00, 0x01, 0x3B, 0x00, 0x27, 0x3B, 0x6A,
    0x01, 0x3E, 0x6E, 0x01, 0x42, 0x68, 0x0D, 0x3B, 0x00, 0x01, 0x42, 0x00, 0x01, 0x3E, 0x00, 0x2B,
    0x3B, 0x6C, 0x01, 0x3E, 0x6E, 0x01, 0x42, 0x6A, 0x0B, 0x3B, 0x00, 0x01, 0x3E, 0x00, 0x01, 0x42,
    0x00, 0x2D, 0x3B, 0x6C, 0x01, 0x3E, 0x6E, 0x01, 0x42, 0x66, 0x0D, 0x42, 0x00, 0x00, 0x3B, 0x00,
    0x01, 0x3E, 0x00, 0x2C, 0x3B, 0x6C, 0x01, 0x3E, 0x6E, 0x01, 0x42, 0x68, 0x0C, 0x42, 0x00, 0x01,
    0x3B, 0x00, 0x01, 0x3E, 0x00, 0x2C, 0x3B, 0x6A, 0x01, 0x3E, 0x6A, 0x01, 0x42, 0x5F, 0x0A, 0x42,
    0x00, 0x02, 0x3B, 0x00, 0x01, 0x3E, 0x00, 0x2D, 0x3B, 0x6A, 0x01, 0x3E, 0x6A, 0x01, 0x42, 0x66,
    0x0C, 0x42, 0x00, 0x00, 0x3E, 0x00, 0x00, 0x3B, 0x00, 0x2E, 0x3B, 0x6A, 0x01, 0x3E, 0x6C, 0x01,
    0x42, 0x6A, 0x0C, 0x3B, 0x00, 0x01, 0x3E, 0x00, 0x03, 0x42, 0x00, 0x28, 0xBC, 0x40, 0x00, 0x02,
    0x9C, 0x3C, 0x6C, 0x00, 0xBC, 0x40, 0x7F, 0x01, 0x9C, 0x3F, 0x6D, 0x01, 0x43, 0x6E, 0x0A, 0x43,
    0x00, 0x00, 0x3F, 0x00, 0x01, 0x3C, 0x00, 0x2F, 0x3C, 0x67, 0x01, 0x3F, 0x6A, 0x01, 0x43, 0x6C,
    0x09, 0x43, 0x00, 0x01, 0x3C, 0x00, 0x02, 0x3F, 0x00, 0x2E, 0x3C, 0x6E, 0x01, 0x3F, 0x6D, 0x01,
    0x43, 0x6D, 0x0A, 0x43, 0x00, 0x01, 0x3F, 0x00, 0x01, 0x3C, 0x00, 0x2E, 0x3C, 0x6C, 0x01, 0x3F,
    0x6C, 0x01, 0x43, 0x6E, 0x0A, 0x3F, 0x00, 0x01, 0x3C, 0x00, 0x01, 0x43, 0x00, 0x2C, 0xBC, 0x40,
    0x00, 0x02, 0x9C, 0x3E, 0x6E, 0x01, 0x42, 0x6F, 0x01, 0x45, 0x6F, 0x87, 0x2D, 0x42, 0x00, 0x04,
    0x45, 0x00, 0x00, 0x3E, 0x00, 0x0D, 0xBC, 0x40, 0x7F, 0x00, 0x9C, 0x3B, 0x6B, 0x01, 0x3E, 0x6E,
    0x01, 0x43, 0x6E, 0x0A, 0x3B, 0x00, 0x02, 0x3E, 0x00, 0x03, 0x43, 0x00, 0x2B, 0x3B, 0x64, 0x01,
    0x3E, 0x6C, 0x01, 0x43, 0x69, 0x0A, 0x3B, 0x00, 0x01, 0x43, 0x00, 0x01, 0x3E, 0x00, 0x2E, 0x3B,
    0x6A, 0x01, 0x3E, 0x6A, 0x01, 0x43, 0x6D, 0x0B, 0x3B, 0x00, 0x01, 0x3E, 0x00, 0x02, 0x43, 0x00,
    0x2C, 0x3B, 0x6A, 0x01, 0x3E, 0x6C, 0x01, 0x43, 0x6D, 0x09, 0x3B, 0x00, 0x01, 0x3E, 0x00, 0x01,
    0x43, 0x00, 0x2F, 0x3B, 0x6C, 0x01, 0x3E, 0x6F, 0x01, 0x43, 0x6D, 0x09, 0x3B, 0x00, 0x02, 0x3E,
    0x00, 0x02, 0x43, 0x00, 0x2D, 0x3B, 0x6C, 0x01, 0x3E, 0x6F, 0x01, 0x43, 0x6E, 0x0A, 0x3B, 0x00,
    0x02, 0x3E, 0x00, 0x01, 0x43, 0x00, 0x2D, 0x3B, 0x6D, 0x01, 0x3E, 0x6F, 0x01, 0x43, 0x6E, 0x0A,
    0x3B, 0x00, 0x02, 0x43, 0x00, 0x01, 0x3E, 0x00, 0x2D, 0x3B, 0x6C, 0x01, 0x3E, 0x6D, 0x01, 0x43,
    0x6E, 0x0A, 0x3B, 0x00, 0x03, 0x3E, 0x00, 0x01, 0x43, 0x00, 0x2A, 0xBC, 0x40, 0x00, 0x02, 0x9C,
    0x3C, 0x6D, 0x00, 0xBC, 0x40, 0x7F, 0x01, 0x9C, 0x40, 0x6F, 0x01, 0x43, 0x6D, 0x0D, 0x3C, 0x00,
    0x01, 0x43, 0x00, 0x00, 0x40, 0x00, 0x2C, 0x3C, 0x6C, 0x01, 0x40, 0x6E, 0x01, 0x43, 0x6D, 0x0C,
    0x3C, 0x00, 0x01, 0x40, 0x00, 0x01, 0x43, 0x00, 0x2C, 0x3C, 0x6C, 0x01, 0x40, 0x6F, 0x01, 0x43,
    0x6D, 0x0C, 0x3C, 0x00, 0x02, 0x43, 0x00, 0x00, 0x40, 0x00, 0x2C, 0x3C, 0x6C, 0x01, 0x40, 0x6D,
    0x01, 0x43, 0x6D, 0x0D, 0x40, 0x00, 0x00, 0x3C, 0x00, 0x01, 0x43, 0x00, 0x2C, 0x3C, 0x6D, 0x01,
    0x40, 0x6F, 0x01, 0x43, 0x6D, 0x0A, 0x43, 0x00, 0x03, 0x40, 0x00, 0x00, 0x3C, 0x00, 0x2D, 0x3C,
    0x6C, 0x01, 0x40, 0x6D, 0x01, 0x43, 0x6C, 0x0D, 0x40, 0x00, 0x00, 0x3C, 0x00, 0x01, 0x43, 0x00,
    0x2C, 0x3C, 0x6D, 0x01, 0x40, 0x6E, 0x01, 0x43, 0x6D, 0x0D, 0x43, 0x00, 0x00, 0x3C, 0x00, 0x01,
    0x40, 0x00, 0x2C, 0x3C, 0x6D, 0x01, 0x40, 0x6E, 0x01, 0x43, 0x6D, 0x0F, 0x43, 0x00, 0x00, 0x40,
    0x00, 0x01, 0x3C, 0x00, 0x28, 0xBC, 0x40, 0x00, 0x02, 0x40, 0x7F, 0x00, 0x9C, 0x3B, 0x6F, 0x01,
    0x3E, 0x6D, 0x01, 0x43, 0x6D, 0x0D, 0x3E, 0x00, 0x02, 0x3B, 0x00, 0x01, 0x43, 0x00, 0x2A, 0x3B,
    0x6C, 0x01, 0x3E, 0x6C, 0x01, 0x43, 0x6C, 0x0C, 0x3E, 0x00, 0x01, 0x3B, 0x00, 0x02, 0x43, 0x00,
    0x2B, 0x3B, 0x6D, 0x01, 0x3E, 0x6D, 0x01, 0x43, 0x6D, 0x0D, 0x43, 0x00, 0x00, 0x3E, 0x00, 0x01,
    0x3B, 0x00, 0x2C, 0x3B, 0x6C, 0x01, 0x3E, 0x6D, 0x01, 0x43, 0x6D, 0x0C, 0x3B, 0x00, 0x02, 0x3E,
    0x00, 0x01, 0x43, 0x00, 0x2B, 0x3B, 0x6C, 0x01, 0x3E, 0x6C, 0x01, 0x43, 0x6C, 0x0E, 0x3E, 0x00,
    0x00, 0x3B, 0x00, 0x02, 0x43, 0x00, 0x2A, 0x3B, 0x6C, 0x01, 0x3E, 0x6F, 0x01, 0x43, 0x6C, 0x0B,
    0x3B, 0x00, 0x02, 0x43, 0x00, 0x02, 0x3E, 0x00, 0x2B, 0x3B, 0x6B, 0x01, 0x3E, 0x6D, 0x01, 0x43,
    0x6D, 0x0C, 0x3B, 0x00, 0x02, 0x3E, 0x00, 0x02, 0x43, 0x00, 0x2A, 0x3B, 0x6C, 0x01, 0x3E, 0x6D,
    0x01, 0x43, 0x6E, 0x0C, 0x3B, 0x00, 0x01, 0x3E, 0x00, 0x03, 0x43, 0x00, 0x28, 0xBC, 0x40, 0x00,
    0x02, 0x9C, 0x3C, 0x6D, 0x00, 0xBC, 0x40, 0x7F, 0x01, 0x9C, 0x40, 0x71, 0x01, 0x43, 0x6F, 0x0D,
    0x40, 0x00, 0x01, 0x3C, 0x00, 0x01, 0x43, 0x00, 0x2B, 0x3C, 0x6D, 0x01, 0x40, 0x6F, 0x01, 0x43,
    0x6E, 0x0A, 0x40, 0x00, 0x03, 0x3C, 0x00, 0x01, 0x43, 0x00, 0x2C, 0x3C, 0x6C, 0x01, 0x40, 0x6F,
    0x01, 0x43, 0x6D, 0x0B, 0x3C, 0x00, 0x01, 0x40, 0x00, 0x03, 0x43, 0x00, 0x2B, 0x3C, 0x6D, 0x01,
    0x40, 0x6D, 0x01, 0x43, 0x6D, 0x0D, 0x40, 0x00, 0x03, 0x43, 0x00, 0x00, 0x3C, 0x00, 0x28, 0xBC,
    0x40, 0x00, 0x02, 0x40, 0x7F, 0x00, 0x9C, 0x3C, 0x6D, 0x01, 0x3F, 0x6F, 0x01, 0x43, 0x6F, 0x0D,
    0x3C, 0x00, 0x01, 0x43, 0x00, 0x01, 0x3F, 0x00, 0x2B, 0x3C, 0x6C, 0x01, 0x3F, 0x6C, 0x01, 0x43,
    0x6D, 0x0C, 0x43, 0x00, 0x01, 0x3F, 0x00, 0x00, 0x3C, 0x00, 0x2D, 0x3C, 0x6C, 0x01, 0x3F, 0x6D,
    0x01, 0x43, 0x6D, 0x0B, 0x3C, 0x00, 0x01, 0x43, 0x00, 0x00, 0x3F, 0x00, 0x2E, 0x3C, 0x6C, 0x01,
    0x3F, 0x6D, 0x01, 0x43, 0x6C, 0x09, 0x43, 0x00, 0x01, 0x3C, 0x00, 0x02, 0x3F, 0x00, 0x2C, 0xBC,
    0x40, 0x00, 0x02, 0x9C, 0x3B, 0x6E, 0x02, 0x3E, 0x64, 0x02, 0x43, 0x72, 0x83, 0x5B, 0x43, 0x00,
    0x00, 0x3E, 0x00, 0x00, 0x3B, 0x00, 0x00, 0xFF, 0x2F, 0x00, 0x4D, 0x54, 0x72, 0x6B, 0x00, 0x00,
    0x0B, 0xC2, 0x00, 0xFF, 0x21, 0x01, 0x00, 0x00, 0xFF, 0x03, 0x02, 0x32, 0x37, 0x00, 0xBD, 0x07,
    0x70, 0x00, 0x0A, 0x78, 0x04, 0x00, 0x00, 0x02, 0x20, 0x00, 0x02, 0x0B, 0x6E, 0x02, 0xCD, 0x1B,
    0x02, 0xBD, 0x5B, 0x64, 0x02, 0x5D, 0x50, 0x02, 0x78, 0x00, 0x02, 0x65, 0x00, 0x02, 0x64, 0x00,
    0x02, 0x06, 0x02, 0x02, 0x63, 0x01, 0x02, 0x62, 0x20, 0x02, 0x06, 0x46, 0x02, 0x62, 0x66, 0x02,
    0x06, 0x46, 0x9D, 0x55, 0x9D, 0x45, 0x5E, 0x04, 0x39, 0x62, 0x07, 0x48, 0x5D, 0x0B, 0x4C, 0x5B,
    0x82, 0x53, 0x48, 0x00, 0x00, 0x45, 0x00, 0x0A, 0x45, 0x5D, 0x01, 0x48, 0x5F, 0x01, 0x4C, 0x5E,
    0x01, 0x4C, 0x00, 0x66, 0x45, 0x00, 0x01, 0x48, 0x00, 0x01, 0x4C, 0x00, 0x04, 0x39, 0x00, 0x09,
    0x3E, 0x5F, 0x01, 0x42, 0x5F, 0x01, 0x45, 0x61, 0x82, 0x5F, 0x42, 0x00, 0x02, 0x45, 0x00, 0x01,
    0x3E, 0x00, 0x04, 0x42, 0x5B, 0x01, 0x45, 0x63, 0x01, 0x4A, 0x5F, 0x6C, 0x45, 0x00, 0x01, 0x42,
    0x00, 0x02, 0x4A, 0x00, 0x07, 0x43, 0x5E, 0x01, 0x47, 0x62, 0x01, 0x4A, 0x60, 0x82, 0x4F, 0x43,
    0x00, 0x01, 0x4A, 0x00, 0x01, 0x47, 0x00, 0x15, 0x43, 0x60, 0x01, 0x47, 0x60, 0x01, 0x4A, 0x61,
    0x6F, 0x4A, 0x00, 0x01, 0x47, 0x00, 0x00, 0x43, 0x00, 0x06, 0x44, 0x5E, 0x01, 0x47, 0x63, 0x01,
    0x4D, 0x64, 0x83, 0x4D, 0x47, 0x00, 0x04, 0x4D, 0x00, 0x00, 0x44, 0x00, 0x02, 0x45, 0x5E, 0x04,
    0x39, 0x62, 0x07, 0x48, 0x5D, 0x0B, 0x4C, 0x5B, 0x82, 0x53, 0x48, 0x00, 0x00, 0x45, 0x00, 0x0A,
    0x45, 0x5D, 0x01, 0x48, 0x5F, 0x01, 0x4C, 0x5E, 0x01, 0x4C, 0x00, 0x66, 0x45, 0x00, 0x01, 0x48,
    0x00, 0x01, 0x4C, 0x00, 0x04, 0x39, 0x00, 0x09, 0x3E, 0x5F, 0x01, 0x42, 0x5F, 0x01, 0x45, 0x61,
    0x82, 0x5F, 0x42, 0x00, 0x02, 0x45, 0x00, 0x01, 0x3E, 0x00, 0x04, 0x42, 0x5B, 0x01, 0x45, 0x63,
    0x01, 0x4A, 0x5F, 0x6C, 0x45, 0x00, 0x01, 0x42, 0x00, 0x02, 0x4A, 0x00, 0x07, 0x43, 0x5E, 0x01,
    0x47, 0x62, 0x01, 0x4A, 0x60, 0x82, 0x4F, 0x43, 0x00, 0x01, 0x4A, 0x00, 0x01, 0x47, 0x00, 0x15,
    0x43, 0x60, 0x01, 0x47, 0x60, 0x01, 0x4A, 0x61, 0x6F, 0x4A, 0x00, 0x01, 0x47, 0x00, 0x00, 0x43,
    0x00, 0x06, 0x41, 0x5F, 0x01, 0x47, 0x62, 0x01, 0x4A, 0x60, 0x83, 0x1F, 0x47, 0x00, 0x03, 0x41,
    0x00, 0x01, 0x4A, 0x00, 0x3B, 0x3C, 0x5F, 0x01, 0x40, 0x63, 0x01, 0x43, 0x60, 0x83, 0x49, 0x43,
    0x00, 0x01, 0x3C, 0x00, 0x04, 0x40, 0x00, 0x10, 0x3C, 0x60, 0x01, 0x3F, 0x5F, 0x01, 0x43, 0x62,
    0x83, 0x34, 0x3F, 0x00, 0x06, 0x43, 0x00, 0x00, 0x3C, 0x00, 0x24, 0x3B, 0x60, 0x01, 0x3E, 0x62,
    0x01, 0x42, 0x5D, 0x83, 0x53, 0x3E, 0x00, 0x00, 0x3B, 0x00, 0x04, 0x42, 0x00, 0x07, 0x38, 0x5E,
    0x01, 0x3B, 0x61, 0x01, 0x42, 0x60, 0x81, 0x6B, 0x42, 0x00, 0x03, 0x40, 0x63, 0x81, 0x6E, 0x38,
    0x00, 0x01, 0x40, 0x00, 0x01, 0x39, 0x61, 0x01, 0x3B, 0x00, 0x00, 0x3C, 0x62, 0x01, 0x40, 0x61,
    0x83, 0x3F, 0x3C, 0x00, 0x01, 0x39, 0x00, 0x04, 0x40, 0x00, 0x1A, 0x39, 0x5F, 0x01, 0x3D, 0x5F,
    0x01, 0x40, 0x62, 0x83, 0x57, 0x39, 0x00, 0x01, 0x3D, 0x00, 0x05, 0x40, 0x00, 0x01, 0x39, 0x5C,
    0x01, 0x3C, 0x5D, 0x01, 0x40, 0x5F, 0x55, 0x40, 0x00, 0x00, 0x3C, 0x00, 0x00, 0x39, 0x00, 0x03,
    0x39, 0x5E, 0x01, 0x3C, 0x5F, 0x01, 0x40, 0x5F, 0x55, 0x40, 0x00, 0x00, 0x3C, 0x00, 0x00, 0x39,
    0x00, 0x03, 0x39, 0x5D, 0x01, 0x3C, 0x5D, 0x01, 0x40, 0x5C, 0x37, 0x40, 0x00, 0x00, 0x3C, 0x00,
    0x00, 0x39, 0x00, 0x03, 0x39, 0x5F, 0x01, 0x3C, 0x5F, 0x01, 0x40, 0x5F, 0x55, 0x40, 0x00, 0x00,
    0x3C, 0x00, 0x00, 0x39, 0x00, 0x03, 0x39, 0x5E, 0x01, 0x3C, 0x5F, 0x01, 0x40, 0x5E, 0x55, 0x40,
    0x00, 0x00, 0x3C, 0x00, 0x00, 0x39, 0x00, 0x03, 0x39, 0x5E, 0x01, 0x3C, 0x5F, 0x01, 0x40, 0x60,
    0x37, 0x40, 0x00, 0x00, 0x3C, 0x00, 0x00, 0x39, 0x00, 0x03, 0x3E, 0x5F, 0x01, 0x42, 0x5F, 0x01,
    0x47, 0x60, 0x81, 0x60, 0x3E, 0x00, 0x03, 0x42, 0x00, 0x04, 0x47, 0x00, 0x07, 0x3E, 0x5E, 0x01,
    0x42, 0x5C, 0x01, 0x45, 0x5F, 0x81, 0x57, 0x3E, 0x00, 0x0D, 0x42, 0x00, 0x00, 0x3E, 0x60, 0x02,
    0x45, 0x00, 0x08, 0x42, 0x5D, 0x0E, 0x47, 0x5C, 0x83, 0x29, 0x3E, 0x00, 0x01, 0x42, 0x00, 0x19,
    0x3E, 0x61, 0x07, 0x47, 0x00, 0x02, 0x42, 0x5C, 0x0C, 0x47, 0x51, 0x81, 0x69, 0x42, 0x00, 0x04,
    0x47, 0x00, 0x01, 0x3E, 0x00, 0x81, 0x5D, 0x40, 0x61, 0x0A, 0x43, 0x5F, 0x0B, 0x47, 0x5E, 0x82,
    0x5F, 0x43, 0x00, 0x01, 0x40, 0x00, 0x01, 0x47, 0x00, 0x67, 0x3C, 0x61, 0x0A, 0x40, 0x5F, 0x0F,
    0x45, 0x5C, 0x81, 0x2C, 0x40, 0x00, 0x00, 0x3C, 0x00, 0x01, 0x45, 0x00, 0x2A, 0x3E, 0x62, 0x0A,
    0x42, 0x5C, 0x0C, 0x45, 0x5B, 0x81, 0x5D, 0x3E, 0x63, 0x01, 0x42, 0x00, 0x02, 0x3E, 0x00, 0x01,
    0x45, 0x00, 0x04, 0x42, 0x5D, 0x0D, 0x47, 0x5E, 0x82, 0x64, 0x47, 0x00, 0x00, 0x42, 0x00, 0x02,
    0x3E, 0x00, 0x69, 0x40, 0x5F, 0x09, 0x43, 0x5D, 0x0E, 0x47, 0x5C, 0x82, 0x5D, 0x43, 0x00, 0x00,
    0x40, 0x00, 0x03, 0x47, 0x00, 0x68, 0x3E, 0x62, 0x0A, 0x42, 0x57, 0x0C, 0x47, 0x5C, 0x82, 0x5B,
    0x3E, 0x00, 0x01, 0x42, 0x00, 0x01, 0x47, 0x00, 0x6B, 0x40, 0x5F, 0x0A, 0x43, 0x5F, 0x0B, 0x47,
    0x5A, 0x82, 0x64, 0x47, 0x00, 0x00, 0x43, 0x00, 0x00, 0x40, 0x00, 0x6C, 0x3E, 0x61, 0x07, 0x42,
    0x5C, 0x0F, 0x47, 0x5D, 0x83, 0x40, 0x42, 0x00, 0x03, 0x3E, 0x00, 0x01, 0x47, 0x00, 0x04, 0x3B,
    0x5F, 0x07, 0x40, 0x5E, 0x0C, 0x45, 0x5D, 0x81, 0x58, 0x45, 0x00, 0x00, 0x40, 0x00, 0x11, 0x3B,
    0x00, 0x03, 0x41, 0x62, 0x59, 0x41, 0x00, 0x02, 0x40, 0x60, 0x50, 0x40, 0x00, 0x05, 0x3B, 0x63,
    0x2C, 0x3C, 0x62, 0x07, 0x40, 0x5F, 0x0C, 0x3B, 0x00, 0x01, 0x45, 0x62, 0x82, 0x64, 0x40, 0x00,
    0x00, 0x3C, 0x00, 0x01, 0x45, 0x00, 0x69, 0x39, 0x62, 0x06, 0x3E, 0x61, 0x0F, 0x45, 0x61, 0x82,
    0x62, 0x3E, 0x00, 0x03, 0x45, 0x00, 0x00, 0x39, 0x00, 0x67, 0x3C, 0x5F, 0x09, 0x40, 0x5C, 0x0B,
    0x43, 0x5C, 0x82, 0x65, 0x40, 0x00, 0x00, 0x3C, 0x00, 0x01, 0x43, 0x00, 0x69, 0x3B, 0x5F, 0x08,
    0x3E, 0x57, 0x0E, 0x43, 0x5B, 0x82, 0x61, 0x3E, 0x00, 0x00, 0x3B, 0x00, 0x03, 0x43, 0x00, 0x66,
    0x3B, 0x5D, 0x08, 0x40, 0x5E, 0x0D, 0x43, 0x51, 0x82, 0x61, 0x3B, 0x00, 0x02, 0x43, 0x00, 0x00,
    0x40, 0x00, 0x6B, 0x3B, 0x5F, 0x08, 0x3E, 0x5F, 0x09, 0x42, 0x5A, 0x82, 0x61, 0x3E, 0x00, 0x01,
    0x3B, 0x00, 0x02, 0x42, 0x00, 0x6C, 0x3C, 0x5E, 0x09, 0x40, 0x5D, 0x0C, 0x43, 0x51, 0x83, 0x27,
    0x43, 0x00, 0x00, 0x3C, 0x00, 0x04, 0x40, 0x00, 0x16, 0x3B, 0x5E, 0x0B, 0x3E, 0x5E, 0x0B, 0x43,
    0x5C, 0x82, 0x61, 0x43, 0x00, 0x01, 0x3E, 0x00, 0x00, 0x3B, 0x00, 0x6D, 0x3B, 0x5F, 0x0C, 0x40,
    0x5D, 0x10, 0x43, 0x51, 0x82, 0x5B, 0x3B, 0x00, 0x04, 0x40, 0x00, 0x02, 0x43, 0x00, 0x64, 0x3B,
    0x5F, 0x08, 0x3E, 0x5E, 0x0E, 0x42, 0x5F, 0x82, 0x59, 0x42, 0x00, 0x00, 0x3E, 0x00, 0x02, 0x3B,
    0x00, 0x68, 0x3C, 0x62, 0x0C, 0x40, 0x5D, 0x0E, 0x43, 0x5B, 0x82, 0x66, 0x43, 0x00, 0x01, 0x3C,
    0x00, 0x01, 0x40, 0x00, 0x62, 0x3B, 0x61, 0x06, 0x3F, 0x5E, 0x0D, 0x42, 0x60, 0x83, 0x16, 0x42,
    0x00, 0x02, 0x3F, 0x00, 0x00, 0x3B, 0x00, 0x35, 0x3B, 0x5E, 0x09, 0x40, 0x5D, 0x0B, 0x43, 0x5E,
    0x81, 0x39, 0x40, 0x00, 0x00, 0x3B, 0x00, 0x01, 0x43, 0x00, 0x21, 0x3B, 0x5F, 0x06, 0x3E, 0x5D,
    0x0D, 0x43, 0x5E, 0x81, 0x33, 0x3E, 0x00, 0x02, 0x3B, 0x00, 0x01, 0x43, 0x00, 0x26, 0x3B, 0x5E,
    0x07, 0x3D, 0x4F, 0x07, 0x40, 0x5F, 0x0B, 0x43, 0x4C, 0x82, 0x58, 0x43, 0x00, 0x03, 0x3D, 0x00,
    0x03, 0x40, 0x00, 0x00, 0x3B, 0x00, 0x6E, 0x3C, 0x5F, 0x0A, 0x40, 0x5D, 0x0D, 0x45, 0x5C, 0x81,
    0x4F, 0x36, 0x5A, 0x06, 0x40, 0x00, 0x01, 0x3C, 0x00, 0x01, 0x45, 0x00, 0x04, 0x39, 0x5F, 0x11,
    0x3F, 0x5A, 0x81, 0x60, 0x36, 0x00, 0x01, 0x39, 0x00, 0x04, 0x3F, 0x00, 0x96, 0x37, 0x45, 0x5E,
    0x04, 0x39, 0x62, 0x07, 0x48, 0x5D, 0x0B, 0x4C, 0x5B, 0x82, 0x53, 0x48, 0x00, 0x00, 0x45, 0x00,
    0x0A, 0x45, 0x5D, 0x01, 0x48, 0x5F, 0x01, 0x4C, 0x5E, 0x01, 0x4C, 0x00, 0x66, 0x45, 0x00, 0x01,
    0x48, 0x00, 0x01, 0x4C, 0x00, 0x04, 0x39, 0x00, 0x09, 0x3E, 0x5F, 0x01, 0x42, 0x5F, 0x01, 0x45,
    0x61, 0x82, 0x5F, 0x42, 0x00, 0x02, 0x45, 0x00, 0x01, 0x3E, 0x00, 0x04, 0x42, 0x5B, 0x01, 0x45,
    0x63, 0x01, 0x4A, 0x5F, 0x6C, 0x45, 0x00, 0x01, 0x42, 0x00, 0x02, 0x4A, 0x00, 0x07, 0x43, 0x5E,
    0x01, 0x47, 0x62, 0x01, 0x4A, 0x60, 0x82, 0x4F, 0x43, 0x00, 0x01, 0x4A, 0x00, 0x01, 0x47, 0x00,
    0x15, 0x43, 0x60, 0x01, 0x47, 0x60, 0x01, 0x4A, 0x61, 0x6F, 0x4A, 0x00, 0x01, 0x47, 0x00, 0x00,
    0x43, 0x00, 0x06, 0x44, 0x5E, 0x01, 0x47, 0x63, 0x01, 0x4D, 0x64, 0x83, 0x4D, 0x47, 0x00, 0x04,
    0x4D, 0x00, 0x00, 0x44, 0x00, 0x02, 0x45, 0x5E, 0x04, 0x39, 0x62, 0x07, 0x48, 0x5D, 0x0B, 0x4C,
    0x5B, 0x82, 0x53, 0x48, 0x00, 0x00, 0x45, 0x00, 0x0A, 0x45, 0x5D, 0x01, 0x48, 0x5F, 0x01, 0x4C,
    0x5E, 0x01, 0x4C, 0x00, 0x66, 0x45, 0x00, 0x01, 0x48, 0x00, 0x01, 0x4C, 0x00, 0x04, 0x39, 0x00,
    0x09, 0x3E, 0x5F, 0x01, 0x42, 0x5F, 0x01, 0x45, 0x61, 0x82, 0x5F, 0x42, 0x00, 0x02, 0x45, 0x00,
    0x01, 0x3E, 0x00, 0x04, 0x42, 0x5B, 0x01, 0x45, 0x63, 0x01, 0x4A, 0x5F, 0x6C, 0x45, 0x00, 0x01,
    0x42, 0x00, 0x02, 0x4A, 0x00, 0x07, 0x43, 0x5E, 0x01, 0x47, 0x62, 0x01, 0x4A, 0x60, 0x82, 0x4F,
    0x43, 0x00, 0x01, 0x4A, 0x00, 0x01, 0x47, 0x00, 0x15, 0x43, 0x60, 0x01, 0x47, 0x60, 0x01, 0x4A,
    0x61, 0x6F, 0x4A, 0x00, 0x01, 0x47, 0x00, 0x00, 0x43, 0x00, 0x06, 0x41, 0x5F, 0x01, 0x47, 0x62,
    0x01, 0x4A, 0x60, 0x83, 0x1F, 0x47, 0x00, 0x03, 0x41, 0x00, 0x01, 0x4A, 0x00, 0x3B, 0x3C, 0x5F,
    0x01, 0x40, 0x63, 0x01, 0x43, 0x60, 0x83, 0x49, 0x43, 0x00, 0x01, 0x3C, 0x00, 0x04, 0x40, 0x00,
    0x10, 0x3C, 0x60, 0x01, 0x3F, 0x5F, 0x01, 0x43, 0x62, 0x83, 0x34, 0x3F, 0x00, 0x06, 0x43, 0x00,
    0x00, 0x3C, 0x00, 0x24, 0x3B, 0x60, 0x01, 0x3E, 0x62, 0x01, 0x42, 0x5D, 0x83, 0x53, 0x3E, 0x00,
    0x00, 0x3B, 0x00, 0x04, 0x42, 0x00, 0x07, 0x38, 0x5E, 0x01, 0x3B, 0x61, 0x01, 0x42, 0x60, 0x81,
    0x6B, 0x42, 0x00, 0x03, 0x40, 0x63, 0x81, 0x6E, 0x38, 0x00, 0x01, 0x40, 0x00, 0x01, 0x39, 0x61,
    0x01, 0x3B, 0x00, 0x00, 0x3C, 0x62, 0x01, 0x40, 0x61, 0x83, 0x3F, 0x3C, 0x00, 0x01, 0x39, 0x00,
    0x04, 0x40, 0x00, 0x1A, 0x39, 0x5F, 0x01, 0x3D, 0x5F, 0x01, 0x40, 0x62, 0x83, 0x57, 0x39, 0x00,
    0x01, 0x3D, 0x00, 0x05, 0x40, 0x00, 0x01, 0x39, 0x5C, 0x01, 0x3C, 0x5D, 0x01, 0x40, 0x5F, 0x55,
    0x40, 0x00, 0x00, 0x3C, 0x00, 0x00, 0x39, 0x00, 0x03, 0x39, 0x5E, 0x01, 0x3C, 0x5F, 0x01, 0x40,
    0x5F, 0x55, 0x40, 0x00, 0x00, 0x3C, 0x00, 0x00, 0x39, 0x00, 0x03, 0x39, 0x5D, 0x01, 0x3C, 0x5D,
    0x01, 0x40, 0x5C, 0x37, 0x40, 0x00, 0x00, 0x3C, 0x00, 0x00, 0x39, 0x00, 0x03, 0x39, 0x5F, 0x01,
    0x3C, 0x5F, 0x01, 0x40, 0x5F, 0x55, 0x40, 0x00, 0x00, 0x3C, 0x00, 0x00, 0x39, 0x00, 0x03, 0x39,
    0x5E, 0x01, 0x3C, 0x5F, 0x01, 0x40, 0x5E, 0x55, 0x40, 0x00, 0x00, 0x3C, 0x00, 0x00, 0x39, 0x00,
    0x03, 0x39, 0x5E, 0x01, 0x3C, 0x5F, 0x01, 0x40, 0x60, 0x37, 0x40, 0x00, 0x00, 0x3C, 0x00, 0x00,
    0x39, 0x00, 0x03, 0x3E, 0x5F, 0x01, 0x42, 0x5F, 0x01, 0x47, 0x60, 0x81, 0x60, 0x3E, 0x00, 0x03,
    0x42, 0x00, 0x04, 0x47, 0x00, 0x07, 0x3E, 0x5E, 0x01, 0x42, 0x5C, 0x01, 0x45, 0x5F, 0x81, 0x57,
    0x3E, 0x00, 0x0D, 0x42, 0x00, 0x02, 0x45, 0x00, 0x0F, 0x43, 0x5C, 0x82, 0x66, 0x43, 0x00, 0x69,
    0x3B, 0x5F, 0x08, 0x3E, 0x57, 0x0E, 0x43, 0x5B, 0x82, 0x61, 0x3E, 0x00, 0x00, 0x3B, 0x00, 0x03,
    0x43, 0x00, 0x66, 0x3B, 0x5D, 0x08, 0x40, 0x5E, 0x0D, 0x43, 0x51, 0x82, 0x61, 0x3B, 0x00, 0x02,
    0x43, 0x00, 0x00, 0x40, 0x00, 0x6B, 0x3B, 0x5F, 0x08, 0x3E, 0x5F, 0x09, 0x42, 0x5A, 0x82, 0x61,
    0x3E, 0x00, 0x01, 0x3B, 0x00, 0x02, 0x42, 0x00, 0x6C, 0x3C, 0x5E, 0x09, 0x40, 0x5D, 0x0C, 0x43,
    0x51, 0x83, 0x27, 0x43, 0x00, 0x00, 0x3C, 0x00, 0x04, 0x40, 0x00, 0x16, 0x3B, 0x5E, 0x0B, 0x3E,
    0x5E, 0x0B, 0x43, 0x5C, 0x82, 0x61, 0x43, 0x00, 0x01, 0x3E, 0x00, 0x00, 0x3B, 0x00, 0x6D, 0x3B,
    0x5F, 0x0C, 0x40, 0x5D, 0x10, 0x43, 0x51, 0x82, 0x5B, 0x3B, 0x00, 0x04, 0x40, 0x00, 0x02, 0x43,
    0x00, 0x64, 0x3B, 0x5F, 0x08, 0x3E, 0x5E, 0x0E, 0x42, 0x5F, 0x82, 0x59, 0x42, 0x00, 0x00, 0x3E,
    0x00, 0x02, 0x3B, 0x00, 0x68, 0x3C, 0x62, 0x0C, 0x40, 0x5D, 0x0E, 0x43, 0x5B, 0x82, 0x66, 0x43,
    0x00, 0x01, 0x3C, 0x00, 0x01, 0x40, 0x00, 0x62, 0x3B, 0x61, 0x06, 0x3F, 0x5E, 0x0D, 0x42, 0x60,
    0x83, 0x16, 0x42, 0x00, 0x02, 0x3F, 0x00, 0x00, 0x3B, 0x00, 0x35, 0x3B, 0x5E, 0x09, 0x40, 0x5D,
    0x0B, 0x43, 0x5E, 0x81, 0x39, 0x40, 0x00, 0x00, 0x3B, 0x00, 0x01, 0x43, 0x00, 0x21, 0x3B, 0x5F,
    0x06, 0x3E, 0x5D, 0x0D, 0x43, 0x5E, 0x81, 0x33, 0x3E, 0x00, 0x02, 0x3B, 0x00, 0x01, 0x43, 0x00,
    0x26, 0x3B, 0x5E, 0x07, 0x3D, 0x4F, 0x07, 0x40, 0x5F, 0x0B, 0x43, 0x4C, 0x82, 0x58, 0x43, 0x00,
    0x03, 0x3D, 0x00, 0x03, 0x40, 0x00, 0x00, 0x3B, 0x00, 0x6E, 0x3C, 0x5F, 0x0A, 0x40, 0x5D, 0x0D,
    0x45, 0x5C, 0x81, 0x4F, 0x36, 0x5A, 0x06, 0x40, 0x00, 0x01, 0x3C, 0x00, 0x01, 0x45, 0x00, 0x04,
    0x39, 0x5F, 0x11, 0x3F, 0x5A, 0x81, 0x5D, 0x3B, 0x5F, 0x03, 0x36, 0x00, 0x01, 0x39, 0x00, 0x04,
    0x3F, 0x00, 0x00, 0x3E, 0x5C, 0x0E, 0x43, 0x5E, 0x81, 0x39, 0x3B, 0x00, 0x04, 0x43, 0x00, 0x00,
    0x3E, 0x00, 0x17, 0x3B, 0x5F, 0x07, 0x3E, 0x5B, 0x0D, 0x42, 0x5C, 0x81, 0x49, 0x3E, 0x00, 0x00,
    0x3B, 0x00, 0x03, 0x42, 0x00, 0x20, 0x3B, 0x5C, 0x01, 0x3E, 0x5E, 0x01, 0x41, 0x5D, 0x2E, 0x3E,
    0x00, 0x00, 0x3B, 0x00, 0x01, 0x41, 0x00, 0x84, 0x27, 0x3C, 0x5E, 0x01, 0x40, 0x5F, 0x01, 0x43,
    0x5E, 0x0B, 0x3C, 0x00, 0x01, 0x40, 0x00, 0x02, 0x43, 0x00, 0x81, 0x60, 0x3C, 0x61, 0x01, 0x40,
    0x61, 0x01, 0x43, 0x5F, 0x0C, 0x40, 0x00, 0x02, 0x3C, 0x00, 0x02, 0x43, 0x00, 0x81, 0x5E, 0x3C,
    0x5B, 0x01, 0x3F, 0x5F, 0x01, 0x43, 0x5E, 0x0B, 0x43, 0x00, 0x01, 0x3C, 0x00, 0x03, 0x3F, 0x00,
    0x81, 0x5F, 0x3C, 0x5E, 0x01, 0x3F, 0x5C, 0x01, 0x43, 0x60, 0x0E, 0x3F, 0x00, 0x01, 0x3C, 0x00,
    0x03, 0x43, 0x00, 0x81, 0x5C, 0x3B, 0x5E, 0x01, 0x3E, 0x62, 0x01, 0x42, 0x5D, 0x0C, 0x3B, 0x00,
    0x04, 0x3E, 0x00, 0x01, 0x42, 0x00, 0x81, 0x5D, 0x3B, 0x5E, 0x01, 0x3E, 0x60, 0x01, 0x42, 0x5C,
    0x0D, 0x3E, 0x00, 0x01, 0x3B, 0x00, 0x05, 0x42, 0x00, 0x81, 0x5B, 0x38, 0x5E, 0x01, 0x3B, 0x60,
    0x01, 0x42, 0x5D, 0x1F, 0x42, 0x00, 0x00, 0x3B, 0x00, 0x00, 0x38, 0x00, 0x81, 0x4F, 0x38, 0x56,
    0x01, 0x3B, 0x62, 0x01, 0x40, 0x63, 0x11, 0x38, 0x00, 0x08, 0x3B, 0x00, 0x01, 0x40, 0x00, 0x81,
    0x54, 0x39, 0x61, 0x01, 0x3C, 0x61, 0x01, 0x40, 0x62, 0x0E, 0x3C, 0x00, 0x02, 0x40, 0x00, 0x01,
    0x39, 0x00, 0x81, 0x5D, 0x39, 0x5F, 0x01, 0x3C, 0x61, 0x01, 0x40, 0x61, 0x0E, 0x3C, 0x00, 0x01,
    0x39, 0x00, 0x04, 0x40, 0x00, 0x81, 0x5B, 0x39, 0x60, 0x01, 0x3D, 0x60, 0x01, 0x40, 0x61, 0x0D,
    0x39, 0x00, 0x01, 0x40, 0x00, 0x02, 0x3D, 0x00, 0x81, 0x5E, 0x39, 0x61, 0x01, 0x3D, 0x5F, 0x01,
    0x40, 0x61, 0x0D, 0x39, 0x00, 0x05, 0x3D, 0x00, 0x01, 0x40, 0x00, 0x63, 0x39, 0x5C, 0x01, 0x3C,
    0x5D, 0x01, 0x40, 0x5F, 0x55, 0x40, 0x00, 0x00, 0x3C, 0x00, 0x00, 0x39, 0x00, 0x03, 0x39, 0x5E,
    0x01, 0x3C, 0x5F, 0x01, 0x40, 0x5F, 0x55, 0x40, 0x00, 0x00, 0x3C, 0x00, 0x00, 0x39, 0x00, 0x03,
    0x39, 0x5D, 0x01, 0x3C, 0x5D, 0x01, 0x40, 0x5C, 0x37, 0x40, 0x00, 0x00, 0x3C, 0x00, 0x00, 0x39,
    0x00, 0x03, 0x39, 0x5F, 0x01, 0x3C, 0x5F, 0x01, 0x40, 0x5F, 0x55, 0x40, 0x00, 0x00, 0x3C, 0x00,
    0x00, 0x39, 0x00, 0x03, 0x39, 0x5E, 0x01, 0x3C, 0x5F, 0x01, 0x40, 0x5E, 0x55, 0x40, 0x00, 0x00,
    0x3C, 0x00, 0x00, 0x39, 0x00, 0x03, 0x39, 0x5E, 0x01, 0x3C, 0x5F, 0x01, 0x40, 0x60, 0x37, 0x40,
    0x00, 0x00, 0x3C, 0x00, 0x00, 0x39, 0x00, 0x03, 0x3E, 0x5F, 0x01, 0x42, 0x5F, 0x01, 0x47, 0x60,
    0x81, 0x60, 0x3E, 0x00, 0x03, 0x42, 0x00, 0x04, 0x47, 0x00, 0x07, 0x3E, 0x5E, 0x01, 0x42, 0x5C,
    0x01, 0x45, 0x5F, 0x81, 0x57, 0x3E, 0x00, 0x0D, 0x42, 0x00, 0x00, 0x3E, 0x60, 0x02, 0x45, 0x00,
    0x08, 0x42, 0x5D, 0x0E, 0x47, 0x5C, 0x83, 0x29, 0x3E, 0x00, 0x01, 0x42, 0x00, 0x19, 0x3E, 0x61,
    0x07, 0x47, 0x00, 0x02, 0x42, 0x5C, 0x0C, 0x47, 0x51, 0x81, 0x69, 0x42, 0x00, 0x04, 0x47, 0x00,
    0x01, 0x3E, 0x00, 0x81, 0x5D, 0x40, 0x61, 0x0A, 0x43, 0x5F, 0x0B, 0x47, 0x5E, 0x82, 0x5F, 0x43,
    0x00, 0x01, 0x40, 0x00, 0x01, 0x47, 0x00, 0x67, 0x3C, 0x61, 0x0A, 0x40, 0x5F, 0x0F, 0x45, 0x5C,
    0x81, 0x2C, 0x40, 0x00, 0x00, 0x3C, 0x00, 0x01, 0x45, 0x00, 0x2A, 0x3E, 0x62, 0x0A, 0x42, 0x5C,
    0x0C, 0x45, 0x5B, 0x81, 0x5D, 0x3E, 0x63, 0x01, 0x42, 0x00, 0x02, 0x3E, 0x00, 0x01, 0x45, 0x00,
    0x04, 0x42, 0x5D, 0x0D, 0x47, 0x5E, 0x82, 0x64, 0x47, 0x00, 0x00, 0x42, 0x00, 0x02, 0x3E, 0x00,
    0x69, 0x40, 0x5F, 0x09, 0x43, 0x5D, 0x0E, 0x47, 0x5C, 0x82, 0x5D, 0x43, 0x00, 0x00, 0x40, 0x00,
    0x03, 0x47, 0x00, 0x68, 0x3E, 0x62, 0x0A, 0x42, 0x57, 0x0C, 0x47, 0x5C, 0x82, 0x5B, 0x3E, 0x00,
    0x01, 0x42, 0x00, 0x01, 0x47, 0x00, 0x6B, 0x40, 0x5F, 0x0A, 0x43, 0x5F, 0x0B, 0x47, 0x5A, 0x82,
    0x64, 0x47, 0x00, 0x00, 0x43, 0x00, 0x00, 0x40, 0x00, 0x6C, 0x3E, 0x61, 0x07, 0x42, 0x5C, 0x0F,
    0x47, 0x5D, 0x83, 0x40, 0x42, 0x00, 0x03, 0x3E, 0x00, 0x01, 0x47, 0x00, 0x04, 0x3B, 0x5F, 0x07,
    0x40, 0x5E, 0x0C, 0x45, 0x5D, 0x81, 0x58, 0x45, 0x00, 0x00, 0x40, 0x00, 0x11, 0x3B, 0x00, 0x03,
    0x41, 0x62, 0x59, 0x41, 0x00, 0x02, 0x40, 0x60, 0x50, 0x40, 0x00, 0x05, 0x3B, 0x63, 0x2C, 0x3C,
    0x62, 0x07, 0x40, 0x5F, 0x0C, 0x3B, 0x00, 0x01, 0x45, 0x62, 0x82, 0x64, 0x40, 0x00, 0x00, 0x3C,
    0x00, 0x01, 0x45, 0x00, 0x69, 0x39, 0x62, 0x06, 0x3E, 0x61, 0x0F, 0x45, 0x61, 0x82, 0x62, 0x3E,
    0x00, 0x03, 0x45, 0x00, 0x00, 0x39, 0x00, 0x67, 0x3C, 0x5F, 0x09, 0x40, 0x5C, 0x0B, 0x43, 0x5C,
    0x82, 0x65, 0x40, 0x00, 0x00, 0x3C, 0x00, 0x01, 0x43, 0x00, 0x69, 0x3B, 0x5F, 0x08, 0x3E, 0x57,
    0x0E, 0x43, 0x5B, 0x82, 0x61, 0x3E, 0x00, 0x00, 0x3B, 0x00, 0x03, 0x43, 0x00, 0x66, 0x3B, 0x5D,
    0x08, 0x40, 0x5E, 0x0D, 0x43, 0x51, 0x82, 0x61, 0x3B, 0x00, 0x02, 0x43, 0x00, 0x00, 0x40, 0x00,
    0x6B, 0x3B, 0x5F, 0x08, 0x3E, 0x5F, 0x09, 0x42, 0x5A, 0x82, 0x61, 0x3E, 0x00, 0x01, 0x3B, 0x00,
    0x02, 0x42, 0x00, 0x6C, 0x3C, 0x5E, 0x09, 0x40, 0x5D, 0x0C, 0x43, 0x51, 0x83, 0x27, 0x43, 0x00,
    0x00, 0x3C, 0x00, 0x04, 0x40, 0x00, 0x16, 0x3B, 0x5E, 0x0B, 0x3E, 0x5E, 0x0B, 0x43, 0x5C, 0x82,
    0x61, 0x43, 0x00, 0x01, 0x3E, 0x00, 0x00, 0x3B, 0x00, 0x6D, 0x3B, 0x5F, 0x0C, 0x40, 0x5D, 0x10,
    0x43, 0x51, 0x82, 0x5B, 0x3B, 0x00, 0x04, 0x40, 0x00, 0x02, 0x43, 0x00, 0x64, 0x3B, 0x5F, 0x08,
    0x3E, 0x5E, 0x0E, 0x42, 0x5F, 0x82, 0x59, 0x42, 0x00, 0x00, 0x3E, 0x00, 0x02, 0x3B, 0x00, 0x68,
    0x3C, 0x62, 0x0C, 0x40, 0x5D, 0x0E, 0x43, 0x5B, 0x82, 0x66, 0x43, 0x00, 0x01, 0x3C, 0x00, 0x01,
    0x40, 0x00, 0x62, 0x3B, 0x61, 0x06, 0x3F, 0x5E, 0x0D, 0x42, 0x60, 0x83, 0x16, 0x42, 0x00, 0x02,
    0x3F, 0x00, 0x00, 0x3B, 0x00, 0x35, 0x3B, 0x5E, 0x09, 0x40, 0x5D, 0x0B, 0x43, 0x5E, 0x81, 0x39,
    0x40, 0x00, 0x00, 0x3B, 0x00, 0x01, 0x43, 0x00, 0x21, 0x3B, 0x5F, 0x06, 0x3E, 0x5D, 0x0D, 0x43,
    0x5E, 0x81, 0x33, 0x3E, 0x00, 0x02, 0x3B, 0x00, 0x01, 0x43, 0x00, 0x26, 0x3B, 0x5E, 0x07, 0x3D,
    0x4F, 0x07, 0x40, 0x5F, 0x0B, 0x43, 0x4C, 0x82, 0x58, 0x43, 0x00, 0x03, 0x3D, 0x00, 0x03, 0x40,
    0x00, 0x00, 0x3B, 0x00, 0x6E, 0x3C, 0x5F, 0x0A, 0x40, 0x5D, 0x0D, 0x45, 0x5C, 0x81, 0x55, 0x40,
    0x00, 0x01, 0x3C, 0x00, 0x01, 0x45, 0x00, 0x81, 0x70, 0x3B, 0x5E, 0x08, 0x3E, 0x5D, 0x0B, 0x42,
    0x5F, 0x82, 0x62, 0x3E, 0x00, 0x01, 0x42, 0x00, 0x00, 0x3B, 0x00, 0x69, 0x3C, 0x61, 0x0B, 0x3F,
    0x56, 0x0C, 0x43, 0x5C, 0x7E, 0x43, 0x00, 0x00, 0x3F, 0x00, 0x01, 0x3C, 0x00, 0x67, 0x3E, 0x5E,
    0x01, 0x42, 0x5C, 0x01, 0x45, 0x5E, 0x87, 0x24, 0x45, 0x00, 0x00, 0x42, 0x00, 0x03, 0x3E, 0x00,
    0x00, 0xFF, 0x2F, 0x00, 0x4D, 0x54, 0x72, 0x6B, 0x00, 0x00, 0x11, 0xFF, 0x00, 0xFF, 0x21, 0x01,
    0x00, 0x00, 0xFF, 0x03, 0x02, 0x33, 0x30, 0x00, 0xBE, 0x07, 0x6E, 0x00, 0x0A, 0x7F, 0x04, 0x78,
    0x00, 0x02, 0x00, 0x00, 0x02, 0x20, 0x00, 0x02, 0x0B, 0x6E, 0x02, 0xCE, 0x1E, 0x02, 0xBE, 0x5B,
    0x50, 0x02, 0x5D, 0x28, 0x02, 0x65, 0x00, 0x02, 0x64, 0x00, 0x02, 0x06, 0x02, 0x81, 0x86, 0x6B,
    0x9E, 0x30, 0x65, 0x00, 0x3C, 0x65, 0x00, 0x37, 0x63, 0x39, 0x37, 0x00, 0x00, 0x3C, 0x00, 0x00,
    0x30, 0x00, 0x03, 0x30, 0x65, 0x00, 0x37, 0x62, 0x00, 0x3C, 0x64, 0x39, 0x3C, 0x00, 0x00, 0x37,
    0x00, 0x00, 0x30, 0x00, 0x03, 0x30, 0x66, 0x00, 0x37, 0x63, 0x00, 0x3C, 0x65, 0x39, 0x3C, 0x00,
    0x00, 0x37, 0x00, 0x00, 0x30, 0x00, 0x03, 0x30, 0x67, 0x00, 0x3C, 0x65, 0x00, 0x37, 0x63, 0x39,
    0x37, 0x00, 0x00, 0x3C, 0x00, 0x00, 0x30, 0x00, 0x03, 0x37, 0x63, 0x00, 0x3C, 0x65, 0x00, 0x30,
    0x66, 0x39, 0x30, 0x00, 0x00, 0x3C, 0x00, 0x00, 0x37, 0x00, 0x03, 0x30, 0x65, 0x00, 0x37, 0x64,
    0x00, 0x3C, 0x64, 0x39, 0x3C, 0x00, 0x00, 0x37, 0x00, 0x00, 0x30, 0x00, 0x03, 0x30, 0x64, 0x00,
    0x37, 0x65, 0x00, 0x3C, 0x65, 0x39, 0x3C, 0x00, 0x00, 0x37, 0x00, 0x00, 0x30, 0x00, 0x03, 0x3C,
    0x63, 0x00, 0x30, 0x63, 0x00, 0x37, 0x62, 0x39, 0x37, 0x00, 0x00, 0x30, 0x00, 0x00, 0x3C, 0x00,
    0x03, 0x2B, 0x64, 0x00, 0x37, 0x65, 0x00, 0x32, 0x61, 0x39, 0x32, 0x00, 0x00, 0x37, 0x00, 0x00,
    0x2B, 0x00, 0x03, 0x2B, 0x65, 0x00, 0x37, 0x65, 0x00, 0x32, 0x63, 0x39, 0x32, 0x00, 0x00, 0x37,
    0x00, 0x00, 0x2B, 0x00, 0x03, 0x2B, 0x65, 0x00, 0x37, 0x63, 0x00, 0x32, 0x63, 0x39, 0x32, 0x00,
    0x00, 0x37, 0x00, 0x00, 0x2B, 0x00, 0x03, 0x2B, 0x67, 0x00, 0x37, 0x65, 0x00, 0x32, 0x63, 0x39,
    0x32, 0x00, 0x00, 0x37, 0x00, 0x00, 0x2B, 0x00, 0x03, 0x2B, 0x63, 0x00, 0x37, 0x64, 0x00, 0x32,
    0x63, 0x39, 0x32, 0x00, 0x00, 0x37, 0x00, 0x00, 0x2B, 0x00, 0x03, 0x2B, 0x63, 0x00, 0x37, 0x65,
    0x00, 0x32, 0x63, 0x39, 0x32, 0x00, 0x00, 0x37, 0x00, 0x00, 0x2B, 0x00, 0x03, 0x2B, 0x66, 0x00,
    0x37, 0x65, 0x00, 0x32, 0x65, 0x39, 0x32, 0x00, 0x00, 0x37, 0x00, 0x00, 0x2B, 0x00, 0x03, 0x2B,
    0x67, 0x00, 0x37, 0x65, 0x00, 0x32, 0x65, 0x39, 0x32, 0x00, 0x00, 0x37, 0x00, 0x00, 0x2B, 0x00,
    0x03, 0x3B, 0x66, 0x00, 0x34, 0x65, 0x00, 0x28, 0x67, 0x39, 0x28, 0x00, 0x00, 0x34, 0x00, 0x00,
    0x3B, 0x00, 0x03, 0x28, 0x65, 0x00, 0x34, 0x65, 0x00, 0x3B, 0x65, 0x39, 0x3B, 0x00, 0x00, 0x34,
    0x00, 0x00, 0x28, 0x00, 0x03, 0x28, 0x66, 0x00, 0x3B, 0x65, 0x00, 0x34, 0x63, 0x39, 0x34, 0x00,
    0x00, 0x3B, 0x00, 0x00, 0x28, 0x00, 0x03, 0x34, 0x64, 0x00, 0x3B, 0x65, 0x00, 0x28, 0x67, 0x39,
    0x28, 0x00, 0x00, 0x3B, 0x00, 0x00, 0x34, 0x00, 0x03, 0x28, 0x67, 0x00, 0x34, 0x65, 0x00, 0x3B,
    0x65, 0x39, 0x3B, 0x00, 0x00, 0x34, 0x00, 0x00, 0x28, 0x00, 0x03, 0x28, 0x65, 0x00, 0x3B, 0x65,
    0x00, 0x34, 0x65, 0x39, 0x34, 0x00, 0x00, 0x3B, 0x00, 0x00, 0x28, 0x00, 0x03, 0x3B, 0x65, 0x00,
    0x34, 0x65, 0x00, 0x28, 0x67, 0x39, 0x28, 0x00, 0x00, 0x34, 0x00, 0x00, 0x3B, 0x00, 0x03, 0x28,
    0x67, 0x00, 0x34, 0x65, 0x00, 0x3B, 0x66, 0x39, 0x3B, 0x00, 0x00, 0x34, 0x00, 0x00, 0x28, 0x00,
    0x03, 0x2F, 0x67, 0x00, 0x3B, 0x67, 0x00, 0x36, 0x62, 0x39, 0x36, 0x00, 0x00, 0x3B, 0x00, 0x00,
    0x2F, 0x00, 0x03, 0x36, 0x60, 0x00, 0x3B, 0x66, 0x00, 0x2F, 0x66, 0x39, 0x2F, 0x00, 0x00, 0x3B,
    0x00, 0x00, 0x36, 0x00, 0x03, 0x3B, 0x65, 0x00, 0x36, 0x5D, 0x00, 0x2F, 0x66, 0x39, 0x2F, 0x00,
    0x00, 0x36, 0x00, 0x00, 0x3B, 0x00, 0x03, 0x36, 0x62, 0x00, 0x3B, 0x65, 0x00, 0x2F, 0x67, 0x39,
    0x2F, 0x00, 0x00, 0x3B, 0x00, 0x00, 0x36, 0x00, 0x03, 0x36, 0x62, 0x00, 0x3B, 0x65, 0x00, 0x2F,
    0x67, 0x39, 0x2F, 0x00, 0x00, 0x3B, 0x00, 0x00, 0x36, 0x00, 0x03, 0x36, 0x63, 0x00, 0x2F, 0x67,
    0x00, 0x3B, 0x66, 0x39, 0x3B, 0x00, 0x00, 0x2F, 0x00, 0x00, 0x36, 0x00, 0x03, 0x2F, 0x67, 0x00,
    0x3B, 0x65, 0x00, 0x36, 0x64, 0x39, 0x36, 0x00, 0x00, 0x3B, 0x00, 0x00, 0x2F, 0x00, 0x03, 0x3B,
    0x65, 0x00, 0x36, 0x64, 0x00, 0x2F, 0x68, 0x39, 0x2F, 0x00, 0x00, 0x36, 0x00, 0x00, 0x3B, 0x00,
    0x03, 0x30, 0x65, 0x00, 0x3C, 0x65, 0x00, 0x37, 0x63, 0x39, 0x37, 0x00, 0x00, 0x3C, 0x00, 0x00,
    0x30, 0x00, 0x03, 0x30, 0x65, 0x00, 0x37, 0x62, 0x00, 0x3C, 0x64, 0x39, 0x3C, 0x00, 0x00, 0x37,
    0x00, 0x00, 0x30, 0x00, 0x03, 0x30, 0x66, 0x00, 0x37, 0x63, 0x00, 0x3C, 0x65, 0x39, 0x3C, 0x00,
    0x00, 0x37, 0x00, 0x00, 0x30, 0x00, 0x03, 0x30, 0x67, 0x00, 0x3C, 0x65, 0x00, 0x37, 0x63, 0x39,
    0x37, 0x00, 0x00, 0x3C, 0x00, 0x00, 0x30, 0x00, 0x03, 0x37, 0x63, 0x00, 0x3C, 0x65, 0x00, 0x30,
    0x66, 0x39, 0x30, 0x00, 0x00, 0x3C, 0x00, 0x00, 0x37, 0x00, 0x03, 0x30, 0x65, 0x00, 0x37, 0x64,
    0x00, 0x3C, 0x64, 0x39, 0x3C, 0x00, 0x00, 0x37, 0x00, 0x00, 0x30, 0x00, 0x03, 0x30, 0x64, 0x00,
    0x37, 0x65, 0x00, 0x3C, 0x65, 0x39, 0x3C, 0x00, 0x00, 0x37, 0x00, 0x00, 0x30, 0x00, 0x03, 0x3C,
    0x63, 0x00, 0x30, 0x63, 0x00, 0x37, 0x62, 0x39, 0x37, 0x00, 0x00, 0x30, 0x00, 0x00, 0x3C, 0x00,
    0x03, 0x2B, 0x64, 0x00, 0x37, 0x65, 0x00, 0x32, 0x61, 0x39, 0x32, 0x00, 0x00, 0x37, 0x00, 0x00,
    0x2B, 0x00, 0x03, 0x2B, 0x65, 0x00, 0x37, 0x65, 0x00, 0x32, 0x63, 0x39, 0x32, 0x00, 0x00, 0x37,
    0x00, 0x00, 0x2B, 0x00, 0x03, 0x2B, 0x65, 0x00, 0x37, 0x63, 0x00, 0x32, 0x63, 0x39, 0x32, 0x00,
    0x00, 0x37, 0x00, 0x00, 0x2B, 0x00, 0x03, 0x2B, 0x67, 0x00, 0x37, 0x65, 0x00, 0x32, 0x63, 0x39,
    0x32, 0x00, 0x00, 0x37, 0x00, 0x00, 0x2B, 0x00, 0x03, 0x2B, 0x63, 0x00, 0x37, 0x64, 0x00, 0x32,
    0x63, 0x39, 0x32, 0x00, 0x00, 0x37, 0x00, 0x00, 0x2B, 0x00, 0x03, 0x2B, 0x63, 0x00, 0x37, 0x65,
    0x00, 0x32, 0x63, 0x39, 0x32, 0x00, 0x00, 0x37, 0x00, 0x00, 0x2B, 0x00, 0x03, 0x2B, 0x66, 0x00,
    0x37, 0x65, 0x00, 0x32, 0x65, 0x39, 0x32, 0x00, 0x00, 0x37, 0x00, 0x00, 0x2B, 0x00, 0x03, 0x2B,
    0x67, 0x00, 0x37, 0x65, 0x00, 0x32, 0x65, 0x39, 0x32, 0x00, 0x00, 0x37, 0x00, 0x00, 0x2B, 0x00,
    0x03, 0x3B, 0x66, 0x00, 0x34, 0x65, 0x00, 0x28, 0x67, 0x39, 0x28, 0x00, 0x00, 0x34, 0x00, 0x00,
    0x3B, 0x00, 0x03, 0x28, 0x65, 0x00, 0x34, 0x65, 0x00, 0x3B, 0x65, 0x39, 0x3B, 0x00, 0x00, 0x34,
    0x00, 0x00, 0x28, 0x00, 0x03, 0x28, 0x66, 0x00, 0x3B, 0x65, 0x00, 0x34, 0x63, 0x39, 0x34, 0x00,
    0x00, 0x3B, 0x00, 0x00, 0x28, 0x00, 0x03, 0x34, 0x64, 0x00, 0x3B, 0x65, 0x00, 0x28, 0x67, 0x39,
    0x28, 0x00, 0x00, 0x3B, 0x00, 0x00, 0x34, 0x00, 0x03, 0x28, 0x67, 0x00, 0x34, 0x65, 0x00, 0x3B,
    0x65, 0x39, 0x3B, 0x00, 0x00, 0x34, 0x00, 0x00, 0x28, 0x00, 0x03, 0x28, 0x65, 0x00, 0x3B, 0x65,
    0x00, 0x34, 0x65, 0x39, 0x34, 0x00, 0x00, 0x3B, 0x00, 0x00, 0x28, 0x00, 0x03, 0x3B, 0x65, 0x00,
    0x34, 0x65, 0x00, 0x28, 0x67, 0x39, 0x28, 0x00, 0x00, 0x34, 0x00, 0x00, 0x3B, 0x00, 0x03, 0x28,
    0x67, 0x00, 0x34, 0x65, 0x00, 0x3B, 0x66, 0x39, 0x3B, 0x00, 0x00, 0x34, 0x00, 0x00, 0x28, 0x00,
    0x03, 0x2F, 0x67, 0x00, 0x3B, 0x67, 0x00, 0x36, 0x62, 0x39, 0x36, 0x00, 0x00, 0x3B, 0x00, 0x00,
    0x2F, 0x00, 0x03, 0x36, 0x60, 0x00, 0x3B, 0x66, 0x00, 0x2F, 0x66, 0x39, 0x2F, 0x00, 0x00, 0x3B,
    0x00, 0x00, 0x36, 0x00, 0x03, 0x3B, 0x65, 0x00, 0x36, 0x5D, 0x00, 0x2F, 0x66, 0x39, 0x2F, 0x00,
    0x00, 0x36, 0x00, 0x00, 0x3B, 0x00, 0x03, 0x36, 0x62, 0x00, 0x3B, 0x65, 0x00, 0x2F, 0x67, 0x39,
    0x2F, 0x00, 0x00, 0x3B, 0x00, 0x00, 0x36, 0x00, 0x03, 0x36, 0x62, 0x00, 0x3B, 0x65, 0x00, 0x2F,
    0x67, 0x39, 0x2F, 0x00, 0x00, 0x3B, 0x00, 0x00, 0x36, 0x00, 0x03, 0x36, 0x63, 0x00, 0x2F, 0x67,
    0x00, 0x3B, 0x66, 0x39, 0x3B, 0x00, 0x00, 0x2F, 0x00, 0x00, 0x36, 0x00, 0x03, 0x2F, 0x67, 0x00,
    0x3B, 0x65, 0x00, 0x36, 0x64, 0x39, 0x36, 0x00, 0x00, 0x3B, 0x00, 0x00, 0x2F, 0x00, 0x03, 0x3B,
    0x65, 0x00, 0x36, 0x64, 0x00, 0x2F, 0x68, 0x39, 0x2F, 0x00, 0x00, 0x36, 0x00, 0x00, 0x3B, 0x00,
    0x03, 0x30, 0x65, 0x00, 0x3C, 0x65, 0x00, 0x37, 0x63, 0x39, 0x37, 0x00, 0x00, 0x3C, 0x00, 0x00,
    0x30, 0x00, 0x03, 0x30, 0x65, 0x00, 0x37, 0x62, 0x00, 0x3C, 0x64, 0x39, 0x3C, 0x00, 0x00, 0x37,
    0x00, 0x00, 0x30, 0x00, 0x03, 0x30, 0x66, 0x00, 0x37, 0x63, 0x00, 0x3C, 0x65, 0x39, 0x3C, 0x00,
    0x00, 0x37, 0x00, 0x00, 0x30, 0x00, 0x03, 0x30, 0x67, 0x00, 0x3C, 0x65, 0x00, 0x37, 0x63, 0x39,
    0x37, 0x00, 0x00, 0x3C, 0x00, 0x00, 0x30, 0x00, 0x03, 0x37, 0x63, 0x00, 0x3C, 0x65, 0x00, 0x30,
    0x66, 0x39, 0x30, 0x00, 0x00, 0x3C, 0x00, 0x00, 0x37, 0x00, 0x03, 0x30, 0x65, 0x00, 0x37, 0x64,
    0x00, 0x3C, 0x64, 0x39, 0x3C, 0x00, 0x00, 0x37, 0x00, 0x00, 0x30, 0x00, 0x03, 0x30, 0x64, 0x00,
    0x37, 0x65, 0x00, 0x3C, 0x65, 0x39, 0x3C, 0x00, 0x00, 0x37, 0x00, 0x00, 0x30, 0x00, 0x03, 0x3C,
    0x63, 0x00, 0x30, 0x63, 0x00, 0x37, 0x62, 0x39, 0x37, 0x00, 0x00, 0x30, 0x00, 0x00, 0x3C, 0x00,
    0x03, 0x2F, 0x67, 0x00, 0x36, 0x63, 0x00, 0x3B, 0x65, 0x39, 0x3B, 0x00, 0x00, 0x36, 0x00, 0x00,
    0x2F, 0x00, 0x03, 0x3B, 0x65, 0x00, 0x36, 0x61, 0x00, 0x2F, 0x64, 0x39, 0x2F, 0x00, 0x00, 0x36,
    0x00, 0x00, 0x3B, 0x00, 0x03, 0x36, 0x5E, 0x00, 0x3B, 0x64, 0x00, 0x2F, 0x67, 0x39, 0x2F, 0x00,
    0x00, 0x3B, 0x00, 0x00, 0x36, 0x00, 0x03, 0x2F, 0x65, 0x00, 0x3B, 0x64, 0x00, 0x36, 0x60, 0x39,
    0x36, 0x00, 0x00, 0x3B, 0x00, 0x00, 0x2F, 0x00, 0x03, 0x2F, 0x64, 0x00, 0x36, 0x61, 0x00, 0x3B,
    0x65, 0x39, 0x3B, 0x00, 0x00, 0x36, 0x00, 0x00, 0x2F, 0x00, 0x03, 0x2F, 0x65, 0x00, 0x36, 0x61,
    0x00, 0x3B, 0x64, 0x39, 0x3B, 0x00, 0x00, 0x36, 0x00, 0x00, 0x2F, 0x00, 0x03, 0x36, 0x5E, 0x00,
    0x3B, 0x65, 0x00, 0x2F, 0x66, 0x39, 0x2F, 0x00, 0x00, 0x3B, 0x00, 0x00, 0x36, 0x00, 0x03, 0x36,
    0x61, 0x00, 0x2F, 0x69, 0x00, 0x3B, 0x66, 0x39, 0x3B, 0x00, 0x00, 0x2F, 0x00, 0x00, 0x36, 0x00,
    0x03, 0x28, 0x6A, 0x00, 0x3B, 0x67, 0x00, 0x34, 0x66, 0x81, 0x6F, 0x34, 0x00, 0x00, 0x28, 0x00,
    0x01, 0x26, 0x68, 0x00, 0x32, 0x69, 0x81, 0x6F, 0x32, 0x00, 0x00, 0x26, 0x00, 0x00, 0x3B, 0x00,
    0x01, 0x31, 0x67, 0x00, 0x3B, 0x67, 0x00, 0x37, 0x68, 0x83, 0x5F, 0x37, 0x00, 0x00, 0x3B, 0x00,
    0x00, 0x31, 0x00, 0xD6, 0x21, 0x30, 0x65, 0x00, 0x3C, 0x65, 0x00, 0x37, 0x63, 0x39, 0x37, 0x00,
    0x00, 0x3C, 0x00, 0x00, 0x30, 0x00, 0x03, 0x30, 0x65, 0x00, 0x37, 0x62, 0x00, 0x3C, 0x64, 0x39,
    0x3C, 0x00, 0x00, 0x37, 0x00, 0x00, 0x30, 0x00, 0x03, 0x30, 0x66, 0x00, 0x37, 0x63, 0x00, 0x3C,
    0x65, 0x39, 0x3C, 0x00, 0x00, 0x37, 0x00, 0x00, 0x30, 0x00, 0x03, 0x30, 0x67, 0x00, 0x3C, 0x65,
    0x00, 0x37, 0x63, 0x39, 0x37, 0x00, 0x00, 0x3C, 0x00, 0x00, 0x30, 0x00, 0x03, 0x37, 0x63, 0x00,
    0x3C, 0x65, 0x00, 0x30, 0x66, 0x39, 0x30, 0x00, 0x00, 0x3C, 0x00, 0x00, 0x37, 0x00, 0x03, 0x30,
    0x65, 0x00, 0x37, 0x64, 0x00, 0x3C, 0x64, 0x39, 0x3C, 0x00, 0x00, 0x37, 0x00, 0x00, 0x30, 0x00,
    0x03, 0x30, 0x64, 0x00, 0x37, 0x65, 0x00, 0x3C, 0x65, 0x39, 0x3C, 0x00, 0x00, 0x37, 0x00, 0x00,
    0x30, 0x00, 0x03, 0x3C, 0x63, 0x00, 0x30, 0x63, 0x00, 0x37, 0x62, 0x39, 0x37, 0x00, 0x00, 0x30,
    0x00, 0x00, 0x3C, 0x00, 0x03, 0x2B, 0x64, 0x00, 0x37, 0x65, 0x00, 0x32, 0x61, 0x39, 0x32, 0x00,
    0x00, 0x37, 0x00, 0x00, 0x2B, 0x00, 0x03, 0x2B, 0x65, 0x00, 0x37, 0x65, 0x00, 0x32, 0x63, 0x39,
    0x32, 0x00, 0x00, 0x37, 0x00, 0x00, 0x2B, 0x00, 0x03, 0x2B, 0x65, 0x00, 0x37, 0x63, 0x00, 0x32,
    0x63, 0x39, 0x32, 0x00, 0x00, 0x37, 0x00, 0x00, 0x2B, 0x00, 0x03, 0x2B, 0x67, 0x00, 0x37, 0x65,
    0x00, 0x32, 0x63, 0x39, 0x32, 0x00, 0x00, 0x37, 0x00, 0x00, 0x2B, 0x00, 0x03, 0x2B, 0x63, 0x00,
    0x37, 0x64, 0x00, 0x32, 0x63, 0x39, 0x32, 0x00, 0x00, 0x37, 0x00, 0x00, 0x2B, 0x00, 0x03, 0x2B,
    0x63, 0x00, 0x37, 0x65, 0x00, 0x32, 0x63, 0x39, 0x32, 0x00, 0x00, 0x37, 0x00, 0x00, 0x2B, 0x00,
    0x03, 0x2B, 0x66, 0x00, 0x37, 0x65, 0x00, 0x32, 0x65, 0x39, 0x32, 0x00, 0x00, 0x37, 0x00, 0x00,
    0x2B, 0x00, 0x03, 0x2B, 0x67, 0x00, 0x37, 0x65, 0x00, 0x32, 0x65, 0x39, 0x32, 0x00, 0x00, 0x37,
    0x00, 0x00, 0x2B, 0x00, 0x03, 0x3B, 0x66, 0x00, 0x34, 0x65, 0x00, 0x28, 0x67, 0x39, 0x28, 0x00,
    0x00, 0x34, 0x00, 0x00, 0x3B, 0x00, 0x03, 0x28, 0x65, 0x00, 0x34, 0x65, 0x00, 0x3B, 0x65, 0x39,
    0x3B, 0x00, 0x00, 0x34, 0x00, 0x00, 0x28, 0x00, 0x03, 0x28, 0x66, 0x00, 0x3B, 0x65, 0x00, 0x34,
    0x63, 0x39, 0x34, 0x00, 0x00, 0x3B, 0x00, 0x00, 0x28, 0x00, 0x03, 0x34, 0x64, 0x00, 0x3B, 0x65,
    0x00, 0x28, 0x67, 0x39, 0x28, 0x00, 0x00, 0x3B, 0x00, 0x00, 0x34, 0x00, 0x03, 0x28, 0x67, 0x00,
    0x34, 0x65, 0x00, 0x3B, 0x65, 0x39, 0x3B, 0x00, 0x00, 0x34, 0x00, 0x00, 0x28, 0x00, 0x03, 0x28,
    0x65, 0x00, 0x3B, 0x65, 0x00, 0x34, 0x65, 0x39, 0x34, 0x00, 0x00, 0x3B, 0x00, 0x00, 0x28, 0x00,
    0x03, 0x3B, 0x65, 0x00, 0x34, 0x65, 0x00, 0x28, 0x67, 0x39, 0x28, 0x00, 0x00, 0x34, 0x00, 0x00,
    0x3B, 0x00, 0x03, 0x28, 0x67, 0x00, 0x34, 0x65, 0x00, 0x3B, 0x66, 0x39, 0x3B, 0x00, 0x00, 0x34,
    0x00, 0x00, 0x28, 0x00, 0x03, 0x2F, 0x67, 0x00, 0x3B, 0x67, 0x00, 0x36, 0x62, 0x39, 0x36, 0x00,
    0x00, 0x3B, 0x00, 0x00, 0x2F, 0x00, 0x03, 0x36, 0x60, 0x00, 0x3B, 0x66, 0x00, 0x2F, 0x66, 0x39,
    0x2F, 0x00, 0x00, 0x3B, 0x00, 0x00, 0x36, 0x00, 0x03, 0x3B, 0x65, 0x00, 0x36, 0x5D, 0x00, 0x2F,
    0x66, 0x39, 0x2F, 0x00, 0x00, 0x36, 0x00, 0x00, 0x3B, 0x00, 0x03, 0x36, 0x62, 0x00, 0x3B, 0x65,
    0x00, 0x2F, 0x67, 0x39, 0x2F, 0x00, 0x00, 0x3B, 0x00, 0x00, 0x36, 0x00, 0x03, 0x36, 0x62, 0x00,
    0x3B, 0x65, 0x00, 0x2F, 0x67, 0x39, 0x2F, 0x00, 0x00, 0x3B, 0x00, 0x00, 0x36, 0x00, 0x03, 0x36,
    0x63, 0x00, 0x2F, 0x67, 0x00, 0x3B, 0x66, 0x39, 0x3B, 0x00, 0x00, 0x2F, 0x00, 0x00, 0x36, 0x00,
    0x03, 0x2F, 0x67, 0x00, 0x3B, 0x65, 0x00, 0x36, 0x64, 0x39, 0x36, 0x00, 0x00, 0x3B, 0x00, 0x00,
    0x2F, 0x00, 0x03, 0x3B, 0x65, 0x00, 0x36, 0x64, 0x00, 0x2F, 0x68, 0x39, 0x2F, 0x00, 0x00, 0x36,
    0x00, 0x00, 0x3B, 0x00, 0x03, 0x30, 0x65, 0x00, 0x3C, 0x65, 0x00, 0x37, 0x63, 0x39, 0x37, 0x00,
    0x00, 0x3C, 0x00, 0x00, 0x30, 0x00, 0x03, 0x30, 0x65, 0x00, 0x37, 0x62, 0x00, 0x3C, 0x64, 0x39,
    0x3C, 0x00, 0x00, 0x37, 0x00, 0x00, 0x30, 0x00, 0x03, 0x30, 0x66, 0x00, 0x37, 0x63, 0x00, 0x3C,
    0x65, 0x39, 0x3C, 0x00, 0x00, 0x37, 0x00, 0x00, 0x30, 0x00, 0x03, 0x30, 0x67, 0x00, 0x3C, 0x65,
    0x00, 0x37, 0x63, 0x39, 0x37, 0x00, 0x00, 0x3C, 0x00, 0x00, 0x30, 0x00, 0x03, 0x37, 0x63, 0x00,
    0x3C, 0x65, 0x00, 0x30, 0x66, 0x39, 0x30, 0x00, 0x00, 0x3C, 0x00, 0x00, 0x37, 0x00, 0x03, 0x30,
    0x65, 0x00, 0x37, 0x64, 0x00, 0x3C, 0x64, 0x39, 0x3C, 0x00, 0x00, 0x37, 0x00, 0x00, 0x30, 0x00,
    0x03, 0x30, 0x64, 0x00, 0x37, 0x65, 0x00, 0x3C, 0x65, 0x39, 0x3C, 0x00, 0x00, 0x37, 0x00, 0x00,
    0x30, 0x00, 0x03, 0x3C, 0x63, 0x00, 0x30, 0x63, 0x00, 0x37, 0x62, 0x39, 0x37, 0x00, 0x00, 0x30,
    0x00, 0x00, 0x3C, 0x00, 0x03, 0x2B, 0x64, 0x00, 0x37, 0x65, 0x00, 0x32, 0x61, 0x39, 0x32, 0x00,
    0x00, 0x37, 0x00, 0x00, 0x2B, 0x00, 0x03, 0x2B, 0x65, 0x00, 0x37, 0x65, 0x00, 0x32, 0x63, 0x39,
    0x32, 0x00, 0x00, 0x37, 0x00, 0x00, 0x2B, 0x00, 0x03, 0x2B, 0x65, 0x00, 0x37, 0x63, 0x00, 0x32,
    0x63, 0x39, 0x32, 0x00, 0x00, 0x37, 0x00, 0x00, 0x2B, 0x00, 0x03, 0x2B, 0x67, 0x00, 0x37, 0x65,
    0x00, 0x32, 0x63, 0x39, 0x32, 0x00, 0x00, 0x37, 0x00, 0x00, 0x2B, 0x00, 0x03, 0x2B, 0x63, 0x00,
    0x37, 0x64, 0x00, 0x32, 0x63, 0x39, 0x32, 0x00, 0x00, 0x37, 0x00, 0x00, 0x2B, 0x00, 0x03, 0x2B,
    0x63, 0x00, 0x37, 0x65, 0x00, 0x32, 0x63, 0x39, 0x32, 0x00, 0x00, 0x37, 0x00, 0x00, 0x2B, 0x00,
    0x03, 0x2B, 0x66, 0x00, 0x37, 0x65, 0x00, 0x32, 0x65, 0x39, 0x32, 0x00, 0x00, 0x37, 0x00, 0x00,
    0x2B, 0x00, 0x03, 0x2B, 0x67, 0x00, 0x37, 0x65, 0x00, 0x32, 0x65, 0x39, 0x32, 0x00, 0x00, 0x37,
    0x00, 0x00, 0x2B, 0x00, 0x03, 0x3B, 0x66, 0x00, 0x34, 0x65, 0x00, 0x28, 0x67, 0x39, 0x28, 0x00,
    0x00, 0x34, 0x00, 0x00, 0x3B, 0x00, 0x03, 0x28, 0x65, 0x00, 0x34, 0x65, 0x00, 0x3B, 0x65, 0x39,
    0x3B, 0x00, 0x00, 0x34, 0x00, 0x00, 0x28, 0x00, 0x03, 0x28, 0x66, 0x00, 0x3B, 0x65, 0x00, 0x34,
    0x63, 0x39, 0x34, 0x00, 0x00, 0x3B, 0x00, 0x00, 0x28, 0x00, 0x03, 0x34, 0x64, 0x00, 0x3B, 0x65,
    0x00, 0x28, 0x67, 0x39, 0x28, 0x00, 0x00, 0x3B, 0x00, 0x00, 0x34, 0x00, 0x03, 0x28, 0x67, 0x00,
    0x34, 0x65, 0x00, 0x3B, 0x65, 0x39, 0x3B, 0x00, 0x00, 0x34, 0x00, 0x00, 0x28, 0x00, 0x03, 0x28,
    0x65, 0x00, 0x3B, 0x65, 0x00, 0x34, 0x65, 0x39, 0x34, 0x00, 0x00, 0x3B, 0x00, 0x00, 0x28, 0x00,
    0x03, 0x3B, 0x65, 0x00, 0x34, 0x65, 0x00, 0x28, 0x67, 0x39, 0x28, 0x00, 0x00, 0x34, 0x00, 0x00,
    0x3B, 0x00, 0x03, 0x28, 0x67, 0x00, 0x34, 0x65, 0x00, 0x3B, 0x66, 0x39, 0x3B, 0x00, 0x00, 0x34,
    0x00, 0x00, 0x28, 0x00, 0x03, 0x2F, 0x67, 0x00, 0x3B, 0x67, 0x00, 0x36, 0x62, 0x39, 0x36, 0x00,
    0x00, 0x3B, 0x00, 0x00, 0x2F, 0x00, 0x03, 0x36, 0x60, 0x00, 0x3B, 0x66, 0x00, 0x2F, 0x66, 0x39,
    0x2F, 0x00, 0x00, 0x3B, 0x00, 0x00, 0x36, 0x00, 0x03, 0x3B, 0x65, 0x00, 0x36, 0x5D, 0x00, 0x2F,
    0x66, 0x39, 0x2F, 0x00, 0x00, 0x36, 0x00, 0x00, 0x3B, 0x00, 0x03, 0x36, 0x62, 0x00, 0x3B, 0x65,
    0x00, 0x2F, 0x67, 0x39, 0x2F, 0x00, 0x00, 0x3B, 0x00, 0x00, 0x36, 0x00, 0x03, 0x36, 0x62, 0x00,
    0x3B, 0x65, 0x00, 0x2F, 0x67, 0x39, 0x2F, 0x00, 0x00, 0x3B, 0x00, 0x00, 0x36, 0x00, 0x03, 0x36,
    0x63, 0x00, 0x2F, 0x67, 0x00, 0x3B, 0x66, 0x39, 0x3B, 0x00, 0x00, 0x2F, 0x00, 0x00, 0x36, 0x00,
    0x03, 0x2F, 0x67, 0x00, 0x3B, 0x65, 0x00, 0x36, 0x64, 0x39, 0x36, 0x00, 0x00, 0x3B, 0x00, 0x00,
    0x2F, 0x00, 0x03, 0x3B, 0x65, 0x00, 0x36, 0x64, 0x00, 0x2F, 0x68, 0x39, 0x2F, 0x00, 0x00, 0x36,
    0x00, 0x00, 0x3B, 0x00, 0x03, 0x30, 0x65, 0x00, 0x3C, 0x65, 0x00, 0x37, 0x63, 0x39, 0x37, 0x00,
    0x00, 0x3C, 0x00, 0x00, 0x30, 0x00, 0x03, 0x30, 0x65, 0x00, 0x37, 0x62, 0x00, 0x3C, 0x64, 0x39,
    0x3C, 0x00, 0x00, 0x37, 0x00, 0x00, 0x30, 0x00, 0x03, 0x30, 0x66, 0x00, 0x37, 0x63, 0x00, 0x3C,
    0x65, 0x39, 0x3C, 0x00, 0x00, 0x37, 0x00, 0x00, 0x30, 0x00, 0x03, 0x30, 0x67, 0x00, 0x3C, 0x65,
    0x00, 0x37, 0x63, 0x39, 0x37, 0x00, 0x00, 0x3C, 0x00, 0x00, 0x30, 0x00, 0x03, 0x37, 0x63, 0x00,
    0x3C, 0x65, 0x00, 0x30, 0x66, 0x39, 0x30, 0x00, 0x00, 0x3C, 0x00, 0x00, 0x37, 0x00, 0x03, 0x30,
    0x65, 0x00, 0x37, 0x64, 0x00, 0x3C, 0x64, 0x39, 0x3C, 0x00, 0x00, 0x37, 0x00, 0x00, 0x30, 0x00,
    0x03, 0x30, 0x64, 0x00, 0x37, 0x65, 0x00, 0x3C, 0x65, 0x39, 0x3C, 0x00, 0x00, 0x37, 0x00, 0x00,
    0x30, 0x00, 0x03, 0x3C, 0x63, 0x00, 0x30, 0x63, 0x00, 0x37, 0x62, 0x39, 0x37, 0x00, 0x00, 0x30,
    0x00, 0x00, 0x3C, 0x00, 0x03, 0x2F, 0x67, 0x00, 0x36, 0x63, 0x00, 0x3B, 0x65, 0x39, 0x3B, 0x00,
    0x00, 0x36, 0x00, 0x00, 0x2F, 0x00, 0x03, 0x3B, 0x65, 0x00, 0x36, 0x61, 0x00, 0x2F, 0x64, 0x39,
    0x2F, 0x00, 0x00, 0x36, 0x00, 0x00, 0x3B, 0x00, 0x03, 0x36, 0x5E, 0x00, 0x3B, 0x64, 0x00, 0x2F,
    0x67, 0x39, 0x2F, 0x00, 0x00, 0x3B, 0x00, 0x00, 0x36, 0x00, 0x03, 0x2F, 0x65, 0x00, 0x3B, 0x64,
    0x00, 0x36, 0x60, 0x39, 0x36, 0x00, 0x00, 0x3B, 0x00, 0x00, 0x2F, 0x00, 0x03, 0x2F, 0x64, 0x00,
    0x36, 0x61, 0x00, 0x3B, 0x65, 0x39, 0x3B, 0x00, 0x00, 0x36, 0x00, 0x00, 0x2F, 0x00, 0x03, 0x2F,
    0x65, 0x00, 0x36, 0x61, 0x00, 0x3B, 0x64, 0x39, 0x3B, 0x00, 0x00, 0x36, 0x00, 0x00, 0x2F, 0x00,
    0x03, 0x36, 0x5E, 0x00, 0x3B, 0x65, 0x00, 0x2F, 0x66, 0x39, 0x2F, 0x00, 0x00, 0x3B, 0x00, 0x00,
    0x36, 0x00, 0x03, 0x36, 0x61, 0x00, 0x2F, 0x69, 0x00, 0x3B, 0x66, 0x39, 0x3B, 0x00, 0x00, 0x2F,
    0x00, 0x00, 0x36, 0x00, 0x03, 0x28, 0x6A, 0x00, 0x3B, 0x67, 0x00, 0x34, 0x66, 0x81, 0x6F, 0x34,
    0x00, 0x00, 0x28, 0x00, 0x01, 0x26, 0x68, 0x00, 0x32, 0x69, 0x81, 0x6F, 0x32, 0x00, 0x00, 0x26,
    0x00, 0x00, 0x3B, 0x00, 0x01, 0x31, 0x67, 0x00, 0x3B, 0x67, 0x00, 0x37, 0x68, 0x83, 0x5F, 0x37,
    0x00, 0x00, 0x3B, 0x00, 0x00, 0x31, 0x00, 0xD6, 0x21, 0x30, 0x65, 0x00, 0x3C, 0x65, 0x00, 0x37,
    0x63, 0x39, 0x37, 0x00, 0x00, 0x3C, 0x00, 0x00, 0x30, 0x00, 0x03, 0x30, 0x65, 0x00, 0x37, 0x62,
    0x00, 0x3C, 0x64, 0x39, 0x3C, 0x00, 0x00, 0x37, 0x00, 0x00, 0x30, 0x00, 0x03, 0x30, 0x66, 0x00,
    0x37, 0x63, 0x00, 0x3C, 0x65, 0x39, 0x3C, 0x00, 0x00, 0x37, 0x00, 0x00, 0x30, 0x00, 0x03, 0x30,
    0x67, 0x00, 0x3C, 0x65, 0x00, 0x37, 0x63, 0x39, 0x37, 0x00, 0x00, 0x3C, 0x00, 0x00, 0x30, 0x00,
    0x03, 0x37, 0x63, 0x00, 0x3C, 0x65, 0x00, 0x30, 0x66, 0x39, 0x30, 0x00, 0x00, 0x3C, 0x00, 0x00,
    0x37, 0x00, 0x03, 0x30, 0x65, 0x00, 0x37, 0x64, 0x00, 0x3C, 0x64, 0x39, 0x3C, 0x00, 0x00, 0x37,
    0x00, 0x00, 0x30, 0x00, 0x03, 0x30, 0x64, 0x00, 0x37, 0x65, 0x00, 0x3C, 0x65, 0x39, 0x3C, 0x00,
    0x00, 0x37, 0x00, 0x00, 0x30, 0x00, 0x03, 0x3C, 0x63, 0x00, 0x30, 0x63, 0x00, 0x37, 0x62, 0x39,
    0x37, 0x00, 0x00, 0x30, 0x00, 0x00, 0x3C, 0x00, 0x03, 0x2B, 0x64, 0x00, 0x37, 0x65, 0x00, 0x32,
    0x61, 0x39, 0x32, 0x00, 0x00, 0x37, 0x00, 0x00, 0x2B, 0x00, 0x03, 0x2B, 0x65, 0x00, 0x37, 0x65,
    0x00, 0x32, 0x63, 0x39, 0x32, 0x00, 0x00, 0x37, 0x00, 0x00, 0x2B, 0x00, 0x03, 0x2B, 0x65, 0x00,
    0x37, 0x63, 0x00, 0x32, 0x63, 0x39, 0x32, 0x00, 0x00, 0x37, 0x00, 0x00, 0x2B, 0x00, 0x03, 0x2B,
    0x67, 0x00, 0x37, 0x65, 0x00, 0x32, 0x63, 0x39, 0x32, 0x00, 0x00, 0x37, 0x00, 0x00, 0x2B, 0x00,
    0x03, 0x2B, 0x63, 0x00, 0x37, 0x64, 0x00, 0x32, 0x63, 0x39, 0x32, 0x00, 0x00, 0x37, 0x00, 0x00,
    0x2B, 0x00, 0x03, 0x2B, 0x63, 0x00, 0x37, 0x65, 0x00, 0x32, 0x63, 0x39, 0x32, 0x00, 0x00, 0x37,
    0x00, 0x00, 0x2B, 0x00, 0x03, 0x2B, 0x66, 0x00, 0x37, 0x65, 0x00, 0x32, 0x65, 0x39, 0x32, 0x00,
    0x00, 0x37, 0x00, 0x00, 0x2B, 0x00, 0x03, 0x2B, 0x67, 0x00, 0x37, 0x65, 0x00, 0x32, 0x65, 0x39,
    0x32, 0x00, 0x00, 0x37, 0x00, 0x00, 0x2B, 0x00, 0x03, 0x3B, 0x66, 0x00, 0x34, 0x65, 0x00, 0x28,
    0x67, 0x39, 0x28, 0x00, 0x00, 0x34, 0x00, 0x00, 0x3B, 0x00, 0x03, 0x28, 0x65, 0x00, 0x34, 0x65,
    0x00, 0x3B, 0x65, 0x39, 0x3B, 0x00, 0x00, 0x34, 0x00, 0x00, 0x28, 0x00, 0x03, 0x28, 0x66, 0x00,
    0x3B, 0x65, 0x00, 0x34, 0x63, 0x39, 0x34, 0x00, 0x00, 0x3B, 0x00, 0x00, 0x28, 0x00, 0x03, 0x34,
    0x64, 0x00, 0x3B, 0x65, 0x00, 0x28, 0x67, 0x39, 0x28, 0x00, 0x00, 0x3B, 0x00, 0x00, 0x34, 0x00,
    0x03, 0x28, 0x67, 0x00, 0x34, 0x65, 0x00, 0x3B, 0x65, 0x39, 0x3B, 0x00, 0x00, 0x34, 0x00, 0x00,
    0x28, 0x00, 0x03, 0x28, 0x65, 0x00, 0x3B, 0x65, 0x00, 0x34, 0x65, 0x39, 0x34, 0x00, 0x00, 0x3B,
    0x00, 0x00, 0x28, 0x00, 0x03, 0x3B, 0x65, 0x00, 0x34, 0x65, 0x00, 0x28, 0x67, 0x39, 0x28, 0x00,
    0x00, 0x34, 0x00, 0x00, 0x3B, 0x00, 0x03, 0x28, 0x67, 0x00, 0x34, 0x65, 0x00, 0x3B, 0x66, 0x39,
    0x3B, 0x00, 0x00, 0x34, 0x00, 0x00, 0x28, 0x00, 0x03, 0x2F, 0x67, 0x00, 0x3B, 0x67, 0x00, 0x36,
    0x62, 0x39, 0x36, 0x00, 0x00, 0x3B, 0x00, 0x00, 0x2F, 0x00, 0x03, 0x36, 0x60, 0x00, 0x3B, 0x66,
    0x00, 0x2F, 0x66, 0x39, 0x2F, 0x00, 0x00, 0x3B, 0x00, 0x00, 0x36, 0x00, 0x03, 0x3B, 0x65, 0x00,
    0x36, 0x5D, 0x00, 0x2F, 0x66, 0x39, 0x2F, 0x00, 0x00, 0x36, 0x00, 0x00, 0x3B, 0x00, 0x03, 0x36,
    0x62, 0x00, 0x3B, 0x65, 0x00, 0x2F, 0x67, 0x39, 0x2F, 0x00, 0x00, 0x3B, 0x00, 0x00, 0x36, 0x00,
    0x03, 0x36, 0x62, 0x00, 0x3B, 0x65, 0x00, 0x2F, 0x67, 0x39, 0x2F, 0x00, 0x00, 0x3B, 0x00, 0x00,
    0x36, 0x00, 0x03, 0x36, 0x63, 0x00, 0x2F, 0x67, 0x00, 0x3B, 0x66, 0x39, 0x3B, 0x00, 0x00, 0x2F,
    0x00, 0x00, 0x36, 0x00, 0x03, 0x2F, 0x67, 0x00, 0x3B, 0x65, 0x00, 0x36, 0x64, 0x39, 0x36, 0x00,
    0x00, 0x3B, 0x00, 0x00, 0x2F, 0x00, 0x03, 0x3B, 0x65, 0x00, 0x36, 0x64, 0x00, 0x2F, 0x68, 0x39,
    0x2F, 0x00, 0x00, 0x36, 0x00, 0x00, 0x3B, 0x00, 0x03, 0x30, 0x65, 0x00, 0x3C, 0x65, 0x00, 0x37,
    0x63, 0x39, 0x37, 0x00, 0x00, 0x3C, 0x00, 0x00, 0x30, 0x00, 0x03, 0x30, 0x65, 0x00, 0x37, 0x62,
    0x00, 0x3C, 0x64, 0x39, 0x3C, 0x00, 0x00, 0x37, 0x00, 0x00, 0x30, 0x00, 0x03, 0x30, 0x66, 0x00,
    0x37, 0x63, 0x00, 0x3C, 0x65, 0x39, 0x3C, 0x00, 0x00, 0x37, 0x00, 0x00, 0x30, 0x00, 0x03, 0x30,
    0x67, 0x00, 0x3C, 0x65, 0x00, 0x37, 0x63, 0x39, 0x37, 0x00, 0x00, 0x3C, 0x00, 0x00, 0x30, 0x00,
    0x03, 0x37, 0x63, 0x00, 0x3C, 0x65, 0x00, 0x30, 0x66, 0x39, 0x30, 0x00, 0x00, 0x3C, 0x00, 0x00,
    0x37, 0x00, 0x03, 0x30, 0x65, 0x00, 0x37, 0x64, 0x00, 0x3C, 0x64, 0x39, 0x3C, 0x00, 0x00, 0x37,
    0x00, 0x00, 0x30, 0x00, 0x03, 0x30, 0x64, 0x00, 0x37, 0x65, 0x00, 0x3C, 0x65, 0x39, 0x3C, 0x00,
    0x00, 0x37, 0x00, 0x00, 0x30, 0x00, 0x03, 0x3C, 0x63, 0x00, 0x30, 0x63, 0x00, 0x37, 0x62, 0x39,
    0x37, 0x00, 0x00, 0x30, 0x00, 0x00, 0x3C, 0x00, 0x03, 0x2B, 0x64, 0x00, 0x37, 0x65, 0x00, 0x32,
    0x61, 0x39, 0x32, 0x00, 0x00, 0x37, 0x00, 0x00, 0x2B, 0x00, 0x03, 0x2B, 0x65, 0x00, 0x37, 0x65,
    0x00, 0x32, 0x63, 0x39, 0x32, 0x00, 0x00, 0x37, 0x00, 0x00, 0x2B, 0x00, 0x03, 0x2B, 0x65, 0x00,
    0x37, 0x63, 0x00, 0x32, 0x63, 0x39, 0x32, 0x00, 0x00, 0x37, 0x00, 0x00, 0x2B, 0x00, 0x03, 0x2B,
    0x67, 0x00, 0x37, 0x65, 0x00, 0x32, 0x63, 0x39, 0x32, 0x00, 0x00, 0x37, 0x00, 0x00, 0x2B, 0x00,
    0x03, 0x2B, 0x63, 0x00, 0x37, 0x64, 0x00, 0x32, 0x63, 0x39, 0x32, 0x00, 0x00, 0x37, 0x00, 0x00,
    0x2B, 0x00, 0x03, 0x2B, 0x63, 0x00, 0x37, 0x65, 0x00, 0x32, 0x63, 0x39, 0x32, 0x00, 0x00, 0x37,
    0x00, 0x00, 0x2B, 0x00, 0x03, 0x2B, 0x66, 0x00, 0x37, 0x65, 0x00, 0x32, 0x65, 0x39, 0x32, 0x00,
    0x00, 0x37, 0x00, 0x00, 0x2B, 0x00, 0x03, 0x2B, 0x67, 0x00, 0x37, 0x65, 0x00, 0x32, 0x65, 0x39,
    0x32, 0x00, 0x00, 0x37, 0x00, 0x00, 0x2B, 0x00, 0x03, 0x3B, 0x66, 0x00, 0x34, 0x65, 0x00, 0x28,
    0x67, 0x39, 0x28, 0x00, 0x00, 0x34, 0x00, 0x00, 0x3B, 0x00, 0x03, 0x28, 0x65, 0x00, 0x34, 0x65,
    0x00, 0x3B, 0x65, 0x39, 0x3B, 0x00, 0x00, 0x34, 0x00, 0x00, 0x28, 0x00, 0x03, 0x28, 0x66, 0x00,
    0x3B, 0x65, 0x00, 0x34, 0x63, 0x39, 0x34, 0x00, 0x00, 0x3B, 0x00, 0x00, 0x28, 0x00, 0x03, 0x34,
    0x64, 0x00, 0x3B, 0x65, 0x00, 0x28, 0x67, 0x39, 0x28, 0x00, 0x00, 0x3B, 0x00, 0x00, 0x34, 0x00,
    0x03, 0x28, 0x67, 0x00, 0x34, 0x65, 0x00, 0x3B, 0x65, 0x39, 0x3B, 0x00, 0x00, 0x34, 0x00, 0x00,
    0x28, 0x00, 0x03, 0x28, 0x65, 0x00, 0x3B, 0x65, 0x00, 0x34, 0x65, 0x39, 0x34, 0x00, 0x00, 0x3B,
    0x00, 0x00, 0x28, 0x00, 0x03, 0x3B, 0x65, 0x00, 0x34, 0x65, 0x00, 0x28, 0x67, 0x39, 0x28, 0x00,
    0x00, 0x34, 0x00, 0x00, 0x3B, 0x00, 0x03, 0x28, 0x67, 0x00, 0x34, 0x65, 0x00, 0x3B, 0x66, 0x39,
    0x3B, 0x00, 0x00, 0x34, 0x00, 0x00, 0x28, 0x00, 0x03, 0x2F, 0x67, 0x00, 0x3B, 0x67, 0x00, 0x36,
    0x62, 0x39, 0x36, 0x00, 0x00, 0x3B, 0x00, 0x00, 0x2F, 0x00, 0x03, 0x36, 0x60, 0x00, 0x3B, 0x66,
    0x00, 0x2F, 0x66, 0x39, 0x2F, 0x00, 0x00, 0x3B, 0x00, 0x00, 0x36, 0x00, 0x03, 0x3B, 0x65, 0x00,
    0x36, 0x5D, 0x00, 0x2F, 0x66, 0x39, 0x2F, 0x00, 0x00, 0x36, 0x00, 0x00, 0x3B, 0x00, 0x03, 0x36,
    0x62, 0x00, 0x3B, 0x65, 0x00, 0x2F, 0x67, 0x39, 0x2F, 0x00, 0x00, 0x3B, 0x00, 0x00, 0x36, 0x00,
    0x03, 0x36, 0x62, 0x00, 0x3B, 0x65, 0x00, 0x2F, 0x67, 0x39, 0x2F, 0x00, 0x00, 0x3B, 0x00, 0x00,
    0x36, 0x00, 0x03, 0x36, 0x63, 0x00, 0x2F, 0x67, 0x00, 0x3B, 0x66, 0x39, 0x3B, 0x00, 0x00, 0x2F,
    0x00, 0x00, 0x36, 0x00, 0x03, 0x2F, 0x67, 0x00, 0x3B, 0x65, 0x00, 0x36, 0x64, 0x39, 0x36, 0x00,
    0x00, 0x3B, 0x00, 0x00, 0x2F, 0x00, 0x03, 0x3B, 0x65, 0x00, 0x36, 0x64, 0x00, 0x2F, 0x68, 0x39,
    0x2F, 0x00, 0x00, 0x36, 0x00, 0x00, 0x3B, 0x00, 0x03, 0x30, 0x65, 0x00, 0x3C, 0x65, 0x00, 0x37,
    0x63, 0x39, 0x37, 0x00, 0x00, 0x3C, 0x00, 0x00, 0x30, 0x00, 0x03, 0x30, 0x65, 0x00, 0x37, 0x62,
    0x00, 0x3C, 0x64, 0x39, 0x3C, 0x00, 0x00, 0x37, 0x00, 0x00, 0x30, 0x00, 0x03, 0x30, 0x66, 0x00,
    0x37, 0x63, 0x00, 0x3C, 0x65, 0x39, 0x3C, 0x00, 0x00, 0x37, 0x00, 0x00, 0x30, 0x00, 0x03, 0x30,
    0x67, 0x00, 0x3C, 0x65, 0x00, 0x37, 0x63, 0x39, 0x37, 0x00, 0x00, 0x3C, 0x00, 0x00, 0x30, 0x00,
    0x03, 0x37, 0x63, 0x00, 0x3C, 0x65, 0x00, 0x30, 0x66, 0x39, 0x30, 0x00, 0x00, 0x3C, 0x00, 0x00,
    0x37, 0x00, 0x03, 0x30, 0x65, 0x00, 0x37, 0x64, 0x00, 0x3C, 0x64, 0x39, 0x3C, 0x00, 0x00, 0x37,
    0x00, 0x00, 0x30, 0x00, 0x03, 0x30, 0x64, 0x00, 0x37, 0x65, 0x00, 0x3C, 0x65, 0x39, 0x3C, 0x00,
    0x00, 0x37, 0x00, 0x00, 0x30, 0x00, 0x03, 0x3C, 0x63, 0x00, 0x30, 0x63, 0x00, 0x37, 0x62, 0x39,
    0x37, 0x00, 0x00, 0x30, 0x00, 0x00, 0x3C, 0x00, 0x03, 0x2F, 0x67, 0x00, 0x36, 0x63, 0x00, 0x3B,
    0x65, 0x39, 0x3B, 0x00, 0x00, 0x36, 0x00, 0x00, 0x2F, 0x00, 0x03, 0x3B, 0x65, 0x00, 0x36, 0x61,
    0x00, 0x2F, 0x64, 0x39, 0x2F, 0x00, 0x00, 0x36, 0x00, 0x00, 0x3B, 0x00, 0x03, 0x36, 0x5E, 0x00,
    0x3B, 0x64, 0x00, 0x2F, 0x67, 0x39, 0x2F, 0x00, 0x00, 0x3B, 0x00, 0x00, 0x36, 0x00, 0x03, 0x2F,
    0x65, 0x00, 0x3B, 0x64, 0x00, 0x36, 0x60, 0x39, 0x36, 0x00, 0x00, 0x3B, 0x00, 0x00, 0x2F, 0x00,
    0x03, 0x2F, 0x64, 0x00, 0x36, 0x61, 0x00, 0x3B, 0x65, 0x39, 0x3B, 0x00, 0x00, 0x36, 0x00, 0x00,
    0x2F, 0x00, 0x03, 0x2F, 0x65, 0x00, 0x36, 0x61, 0x00, 0x3B, 0x64, 0x39, 0x3B, 0x00, 0x00, 0x36,
    0x00, 0x00, 0x2F, 0x00, 0x03, 0x36, 0x5E, 0x00, 0x3B, 0x65, 0x00, 0x2F, 0x66, 0x39, 0x2F, 0x00,
    0x00, 0x3B, 0x00, 0x00, 0x36, 0x00, 0x03, 0x36, 0x61, 0x00, 0x2F, 0x69, 0x00, 0x3B, 0x66, 0x39,
    0x3B, 0x00, 0x00, 0x2F, 0x00, 0x00, 0x36, 0x00, 0x03, 0x28, 0x6A, 0x00, 0x3B, 0x67, 0x00, 0x34,
    0x66, 0x81, 0x6F, 0x34, 0x00, 0x00, 0x28, 0x00, 0x01, 0x26, 0x68, 0x00, 0x32, 0x69, 0x81, 0x6F,
    0x32, 0x00, 0x00, 0x26, 0x00, 0x00, 0x3B, 0x00, 0x01, 0x31, 0x67, 0x00, 0x3B, 0x67, 0x00, 0x37,
    0x68, 0x83, 0x5F, 0x37, 0x00, 0x00, 0x3B, 0x00, 0x00, 0x31, 0x00, 0x01, 0x2D, 0x68, 0x00, 0x39,
    0x65, 0x00, 0x34, 0x64, 0x83, 0x5F, 0x34, 0x00, 0x00, 0x39, 0x00, 0x00, 0x2D, 0x00, 0x01, 0x36,
    0x63, 0x00, 0x3B, 0x65, 0x00, 0x2F, 0x68, 0x83, 0x5F, 0x2F, 0x00, 0x00, 0x3B, 0x00, 0x00, 0x36,
    0x00, 0x01, 0x37, 0x63, 0x00, 0x30, 0x62, 0x00, 0x3C, 0x63, 0x81, 0x6F, 0x3C, 0x00, 0x00, 0x30,
    0x00, 0x00, 0x37, 0x00, 0x01, 0x32, 0x68, 0x00, 0x39, 0x66, 0x00, 0x3E, 0x64, 0x87, 0x3F, 0x3E,
    0x00, 0x00, 0x39, 0x00, 0x00, 0x32, 0x00, 0x00, 0xFF, 0x2F, 0x00, 0x4D, 0x54, 0x72, 0x6B, 0x00,
    0x00, 0x29, 0xAD, 0x00, 0xFF, 0x21, 0x01, 0x00, 0x00, 0xFF, 0x03, 0x05, 0x44, 0x52, 0x55, 0x4D,
    0x53, 0x00, 0xB9, 0x07, 0x6E, 0x00, 0x0A, 0x40, 0x00, 0xD9, 0x00, 0x02, 0xB9, 0x79, 0x00, 0x02,
    0x00, 0x00, 0x02, 0x20, 0x00, 0x02, 0x0B, 0x7F, 0x02, 0x00, 0x00, 0x00, 0x20, 0x00, 0x00, 0xC9,
    0x01, 0x02, 0xB9, 0x5B, 0x46, 0x02, 0x5D, 0x00, 0x02, 0xE9, 0x00, 0x40, 0x02, 0xB9, 0x63, 0x1D,
    0x02, 0x62, 0x24, 0x02, 0x06, 0x00, 0x02, 0x62, 0x25, 0x02, 0x06, 0x50, 0x02, 0x62, 0x26, 0x02,
    0x06, 0x50, 0x81, 0x52, 0x99, 0x2C, 0x02, 0x1E, 0x2C, 0x00, 0x5A, 0x2C, 0x02, 0x1E, 0x2C, 0x00,
    0x5A, 0x2C, 0x02, 0x1E, 0x2C, 0x00, 0x5A, 0x2C, 0x02, 0x1E, 0x2C, 0x00, 0x5A, 0x2C, 0x02, 0x1E,
    0x2C, 0x00, 0x5A, 0x2C, 0x02, 0x3C, 0x2C, 0x00, 0x3C, 0x24, 0x66, 0x00, 0x31, 0x50, 0x02, 0x31,
    0x00, 0x00, 0x24, 0x00, 0x3A, 0x33, 0x50, 0x02, 0x33, 0x00, 0x3A, 0x26, 0x7E, 0x00, 0x33, 0x64,
    0x02, 0x33, 0x00, 0x00, 0x26, 0x00, 0x3A, 0x24, 0x61, 0x00, 0x33, 0x50, 0x02, 0x33, 0x00, 0x00,
    0x24, 0x00, 0x3A, 0x24, 0x66, 0x00, 0x33, 0x64, 0x02, 0x33, 0x00, 0x00, 0x24, 0x00, 0x3A, 0x33,
    0x50, 0x02, 0x33, 0x00, 0x3A, 0x26, 0x7F, 0x00, 0x33, 0x64, 0x02, 0x33, 0x00, 0x00, 0x26, 0x00,
    0x3A, 0x33, 0x50, 0x02, 0x33, 0x00, 0x3A, 0x24, 0x66, 0x00, 0x33, 0x64, 0x02, 0x33, 0x00, 0x00,
    0x24, 0x00, 0x3A, 0x33, 0x50, 0x02, 0x33, 0x00, 0x3A, 0x26, 0x7F, 0x00, 0x33, 0x64, 0x02, 0x33,
    0x00, 0x00, 0x26, 0x00, 0x3A, 0x24, 0x61, 0x00, 0x33, 0x50, 0x02, 0x33, 0x00, 0x00, 0x24, 0x00,
    0x3A, 0x24, 0x66, 0x00, 0x33, 0x64, 0x02, 0x33, 0x00, 0x00, 0x24, 0x00, 0x3A, 0x33, 0x50, 0x02,
    0x33, 0x00, 0x3A, 0x26, 0x7F, 0x00, 0x33, 0x64, 0x02, 0x33, 0x00, 0x00, 0x26, 0x00, 0x3A, 0x33,
    0x50, 0x02, 0x33, 0x00, 0x3A, 0x24, 0x66, 0x00, 0x33, 0x64, 0x02, 0x33, 0x00, 0x00, 0x24, 0x00,
    0x3A, 0x33, 0x50, 0x02, 0x33, 0x00, 0x3A, 0x26, 0x7F, 0x00, 0x33, 0x64, 0x02, 0x33, 0x00, 0x00,
    0x26, 0x00, 0x3A, 0x24, 0x61, 0x00, 0x33, 0x50, 0x02, 0x33, 0x00, 0x00, 0x24, 0x00, 0x3A, 0x24,
    0x66, 0x00, 0x33, 0x64, 0x02, 0x33, 0x00, 0x00, 0x24, 0x00, 0x3A, 0x33, 0x50, 0x02, 0x33, 0x00,
    0x3A, 0x26, 0x7F, 0x00, 0x33, 0x64, 0x02, 0x33, 0x00, 0x00, 0x26, 0x00, 0x3A, 0x33, 0x50, 0x02,
    0x33, 0x00, 0x3A, 0x24, 0x66, 0x00, 0x33, 0x64, 0x02, 0x33, 0x00, 0x00, 0x24, 0x00, 0x3A, 0x33,
    0x50, 0x02, 0x33, 0x00, 0x3A, 0x26, 0x7F, 0x00, 0x33, 0x64, 0x02, 0x33, 0x00, 0x00, 0x26, 0x00,
    0x3A, 0x24, 0x61, 0x00, 0x33, 0x50, 0x02, 0x33, 0x00, 0x00, 0x24, 0x00, 0x3A, 0x24, 0x66, 0x00,
    0x33, 0x64, 0x02, 0x33, 0x00, 0x00, 0x24, 0x00, 0x3A, 0x33, 0x50, 0x02, 0x33, 0x00, 0x3A, 0x26,
    0x7F, 0x00, 0x33, 0x64, 0x02, 0x33, 0x00, 0x00, 0x26, 0x00, 0x3A, 0x33, 0x50, 0x02, 0x33, 0x00,
    0x3A, 0x24, 0x66, 0x00, 0x31, 0x50, 0x02, 0x31, 0x00, 0x00, 0x24, 0x00, 0x3A, 0x33, 0x50, 0x02,
    0x33, 0x00, 0x3A, 0x26, 0x7D, 0x00, 0x33, 0x64, 0x02, 0x33, 0x00, 0x00, 0x26, 0x00, 0x3A, 0x24,
    0x61, 0x00, 0x33, 0x50, 0x02, 0x33, 0x00, 0x00, 0x24, 0x00, 0x3A, 0x24, 0x66, 0x00, 0x2E, 0x55,
    0x02, 0x2E, 0x00, 0x00, 0x24, 0x00, 0x38, 0x30, 0x6B, 0x02, 0x30, 0x00, 0x06, 0x2D, 0x5E, 0x02,
    0x2D, 0x00, 0x34, 0x2F, 0x67, 0x02, 0x2F, 0x00, 0x1C, 0x2D, 0x62, 0x02, 0x2D, 0x00, 0x1C, 0x2B,
    0x63, 0x02, 0x2B, 0x00, 0x3A, 0x24, 0x66, 0x00, 0x2E, 0x55, 0x02, 0x2E, 0x00, 0x00, 0x24, 0x00,
    0x82, 0x66, 0x2E, 0x55, 0x02, 0x2E, 0x00, 0x76, 0x24, 0x66, 0x00, 0x2A, 0x59, 0x02, 0x2A, 0x00,
    0x00, 0x24, 0x00, 0x3A, 0x2A, 0x44, 0x02, 0x2A, 0x00, 0x3A, 0x25, 0x7F, 0x00, 0x2A, 0x64, 0x02,
    0x2A, 0x00, 0x00, 0x25, 0x00, 0x3A, 0x2A, 0x49, 0x02, 0x2A, 0x00, 0x3A, 0x2A, 0x59, 0x02, 0x2A,
    0x00, 0x3A, 0x2A, 0x44, 0x02, 0x2A, 0x00, 0x1C, 0x2A, 0x3F, 0x02, 0x2A, 0x00, 0x1C, 0x25, 0x7F,
    0x00, 0x2A, 0x64, 0x02, 0x2A, 0x00, 0x00, 0x25, 0x00, 0x3A, 0x2A, 0x49, 0x02, 0x2A, 0x00, 0x3A,
    0x24, 0x66, 0x00, 0x2A, 0x59, 0x02, 0x2A, 0x00, 0x00, 0x24, 0x00, 0x3A, 0x2A, 0x44, 0x02, 0x2A,
    0x00, 0x3A, 0x25, 0x7F, 0x00, 0x2A, 0x64, 0x02, 0x2A, 0x00, 0x00, 0x25, 0x00, 0x3A, 0x2A, 0x49,
    0x02, 0x2A, 0x00, 0x3A, 0x2A, 0x59, 0x02, 0x2A, 0x00, 0x3A, 0x2A, 0x44, 0x02, 0x2A, 0x00, 0x1C,
    0x2A, 0x3F, 0x02, 0x2A, 0x00, 0x1C, 0x25, 0x7F, 0x00, 0x2A, 0x64, 0x02, 0x2A, 0x00, 0x00, 0x25,
    0x00, 0x3A, 0x2A, 0x49, 0x02, 0x2A, 0x00, 0x3A, 0x24, 0x66, 0x00, 0x2A, 0x59, 0x02, 0x2A, 0x00,
    0x00, 0x24, 0x00, 0x3A, 0x2A, 0x44, 0x02, 0x2A, 0x00, 0x3A, 0x25, 0x7F, 0x00, 0x2A, 0x64, 0x02,
    0x2A, 0x00, 0x00, 0x25, 0x00, 0x3A, 0x2A, 0x49, 0x02, 0x2A, 0x00, 0x3A, 0x2A, 0x59, 0x02, 0x2A,
    0x00, 0x3A, 0x2A, 0x44, 0x02, 0x2A, 0x00, 0x1C, 0x2A, 0x3F, 0x02, 0x2A, 0x00, 0x1C, 0x25, 0x7F,
    0x00, 0x2A, 0x64, 0x02, 0x2A, 0x00, 0x00, 0x25, 0x00, 0x3A, 0x2A, 0x49, 0x02, 0x2A, 0x00, 0x3A,
    0x24, 0x66, 0x00, 0x31, 0x50, 0x02, 0x31, 0x00, 0x00, 0x24, 0x00, 0x82, 0x48, 0x2F, 0x68, 0x02,
    0x2F, 0x00, 0x1C, 0x2D, 0x66, 0x02, 0x2D, 0x00, 0x76, 0x24, 0x66, 0x00, 0x2A, 0x59, 0x02, 0x2A,
    0x00, 0x00, 0x24, 0x00, 0x3A, 0x2A, 0x44, 0x02, 0x2A, 0x00, 0x3A, 0x25, 0x7F, 0x00, 0x2A, 0x64,
    0x02, 0x2A, 0x00, 0x00, 0x25, 0x00, 0x3A, 0x2A, 0x49, 0x02, 0x2A, 0x00, 0x3A, 0x2A, 0x59, 0x02,
    0x2A, 0x00, 0x3A, 0x2A, 0x44, 0x02, 0x2A, 0x00, 0x1C, 0x2A, 0x3F, 0x02, 0x2A, 0x00, 0x1C, 0x25,
    0x7F, 0x00, 0x2A, 0x64, 0x02, 0x2A, 0x00, 0x00, 0x25, 0x00, 0x3A, 0x2A, 0x49, 0x02, 0x2A, 0x00,
    0x3A, 0x24, 0x66, 0x00, 0x2A, 0x59, 0x02, 0x2A, 0x00, 0x00, 0x24, 0x00, 0x3A, 0x2A, 0x44, 0x02,
    0x2A, 0x00, 0x3A, 0x25, 0x7F, 0x00, 0x2A, 0x64, 0x02, 0x2A, 0x00, 0x00, 0x25, 0x00, 0x3A, 0x2A,
    0x49, 0x02, 0x2A, 0x00, 0x3A, 0x2A, 0x59, 0x02, 0x2A, 0x00, 0x3A, 0x2A, 0x44, 0x02, 0x2A, 0x00,
    0x1C, 0x2A, 0x3F, 0x02, 0x2A, 0x00, 0x1C, 0x25, 0x7F, 0x00, 0x2A, 0x64, 0x02, 0x2A, 0x00, 0x00,
    0x25, 0x00, 0x3A, 0x2A, 0x49, 0x02, 0x2A, 0x00, 0x3A, 0x24, 0x66, 0x00, 0x2A, 0x59, 0x02, 0x2A,
    0x00, 0x00, 0x24, 0x00, 0x3A, 0x2A, 0x44, 0x02, 0x2A, 0x00, 0x3A, 0x25, 0x7F, 0x00, 0x2A, 0x64,
    0x02, 0x2A, 0x00, 0x00, 0x25, 0x00, 0x3A, 0x2A, 0x49, 0x02, 0x2A, 0x00, 0x3A, 0x2A, 0x59, 0x02,
    0x2A, 0x00, 0x3A, 0x2A, 0x44, 0x02, 0x2A, 0x00, 0x1C, 0x2A, 0x3F, 0x02, 0x2A, 0x00, 0x1C, 0x25,
    0x7F, 0x00, 0x2A, 0x64, 0x02, 0x2A, 0x00, 0x00, 0x25, 0x00, 0x3A, 0x2A, 0x49, 0x02, 0x2A, 0x00,
    0x3A, 0x24, 0x66, 0x00, 0x2A, 0x59, 0x02, 0x2A, 0x00, 0x00, 0x24, 0x00, 0x3A, 0x2A, 0x44, 0x02,
    0x2A, 0x00, 0x3A, 0x25, 0x7F, 0x00, 0x2A, 0x64, 0x02, 0x2A, 0x00, 0x00, 0x25, 0x00, 0x3A, 0x2A,
    0x49, 0x02, 0x2A, 0x00, 0x3A, 0x2E, 0x55, 0x00, 0x30, 0x6C, 0x02, 0x30, 0x00, 0x00, 0x2E, 0x00,
    0x58, 0x2F, 0x68, 0x02, 0x2F, 0x00, 0x1C, 0x2F, 0x65, 0x02, 0x2F, 0x00, 0x3A, 0x2D, 0x69, 0x02,
    0x2D, 0x00, 0x1C, 0x2B, 0x63, 0x02, 0x2B, 0x00, 0x1C, 0x24, 0x66, 0x00, 0x31, 0x50, 0x02, 0x31,
    0x00, 0x00, 0x24, 0x00, 0x3A, 0x33, 0x50, 0x02, 0x33, 0x00, 0x3A, 0x25, 0x7F, 0x00, 0x33, 0x64,
    0x02, 0x33, 0x00, 0x00, 0x25, 0x00, 0x3A, 0x24, 0x61, 0x00, 0x33, 0x50, 0x02, 0x33, 0x00, 0x00,
    0x24, 0x00, 0x3A, 0x24, 0x66, 0x00, 0x33, 0x64, 0x02, 0x33, 0x00, 0x00, 0x24, 0x00, 0x3A, 0x33,
    0x50, 0x02, 0x33, 0x00, 0x3A, 0x25, 0x7F, 0x00, 0x33, 0x64, 0x02, 0x33, 0x00, 0x00, 0x25, 0x00,
    0x3A, 0x33, 0x50, 0x02, 0x33, 0x00, 0x3A, 0x24, 0x66, 0x00, 0x33, 0x64, 0x02, 0x33, 0x00, 0x00,
    0x24, 0x00, 0x3A, 0x33, 0x50, 0x02, 0x33, 0x00, 0x3A, 0x25, 0x7F, 0x00, 0x33, 0x64, 0x02, 0x33,
    0x00, 0x00, 0x25, 0x00, 0x3A, 0x24, 0x61, 0x00, 0x33, 0x50, 0x02, 0x33, 0x00, 0x00, 0x24, 0x00,
    0x3A, 0x24, 0x66, 0x00, 0x33, 0x64, 0x02, 0x33, 0x00, 0x00, 0x24, 0x00, 0x3A, 0x33, 0x50, 0x02,
    0x33, 0x00, 0x3A, 0x25, 0x7F, 0x00, 0x33, 0x64, 0x02, 0x33, 0x00, 0x00, 0x25, 0x00, 0x3A, 0x33,
    0x50, 0x02, 0x33, 0x00, 0x3A, 0x24, 0x66, 0x00, 0x33, 0x64, 0x02, 0x33, 0x00, 0x00, 0x24, 0x00,
    0x3A, 0x33, 0x50, 0x02, 0x33, 0x00, 0x3A, 0x25, 0x7F, 0x00, 0x33, 0x64, 0x02, 0x33, 0x00, 0x00,
    0x25, 0x00, 0x3A, 0x24, 0x61, 0x00, 0x33, 0x50, 0x02, 0x33, 0x00, 0x00, 0x24, 0x00, 0x3A, 0x24,
    0x66, 0x00, 0x33, 0x64, 0x02, 0x33, 0x00, 0x00, 0x24, 0x00, 0x3A, 0x33, 0x50, 0x02, 0x33, 0x00,
    0x3A, 0x25, 0x7F, 0x00, 0x33, 0x64, 0x02, 0x33, 0x00, 0x00, 0x25, 0x00, 0x3A, 0x33, 0x50, 0x02,
    0x33, 0x00, 0x3A, 0x24, 0x66, 0x00, 0x33, 0x64, 0x02, 0x33, 0x00, 0x00, 0x24, 0x00, 0x3A, 0x33,
    0x50, 0x02, 0x33, 0x00, 0x3A, 0x25, 0x7F, 0x00, 0x33, 0x64, 0x02, 0x33, 0x00, 0x00, 0x25, 0x00,
    0x3A, 0x24, 0x61, 0x00, 0x33, 0x50, 0x02, 0x33, 0x00, 0x00, 0x24, 0x00, 0x3A, 0x24, 0x66, 0x00,
    0x33, 0x64, 0x02, 0x33, 0x00, 0x00, 0x24, 0x00, 0x3A, 0x33, 0x50, 0x02, 0x33, 0x00, 0x3A, 0x25,
    0x7F, 0x00, 0x33, 0x64, 0x02, 0x33, 0x00, 0x00, 0x25, 0x00, 0x3A, 0x33, 0x50, 0x02, 0x33, 0x00,
    0x3A, 0x24, 0x66, 0x00, 0x33, 0x64, 0x02, 0x33, 0x00, 0x00, 0x24, 0x00, 0x3A, 0x33, 0x50, 0x02,
    0x33, 0x00, 0x3A, 0x25, 0x7F, 0x00, 0x33, 0x64, 0x02, 0x33, 0x00, 0x00, 0x25, 0x00, 0x3A, 0x24,
    0x61, 0x00, 0x33, 0x50, 0x02, 0x33, 0x00, 0x00, 0x24, 0x00, 0x3A, 0x24, 0x66, 0x00, 0x33, 0x64,
    0x02, 0x33, 0x00, 0x00, 0x24, 0x00, 0x3A, 0x33, 0x50, 0x02, 0x33, 0x00, 0x3A, 0x25, 0x7F, 0x00,
    0x33, 0x64, 0x02, 0x33, 0x00, 0x00, 0x25, 0x00, 0x3A, 0x33, 0x50, 0x02, 0x33, 0x00, 0x3A, 0x24,
    0x66, 0x00, 0x33, 0x64, 0x02, 0x33, 0x00, 0x00, 0x24, 0x00, 0x3A, 0x33, 0x50, 0x02, 0x33, 0x00,
    0x3A, 0x25, 0x7F, 0x00, 0x33, 0x64, 0x02, 0x33, 0x00, 0x00, 0x25, 0x00, 0x3A, 0x24, 0x61, 0x00,
    0x33, 0x50, 0x02, 0x33, 0x00, 0x00, 0x24, 0x00, 0x3A, 0x24, 0x66, 0x00, 0x33, 0x64, 0x02, 0x33,
    0x00, 0x00, 0x24, 0x00, 0x3A, 0x33, 0x50, 0x02, 0x33, 0x00, 0x3A, 0x25, 0x7F, 0x00, 0x33, 0x64,
    0x02, 0x33, 0x00, 0x00, 0x25, 0x00, 0x3A, 0x24, 0x61, 0x00, 0x33, 0x50, 0x02, 0x33, 0x00, 0x00,
    0x24, 0x00, 0x3A, 0x24, 0x66, 0x00, 0x31, 0x50, 0x02, 0x31, 0x00, 0x00, 0x24, 0x00, 0x58, 0x2F,
    0x6D, 0x02, 0x2F, 0x00, 0x58, 0x2D, 0x66, 0x02, 0x2D, 0x00, 0x3A, 0x24, 0x66, 0x00, 0x39, 0x55,
    0x02, 0x39, 0x00, 0x00, 0x24, 0x00, 0x58, 0x2D, 0x6A, 0x02, 0x2D, 0x00, 0x58, 0x2B, 0x65, 0x02,
    0x2B, 0x00, 0x3A, 0x24, 0x66, 0x00, 0x31, 0x50, 0x02, 0x31, 0x00, 0x00, 0x24, 0x00, 0x76, 0x33,
    0x64, 0x02, 0x33, 0x00, 0x76, 0x33, 0x64, 0x02, 0x33, 0x00, 0x76, 0x2E, 0x55, 0x02, 0x2E, 0x00,
    0x76, 0x24, 0x66, 0x00, 0x31, 0x50, 0x02, 0x31, 0x00, 0x00, 0x24, 0x00, 0x3A, 0x2A, 0x44, 0x02,
    0x2A, 0x00, 0x3A, 0x26, 0x7F, 0x00, 0x2A, 0x64, 0x02, 0x2A, 0x00, 0x00, 0x26, 0x00, 0x3A, 0x2A,
    0x49, 0x02, 0x2A, 0x00, 0x1C, 0x24, 0x5C, 0x02, 0x24, 0x00, 0x1C, 0x2A, 0x59, 0x02, 0x2A, 0x00,
    0x3A, 0x24, 0x61, 0x00, 0x2A, 0x44, 0x02, 0x2A, 0x00, 0x00, 0x24, 0x00, 0x3A, 0x26, 0x7F, 0x00,
    0x2A, 0x64, 0x02, 0x2A, 0x00, 0x00, 0x26, 0x00, 0x3A, 0x2A, 0x49, 0x02, 0x2A, 0x00, 0x3A, 0x24,
    0x66, 0x00, 0x2A, 0x59, 0x02, 0x2A, 0x00, 0x00, 0x24, 0x00, 0x3A, 0x2A, 0x44, 0x02, 0x2A, 0x00,
    0x3A, 0x26, 0x7F, 0x00, 0x2A, 0x64, 0x02, 0x2A, 0x00, 0x00, 0x26, 0x00, 0x3A, 0x2A, 0x49, 0x02,
    0x2A, 0x00, 0x1C, 0x24, 0x5C, 0x02, 0x24, 0x00, 0x1C, 0x2A, 0x59, 0x02, 0x2A, 0x00, 0x3A, 0x24,
    0x61, 0x00, 0x2A, 0x44, 0x02, 0x2A, 0x00, 0x00, 0x24, 0x00, 0x3A, 0x26, 0x7F, 0x00, 0x2A, 0x64,
    0x02, 0x2A, 0x00, 0x00, 0x26, 0x00, 0x3A, 0x2A, 0x49, 0x02, 0x2A, 0x00, 0x3A, 0x24, 0x66, 0x00,
    0x2A, 0x59, 0x02, 0x2A, 0x00, 0x00, 0x24, 0x00, 0x3A, 0x2A, 0x44, 0x02, 0x2A, 0x00, 0x3A, 0x26,
    0x7F, 0x00, 0x2A, 0x64, 0x02, 0x2A, 0x00, 0x00, 0x26, 0x00, 0x3A, 0x2A, 0x49, 0x02, 0x2A, 0x00,
    0x1C, 0x24, 0x5C, 0x02, 0x24, 0x00, 0x1C, 0x2A, 0x59, 0x02, 0x2A, 0x00, 0x3A, 0x24, 0x61, 0x00,
    0x2E, 0x55, 0x02, 0x2E, 0x00, 0x00, 0x24, 0x00, 0x3A, 0x26, 0x7F, 0x00, 0x2A, 0x64, 0x02, 0x2A,
    0x00, 0x00, 0x26, 0x00, 0x3A, 0x2A, 0x49, 0x02, 0x2A, 0x00, 0x3A, 0x24, 0x66, 0x00, 0x2A, 0x59,
    0x02, 0x2A, 0x00, 0x00, 0x24, 0x00, 0x3A, 0x2A, 0x44, 0x02, 0x2A, 0x00, 0x3A, 0x26, 0x7F, 0x00,
    0x2A, 0x64, 0x02, 0x2A, 0x00, 0x00, 0x26, 0x00, 0x3A, 0x2A, 0x49, 0x02, 0x2A, 0x00, 0x3A, 0x24,
    0x66, 0x00, 0x2E, 0x55, 0x02, 0x2E, 0x00, 0x00, 0x24, 0x00, 0x1C, 0x26, 0x7F, 0x02, 0x26, 0x00,
    0x3A, 0x26, 0x7F, 0x02, 0x26, 0x00, 0x1C, 0x26, 0x7F, 0x02, 0x26, 0x00, 0x1C, 0x2D, 0x6B, 0x02,
    0x2D, 0x00, 0x1C, 0x2B, 0x67, 0x02, 0x2B, 0x00, 0x3A, 0x24, 0x66, 0x00, 0x31, 0x50, 0x00, 0x36,
    0x50, 0x02, 0x36, 0x00, 0x00, 0x31, 0x00, 0x00, 0x24, 0x00, 0x1C, 0x36, 0x4D, 0x02, 0x36, 0x00,
    0x1C, 0x35, 0x51, 0x00, 0x36, 0x50, 0x02, 0x36, 0x00, 0x00, 0x35, 0x00, 0x1C, 0x36, 0x4F, 0x02,
    0x36, 0x00, 0x1C, 0x26, 0x7F, 0x00, 0x36, 0x4F, 0x02, 0x36, 0x00, 0x00, 0x26, 0x00, 0x1C, 0x36,
    0x4F, 0x02, 0x36, 0x00, 0x1C, 0x35, 0x4E, 0x00, 0x36, 0x4E, 0x02, 0x36, 0x00, 0x00, 0x35, 0x00,
    0x1C, 0x24, 0x5C, 0x00, 0x36, 0x4C, 0x02, 0x36, 0x00, 0x00, 0x24, 0x00, 0x1C, 0x36, 0x4C, 0x02,
    0x36, 0x00, 0x1C, 0x36, 0x49, 0x02, 0x36, 0x00, 0x1C, 0x24, 0x61, 0x00, 0x35, 0x51, 0x00, 0x36,
    0x44, 0x02, 0x36, 0x00, 0x00, 0x35, 0x00, 0x00, 0x24, 0x00, 0x1C, 0x36, 0x36, 0x02, 0x36, 0x00,
    0x1C, 0x26, 0x7F, 0x00, 0x36, 0x4B, 0x02, 0x36, 0x00, 0x00, 0x26, 0x00, 0x1C, 0x36, 0x4D, 0x02,
    0x36, 0x00, 0x1C, 0x35, 0x51, 0x00, 0x36, 0x49, 0x02, 0x36, 0x00, 0x00, 0x35, 0x00, 0x1C, 0x36,
    0x4E, 0x02, 0x36, 0x00, 0x1C, 0x24, 0x66, 0x00, 0x36, 0x50, 0x02, 0x36, 0x00, 0x00, 0x24, 0x00,
    0x1C, 0x36, 0x4D, 0x02, 0x36, 0x00, 0x1C, 0x35, 0x4F, 0x00, 0x36, 0x50, 0x02, 0x36, 0x00, 0x00,
    0x35, 0x00, 0x1C, 0x36, 0x4F, 0x02, 0x36, 0x00, 0x1C, 0x26, 0x7F, 0x00, 0x36, 0x4F, 0x02, 0x36,
    0x00, 0x00, 0x26, 0x00, 0x1C, 0x36, 0x4F, 0x02, 0x36, 0x00, 0x1C, 0x35, 0x50, 0x00, 0x36, 0x4E,
    0x02, 0x36, 0x00, 0x00, 0x35, 0x00, 0x1C, 0x24, 0x5C, 0x00, 0x36, 0x4C, 0x02, 0x36, 0x00, 0x00,
    0x24, 0x00, 0x1C, 0x36, 0x4C, 0x02, 0x36, 0x00, 0x1C, 0x36, 0x49, 0x02, 0x36, 0x00, 0x1C, 0x24,
    0x61, 0x00, 0x35, 0x51, 0x00, 0x36, 0x44, 0x02, 0x36, 0x00, 0x00, 0x35, 0x00, 0x00, 0x24, 0x00,
    0x1C, 0x36, 0x36, 0x02, 0x36, 0x00, 0x1C, 0x26, 0x7F, 0x00, 0x36, 0x4B, 0x02, 0x36, 0x00, 0x00,
    0x26, 0x00, 0x1C, 0x36, 0x4D, 0x02, 0x36, 0x00, 0x1C, 0x35, 0x50, 0x00, 0x36, 0x49, 0x02, 0x36,
    0x00, 0x00, 0x35, 0x00, 0x1C, 0x36, 0x4E, 0x02, 0x36, 0x00, 0x1C, 0x24, 0x66, 0x00, 0x36, 0x50,
    0x02, 0x36, 0x00, 0x00, 0x24, 0x00, 0x1C, 0x36, 0x4D, 0x02, 0x36, 0x00, 0x1C, 0x35, 0x50, 0x00,
    0x36, 0x50, 0x02, 0x36, 0x00, 0x00, 0x35, 0x00, 0x1C, 0x36, 0x4F, 0x02, 0x36, 0x00, 0x1C, 0x26,
    0x7F, 0x00, 0x36, 0x4F, 0x02, 0x36, 0x00, 0x00, 0x26, 0x00, 0x1C, 0x36, 0x4F, 0x02, 0x36, 0x00,
    0x1C, 0x35, 0x4E, 0x00, 0x36, 0x4E, 0x02, 0x36, 0x00, 0x00, 0x35, 0x00, 0x1C, 0x24, 0x5C, 0x00,
    0x36, 0x4C, 0x02, 0x36, 0x00, 0x00, 0x24, 0x00, 0x1C, 0x36, 0x4C, 0x02, 0x36, 0x00, 0x1C, 0x36,
    0x49, 0x02, 0x36, 0x00, 0x1C, 0x24, 0x61, 0x00, 0x35, 0x4F, 0x00, 0x36, 0x44, 0x02, 0x36, 0x00,
    0x00, 0x35, 0x00, 0x00, 0x24, 0x00, 0x1C, 0x36, 0x36, 0x02, 0x36, 0x00, 0x1C, 0x26, 0x7F, 0x00,
    0x36, 0x4B, 0x02, 0x36, 0x00, 0x00, 0x26, 0x00, 0x1C, 0x36, 0x4D, 0x02, 0x36, 0x00, 0x1C, 0x35,
    0x4F, 0x00, 0x36, 0x49, 0x02, 0x36, 0x00, 0x00, 0x35, 0x00, 0x1C, 0x36, 0x4E, 0x02, 0x36, 0x00,
    0x1C, 0x24, 0x66, 0x00, 0x36, 0x50, 0x02, 0x36, 0x00, 0x00, 0x24, 0x00, 0x1C, 0x36, 0x4D, 0x02,
    0x36, 0x00, 0x1C, 0x35, 0x4E, 0x00, 0x36, 0x50, 0x02, 0x36, 0x00, 0x00, 0x35, 0x00, 0x1C, 0x36,
    0x4F, 0x02, 0x36, 0x00, 0x1C, 0x26, 0x7F, 0x00, 0x36, 0x4F, 0x02, 0x36, 0x00, 0x00, 0x26, 0x00,
    0x1C, 0x36, 0x4F, 0x02, 0x36, 0x00, 0x1C, 0x35, 0x51, 0x00, 0x36, 0x4E, 0x02, 0x36, 0x00, 0x00,
    0x35, 0x00, 0x1C, 0x24, 0x5C, 0x00, 0x36, 0x4C, 0x02, 0x36, 0x00, 0x00, 0x24, 0x00, 0x1C, 0x36,
    0x4C, 0x02, 0x36, 0x00, 0x1C, 0x36, 0x49, 0x02, 0x36, 0x00, 0x1C, 0x24, 0x61, 0x00, 0x35, 0x50,
    0x00, 0x36, 0x44, 0x02, 0x36, 0x00, 0x00, 0x35, 0x00, 0x00, 0x24, 0x00, 0x1C, 0x36, 0x36, 0x02,
    0x36, 0x00, 0x1C, 0x26, 0x7F, 0x00, 0x36, 0x4B, 0x02, 0x36, 0x00, 0x00, 0x26, 0x00, 0x1C, 0x36,
    0x4D, 0x02, 0x36, 0x00, 0x1C, 0x35, 0x50, 0x00, 0x36, 0x49, 0x02, 0x36, 0x00, 0x00, 0x35, 0x00,
    0x1C, 0x36, 0x4E, 0x02, 0x36, 0x00, 0x1C, 0x24, 0x66, 0x00, 0x36, 0x50, 0x00, 0x39, 0x55, 0x02,
    0x39, 0x00, 0x00, 0x36, 0x00, 0x00, 0x24, 0x00, 0x1C, 0x36, 0x4D, 0x02, 0x36, 0x00, 0x1C, 0x35,
    0x4E, 0x00, 0x36, 0x50, 0x02, 0x36, 0x00, 0x00, 0x35, 0x00, 0x1C, 0x36, 0x4F, 0x02, 0x36, 0x00,
    0x1C, 0x26, 0x7F, 0x00, 0x36, 0x4F, 0x02, 0x36, 0x00, 0x00, 0x26, 0x00, 0x1C, 0x36, 0x4F, 0x02,
    0x36, 0x00, 0x1C, 0x35, 0x50, 0x00, 0x36, 0x4E, 0x02, 0x36, 0x00, 0x00, 0x35, 0x00, 0x1C, 0x24,
    0x5C, 0x00, 0x36, 0x4C, 0x02, 0x36, 0x00, 0x00, 0x24, 0x00, 0x1C, 0x36, 0x4C, 0x02, 0x36, 0x00,
    0x1C, 0x36, 0x49, 0x02, 0x36, 0x00, 0x1C, 0x24, 0x61, 0x00, 0x35, 0x4F, 0x00, 0x36, 0x44, 0x02,
    0x36, 0x00, 0x00, 0x35, 0x00, 0x00, 0x24, 0x00, 0x1C, 0x36, 0x36, 0x02, 0x36, 0x00, 0x1C, 0x26,
    0x7F, 0x00, 0x36, 0x4B, 0x02, 0x36, 0x00, 0x00, 0x26, 0x00, 0x1C, 0x36, 0x4D, 0x02, 0x36, 0x00,
    0x1C, 0x35, 0x51, 0x00, 0x36, 0x49, 0x02, 0x36, 0x00, 0x00, 0x35, 0x00, 0x1C, 0x36, 0x4E, 0x02,
    0x36, 0x00, 0x1C, 0x24, 0x66, 0x00, 0x31, 0x50, 0x00, 0x36, 0x53, 0x02, 0x36, 0x00, 0x00, 0x31,
    0x00, 0x00, 0x24, 0x00, 0x58, 0x24, 0x5C, 0x00, 0x31, 0x50, 0x00, 0x36, 0x51, 0x02, 0x36, 0x00,
    0x00, 0x31, 0x00, 0x00, 0x24, 0x00, 0x58, 0x24, 0x61, 0x00, 0x36, 0x51, 0x00, 0x39, 0x55, 0x02,
    0x39, 0x00, 0x00, 0x36, 0x00, 0x00, 0x24, 0x00, 0x3A, 0x24, 0x66, 0x00, 0x36, 0x53, 0x00, 0x39,
    0x55, 0x02, 0x39, 0x00, 0x00, 0x36, 0x00, 0x00, 0x24, 0x00, 0x58, 0x24, 0x5C, 0x00, 0x31, 0x50,
    0x00, 0x36, 0x53, 0x02, 0x36, 0x00, 0x00, 0x31, 0x00, 0x00, 0x24, 0x00, 0x56, 0x2D, 0x6D, 0x02,
    0x2D, 0x00, 0x00, 0x36, 0x51, 0x02, 0x36, 0x00, 0x04, 0x2B, 0x63, 0x02, 0x2B, 0x00, 0x34, 0x24,
    0x66, 0x00, 0x31, 0x50, 0x00, 0x36, 0x50, 0x02, 0x36, 0x00, 0x00, 0x31, 0x00, 0x00, 0x24, 0x00,
    0x1C, 0x36, 0x4D, 0x02, 0x36, 0x00, 0x1C, 0x35, 0x51, 0x00, 0x36, 0x50, 0x02, 0x36, 0x00, 0x00,
    0x35, 0x00, 0x1C, 0x36, 0x4F, 0x02, 0x36, 0x00, 0x1C, 0x26, 0x7F, 0x00, 0x36, 0x4F, 0x02, 0x36,
    0x00, 0x00, 0x26, 0x00, 0x1C, 0x36, 0x4F, 0x02, 0x36, 0x00, 0x1C, 0x35, 0x50, 0x00, 0x36, 0x4E,
    0x02, 0x36, 0x00, 0x00, 0x35, 0x00, 0x1C, 0x24, 0x5C, 0x00, 0x36, 0x4C, 0x02, 0x36, 0x00, 0x00,
    0x24, 0x00, 0x1C, 0x36, 0x4C, 0x02, 0x36, 0x00, 0x1C, 0x24, 0x5C, 0x00, 0x36, 0x49, 0x02, 0x36,
    0x00, 0x00, 0x24, 0x00, 0x1C, 0x24, 0x61, 0x00, 0x35, 0x51, 0x00, 0x36, 0x44, 0x02, 0x36, 0x00,
    0x00, 0x35, 0x00, 0x00, 0x24, 0x00, 0x1C, 0x36, 0x36, 0x02, 0x36, 0x00, 0x1C, 0x26, 0x7F, 0x00,
    0x36, 0x4B, 0x02, 0x36, 0x00, 0x00, 0x26, 0x00, 0x1C, 0x36, 0x4D, 0x02, 0x36, 0x00, 0x1C, 0x35,
    0x53, 0x00, 0x36, 0x49, 0x02, 0x36, 0x00, 0x00, 0x35, 0x00, 0x1C, 0x36, 0x4E, 0x02, 0x36, 0x00,
    0x1C, 0x24, 0x66, 0x00, 0x39, 0x55, 0x02, 0x39, 0x00, 0x00, 0x24, 0x00, 0x76, 0x33, 0x64, 0x02,
    0x33, 0x00, 0x76, 0x33, 0x64, 0x02, 0x33, 0x00, 0x3A, 0x26, 0x7F, 0x02, 0x26, 0x00, 0x06, 0x26,
    0x7B, 0x02, 0x26, 0x00, 0x32, 0x26, 0x7F, 0x02, 0x26, 0x00, 0x06, 0x26, 0x79, 0x02, 0x26, 0x00,
    0x32, 0x26, 0x7F, 0x02, 0x26, 0x00, 0x1C, 0x26, 0x7F, 0x02, 0x26, 0x00, 0x1C, 0x24, 0x66, 0x00,
    0x31, 0x50, 0x02, 0x31, 0x00, 0x00, 0x24, 0x00, 0x3A, 0x24, 0x61, 0x00, 0x2E, 0x49, 0x02, 0x2E,
    0x00, 0x00, 0x24, 0x00, 0x1C, 0x24, 0x5C, 0x02, 0x24, 0x00, 0x1C, 0x26, 0x7C, 0x00, 0x2E, 0x54,
    0x02, 0x2E, 0x00, 0x00, 0x26, 0x00, 0x3A, 0x24, 0x61, 0x00, 0x2E, 0x46, 0x02, 0x2E, 0x00, 0x00,
    0x24, 0x00, 0x3A, 0x24, 0x66, 0x00, 0x2E, 0x54, 0x02, 0x2E, 0x00, 0x00, 0x24, 0x00, 0x3A, 0x24,
    0x61, 0x00, 0x2E, 0x47, 0x02, 0x2E, 0x00, 0x00, 0x24, 0x00, 0x3A, 0x26, 0x7F, 0x00, 0x2E, 0x52,
    0x02, 0x2E, 0x00, 0x00, 0x26, 0x00, 0x3A, 0x24, 0x61, 0x00, 0x2E, 0x47, 0x02, 0x2E, 0x00, 0x00,
    0x24, 0x00, 0x3A, 0x24, 0x66, 0x00, 0x2E, 0x58, 0x02, 0x2E, 0x00, 0x00, 0x24, 0x00, 0x3A, 0x24,
    0x61, 0x00, 0x2E, 0x45, 0x02, 0x2E, 0x00, 0x00, 0x24, 0x00, 0x1C, 0x24, 0x5C, 0x02, 0x24, 0x00,
    0x1C, 0x26, 0x7C, 0x00, 0x2E, 0x55, 0x02, 0x2E, 0x00, 0x00, 0x26, 0x00, 0x3A, 0x24, 0x61, 0x00,
    0x2E, 0x49, 0x02, 0x2E, 0x00, 0x00, 0x24, 0x00, 0x3A, 0x24, 0x66, 0x00, 0x2E, 0x51, 0x02, 0x2E,
    0x00, 0x00, 0x24, 0x00, 0x3A, 0x24, 0x61, 0x00, 0x2E, 0x48, 0x02, 0x2E, 0x00, 0x00, 0x24, 0x00,
    0x3A, 0x26, 0x7F, 0x00, 0x2E, 0x58, 0x02, 0x2E, 0x00, 0x00, 0x26, 0x00, 0x3A, 0x24, 0x61, 0x00,
    0x2E, 0x46, 0x02, 0x2E, 0x00, 0x00, 0x24, 0x00, 0x3A, 0x24, 0x66, 0x00, 0x39, 0x55, 0x02, 0x39,
    0x00, 0x00, 0x24, 0x00, 0x3A, 0x24, 0x61, 0x00, 0x2E, 0x49, 0x02, 0x2E, 0x00, 0x00, 0x24, 0x00,
    0x1C, 0x24, 0x5C, 0x02, 0x24, 0x00, 0x1C, 0x26, 0x7C, 0x00, 0x2E, 0x54, 0x02, 0x2E, 0x00, 0x00,
    0x26, 0x00, 0x3A, 0x24, 0x61, 0x00, 0x2E, 0x46, 0x02, 0x2E, 0x00, 0x00, 0x24, 0x00, 0x3A, 0x24,
    0x66, 0x00, 0x2E, 0x54, 0x02, 0x2E, 0x00, 0x00, 0x24, 0x00, 0x3A, 0x24, 0x61, 0x00, 0x2E, 0x47,
    0x02, 0x2E, 0x00, 0x00, 0x24, 0x00, 0x3A, 0x26, 0x7F, 0x00, 0x2E, 0x52, 0x02, 0x2E, 0x00, 0x00,
    0x26, 0x00, 0x3A, 0x24, 0x61, 0x00, 0x2E, 0x47, 0x02, 0x2E, 0x00, 0x00, 0x24, 0x00, 0x3A, 0x24,
    0x66, 0x00, 0x31, 0x50, 0x02, 0x31, 0x00, 0x00, 0x24, 0x00, 0x3A, 0x24, 0x61, 0x00, 0x2E, 0x45,
    0x02, 0x2E, 0x00, 0x00, 0x24, 0x00, 0x1C, 0x24, 0x5C, 0x02, 0x24, 0x00, 0x1C, 0x26, 0x7C, 0x00,
    0x2E, 0x55, 0x02, 0x2E, 0x00, 0x00, 0x26, 0x00, 0x3A, 0x24, 0x61, 0x00, 0x2E, 0x49, 0x02, 0x2E,
    0x00, 0x00, 0x24, 0x00, 0x3A, 0x24, 0x66, 0x00, 0x2E, 0x51, 0x02, 0x2E, 0x00, 0x00, 0x24, 0x00,
    0x1C, 0x26, 0x7C, 0x02, 0x26, 0x00, 0x06, 0x26, 0x7D, 0x02, 0x26, 0x00, 0x14, 0x24, 0x61, 0x00,
    0x2E, 0x48, 0x02, 0x2E, 0x00, 0x00, 0x24, 0x00, 0x3A, 0x26, 0x7F, 0x00, 0x2E, 0x58, 0x02, 0x2E,
    0x00, 0x00, 0x26, 0x00, 0x3A, 0x26, 0x7C, 0x00, 0x2E, 0x46, 0x02, 0x2E, 0x00, 0x00, 0x26, 0x00,
    0x1C, 0x26, 0x7F, 0x02, 0x26, 0x00, 0x1C, 0x24, 0x66, 0x00, 0x39, 0x55, 0x02, 0x39, 0x00, 0x00,
    0x24, 0x00, 0x3A, 0x24, 0x61, 0x00, 0x2E, 0x49, 0x02, 0x2E, 0x00, 0x00, 0x24, 0x00, 0x1C, 0x24,
    0x5C, 0x02, 0x24, 0x00, 0x1C, 0x26, 0x7C, 0x00, 0x2E, 0x54, 0x02, 0x2E, 0x00, 0x00, 0x26, 0x00,
    0x3A, 0x24, 0x61, 0x00, 0x2E, 0x46, 0x02, 0x2E, 0x00, 0x00, 0x24, 0x00, 0x3A, 0x24, 0x66, 0x00,
    0x2E, 0x54, 0x02, 0x2E, 0x00, 0x00, 0x24, 0x00, 0x3A, 0x24, 0x61, 0x00, 0x2E, 0x47, 0x02, 0x2E,
    0x00, 0x00, 0x24, 0x00, 0x3A, 0x26, 0x7F, 0x00, 0x2E, 0x52, 0x02, 0x2E, 0x00, 0x00, 0x26, 0x00,
    0x3A, 0x24, 0x61, 0x00, 0x2E, 0x47, 0x02, 0x2E, 0x00, 0x00, 0x24, 0x00, 0x3A, 0x24, 0x66, 0x00,
    0x2E, 0x58, 0x02, 0x2E, 0x00, 0x00, 0x24, 0x00, 0x3A, 0x24, 0x61, 0x00, 0x2E, 0x45, 0x02, 0x2E,
    0x00, 0x00, 0x24, 0x00, 0x1C, 0x24, 0x5C, 0x02, 0x24, 0x00, 0x1C, 0x26, 0x7C, 0x00, 0x2E, 0x55,
    0x02, 0x2E, 0x00, 0x00, 0x26, 0x00, 0x3A, 0x24, 0x61, 0x00, 0x2E, 0x49, 0x02, 0x2E, 0x00, 0x00,
    0x24, 0x00, 0x3A, 0x24, 0x66, 0x00, 0x2E, 0x51, 0x02, 0x2E, 0x00, 0x00, 0x24, 0x00, 0x3A, 0x24,
    0x61, 0x00, 0x2E, 0x48, 0x02, 0x2E, 0x00, 0x00, 0x24, 0x00, 0x3A, 0x26, 0x7F, 0x00, 0x2E, 0x58,
    0x02, 0x2E, 0x00, 0x00, 0x26, 0x00, 0x3A, 0x24, 0x61, 0x00, 0x2E, 0x46, 0x02, 0x2E, 0x00, 0x00,
    0x24, 0x00, 0x3A, 0x24, 0x66, 0x00, 0x31, 0x50, 0x02, 0x31, 0x00, 0x00, 0x24, 0x00, 0x3A, 0x24,
    0x61, 0x00, 0x2E, 0x49, 0x02, 0x2E, 0x00, 0x00, 0x24, 0x00, 0x1C, 0x24, 0x5C, 0x02, 0x24, 0x00,
    0x1C, 0x26, 0x7C, 0x00, 0x2E, 0x54, 0x02, 0x2E, 0x00, 0x00, 0x26, 0x00, 0x3A, 0x24, 0x61, 0x00,
    0x2E, 0x46, 0x02, 0x2E, 0x00, 0x00, 0x24, 0x00, 0x3A, 0x24, 0x66, 0x00, 0x2E, 0x54, 0x02, 0x2E,
    0x00, 0x00, 0x24, 0x00, 0x3A, 0x24, 0x61, 0x00, 0x2E, 0x47, 0x02, 0x2E, 0x00, 0x00, 0x24, 0x00,
    0x3A, 0x26, 0x7F, 0x00, 0x2E, 0x52, 0x02, 0x2E, 0x00, 0x00, 0x26, 0x00, 0x3A, 0x24, 0x61, 0x00,
    0x2E, 0x47, 0x02, 0x2E, 0x00, 0x00, 0x24, 0x00, 0x1C, 0x26, 0x7F, 0x02, 0x26, 0x00, 0x1C, 0x24,
    0x66, 0x00, 0x2E, 0x58, 0x02, 0x2E, 0x00, 0x00, 0x24, 0x00, 0x3A, 0x24, 0x61, 0x00, 0x2E, 0x45,
    0x02, 0x2E, 0x00, 0x00, 0x24, 0x00, 0x1C, 0x24, 0x5C, 0x02, 0x24, 0x00, 0x1C, 0x26, 0x7C, 0x00,
    0x2E, 0x55, 0x02, 0x2E, 0x00, 0x00, 0x26, 0x00, 0x3A, 0x24, 0x61, 0x00, 0x2E, 0x49, 0x02, 0x2E,
    0x00, 0x00, 0x24, 0x00, 0x3A, 0x24, 0x66, 0x00, 0x2E, 0x51, 0x02, 0x2E, 0x00, 0x00, 0x24, 0x00,
    0x1C, 0x26, 0x7F, 0x02, 0x26, 0x00, 0x06, 0x26, 0x7D, 0x02, 0x26, 0x00, 0x14, 0x24, 0x61, 0x00,
    0x2E, 0x48, 0x02, 0x2E, 0x00, 0x00, 0x24, 0x00, 0x3A, 0x26, 0x7F, 0x00, 0x2E, 0x58, 0x02, 0x2E,
    0x00, 0x00, 0x26, 0x00, 0x3A, 0x2D, 0x6A, 0x00, 0x2E, 0x46, 0x02, 0x2E, 0x00, 0x00, 0x2D, 0x00,
    0x3A, 0x24, 0x66, 0x00, 0x39, 0x55, 0x02, 0x39, 0x00, 0x00, 0x24, 0x00, 0x3A, 0x24, 0x61, 0x00,
    0x2E, 0x49, 0x02, 0x2E, 0x00, 0x00, 0x24, 0x00, 0x1C, 0x24, 0x5C, 0x02, 0x24, 0x00, 0x1C, 0x26,
    0x7C, 0x00, 0x2E, 0x54, 0x02, 0x2E, 0x00, 0x00, 0x26, 0x00, 0x3A, 0x24, 0x61, 0x00, 0x2E, 0x46,
    0x02, 0x2E, 0x00, 0x00, 0x24, 0x00, 0x3A, 0x24, 0x66, 0x00, 0x2E, 0x54, 0x02, 0x2E, 0x00, 0x00,
    0x24, 0x00, 0x3A, 0x24, 0x61, 0x00, 0x2E, 0x47, 0x02, 0x2E, 0x00, 0x00, 0x24, 0x00, 0x3A, 0x26,
    0x7F, 0x00, 0x2E, 0x52, 0x02, 0x2E, 0x00, 0x00, 0x26, 0x00, 0x3A, 0x24, 0x61, 0x00, 0x2E, 0x47,
    0x02, 0x2E, 0x00, 0x00, 0x24, 0x00, 0x3A, 0x24, 0x66, 0x00, 0x2E, 0x58, 0x02, 0x2E, 0x00, 0x00,
    0x24, 0x00, 0x3A, 0x24, 0x61, 0x00, 0x2E, 0x45, 0x02, 0x2E, 0x00, 0x00, 0x24, 0x00, 0x1C, 0x24,
    0x5C, 0x02, 0x24, 0x00, 0x1C, 0x26, 0x7C, 0x00, 0x2E, 0x55, 0x02, 0x2E, 0x00, 0x00, 0x26, 0x00,
    0x3A, 0x24, 0x61, 0x00, 0x2E, 0x49, 0x02, 0x2E, 0x00, 0x00, 0x24, 0x00, 0x3A, 0x24, 0x66, 0x00,
    0x2E, 0x51, 0x02, 0x2E, 0x00, 0x00, 0x24, 0x00, 0x1C, 0x26, 0x7D, 0x02, 0x26, 0x00, 0x06, 0x26,
    0x7D, 0x02, 0x26, 0x00, 0x14, 0x24, 0x61, 0x00, 0x2E, 0x48, 0x02, 0x2E, 0x00, 0x00, 0x24, 0x00,
    0x3A, 0x26, 0x7F, 0x00, 0x2E, 0x58, 0x02, 0x2E, 0x00, 0x00, 0x26, 0x00, 0x3A, 0x26, 0x7F, 0x00,
    0x2E, 0x46, 0x02, 0x2E, 0x00, 0x00, 0x26, 0x00, 0x3A, 0x24, 0x66, 0x00, 0x31, 0x50, 0x02, 0x31,
    0x00, 0x00, 0x24, 0x00, 0x76, 0x26, 0x7F, 0x00, 0x2E, 0x54, 0x02, 0x2E, 0x00, 0x00, 0x26, 0x00,
    0x76, 0x24, 0x66, 0x00, 0x39, 0x55, 0x02, 0x39, 0x00, 0x00, 0x24, 0x00, 0x3A, 0x30, 0x6B, 0x02,
    0x30, 0x00, 0x3A, 0x2F, 0x66, 0x02, 0x2F, 0x00, 0x1C, 0x2D, 0x60, 0x02, 0x2D, 0x00, 0x1C, 0x2B,
    0x63, 0x02, 0x2B, 0x00, 0x3A, 0x24, 0x66, 0x00, 0x39, 0x55, 0x02, 0x39, 0x00, 0x00, 0x24, 0x00,
    0x76, 0x35, 0x4E, 0x02, 0x35, 0x00, 0x76, 0x35, 0x4F, 0x02, 0x35, 0x00, 0x81, 0x6E, 0x24, 0x66,
    0x00, 0x31, 0x50, 0x02, 0x31, 0x00, 0x00, 0x24, 0x00, 0x81, 0x6E, 0x24, 0x66, 0x00, 0x39, 0x55,
    0x02, 0x39, 0x00, 0x00, 0x24, 0x00, 0x81, 0x6E, 0x24, 0x66, 0x00, 0x31, 0x50, 0x02, 0x31, 0x00,
    0x00, 0x24, 0x00, 0x3A, 0x33, 0x50, 0x02, 0x33, 0x00, 0x3A, 0x26, 0x7E, 0x00, 0x33, 0x64, 0x02,
    0x33, 0x00, 0x00, 0x26, 0x00, 0x3A, 0x24, 0x61, 0x00, 0x33, 0x50, 0x02, 0x33, 0x00, 0x00, 0x24,
    0x00, 0x3A, 0x24, 0x66, 0x00, 0x33, 0x64, 0x02, 0x33, 0x00, 0x00, 0x24, 0x00, 0x3A, 0x33, 0x50,
    0x02, 0x33, 0x00, 0x3A, 0x26, 0x7F, 0x00, 0x33, 0x64, 0x02, 0x33, 0x00, 0x00, 0x26, 0x00, 0x3A,
    0x33, 0x50, 0x02, 0x33, 0x00, 0x3A, 0x24, 0x66, 0x00, 0x33, 0x64, 0x02, 0x33, 0x00, 0x00, 0x24,
    0x00, 0x3A, 0x33, 0x50, 0x02, 0x33, 0x00, 0x3A, 0x26, 0x7F, 0x00, 0x33, 0x64, 0x02, 0x33, 0x00,
    0x00, 0x26, 0x00, 0x3A, 0x24, 0x61, 0x00, 0x33, 0x50, 0x02, 0x33, 0x00, 0x00, 0x24, 0x00, 0x3A,
    0x24, 0x66, 0x00, 0x33, 0x64, 0x02, 0x33, 0x00, 0x00, 0x24, 0x00, 0x3A, 0x33, 0x50, 0x02, 0x33,
    0x00, 0x3A, 0x26, 0x7F, 0x00, 0x33, 0x64, 0x02, 0x33, 0x00, 0x00, 0x26, 0x00, 0x3A, 0x33, 0x50,
    0x02, 0x33, 0x00, 0x3A, 0x24, 0x66, 0x00, 0x33, 0x64, 0x02, 0x33, 0x00, 0x00, 0x24, 0x00, 0x3A,
    0x33, 0x50, 0x02, 0x33, 0x00, 0x3A, 0x26, 0x7F, 0x00, 0x33, 0x64, 0x02, 0x33, 0x00, 0x00, 0x26,
    0x00, 0x3A, 0x24, 0x61, 0x00, 0x33, 0x50, 0x02, 0x33, 0x00, 0x00, 0x24, 0x00, 0x3A, 0x24, 0x66,
    0x00, 0x33, 0x64, 0x02, 0x33, 0x00, 0x00, 0x24, 0x00, 0x3A, 0x33, 0x50, 0x02, 0x33, 0x00, 0x3A,
    0x26, 0x7F, 0x00, 0x33, 0x64, 0x02, 0x33, 0x00, 0x00, 0x26, 0x00, 0x3A, 0x33, 0x50, 0x02, 0x33,
    0x00, 0x3A, 0x24, 0x66, 0x00, 0x33, 0x64, 0x02, 0x33, 0x00, 0x00, 0x24, 0x00, 0x3A, 0x33, 0x50,
    0x02, 0x33, 0x00, 0x3A, 0x26, 0x7F, 0x00, 0x33, 0x64, 0x02, 0x33, 0x00, 0x00, 0x26, 0x00, 0x3A,
    0x24, 0x61, 0x00, 0x33, 0x50, 0x02, 0x33, 0x00, 0x00, 0x24, 0x00, 0x3A, 0x24, 0x66, 0x00, 0x33,
    0x64, 0x02, 0x33, 0x00, 0x00, 0x24, 0x00, 0x3A, 0x33, 0x50, 0x02, 0x33, 0x00, 0x3A, 0x26, 0x7F,
    0x00, 0x33, 0x64, 0x02, 0x33, 0x00, 0x00, 0x26, 0x00, 0x3A, 0x33, 0x50, 0x02, 0x33, 0x00, 0x3A,
    0x24, 0x66, 0x00, 0x31, 0x50, 0x02, 0x31, 0x00, 0x00, 0x24, 0x00, 0x3A, 0x33, 0x50, 0x02, 0x33,
    0x00, 0x3A, 0x26, 0x7D, 0x00, 0x33, 0x64, 0x02, 0x33, 0x00, 0x00, 0x26, 0x00, 0x3A, 0x24, 0x61,
    0x00, 0x33, 0x50, 0x02, 0x33, 0x00, 0x00, 0x24, 0x00, 0x3A, 0x24, 0x66, 0x00, 0x2E, 0x55, 0x02,
    0x2E, 0x00, 0x00, 0x24, 0x00, 0x3A, 0x30, 0x69, 0x02, 0x30, 0x00, 0x06, 0x2F, 0x66, 0x02, 0x2F,
    0x00, 0x32, 0x2F, 0x6A, 0x02, 0x2F, 0x00, 0x1C, 0x2D, 0x67, 0x02, 0x2D, 0x00, 0x1C, 0x2B, 0x64,
    0x02, 0x2B, 0x00, 0x3A, 0x24, 0x66, 0x00, 0x2E, 0x55, 0x02, 0x2E, 0x00, 0x00, 0x24, 0x00, 0x82,
    0x66, 0x2E, 0x55, 0x02, 0x2E, 0x00, 0x76, 0x24, 0x66, 0x00, 0x2A, 0x59, 0x02, 0x2A, 0x00, 0x00,
    0x24, 0x00, 0x3A, 0x2A, 0x44, 0x02, 0x2A, 0x00, 0x3A, 0x25, 0x7F, 0x00, 0x2A, 0x64, 0x02, 0x2A,
    0x00, 0x00, 0x25, 0x00, 0x3A, 0x2A, 0x49, 0x02, 0x2A, 0x00, 0x3A, 0x2A, 0x59, 0x02, 0x2A, 0x00,
    0x3A, 0x2A, 0x44, 0x02, 0x2A, 0x00, 0x1C, 0x2A, 0x3F, 0x02, 0x2A, 0x00, 0x1C, 0x25, 0x7F, 0x00,
    0x2A, 0x64, 0x02, 0x2A, 0x00, 0x00, 0x25, 0x00, 0x3A, 0x2A, 0x49, 0x02, 0x2A, 0x00, 0x3A, 0x24,
    0x66, 0x00, 0x2A, 0x59, 0x02, 0x2A, 0x00, 0x00, 0x24, 0x00, 0x3A, 0x2A, 0x44, 0x02, 0x2A, 0x00,
    0x3A, 0x25, 0x7F, 0x00, 0x2A, 0x64, 0x02, 0x2A, 0x00, 0x00, 0x25, 0x00, 0x3A, 0x2A, 0x49, 0x02,
    0x2A, 0x00, 0x3A, 0x2A, 0x59, 0x02, 0x2A, 0x00, 0x3A, 0x2A, 0x44, 0x02, 0x2A, 0x00, 0x1C, 0x2A,
    0x3F, 0x02, 0x2A, 0x00, 0x1C, 0x25, 0x7F, 0x00, 0x2A, 0x64, 0x02, 0x2A, 0x00, 0x00, 0x25, 0x00,
    0x3A, 0x2A, 0x49, 0x02, 0x2A, 0x00, 0x3A, 0x24, 0x66, 0x00, 0x2A, 0x59, 0x02, 0x2A, 0x00, 0x00,
    0x24, 0x00, 0x3A, 0x2A, 0x44, 0x02, 0x2A, 0x00, 0x3A, 0x25, 0x7F, 0x00, 0x2A, 0x64, 0x02, 0x2A,
    0x00, 0x00, 0x25, 0x00, 0x3A, 0x2A, 0x49, 0x02, 0x2A, 0x00, 0x3A, 0x2A, 0x59, 0x02, 0x2A, 0x00,
    0x3A, 0x2A, 0x44, 0x02, 0x2A, 0x00, 0x1C, 0x2A, 0x3F, 0x02, 0x2A, 0x00, 0x1C, 0x25, 0x7F, 0x00,
    0x2A, 0x64, 0x02, 0x2A, 0x00, 0x00, 0x25, 0x00, 0x3A, 0x2A, 0x49, 0x02, 0x2A, 0x00, 0x3A, 0x24,
    0x66, 0x00, 0x31, 0x50, 0x02, 0x31, 0x00, 0x00, 0x24, 0x00, 0x82, 0x48, 0x2F, 0x6A, 0x02, 0x2F,
    0x00, 0x1C, 0x2D, 0x65, 0x02, 0x2D, 0x00, 0x76, 0x24, 0x66, 0x00, 0x2A, 0x59, 0x02, 0x2A, 0x00,
    0x00, 0x24, 0x00, 0x3A, 0x2A, 0x44, 0x02, 0x2A, 0x00, 0x3A, 0x25, 0x7F, 0x00, 0x2A, 0x64, 0x02,
    0x2A, 0x00, 0x00, 0x25, 0x00, 0x3A, 0x2A, 0x49, 0x02, 0x2A, 0x00, 0x3A, 0x2A, 0x59, 0x02, 0x2A,
    0x00, 0x3A, 0x2A, 0x44, 0x02, 0x2A, 0x00, 0x1C, 0x2A, 0x3F, 0x02, 0x2A, 0x00, 0x1C, 0x25, 0x7F,
    0x00, 0x2A, 0x64, 0x02, 0x2A, 0x00, 0x00, 0x25, 0x00, 0x3A, 0x2A, 0x49, 0x02, 0x2A, 0x00, 0x3A,
    0x24, 0x66, 0x00, 0x2A, 0x59, 0x02, 0x2A, 0x00, 0x00, 0x24, 0x00, 0x3A, 0x2A, 0x44, 0x02, 0x2A,
    0x00, 0x3A, 0x25, 0x7F, 0x00, 0x2A, 0x64, 0x02, 0x2A, 0x00, 0x00, 0x25, 0x00, 0x3A, 0x2A, 0x49,
    0x02, 0x2A, 0x00, 0x3A, 0x2A, 0x59, 0x02, 0x2A, 0x00, 0x3A, 0x2A, 0x44, 0x02, 0x2A, 0x00, 0x1C,
    0x2A, 0x3F, 0x02, 0x2A, 0x00, 0x1C, 0x25, 0x7F, 0x00, 0x2A, 0x64, 0x02, 0x2A, 0x00, 0x00, 0x25,
    0x00, 0x3A, 0x2A, 0x49, 0x02, 0x2A, 0x00, 0x3A, 0x24, 0x66, 0x00, 0x2A, 0x59, 0x02, 0x2A, 0x00,
    0x00, 0x24, 0x00, 0x3A, 0x2A, 0x44, 0x02, 0x2A, 0x00, 0x3A, 0x25, 0x7F, 0x00, 0x2A, 0x64, 0x02,
    0x2A, 0x00, 0x00, 0x25, 0x00, 0x3A, 0x2A, 0x49, 0x02, 0x2A, 0x00, 0x3A, 0x2A, 0x59, 0x02, 0x2A,
    0x00, 0x3A, 0x2A, 0x44, 0x02, 0x2A, 0x00, 0x1C, 0x2A, 0x3F, 0x02, 0x2A, 0x00, 0x1C, 0x25, 0x7F,
    0x00, 0x2A, 0x64, 0x02, 0x2A, 0x00, 0x00, 0x25, 0x00, 0x3A, 0x2A, 0x49, 0x02, 0x2A, 0x00, 0x3A,
    0x24, 0x66, 0x00, 0x2A, 0x59, 0x02, 0x2A, 0x00, 0x00, 0x24, 0x00, 0x3A, 0x2A, 0x44, 0x02, 0x2A,
    0x00, 0x3A, 0x25, 0x7F, 0x00, 0x2A, 0x64, 0x02, 0x2A, 0x00, 0x00, 0x25, 0x00, 0x3A, 0x2A, 0x49,
    0x02, 0x2A, 0x00, 0x3A, 0x2E, 0x55, 0x00, 0x30, 0x6B, 0x02, 0x30, 0x00, 0x00, 0x2E, 0x00, 0x58,
    0x2F, 0x68, 0x02, 0x2F, 0x00, 0x1C, 0x2F, 0x63, 0x02, 0x2F, 0x00, 0x3A, 0x2D, 0x69, 0x02, 0x2D,
    0x00, 0x1C, 0x2B, 0x64, 0x02, 0x2B, 0x00, 0x1C, 0x24, 0x66, 0x00, 0x31, 0x50, 0x02, 0x31, 0x00,
    0x00, 0x24, 0x00, 0x3A, 0x33, 0x50, 0x02, 0x33, 0x00, 0x3A, 0x25, 0x7F, 0x00, 0x33, 0x64, 0x02,
    0x33, 0x00, 0x00, 0x25, 0x00, 0x3A, 0x24, 0x61, 0x00, 0x33, 0x50, 0x02, 0x33, 0x00, 0x00, 0x24,
    0x00, 0x3A, 0x24, 0x66, 0x00, 0x33, 0x64, 0x02, 0x33, 0x00, 0x00, 0x24, 0x00, 0x3A, 0x33, 0x50,
    0x02, 0x33, 0x00, 0x3A, 0x25, 0x7F, 0x00, 0x33, 0x64, 0x02, 0x33, 0x00, 0x00, 0x25, 0x00, 0x3A,
    0x33, 0x50, 0x02, 0x33, 0x00, 0x3A, 0x24, 0x66, 0x00, 0x33, 0x64, 0x02, 0x33, 0x00, 0x00, 0x24,
    0x00, 0x3A, 0x33, 0x50, 0x02, 0x33, 0x00, 0x3A, 0x25, 0x7F, 0x00, 0x33, 0x64, 0x02, 0x33, 0x00,
    0x00, 0x25, 0x00, 0x3A, 0x24, 0x61, 0x00, 0x33, 0x50, 0x02, 0x33, 0x00, 0x00, 0x24, 0x00, 0x3A,
    0x24, 0x66, 0x00, 0x33, 0x64, 0x02, 0x33, 0x00, 0x00, 0x24, 0x00, 0x3A, 0x33, 0x50, 0x02, 0x33,
    0x00, 0x3A, 0x25, 0x7F, 0x00, 0x33, 0x64, 0x02, 0x33, 0x00, 0x00, 0x25, 0x00, 0x3A, 0x33, 0x50,
    0x02, 0x33, 0x00, 0x3A, 0x24, 0x66, 0x00, 0x33, 0x64, 0x02, 0x33, 0x00, 0x00, 0x24, 0x00, 0x3A,
    0x33, 0x50, 0x02, 0x33, 0x00, 0x3A, 0x25, 0x7F, 0x00, 0x33, 0x64, 0x02, 0x33, 0x00, 0x00, 0x25,
    0x00, 0x3A, 0x24, 0x61, 0x00, 0x33, 0x50, 0x02, 0x33, 0x00, 0x00, 0x24, 0x00, 0x3A, 0x24, 0x66,
    0x00, 0x33, 0x64, 0x02, 0x33, 0x00, 0x00, 0x24, 0x00, 0x3A, 0x33, 0x50, 0x02, 0x33, 0x00, 0x3A,
    0x25, 0x7F, 0x00, 0x33, 0x64, 0x02, 0x33, 0x00, 0x00, 0x25, 0x00, 0x3A, 0x33, 0x50, 0x02, 0x33,
    0x00, 0x3A, 0x24, 0x66, 0x00, 0x33, 0x64, 0x02, 0x33, 0x00, 0x00, 0x24, 0x00, 0x3A, 0x33, 0x50,
    0x02, 0x33, 0x00, 0x3A, 0x25, 0x7F, 0x00, 0x33, 0x64, 0x02, 0x33, 0x00, 0x00, 0x25, 0x00, 0x3A,
    0x24, 0x61, 0x00, 0x33, 0x50, 0x02, 0x33, 0x00, 0x00, 0x24, 0x00, 0x3A, 0x24, 0x66, 0x00, 0x33,
    0x64, 0x02, 0x33, 0x00, 0x00, 0x24, 0x00, 0x3A, 0x33, 0x50, 0x02, 0x33, 0x00, 0x3A, 0x25, 0x7F,
    0x00, 0x33, 0x64, 0x02, 0x33, 0x00, 0x00, 0x25, 0x00, 0x3A, 0x33, 0x50, 0x02, 0x33, 0x00, 0x3A,
    0x24, 0x66, 0x00, 0x33, 0x64, 0x02, 0x33, 0x00, 0x00, 0x24, 0x00, 0x3A, 0x33, 0x50, 0x02, 0x33,
    0x00, 0x3A, 0x25, 0x7F, 0x00, 0x33, 0x64, 0x02, 0x33, 0x00, 0x00, 0x25, 0x00, 0x3A, 0x24, 0x61,
    0x00, 0x33, 0x50, 0x02, 0x33, 0x00, 0x00, 0x24, 0x00, 0x3A, 0x24, 0x66, 0x00, 0x33, 0x64, 0x02,
    0x33, 0x00, 0x00, 0x24, 0x00, 0x3A, 0x33, 0x50, 0x02, 0x33, 0x00, 0x3A, 0x25, 0x7F, 0x00, 0x33,
    0x64, 0x02, 0x33, 0x00, 0x00, 0x25, 0x00, 0x3A, 0x33, 0x50, 0x02, 0x33, 0x00, 0x3A, 0x24, 0x66,
    0x00, 0x33, 0x64, 0x02, 0x33, 0x00, 0x00, 0x24, 0x00, 0x3A, 0x33, 0x50, 0x02, 0x33, 0x00, 0x3A,
    0x25, 0x7F, 0x00, 0x33, 0x64, 0x02, 0x33, 0x00, 0x00, 0x25, 0x00, 0x3A, 0x24, 0x61, 0x00, 0x33,
    0x50, 0x02, 0x33, 0x00, 0x00, 0x24, 0x00, 0x3A, 0x24, 0x66, 0x00, 0x33, 0x64, 0x02, 0x33, 0x00,
    0x00, 0x24, 0x00, 0x3A, 0x33, 0x50, 0x02, 0x33, 0x00, 0x3A, 0x25, 0x7F, 0x00, 0x33, 0x64, 0x02,
    0x33, 0x00, 0x00, 0x25, 0x00, 0x3A, 0x24, 0x61, 0x00, 0x33, 0x50, 0x02, 0x33, 0x00, 0x00, 0x24,
    0x00, 0x3A, 0x24, 0x66, 0x00, 0x31, 0x50, 0x02, 0x31, 0x00, 0x00, 0x24, 0x00, 0x58, 0x2F, 0x6A,
    0x02, 0x2F, 0x00, 0x58, 0x2D, 0x68, 0x02, 0x2D, 0x00, 0x3A, 0x24, 0x66, 0x00, 0x39, 0x55, 0x02,
    0x39, 0x00, 0x00, 0x24, 0x00, 0x58, 0x2D, 0x6A, 0x02, 0x2D, 0x00, 0x58, 0x2B, 0x65, 0x02, 0x2B,
    0x00, 0x3A, 0x24, 0x66, 0x00, 0x39, 0x55, 0x02, 0x39, 0x00, 0x00, 0x24, 0x00, 0x76, 0x33, 0x64,
    0x02, 0x33, 0x00, 0x76, 0x33, 0x64, 0x02, 0x33, 0x00, 0x3A, 0x26, 0x7F, 0x02, 0x26, 0x00, 0x06,
    0x26, 0x7B, 0x02, 0x26, 0x00, 0x32, 0x26, 0x7F, 0x02, 0x26, 0x00, 0x06, 0x26, 0x79, 0x02, 0x26,
    0x00, 0x32, 0x26, 0x7F, 0x02, 0x26, 0x00, 0x1C, 0x26, 0x7F, 0x02, 0x26, 0x00, 0x1C, 0x24, 0x66,
    0x00, 0x31, 0x50, 0x02, 0x31, 0x00, 0x00, 0x24, 0x00, 0x3A, 0x24, 0x61, 0x00, 0x2E, 0x45, 0x02,
    0x2E, 0x00, 0x00, 0x24, 0x00, 0x1C, 0x24, 0x5C, 0x02, 0x24, 0x00, 0x1C, 0x26, 0x7C, 0x00, 0x2E,
    0x55, 0x02, 0x2E, 0x00, 0x00, 0x26, 0x00, 0x3A, 0x24, 0x61, 0x00, 0x2E, 0x49, 0x02, 0x2E, 0x00,
    0x00, 0x24, 0x00, 0x3A, 0x24, 0x66, 0x00, 0x2E, 0x51, 0x02, 0x2E, 0x00, 0x00, 0x24, 0x00, 0x3A,
    0x24, 0x61, 0x00, 0x2E, 0x48, 0x02, 0x2E, 0x00, 0x00, 0x24, 0x00, 0x3A, 0x26, 0x7F, 0x00, 0x2E,
    0x58, 0x02, 0x2E, 0x00, 0x00, 0x26, 0x00, 0x3A, 0x24, 0x61, 0x00, 0x2E, 0x46, 0x02, 0x2E, 0x00,
    0x00, 0x24, 0x00, 0x3A, 0x24, 0x66, 0x00, 0x2E, 0x59, 0x02, 0x2E, 0x00, 0x00, 0x24, 0x00, 0x3A,
    0x24, 0x61, 0x00, 0x2E, 0x49, 0x02, 0x2E, 0x00, 0x00, 0x24, 0x00, 0x1C, 0x24, 0x5C, 0x02, 0x24,
    0x00, 0x1C, 0x26, 0x7C, 0x00, 0x2E, 0x54, 0x02, 0x2E, 0x00, 0x00, 0x26, 0x00, 0x3A, 0x24, 0x61,
    0x00, 0x2E, 0x46, 0x02, 0x2E, 0x00, 0x00, 0x24, 0x00, 0x3A, 0x24, 0x66, 0x00, 0x2E, 0x54, 0x02,
    0x2E, 0x00, 0x00, 0x24, 0x00, 0x3A, 0x24, 0x61, 0x00, 0x2E, 0x47, 0x02, 0x2E, 0x00, 0x00, 0x24,
    0x00, 0x3A, 0x26, 0x7F, 0x00, 0x2E, 0x52, 0x02, 0x2E, 0x00, 0x00, 0x26, 0x00, 0x3A, 0x24, 0x61,
    0x00, 0x2E, 0x47, 0x02, 0x2E, 0x00, 0x00, 0x24, 0x00, 0x3A, 0x24, 0x66, 0x00, 0x39, 0x55, 0x02,
    0x39, 0x00, 0x00, 0x24, 0x00, 0x3A, 0x24, 0x61, 0x00, 0x2E, 0x45, 0x02, 0x2E, 0x00, 0x00, 0x24,
    0x00, 0x1C, 0x24, 0x5C, 0x02, 0x24, 0x00, 0x1C, 0x26, 0x7C, 0x00, 0x2E, 0x55, 0x02, 0x2E, 0x00,
    0x00, 0x26, 0x00, 0x3A, 0x24, 0x61, 0x00, 0x2E, 0x49, 0x02, 0x2E, 0x00, 0x00, 0x24, 0x00, 0x3A,
    0x24, 0x66, 0x00, 0x2E, 0x51, 0x02, 0x2E, 0x00, 0x00, 0x24, 0x00, 0x3A, 0x24, 0x61, 0x00, 0x2E,
    0x48, 0x02, 0x2E, 0x00, 0x00, 0x24, 0x00, 0x3A, 0x26, 0x7F, 0x00, 0x2E, 0x58, 0x02, 0x2E, 0x00,
    0x00, 0x26, 0x00, 0x3A, 0x24, 0x61, 0x00, 0x2E, 0x46, 0x02, 0x2E, 0x00, 0x00, 0x24, 0x00, 0x3A,
    0x24, 0x66, 0x00, 0x31, 0x50, 0x02, 0x31, 0x00, 0x00, 0x24, 0x00, 0x3A, 0x24, 0x61, 0x00, 0x2E,
    0x49, 0x02, 0x2E, 0x00, 0x00, 0x24, 0x00, 0x1C, 0x24, 0x5C, 0x02, 0x24, 0x00, 0x1C, 0x26, 0x7C,
    0x00, 0x2E, 0x54, 0x02, 0x2E, 0x00, 0x00, 0x26, 0x00, 0x3A, 0x24, 0x61, 0x00, 0x2E, 0x46, 0x02,
    0x2E, 0x00, 0x00, 0x24, 0x00, 0x3A, 0x24, 0x66, 0x00, 0x2E, 0x54, 0x02, 0x2E, 0x00, 0x00, 0x24,
    0x00, 0x1C, 0x26, 0x7C, 0x02, 0x26, 0x00, 0x06, 0x26, 0x7D, 0x02, 0x26, 0x00, 0x14, 0x24, 0x61,
    0x00, 0x2E, 0x47, 0x02, 0x2E, 0x00, 0x00, 0x24, 0x00, 0x3A, 0x26, 0x7F, 0x00, 0x2E, 0x52, 0x02,
    0x2E, 0x00, 0x00, 0x26, 0x00, 0x3A, 0x26, 0x7C, 0x00, 0x2E, 0x47, 0x02, 0x2E, 0x00, 0x00, 0x26,
    0x00, 0x1C, 0x26, 0x7F, 0x02, 0x26, 0x00, 0x1C, 0x24, 0x66, 0x00, 0x39, 0x55, 0x02, 0x39, 0x00,
    0x00, 0x24, 0x00, 0x3A, 0x24, 0x61, 0x00, 0x2E, 0x45, 0x02, 0x2E, 0x00, 0x00, 0x24, 0x00, 0x1C,
    0x24, 0x5C, 0x02, 0x24, 0x00, 0x1C, 0x26, 0x7C, 0x00, 0x2E, 0x55, 0x02, 0x2E, 0x00, 0x00, 0x26,
    0x00, 0x3A, 0x24, 0x61, 0x00, 0x2E, 0x49, 0x02, 0x2E, 0x00, 0x00, 0x24, 0x00, 0x3A, 0x24, 0x66,
    0x00, 0x2E, 0x51, 0x02, 0x2E, 0x00, 0x00, 0x24, 0x00, 0x3A, 0x24, 0x61, 0x00, 0x2E, 0x48, 0x02,
    0x2E, 0x00, 0x00, 0x24, 0x00, 0x3A, 0x26, 0x7F, 0x00, 0x2E, 0x58, 0x02, 0x2E, 0x00, 0x00, 0x26,
    0x00, 0x3A, 0x24, 0x61, 0x00, 0x2E, 0x46, 0x02, 0x2E, 0x00, 0x00, 0x24, 0x00, 0x3A, 0x24, 0x66,
    0x00, 0x2E, 0x59, 0x02, 0x2E, 0x00, 0x00, 0x24, 0x00, 0x3A, 0x24, 0x61, 0x00, 0x2E, 0x49, 0x02,
    0x2E, 0x00, 0x00, 0x24, 0x00, 0x1C, 0x24, 0x5C, 0x02, 0x24, 0x00, 0x1C, 0x26, 0x7C, 0x00, 0x2E,
    0x54, 0x02, 0x2E, 0x00, 0x00, 0x26, 0x00, 0x3A, 0x24, 0x61, 0x00, 0x2E, 0x46, 0x02, 0x2E, 0x00,
    0x00, 0x24, 0x00, 0x3A, 0x24, 0x66, 0x00, 0x2E, 0x54, 0x02, 0x2E, 0x00, 0x00, 0x24, 0x00, 0x3A,
    0x24, 0x61, 0x00, 0x2E, 0x47, 0x02, 0x2E, 0x00, 0x00, 0x24, 0x00, 0x3A, 0x26, 0x7F, 0x00, 0x2E,
    0x52, 0x02, 0x2E, 0x00, 0x00, 0x26, 0x00, 0x3A, 0x24, 0x61, 0x00, 0x2E, 0x47, 0x02, 0x2E, 0x00,
    0x00, 0x24, 0x00, 0x3A, 0x24, 0x66, 0x00, 0x31, 0x50, 0x02, 0x31, 0x00, 0x00, 0x24, 0x00, 0x3A,
    0x24, 0x61, 0x00, 0x2E, 0x45, 0x02, 0x2E, 0x00, 0x00, 0x24, 0x00, 0x1C, 0x24, 0x5C, 0x02, 0x24,
    0x00, 0x1C, 0x26, 0x7C, 0x00, 0x2E, 0x55, 0x02, 0x2E, 0x00, 0x00, 0x26, 0x00, 0x3A, 0x24, 0x61,
    0x00, 0x2E, 0x49, 0x02, 0x2E, 0x00, 0x00, 0x24, 0x00, 0x3A, 0x24, 0x66, 0x00, 0x2E, 0x51, 0x02,
    0x2E, 0x00, 0x00, 0x24, 0x00, 0x3A, 0x24, 0x61, 0x00, 0x2E, 0x48, 0x02, 0x2E, 0x00, 0x00, 0x24,
    0x00, 0x3A, 0x26, 0x7F, 0x00, 0x2E, 0x58, 0x02, 0x2E, 0x00, 0x00, 0x26, 0x00, 0x3A, 0x24, 0x61,
    0x00, 0x2E, 0x46, 0x02, 0x2E, 0x00, 0x00, 0x24, 0x00, 0x1C, 0x26, 0x7F, 0x02, 0x26, 0x00, 0x1C,
    0x24, 0x66, 0x00, 0x2E, 0x59, 0x02, 0x2E, 0x00, 0x00, 0x24, 0x00, 0x3A, 0x24, 0x61, 0x00, 0x2E,
    0x49, 0x02, 0x2E, 0x00, 0x00, 0x24, 0x00, 0x1C, 0x24, 0x5C, 0x02, 0x24, 0x00, 0x1C, 0x26, 0x7C,
    0x00, 0x2E, 0x54, 0x02, 0x2E, 0x00, 0x00, 0x26, 0x00, 0x3A, 0x24, 0x61, 0x00, 0x2E, 0x46, 0x02,
    0x2E, 0x00, 0x00, 0x24, 0x00, 0x3A, 0x24, 0x66, 0x00, 0x2E, 0x54, 0x02, 0x2E, 0x00, 0x00, 0x24,
    0x00, 0x1C, 0x26, 0x7F, 0x02, 0x26, 0x00, 0x06, 0x26, 0x7D, 0x02, 0x26, 0x00, 0x14, 0x24, 0x61,
    0x00, 0x2E, 0x47, 0x02, 0x2E, 0x00, 0x00, 0x24, 0x00, 0x3A, 0x26, 0x7F, 0x00, 0x2E, 0x52, 0x02,
    0x2E, 0x00, 0x00, 0x26, 0x00, 0x3A, 0x2D, 0x6A, 0x00, 0x2E, 0x47, 0x02, 0x2E, 0x00, 0x00, 0x2D,
    0x00, 0x3A, 0x24, 0x66, 0x00, 0x39, 0x55, 0x02, 0x39, 0x00, 0x00, 0x24, 0x00, 0x3A, 0x24, 0x61,
    0x00, 0x2E, 0x45, 0x02, 0x2E, 0x00, 0x00, 0x24, 0x00, 0x1C, 0x24, 0x5C, 0x02, 0x24, 0x00, 0x1C,
    0x26, 0x7C, 0x00, 0x2E, 0x55, 0x02, 0x2E, 0x00, 0x00, 0x26, 0x00, 0x3A, 0x24, 0x61, 0x00, 0x2E,
    0x49, 0x02, 0x2E, 0x00, 0x00, 0x24, 0x00, 0x3A, 0x24, 0x66, 0x00, 0x2E, 0x51, 0x02, 0x2E, 0x00,
    0x00, 0x24, 0x00, 0x3A, 0x24, 0x61, 0x00, 0x2E, 0x48, 0x02, 0x2E, 0x00, 0x00, 0x24, 0x00, 0x3A,
    0x26, 0x7F, 0x00, 0x2E, 0x58, 0x02, 0x2E, 0x00, 0x00, 0x26, 0x00, 0x3A, 0x24, 0x61, 0x00, 0x2E,
    0x46, 0x02, 0x2E, 0x00, 0x00, 0x24, 0x00, 0x3A, 0x24, 0x66, 0x00, 0x2E, 0x59, 0x02, 0x2E, 0x00,
    0x00, 0x24, 0x00, 0x3A, 0x24, 0x61, 0x00, 0x2E, 0x49, 0x02, 0x2E, 0x00, 0x00, 0x24, 0x00, 0x1C,
    0x24, 0x5C, 0x02, 0x24, 0x00, 0x1C, 0x26, 0x7C, 0x00, 0x2E, 0x54, 0x02, 0x2E, 0x00, 0x00, 0x26,
    0x00, 0x3A, 0x24, 0x61, 0x00, 0x2E, 0x46, 0x02, 0x2E, 0x00, 0x00, 0x24, 0x00, 0x3A, 0x24, 0x66,
    0x00, 0x2E, 0x54, 0x02, 0x2E, 0x00, 0x00, 0x24, 0x00, 0x1C, 0x26, 0x7D, 0x02, 0x26, 0x00, 0x06,
    0x26, 0x7D, 0x02, 0x26, 0x00, 0x14, 0x24, 0x61, 0x00, 0x2E, 0x47, 0x02, 0x2E, 0x00, 0x00, 0x24,
    0x00, 0x3A, 0x26, 0x7F, 0x00, 0x2E, 0x52, 0x02, 0x2E, 0x00, 0x00, 0x26, 0x00, 0x3A, 0x26, 0x7F,
    0x00, 0x2E, 0x47, 0x02, 0x2E, 0x00, 0x00, 0x26, 0x00, 0x3A, 0x24, 0x66, 0x00, 0x31, 0x50, 0x02,
    0x31, 0x00, 0x00, 0x24, 0x00, 0x76, 0x26, 0x7F, 0x00, 0x2E, 0x55, 0x02, 0x2E, 0x00, 0x00, 0x26,
    0x00, 0x76, 0x24, 0x66, 0x00, 0x39, 0x55, 0x02, 0x39, 0x00, 0x00, 0x24, 0x00, 0x3A, 0x30, 0x6B,
    0x02, 0x30, 0x00, 0x3A, 0x2F, 0x66, 0x02, 0x2F, 0x00, 0x1C, 0x2D, 0x60, 0x02, 0x2D, 0x00, 0x1C,
    0x2B, 0x65, 0x02, 0x2B, 0x00, 0x3A, 0x24, 0x66, 0x00, 0x39, 0x55, 0x02, 0x39, 0x00, 0x00, 0x24,
    0x00, 0x76, 0x35, 0x4E, 0x02, 0x35, 0x00, 0x76, 0x35, 0x4F, 0x02, 0x35, 0x00, 0x58, 0x37, 0x62,
    0x02, 0x37, 0x00, 0x1C, 0x34, 0x58, 0x02, 0x34, 0x00, 0x76, 0x24, 0x66, 0x00, 0x31, 0x50, 0x02,
    0x31, 0x00, 0x00, 0x24, 0x00, 0x81, 0x6E, 0x24, 0x66, 0x00, 0x39, 0x55, 0x02, 0x39, 0x00, 0x00,
    0x24, 0x00, 0x81, 0x6E, 0x24, 0x66, 0x00, 0x31, 0x50, 0x02, 0x31, 0x00, 0x00, 0x24, 0x00, 0x3A,
    0x33, 0x50, 0x02, 0x33, 0x00, 0x3A, 0x26, 0x7F, 0x00, 0x33, 0x64, 0x02, 0x33, 0x00, 0x00, 0x26,
    0x00, 0x3A, 0x24, 0x61, 0x00, 0x33, 0x50, 0x02, 0x33, 0x00, 0x00, 0x24, 0x00, 0x3A, 0x24, 0x66,
    0x00, 0x33, 0x64, 0x02, 0x33, 0x00, 0x00, 0x24, 0x00, 0x3A, 0x33, 0x50, 0x02, 0x33, 0x00, 0x3A,
    0x26, 0x7E, 0x00, 0x33, 0x64, 0x02, 0x33, 0x00, 0x00, 0x26, 0x00, 0x3A, 0x24, 0x61, 0x00, 0x33,
    0x50, 0x02, 0x33, 0x00, 0x00, 0x24, 0x00, 0x3A, 0x24, 0x66, 0x00, 0x39, 0x55, 0x02, 0x39, 0x00,
    0x00, 0x24, 0x00, 0x83, 0x5E, 0x24, 0x66, 0x00, 0x31, 0x50, 0x02, 0x31, 0x00, 0x00, 0x24, 0x00,
    0x3A, 0x33, 0x50, 0x02, 0x33, 0x00, 0x3A, 0x26, 0x7C, 0x00, 0x33, 0x64, 0x02, 0x33, 0x00, 0x00,
    0x26, 0x00, 0x3A, 0x24, 0x61, 0x00, 0x33, 0x50, 0x02, 0x33, 0x00, 0x00, 0x24, 0x00, 0x3A, 0x24,
    0x66, 0x00, 0x33, 0x64, 0x02, 0x33, 0x00, 0x00, 0x24, 0x00, 0x3A, 0x33, 0x50, 0x02, 0x33, 0x00,
    0x3A, 0x26, 0x79, 0x00, 0x33, 0x64, 0x02, 0x33, 0x00, 0x00, 0x26, 0x00, 0x3A, 0x33, 0x50, 0x02,
    0x33, 0x00, 0x3A, 0x24, 0x66, 0x00, 0x33, 0x64, 0x02, 0x33, 0x00, 0x00, 0x24, 0x00, 0x3A, 0x33,
    0x50, 0x02, 0x33, 0x00, 0x3A, 0x26, 0x7A, 0x00, 0x33, 0x64, 0x02, 0x33, 0x00, 0x00, 0x26, 0x00,
    0x3A, 0x24, 0x61, 0x00, 0x33, 0x50, 0x02, 0x33, 0x00, 0x00, 0x24, 0x00, 0x3A, 0x24, 0x66, 0x00,
    0x33, 0x64, 0x02, 0x33, 0x00, 0x00, 0x24, 0x00, 0x3A, 0x33, 0x50, 0x02, 0x33, 0x00, 0x3A, 0x26,
    0x7E, 0x00, 0x33, 0x64, 0x02, 0x33, 0x00, 0x00, 0x26, 0x00, 0x3A, 0x33, 0x50, 0x02, 0x33, 0x00,
    0x3A, 0x24, 0x66, 0x00, 0x39, 0x55, 0x02, 0x39, 0x00, 0x00, 0x24, 0x00, 0x3A, 0x33, 0x50, 0x02,
    0x33, 0x00, 0x3A, 0x26, 0x7A, 0x00, 0x33, 0x64, 0x02, 0x33, 0x00, 0x00, 0x26, 0x00, 0x3A, 0x24,
    0x61, 0x00, 0x33, 0x50, 0x02, 0x33, 0x00, 0x00, 0x24, 0x00, 0x3A, 0x24, 0x66, 0x00, 0x33, 0x64,
    0x02, 0x33, 0x00, 0x00, 0x24, 0x00, 0x3A, 0x33, 0x50, 0x02, 0x33, 0x00, 0x3A, 0x26, 0x7E, 0x00,
    0x33, 0x64, 0x02, 0x33, 0x00, 0x00, 0x26, 0x00, 0x3A, 0x33, 0x50, 0x02, 0x33, 0x00, 0x3A, 0x24,
    0x66, 0x00, 0x33, 0x64, 0x02, 0x33, 0x00, 0x00, 0x24, 0x00, 0x3A, 0x33, 0x50, 0x02, 0x33, 0x00,
    0x3A, 0x26, 0x7A, 0x00, 0x33, 0x64, 0x02, 0x33, 0x00, 0x00, 0x26, 0x00, 0x3A, 0x24, 0x61, 0x00,
    0x33, 0x50, 0x02, 0x33, 0x00, 0x00, 0x24, 0x00, 0x3A, 0x24, 0x66, 0x00, 0x33, 0x64, 0x02, 0x33,
    0x00, 0x00, 0x24, 0x00, 0x3A, 0x33, 0x50, 0x02, 0x33, 0x00, 0x3A, 0x26, 0x7E, 0x00, 0x33, 0x64,
    0x02, 0x33, 0x00, 0x00, 0x26, 0x00, 0x3A, 0x33, 0x50, 0x02, 0x33, 0x00, 0x3A, 0x24, 0x66, 0x00,
    0x31, 0x50, 0x02, 0x31, 0x00, 0x00, 0x24, 0x00, 0x3A, 0x33, 0x50, 0x02, 0x33, 0x00, 0x3A, 0x26,
    0x7A, 0x00, 0x33, 0x64, 0x02, 0x33, 0x00, 0x00, 0x26, 0x00, 0x3A, 0x24, 0x61, 0x00, 0x33, 0x50,
    0x02, 0x33, 0x00, 0x00, 0x24, 0x00, 0x3A, 0x24, 0x66, 0x00, 0x33, 0x64, 0x02, 0x33, 0x00, 0x00,
    0x24, 0x00, 0x3A, 0x33, 0x50, 0x02, 0x33, 0x00, 0x3A, 0x26, 0x7E, 0x00, 0x33, 0x64, 0x02, 0x33,
    0x00, 0x00, 0x26, 0x00, 0x3A, 0x33, 0x50, 0x02, 0x33, 0x00, 0x3A, 0x24, 0x66, 0x00, 0x33, 0x64,
    0x02, 0x33, 0x00, 0x00, 0x24, 0x00, 0x3A, 0x33, 0x50, 0x02, 0x33, 0x00, 0x3A, 0x26, 0x7A, 0x00,
    0x33, 0x64, 0x02, 0x33, 0x00, 0x00, 0x26, 0x00, 0x3A, 0x24, 0x61, 0x00, 0x33, 0x50, 0x02, 0x33,
    0x00, 0x00, 0x24, 0x00, 0x3A, 0x24, 0x66, 0x00, 0x33, 0x64, 0x02, 0x33, 0x00, 0x00, 0x24, 0x00,
    0x3A, 0x33, 0x50, 0x02, 0x33, 0x00, 0x3A, 0x26, 0x7E, 0x00, 0x33, 0x64, 0x02, 0x33, 0x00, 0x00,
    0x26, 0x00, 0x3A, 0x24, 0x61, 0x00, 0x33, 0x50, 0x02, 0x33, 0x00, 0x00, 0x24, 0x00, 0x3A, 0x24,
    0x66, 0x00, 0x31, 0x50, 0x02, 0x31, 0x00, 0x00, 0x24, 0x00, 0x58, 0x2F, 0x6C, 0x02, 0x2F, 0x00,
    0x58, 0x2D, 0x68, 0x02, 0x2D, 0x00, 0x3A, 0x24, 0x66, 0x00, 0x39, 0x55, 0x02, 0x39, 0x00, 0x00,
    0x24, 0x00, 0x58, 0x2D, 0x67, 0x02, 0x2D, 0x00, 0x58, 0x2B, 0x66, 0x02, 0x2B, 0x00, 0x3A, 0x24,
    0x66, 0x00, 0x31, 0x50, 0x02, 0x31, 0x00, 0x00, 0x24, 0x00, 0x76, 0x33, 0x64, 0x02, 0x33, 0x00,
    0x76, 0x33, 0x64, 0x02, 0x33, 0x00, 0x76, 0x2E, 0x55, 0x02, 0x2E, 0x00, 0x76, 0x24, 0x66, 0x00,
    0x31, 0x50, 0x02, 0x31, 0x00, 0x00, 0x24, 0x00, 0x3A, 0x2A, 0x44, 0x02, 0x2A, 0x00, 0x3A, 0x26,
    0x7F, 0x00, 0x2A, 0x64, 0x02, 0x2A, 0x00, 0x00, 0x26, 0x00, 0x3A, 0x2A, 0x49, 0x02, 0x2A, 0x00,
    0x1C, 0x24, 0x5C, 0x02, 0x24, 0x00, 0x1C, 0x2A, 0x59, 0x02, 0x2A, 0x00, 0x3A, 0x24, 0x61, 0x00,
    0x2A, 0x44, 0x02, 0x2A, 0x00, 0x00, 0x24, 0x00, 0x3A, 0x26, 0x7F, 0x00, 0x2A, 0x64, 0x02, 0x2A,
    0x00, 0x00, 0x26, 0x00, 0x3A, 0x2A, 0x49, 0x02, 0x2A, 0x00, 0x3A, 0x24, 0x66, 0x00, 0x2A, 0x59,
    0x02, 0x2A, 0x00, 0x00, 0x24, 0x00, 0x3A, 0x2A, 0x44, 0x02, 0x2A, 0x00, 0x3A, 0x26, 0x7F, 0x00,
    0x2A, 0x64, 0x02, 0x2A, 0x00, 0x00, 0x26, 0x00, 0x3A, 0x2A, 0x49, 0x02, 0x2A, 0x00, 0x1C, 0x24,
    0x5C, 0x02, 0x24, 0x00, 0x1C, 0x2A, 0x59, 0x02, 0x2A, 0x00, 0x3A, 0x24, 0x61, 0x00, 0x2A, 0x44,
    0x02, 0x2A, 0x00, 0x00, 0x24, 0x00, 0x3A, 0x26, 0x7F, 0x00, 0x2A, 0x64, 0x02, 0x2A, 0x00, 0x00,
    0x26, 0x00, 0x3A, 0x2A, 0x49, 0x02, 0x2A, 0x00, 0x3A, 0x24, 0x66, 0x00, 0x2A, 0x59, 0x02, 0x2A,
    0x00, 0x00, 0x24, 0x00, 0x3A, 0x2A, 0x44, 0x02, 0x2A, 0x00, 0x3A, 0x26, 0x7F, 0x00, 0x2A, 0x64,
    0x02, 0x2A, 0x00, 0x00, 0x26, 0x00, 0x3A, 0x2A, 0x49, 0x02, 0x2A, 0x00, 0x1C, 0x24, 0x5C, 0x02,
    0x24, 0x00, 0x1C, 0x2A, 0x59, 0x02, 0x2A, 0x00, 0x3A, 0x24, 0x61, 0x00, 0x2E, 0x55, 0x02, 0x2E,
    0x00, 0x00, 0x24, 0x00, 0x3A, 0x26, 0x7F, 0x00, 0x2A, 0x64, 0x02, 0x2A, 0x00, 0x00, 0x26, 0x00,
    0x3A, 0x2A, 0x49, 0x02, 0x2A, 0x00, 0x3A, 0x24, 0x66, 0x00, 0x2A, 0x59, 0x02, 0x2A, 0x00, 0x00,
    0x24, 0x00, 0x3A, 0x2A, 0x44, 0x02, 0x2A, 0x00, 0x3A, 0x26, 0x7F, 0x00, 0x2A, 0x64, 0x02, 0x2A,
    0x00, 0x00, 0x26, 0x00, 0x3A, 0x2A, 0x49, 0x02, 0x2A, 0x00, 0x3A, 0x24, 0x66, 0x00, 0x2E, 0x55,
    0x02, 0x2E, 0x00, 0x00, 0x24, 0x00, 0x1C, 0x26, 0x7F, 0x02, 0x26, 0x00, 0x3A, 0x26, 0x7F, 0x02,
    0x26, 0x00, 0x1C, 0x26, 0x7F, 0x02, 0x26, 0x00, 0x1C, 0x2D, 0x69, 0x02, 0x2D, 0x00, 0x1C, 0x2B,
    0x66, 0x02, 0x2B, 0x00, 0x3A, 0x24, 0x66, 0x00, 0x31, 0x50, 0x00, 0x36, 0x50, 0x02, 0x36, 0x00,
    0x00, 0x31, 0x00, 0x00, 0x24, 0x00, 0x1C, 0x36, 0x4D, 0x02, 0x36, 0x00, 0x1C, 0x35, 0x51, 0x00,
    0x36, 0x50, 0x02, 0x36, 0x00, 0x00, 0x35, 0x00, 0x1C, 0x36, 0x4F, 0x02, 0x36, 0x00, 0x1C, 0x26,
    0x7F, 0x00, 0x36, 0x4F, 0x02, 0x36, 0x00, 0x00, 0x26, 0x00, 0x1C, 0x36, 0x4F, 0x02, 0x36, 0x00,
    0x1C, 0x35, 0x4E, 0x00, 0x36, 0x4E, 0x02, 0x36, 0x00, 0x00, 0x35, 0x00, 0x1C, 0x24, 0x5C, 0x00,
    0x36, 0x4C, 0x02, 0x36, 0x00, 0x00, 0x24, 0x00, 0x1C, 0x36, 0x4C, 0x02, 0x36, 0x00, 0x1C, 0x36,
    0x49, 0x02, 0x36, 0x00, 0x1C, 0x24, 0x61, 0x00, 0x35, 0x51, 0x00, 0x36, 0x44, 0x02, 0x36, 0x00,
    0x00, 0x35, 0x00, 0x00, 0x24, 0x00, 0x1C, 0x36, 0x36, 0x02, 0x36, 0x00, 0x1C, 0x26, 0x7F, 0x00,
    0x36, 0x4B, 0x02, 0x36, 0x00, 0x00, 0x26, 0x00, 0x1C, 0x36, 0x4D, 0x02, 0x36, 0x00, 0x1C, 0x35,
    0x51, 0x00, 0x36, 0x49, 0x02, 0x36, 0x00, 0x00, 0x35, 0x00, 0x1C, 0x36, 0x4E, 0x02, 0x36, 0x00,
    0x1C, 0x24, 0x66, 0x00, 0x36, 0x50, 0x02, 0x36, 0x00, 0x00, 0x24, 0x00, 0x1C, 0x36, 0x4D, 0x02,
    0x36, 0x00, 0x1C, 0x35, 0x4F, 0x00, 0x36, 0x50, 0x02, 0x36, 0x00, 0x00, 0x35, 0x00, 0x1C, 0x36,
    0x4F, 0x02, 0x36, 0x00, 0x1C, 0x26, 0x7F, 0x00, 0x36, 0x4F, 0x02, 0x36, 0x00, 0x00, 0x26, 0x00,
    0x1C, 0x36, 0x4F, 0x02, 0x36, 0x00, 0x1C, 0x35, 0x50, 0x00, 0x36, 0x4E, 0x02, 0x36, 0x00, 0x00,
    0x35, 0x00, 0x1C, 0x24, 0x5C, 0x00, 0x36, 0x4C, 0x02, 0x36, 0x00, 0x00, 0x24, 0x00, 0x1C, 0x36,
    0x4C, 0x02, 0x36, 0x00, 0x1C, 0x36, 0x49, 0x02, 0x36, 0x00, 0x1C, 0x24, 0x61, 0x00, 0x35, 0x51,
    0x00, 0x36, 0x44, 0x02, 0x36, 0x00, 0x00, 0x35, 0x00, 0x00, 0x24, 0x00, 0x1C, 0x36, 0x36, 0x02,
    0x36, 0x00, 0x1C, 0x26, 0x7F, 0x00, 0x36, 0x4B, 0x02, 0x36, 0x00, 0x00, 0x26, 0x00, 0x1C, 0x36,
    0x4D, 0x02, 0x36, 0x00, 0x1C, 0x35, 0x50, 0x00, 0x36, 0x49, 0x02, 0x36, 0x00, 0x00, 0x35, 0x00,
    0x1C, 0x36, 0x4E, 0x02, 0x36, 0x00, 0x1C, 0x24, 0x66, 0x00, 0x36, 0x50, 0x02, 0x36, 0x00, 0x00,
    0x24, 0x00, 0x1C, 0x36, 0x4D, 0x02, 0x36, 0x00, 0x1C, 0x35, 0x50, 0x00, 0x36, 0x50, 0x02, 0x36,
    0x00, 0x00, 0x35, 0x00, 0x1C, 0x36, 0x4F, 0x02, 0x36, 0x00, 0x1C, 0x26, 0x7F, 0x00, 0x36, 0x4F,
    0x02, 0x36, 0x00, 0x00, 0x26, 0x00, 0x1C, 0x36, 0x4F, 0x02, 0x36, 0x00, 0x1C, 0x35, 0x4E, 0x00,
    0x36, 0x4E, 0x02, 0x36, 0x00, 0x00, 0x35, 0x00, 0x1C, 0x24, 0x5C, 0x00, 0x36, 0x4C, 0x02, 0x36,
    0x00, 0x00, 0x24, 0x00, 0x1C, 0x36, 0x4C, 0x02, 0x36, 0x00, 0x1C, 0x36, 0x49, 0x02, 0x36, 0x00,
    0x1C, 0x24, 0x61, 0x00, 0x35, 0x4F, 0x00, 0x36, 0x44, 0x02, 0x36, 0x00, 0x00, 0x35, 0x00, 0x00,
    0x24, 0x00, 0x1C, 0x36, 0x36, 0x02, 0x36, 0x00, 0x1C, 0x26, 0x7F, 0x00, 0x36, 0x4B, 0x02, 0x36,
    0x00, 0x00, 0x26, 0x00, 0x1C, 0x36, 0x4D, 0x02, 0x36, 0x00, 0x1C, 0x35, 0x4F, 0x00, 0x36, 0x49,
    0x02, 0x36, 0x00, 0x00, 0x35, 0x00, 0x1C, 0x36, 0x4E, 0x02, 0x36, 0x00, 0x1C, 0x24, 0x66, 0x00,
    0x36, 0x50, 0x02, 0x36, 0x00, 0x00, 0x24, 0x00, 0x1C, 0x36, 0x4D, 0x02, 0x36, 0x00, 0x1C, 0x35,
    0x4E, 0x00, 0x36, 0x50, 0x02, 0x36, 0x00, 0x00, 0x35, 0x00, 0x1C, 0x36, 0x4F, 0x02, 0x36, 0x00,
    0x1C, 0x26, 0x7F, 0x00, 0x36, 0x4F, 0x02, 0x36, 0x00, 0x00, 0x26, 0x00, 0x1C, 0x36, 0x4F, 0x02,
    0x36, 0x00, 0x1C, 0x35, 0x51, 0x00, 0x36, 0x4E, 0x02, 0x36, 0x00, 0x00, 0x35, 0x00, 0x1C, 0x24,
    0x5C, 0x00, 0x36, 0x4C, 0x02, 0x36, 0x00, 0x00, 0x24, 0x00, 0x1C, 0x36, 0x4C, 0x02, 0x36, 0x00,
    0x1C, 0x36, 0x49, 0x02, 0x36, 0x00, 0x1C, 0x24, 0x61, 0x00, 0x35, 0x50, 0x00, 0x36, 0x44, 0x02,
    0x36, 0x00, 0x00, 0x35, 0x00, 0x00, 0x24, 0x00, 0x1C, 0x36, 0x36, 0x02, 0x36, 0x00, 0x1C, 0x26,
    0x7F, 0x00, 0x36, 0x4B, 0x02, 0x36, 0x00, 0x00, 0x26, 0x00, 0x1C, 0x36, 0x4D, 0x02, 0x36, 0x00,
    0x1C, 0x35, 0x50, 0x00, 0x36, 0x49, 0x02, 0x36, 0x00, 0x00, 0x35, 0x00, 0x1C, 0x36, 0x4E, 0x02,
    0x36, 0x00, 0x1C, 0x24, 0x66, 0x00, 0x36, 0x50, 0x00, 0x39, 0x55, 0x02, 0x39, 0x00, 0x00, 0x36,
    0x00, 0x00, 0x24, 0x00, 0x1C, 0x36, 0x4D, 0x02, 0x36, 0x00, 0x1C, 0x35, 0x4E, 0x00, 0x36, 0x50,
    0x02, 0x36, 0x00, 0x00, 0x35, 0x00, 0x1C, 0x36, 0x4F, 0x02, 0x36, 0x00, 0x1C, 0x26, 0x7F, 0x00,
    0x36, 0x4F, 0x02, 0x36, 0x00, 0x00, 0x26, 0x00, 0x1C, 0x36, 0x4F, 0x02, 0x36, 0x00, 0x1C, 0x35,
    0x50, 0x00, 0x36, 0x4E, 0x02, 0x36, 0x00, 0x00, 0x35, 0x00, 0x1C, 0x24, 0x5C, 0x00, 0x36, 0x4C,
    0x02, 0x36, 0x00, 0x00, 0x24, 0x00, 0x1C, 0x36, 0x4C, 0x02, 0x36, 0x00, 0x1C, 0x36, 0x49, 0x02,
    0x36, 0x00, 0x1C, 0x24, 0x61, 0x00, 0x35, 0x4F, 0x00, 0x36, 0x44, 0x02, 0x36, 0x00, 0x00, 0x35,
    0x00, 0x00, 0x24, 0x00, 0x1C, 0x36, 0x36, 0x02, 0x36, 0x00, 0x1C, 0x26, 0x7F, 0x00, 0x36, 0x4B,
    0x02, 0x36, 0x00, 0x00, 0x26, 0x00, 0x1C, 0x36, 0x4D, 0x02, 0x36, 0x00, 0x1C, 0x35, 0x51, 0x00,
    0x36, 0x49, 0x02, 0x36, 0x00, 0x00, 0x35, 0x00, 0x1C, 0x36, 0x4E, 0x02, 0x36, 0x00, 0x1C, 0x24,
    0x66, 0x00, 0x31, 0x50, 0x00, 0x36, 0x53, 0x02, 0x36, 0x00, 0x00, 0x31, 0x00, 0x00, 0x24, 0x00,
    0x58, 0x24, 0x5C, 0x00, 0x31, 0x50, 0x00, 0x36, 0x51, 0x02, 0x36, 0x00, 0x00, 0x31, 0x00, 0x00,
    0x24, 0x00, 0x58, 0x24, 0x61, 0x00, 0x36, 0x51, 0x00, 0x39, 0x55, 0x02, 0x39, 0x00, 0x00, 0x36,
    0x00, 0x00, 0x24, 0x00, 0x3A, 0x24, 0x66, 0x00, 0x36, 0x53, 0x00, 0x39, 0x55, 0x02, 0x39, 0x00,
    0x00, 0x36, 0x00, 0x00, 0x24, 0x00, 0x58, 0x24, 0x5C, 0x00, 0x31, 0x50, 0x00, 0x36, 0x53, 0x02,
    0x36, 0x00, 0x00, 0x31, 0x00, 0x00, 0x24, 0x00, 0x58, 0x2D, 0x6D, 0x00, 0x36, 0x51, 0x02, 0x36,
    0x00, 0x00, 0x2D, 0x00, 0x06, 0x2B, 0x5E, 0x02, 0x2B, 0x00, 0x32, 0x24, 0x66, 0x00, 0x31, 0x50,
    0x00, 0x36, 0x50, 0x02, 0x36, 0x00, 0x00, 0x31, 0x00, 0x00, 0x24, 0x00, 0x1C, 0x36, 0x4D, 0x02,
    0x36, 0x00, 0x1C, 0x35, 0x51, 0x00, 0x36, 0x50, 0x02, 0x36, 0x00, 0x00, 0x35, 0x00, 0x1C, 0x36,
    0x4F, 0x02, 0x36, 0x00, 0x1C, 0x26, 0x7F, 0x00, 0x36, 0x4F, 0x02, 0x36, 0x00, 0x00, 0x26, 0x00,
    0x1C, 0x36, 0x4F, 0x02, 0x36, 0x00, 0x1C, 0x35, 0x50, 0x00, 0x36, 0x4E, 0x02, 0x36, 0x00, 0x00,
    0x35, 0x00, 0x1C, 0x24, 0x5C, 0x00, 0x36, 0x4C, 0x02, 0x36, 0x00, 0x00, 0x24, 0x00, 0x1C, 0x36,
    0x4C, 0x02, 0x36, 0x00, 0x1C, 0x24, 0x5C, 0x00, 0x36, 0x49, 0x02, 0x36, 0x00, 0x00, 0x24, 0x00,
    0x1C, 0x24, 0x61, 0x00, 0x35, 0x51, 0x00, 0x36, 0x44, 0x02, 0x36, 0x00, 0x00, 0x35, 0x00, 0x00,
    0x24, 0x00, 0x1C, 0x36, 0x36, 0x02, 0x36, 0x00, 0x1C, 0x26, 0x7F, 0x00, 0x36, 0x4B, 0x02, 0x36,
    0x00, 0x00, 0x26, 0x00, 0x1C, 0x36, 0x4D, 0x02, 0x36, 0x00, 0x1C, 0x35, 0x53, 0x00, 0x36, 0x49,
    0x02, 0x36, 0x00, 0x00, 0x35, 0x00, 0x1C, 0x36, 0x4E, 0x02, 0x36, 0x00, 0x1C, 0x24, 0x66, 0x00,
    0x39, 0x55, 0x02, 0x39, 0x00, 0x00, 0x24, 0x00, 0x76, 0x33, 0x64, 0x02, 0x33, 0x00, 0x76, 0x33,
    0x64, 0x02, 0x33, 0x00, 0x3A, 0x26, 0x7F, 0x02, 0x26, 0x00, 0x06, 0x26, 0x7B, 0x02, 0x26, 0x00,
    0x32, 0x26, 0x7F, 0x02, 0x26, 0x00, 0x06, 0x26, 0x79, 0x02, 0x26, 0x00, 0x32, 0x26, 0x7F, 0x02,
    0x26, 0x00, 0x1C, 0x26, 0x7F, 0x02, 0x26, 0x00, 0x1C, 0x24, 0x66, 0x00, 0x31, 0x50, 0x02, 0x31,
    0x00, 0x00, 0x24, 0x00, 0x3A, 0x24, 0x61, 0x00, 0x2E, 0x49, 0x02, 0x2E, 0x00, 0x00, 0x24, 0x00,
    0x1C, 0x24, 0x5C, 0x02, 0x24, 0x00, 0x1C, 0x26, 0x7C, 0x00, 0x2E, 0x54, 0x02, 0x2E, 0x00, 0x00,
    0x26, 0x00, 0x3A, 0x24, 0x61, 0x00, 0x2E, 0x46, 0x02, 0x2E, 0x00, 0x00, 0x24, 0x00, 0x3A, 0x24,
    0x66, 0x00, 0x2E, 0x54, 0x02, 0x2E, 0x00, 0x00, 0x24, 0x00, 0x3A, 0x24, 0x61, 0x00, 0x2E, 0x47,
    0x02, 0x2E, 0x00, 0x00, 0x24, 0x00, 0x3A, 0x26, 0x7F, 0x00, 0x2E, 0x52, 0x02, 0x2E, 0x00, 0x00,
    0x26, 0x00, 0x3A, 0x24, 0x61, 0x00, 0x2E, 0x47, 0x02, 0x2E, 0x00, 0x00, 0x24, 0x00, 0x3A, 0x24,
    0x66, 0x00, 0x2E, 0x58, 0x02, 0x2E, 0x00, 0x00, 0x24, 0x00, 0x3A, 0x24, 0x61, 0x00, 0x2E, 0x45,
    0x02, 0x2E, 0x00, 0x00, 0x24, 0x00, 0x1C, 0x24, 0x5C, 0x02, 0x24, 0x00, 0x1C, 0x26, 0x7C, 0x00,
    0x2E, 0x55, 0x02, 0x2E, 0x00, 0x00, 0x26, 0x00, 0x3A, 0x24, 0x61, 0x00, 0x2E, 0x49, 0x02, 0x2E,
    0x00, 0x00, 0x24, 0x00, 0x3A, 0x24, 0x66, 0x00, 0x2E, 0x51, 0x02, 0x2E, 0x00, 0x00, 0x24, 0x00,
    0x3A, 0x24, 0x61, 0x00, 0x2E, 0x48, 0x02, 0x2E, 0x00, 0x00, 0x24, 0x00, 0x3A, 0x26, 0x7F, 0x00,
    0x2E, 0x58, 0x02, 0x2E, 0x00, 0x00, 0x26, 0x00, 0x3A, 0x24, 0x61, 0x00, 0x2E, 0x46, 0x02, 0x2E,
    0x00, 0x00, 0x24, 0x00, 0x3A, 0x24, 0x66, 0x00, 0x39, 0x55, 0x02, 0x39, 0x00, 0x00, 0x24, 0x00,
    0x3A, 0x24, 0x61, 0x00, 0x2E, 0x49, 0x02, 0x2E, 0x00, 0x00, 0x24, 0x00, 0x1C, 0x24, 0x5C, 0x02,
    0x24, 0x00, 0x1C, 0x26, 0x7C, 0x00, 0x2E, 0x54, 0x02, 0x2E, 0x00, 0x00, 0x26, 0x00, 0x3A, 0x24,
    0x61, 0x00, 0x2E, 0x46, 0x02, 0x2E, 0x00, 0x00, 0x24, 0x00, 0x3A, 0x24, 0x66, 0x00, 0x2E, 0x54,
    0x02, 0x2E, 0x00, 0x00, 0x24, 0x00, 0x3A, 0x24, 0x61, 0x00, 0x2E, 0x47, 0x02, 0x2E, 0x00, 0x00,
    0x24, 0x00, 0x3A, 0x26, 0x7F, 0x00, 0x2E, 0x52, 0x02, 0x2E, 0x00, 0x00, 0x26, 0x00, 0x3A, 0x24,
    0x61, 0x00, 0x2E, 0x47, 0x02, 0x2E, 0x00, 0x00, 0x24, 0x00, 0x3A, 0x24, 0x66, 0x00, 0x31, 0x50,
    0x02, 0x31, 0x00, 0x00, 0x24, 0x00, 0x3A, 0x24, 0x61, 0x00, 0x2E, 0x45, 0x02, 0x2E, 0x00, 0x00,
    0x24, 0x00, 0x1C, 0x24, 0x5C, 0x02, 0x24, 0x00, 0x1C, 0x26, 0x7C, 0x00, 0x2E, 0x55, 0x02, 0x2E,
    0x00, 0x00, 0x26, 0x00, 0x3A, 0x24, 0x61, 0x00, 0x2E, 0x49, 0x02, 0x2E, 0x00, 0x00, 0x24, 0x00,
    0x3A, 0x24, 0x66, 0x00, 0x2E, 0x51, 0x02, 0x2E, 0x00, 0x00, 0x24, 0x00, 0x1C, 0x26, 0x7C, 0x02,
    0x26, 0x00, 0x06, 0x26, 0x7D, 0x02, 0x26, 0x00, 0x14, 0x24, 0x61, 0x00, 0x2E, 0x48, 0x02, 0x2E,
    0x00, 0x00, 0x24, 0x00, 0x3A, 0x26, 0x7F, 0x00, 0x2E, 0x58, 0x02, 0x2E, 0x00, 0x00, 0x26, 0x00,
    0x3A, 0x26, 0x7C, 0x00, 0x2E, 0x46, 0x02, 0x2E, 0x00, 0x00, 0x26, 0x00, 0x1C, 0x26, 0x7F, 0x02,
    0x26, 0x00, 0x1C, 0x24, 0x66, 0x00, 0x39, 0x55, 0x02, 0x39, 0x00, 0x00, 0x24, 0x00, 0x3A, 0x24,
    0x61, 0x00, 0x2E, 0x49, 0x02, 0x2E, 0x00, 0x00, 0x24, 0x00, 0x1C, 0x24, 0x5C, 0x02, 0x24, 0x00,
    0x1C, 0x26, 0x7C, 0x00, 0x2E, 0x54, 0x02, 0x2E, 0x00, 0x00, 0x26, 0x00, 0x3A, 0x24, 0x61, 0x00,
    0x2E, 0x46, 0x02, 0x2E, 0x00, 0x00, 0x24, 0x00, 0x3A, 0x24, 0x66, 0x00, 0x2E, 0x54, 0x02, 0x2E,
    0x00, 0x00, 0x24, 0x00, 0x3A, 0x24, 0x61, 0x00, 0x2E, 0x47, 0x02, 0x2E, 0x00, 0x00, 0x24, 0x00,
    0x3A, 0x26, 0x7F, 0x00, 0x2E, 0x52, 0x02, 0x2E, 0x00, 0x00, 0x26, 0x00, 0x3A, 0x24, 0x61, 0x00,
    0x2E, 0x47, 0x02, 0x2E, 0x00, 0x00, 0x24, 0x00, 0x3A, 0x24, 0x66, 0x00, 0x2E, 0x58, 0x02, 0x2E,
    0x00, 0x00, 0x24, 0x00, 0x3A, 0x24, 0x61, 0x00, 0x2E, 0x45, 0x02, 0x2E, 0x00, 0x00, 0x24, 0x00,
    0x1C, 0x24, 0x5C, 0x02, 0x24, 0x00, 0x1C, 0x26, 0x7C, 0x00, 0x2E, 0x55, 0x02, 0x2E, 0x00, 0x00,
    0x26, 0x00, 0x3A, 0x24, 0x61, 0x00, 0x2E, 0x49, 0x02, 0x2E, 0x00, 0x00, 0x24, 0x00, 0x3A, 0x24,
    0x66, 0x00, 0x2E, 0x51, 0x02, 0x2E, 0x00, 0x00, 0x24, 0x00, 0x3A, 0x24, 0x61, 0x00, 0x2E, 0x48,
    0x02, 0x2E, 0x00, 0x00, 0x24, 0x00, 0x3A, 0x26, 0x7F, 0x00, 0x2E, 0x58, 0x02, 0x2E, 0x00, 0x00,
    0x26, 0x00, 0x3A, 0x24, 0x61, 0x00, 0x2E, 0x46, 0x02, 0x2E, 0x00, 0x00, 0x24, 0x00, 0x3A, 0x24,
    0x66, 0x00, 0x31, 0x50, 0x02, 0x31, 0x00, 0x00, 0x24, 0x00, 0x3A, 0x24, 0x61, 0x00, 0x2E, 0x49,
    0x02, 0x2E, 0x00, 0x00, 0x24, 0x00, 0x1C, 0x24, 0x5C, 0x02, 0x24, 0x00, 0x1C, 0x26, 0x7C, 0x00,
    0x2E, 0x54, 0x02, 0x2E, 0x00, 0x00, 0x26, 0x00, 0x3A, 0x24, 0x61, 0x00, 0x2E, 0x46, 0x02, 0x2E,
    0x00, 0x00, 0x24, 0x00, 0x3A, 0x24, 0x66, 0x00, 0x2E, 0x54, 0x02, 0x2E, 0x00, 0x00, 0x24, 0x00,
    0x3A, 0x24, 0x61, 0x00, 0x2E, 0x47, 0x02, 0x2E, 0x00, 0x00, 0x24, 0x00, 0x3A, 0x26, 0x7F, 0x00,
    0x2E, 0x52, 0x02, 0x2E, 0x00, 0x00, 0x26, 0x00, 0x3A, 0x24, 0x61, 0x00, 0x2E, 0x47, 0x02, 0x2E,
    0x00, 0x00, 0x24, 0x00, 0x1C, 0x26, 0x7F, 0x02, 0x26, 0x00, 0x1C, 0x24, 0x66, 0x00, 0x2E, 0x58,
    0x02, 0x2E, 0x00, 0x00, 0x24, 0x00, 0x3A, 0x24, 0x61, 0x00, 0x2E, 0x45, 0x02, 0x2E, 0x00, 0x00,
    0x24, 0x00, 0x1C, 0x24, 0x5C, 0x02, 0x24, 0x00, 0x1C, 0x26, 0x7C, 0x00, 0x2E, 0x55, 0x02, 0x2E,
    0x00, 0x00, 0x26, 0x00, 0x3A, 0x24, 0x61, 0x00, 0x2E, 0x49, 0x02, 0x2E, 0x00, 0x00, 0x24, 0x00,
    0x3A, 0x24, 0x66, 0x00, 0x2E, 0x51, 0x02, 0x2E, 0x00, 0x00, 0x24, 0x00, 0x1C, 0x26, 0x7F, 0x02,
    0x26, 0x00, 0x06, 0x26, 0x7D, 0x02, 0x26, 0x00, 0x14, 0x24, 0x61, 0x00, 0x2E, 0x48, 0x02, 0x2E,
    0x00, 0x00, 0x24, 0x00, 0x3A, 0x26, 0x7F, 0x00, 0x2E, 0x58, 0x02, 0x2E, 0x00, 0x00, 0x26, 0x00,
    0x3A, 0x2D, 0x6A, 0x00, 0x2E, 0x46, 0x02, 0x2E, 0x00, 0x00, 0x2D, 0x00, 0x3A, 0x24, 0x66, 0x00,
    0x39, 0x55, 0x02, 0x39, 0x00, 0x00, 0x24, 0x00, 0x3A, 0x24, 0x61, 0x00, 0x2E, 0x49, 0x02, 0x2E,
    0x00, 0x00, 0x24, 0x00, 0x1C, 0x24, 0x5C, 0x02, 0x24, 0x00, 0x1C, 0x26, 0x7C, 0x00, 0x2E, 0x54,
    0x02, 0x2E, 0x00, 0x00, 0x26, 0x00, 0x3A, 0x24, 0x61, 0x00, 0x2E, 0x46, 0x02, 0x2E, 0x00, 0x00,
    0x24, 0x00, 0x3A, 0x24, 0x66, 0x00, 0x2E, 0x54, 0x02, 0x2E, 0x00, 0x00, 0x24, 0x00, 0x3A, 0x24,
    0x61, 0x00, 0x2E, 0x47, 0x02, 0x2E, 0x00, 0x00, 0x24, 0x00, 0x3A, 0x26, 0x7F, 0x00, 0x2E, 0x52,
    0x02, 0x2E, 0x00, 0x00, 0x26, 0x00, 0x3A, 0x24, 0x61, 0x00, 0x2E, 0x47, 0x02, 0x2E, 0x00, 0x00,
    0x24, 0x00, 0x3A, 0x24, 0x66, 0x00, 0x2E, 0x58, 0x02, 0x2E, 0x00, 0x00, 0x24, 0x00, 0x3A, 0x24,
    0x61, 0x00, 0x2E, 0x45, 0x02, 0x2E, 0x00, 0x00, 0x24, 0x00, 0x1C, 0x24, 0x5C, 0x02, 0x24, 0x00,
    0x1C, 0x26, 0x7C, 0x00, 0x2E, 0x55, 0x02, 0x2E, 0x00, 0x00, 0x26, 0x00, 0x3A, 0x24, 0x61, 0x00,
    0x2E, 0x49, 0x02, 0x2E, 0x00, 0x00, 0x24, 0x00, 0x3A, 0x24, 0x66, 0x00, 0x2E, 0x51, 0x02, 0x2E,
    0x00, 0x00, 0x24, 0x00, 0x1C, 0x26, 0x7D, 0x02, 0x26, 0x00, 0x06, 0x26, 0x7D, 0x02, 0x26, 0x00,
    0x14, 0x24, 0x61, 0x00, 0x2E, 0x48, 0x02, 0x2E, 0x00, 0x00, 0x24, 0x00, 0x3A, 0x26, 0x7F, 0x00,
    0x2E, 0x58, 0x02, 0x2E, 0x00, 0x00, 0x26, 0x00, 0x3A, 0x26, 0x7F, 0x00, 0x2E, 0x46, 0x02, 0x2E,
    0x00, 0x00, 0x26, 0x00, 0x3A, 0x24, 0x66, 0x00, 0x31, 0x50, 0x02, 0x31, 0x00, 0x00, 0x24, 0x00,
    0x76, 0x26, 0x7F, 0x00, 0x2E, 0x54, 0x02, 0x2E, 0x00, 0x00, 0x26, 0x00, 0x3A, 0x2D, 0x65, 0x02,
    0x2D, 0x00, 0x1C, 0x2B, 0x63, 0x02, 0x2B, 0x00, 0x1C, 0x24, 0x66, 0x00, 0x39, 0x55, 0x02, 0x39,
    0x00, 0x00, 0x24, 0x00, 0x3A, 0x30, 0x6B, 0x02, 0x30, 0x00, 0x3A, 0x2F, 0x66, 0x02, 0x2F, 0x00,
    0x1C, 0x2D, 0x60, 0x02, 0x2D, 0x00, 0x1C, 0x2B, 0x63, 0x02, 0x2B, 0x00, 0x3A, 0x24, 0x66, 0x00,
    0x39, 0x55, 0x02, 0x39, 0x00, 0x00, 0x24, 0x00, 0x76, 0x35, 0x4E, 0x02, 0x35, 0x00, 0x76, 0x35,
    0x4F, 0x02, 0x35, 0x00, 0x81, 0x6E, 0x24, 0x66, 0x00, 0x31, 0x50, 0x02, 0x31, 0x00, 0x00, 0x24,
    0x00, 0x3A, 0x2E, 0x49, 0x02, 0x2E, 0x00, 0x3A, 0x26, 0x7B, 0x00, 0x2E, 0x54, 0x02, 0x2E, 0x00,
    0x00, 0x26, 0x00, 0x3A, 0x24, 0x61, 0x00, 0x2E, 0x46, 0x02, 0x2E, 0x00, 0x00, 0x24, 0x00, 0x3A,
    0x24, 0x66, 0x00, 0x2E, 0x54, 0x02, 0x2E, 0x00, 0x00, 0x24, 0x00, 0x3A, 0x2E, 0x47, 0x02, 0x2E,
    0x00, 0x3A, 0x26, 0x7F, 0x00, 0x31, 0x50, 0x02, 0x31, 0x00, 0x00, 0x26, 0x00, 0x3A, 0x2E, 0x47,
    0x02, 0x2E, 0x00, 0x3A, 0x24, 0x66, 0x00, 0x2E, 0x58, 0x02, 0x2E, 0x00, 0x00, 0x24, 0x00, 0x3A,
    0x2E, 0x45, 0x02, 0x2E, 0x00, 0x3A, 0x26, 0x7F, 0x00, 0x39, 0x55, 0x02, 0x39, 0x00, 0x00, 0x26,
    0x00, 0x3A, 0x24, 0x61, 0x00, 0x2E, 0x49, 0x02, 0x2E, 0x00, 0x00, 0x24, 0x00, 0x3A, 0x24, 0x66,
    0x00, 0x2E, 0x51, 0x02, 0x2E, 0x00, 0x00, 0x24, 0x00, 0x3A, 0x2E, 0x48, 0x02, 0x2E, 0x00, 0x3A,
    0x26, 0x7F, 0x00, 0x31, 0x50, 0x02, 0x31, 0x00, 0x00, 0x26, 0x00, 0x3A, 0x2E, 0x46, 0x02, 0x2E,
    0x00, 0x3A, 0x24, 0x66, 0x00, 0x2E, 0x59, 0x02, 0x2E, 0x00, 0x00, 0x24, 0x00, 0x3A, 0x2E, 0x49,
    0x02, 0x2E, 0x00, 0x3A, 0x26, 0x7F, 0x00, 0x39, 0x55, 0x02, 0x39, 0x00, 0x00, 0x26, 0x00, 0x3A,
    0x24, 0x61, 0x00, 0x2E, 0x46, 0x02, 0x2E, 0x00, 0x00, 0x24, 0x00, 0x3A, 0x24, 0x66, 0x00, 0x31,
    0x50, 0x02, 0x31, 0x00, 0x00, 0x24, 0x00, 0x87, 0x3E, 0x24, 0x66, 0x00, 0x31, 0x50, 0x02, 0x31,
    0x00, 0x00, 0x24, 0x00, 0x3A, 0x33, 0x50, 0x02, 0x33, 0x00, 0x3A, 0x26, 0x7E, 0x00, 0x33, 0x64,
    0x02, 0x33, 0x00, 0x00, 0x26, 0x00, 0x3A, 0x24, 0x61, 0x00, 0x33, 0x50, 0x02, 0x33, 0x00, 0x00,
    0x24, 0x00, 0x3A, 0x24, 0x66, 0x00, 0x33, 0x64, 0x02, 0x33, 0x00, 0x00, 0x24, 0x00, 0x3A, 0x33,
    0x50, 0x02, 0x33, 0x00, 0x3A, 0x26, 0x7F, 0x00, 0x33, 0x64, 0x02, 0x33, 0x00, 0x00, 0x26, 0x00,
    0x3A, 0x33, 0x50, 0x02, 0x33, 0x00, 0x3A, 0x24, 0x66, 0x00, 0x33, 0x64, 0x02, 0x33, 0x00, 0x00,
    0x24, 0x00, 0x3A, 0x33, 0x50, 0x02, 0x33, 0x00, 0x3A, 0x26, 0x7F, 0x00, 0x31, 0x50, 0x02, 0x31,
    0x00, 0x00, 0x26, 0x00, 0x3A, 0x24, 0x61, 0x00, 0x33, 0x50, 0x02, 0x33, 0x00, 0x00, 0x24, 0x00,
    0x3A, 0x24, 0x66, 0x00, 0x33, 0x64, 0x02, 0x33, 0x00, 0x00, 0x24, 0x00, 0x3A, 0x33, 0x50, 0x02,
    0x33, 0x00, 0x3A, 0x26, 0x7F, 0x00, 0x39, 0x55, 0x02, 0x39, 0x00, 0x00, 0x26, 0x00, 0x3A, 0x33,
    0x50, 0x02, 0x33, 0x00, 0x3A, 0x24, 0x66, 0x00, 0x33, 0x64, 0x02, 0x33, 0x00, 0x00, 0x24, 0x00,
    0x3A, 0x33, 0x50, 0x02, 0x33, 0x00, 0x3A, 0x26, 0x7F, 0x00, 0x31, 0x50, 0x02, 0x31, 0x00, 0x00,
    0x26, 0x00, 0x3A, 0x24, 0x61, 0x00, 0x33, 0x50, 0x02, 0x33, 0x00, 0x00, 0x24, 0x00, 0x3A, 0x24,
    0x66, 0x00, 0x33, 0x64, 0x02, 0x33, 0x00, 0x00, 0x24, 0x00, 0x3A, 0x33, 0x50, 0x02, 0x33, 0x00,
    0x3A, 0x26, 0x7F, 0x00, 0x39, 0x55, 0x02, 0x39, 0x00, 0x00, 0x26, 0x00, 0x3A, 0x33, 0x50, 0x02,
    0x33, 0x00, 0x3A, 0x24, 0x66, 0x00, 0x33, 0x64, 0x02, 0x33, 0x00, 0x00, 0x24, 0x00, 0x3A, 0x33,
    0x50, 0x02, 0x33, 0x00, 0x3A, 0x26, 0x7F, 0x00, 0x31, 0x50, 0x02, 0x31, 0x00, 0x00, 0x26, 0x00,
    0x3A, 0x24, 0x61, 0x00, 0x33, 0x50, 0x02, 0x33, 0x00, 0x00, 0x24, 0x00, 0x3A, 0x24, 0x66, 0x00,
    0x33, 0x64, 0x02, 0x33, 0x00, 0x00, 0x24, 0x00, 0x3A, 0x2F, 0x6B, 0x02, 0x2F, 0x00, 0x3A, 0x2D,
    0x68, 0x02, 0x2D, 0x00, 0x1C, 0x2D, 0x61, 0x02, 0x2D, 0x00, 0x1C, 0x2B, 0x65, 0x02, 0x2B, 0x00,
    0x3A, 0x24, 0x66, 0x00, 0x31, 0x50, 0x02, 0x31, 0x00, 0x00, 0x24, 0x00, 0x00, 0xFF, 0x2F, 0x00,
    0x4D, 0x54, 0x72, 0x6B, 0x00, 0x00, 0x00, 0x14, 0x00, 0xFF, 0x21, 0x01, 0x0F, 0x00, 0xFF, 0x03,
    0x03, 0x24, 0x42, 0x53, 0x00, 0xBF, 0x21, 0x03, 0x00, 0xFF, 0x2F, 0x00, 0x4D, 0x54, 0x72, 0x6B,
    0x00, 0x00, 0x00, 0x14, 0x00, 0xFF, 0x21, 0x01, 0x0F, 0x00, 0xFF, 0x03, 0x03, 0x24, 0x52, 0x53,
    0x00, 0xBF, 0x21, 0x05, 0x00, 0xFF, 0x2F, 0x00, 0x4D, 0x54, 0x72, 0x6B, 0x00, 0x00, 0x00, 0x14,
    0x00, 0xFF, 0x21, 0x01, 0x0F, 0x00, 0xFF, 0x03, 0x03, 0x24, 0x46, 0x53, 0x00, 0xBF, 0x21, 0x06,
    0x00, 0xFF, 0x2F, 0x00, 0x4D, 0x54, 0x72, 0x6B, 0x00, 0x00, 0x00, 0x14, 0x00, 0xFF, 0x21, 0x01,
    0x0F, 0x00, 0xFF, 0x03, 0x03, 0x24, 0x4D, 0x57, 0x00, 0xBF, 0x21, 0x01, 0x00, 0xFF, 0x2F, 0x00,
    0x4D, 0x54, 0x72, 0x6B, 0x00, 0x00, 0x00, 0x2A, 0x00, 0xFF, 0x21, 0x01, 0x02, 0x00, 0xFF, 0x03,
    0x04, 0x57, 0x41, 0x56, 0x45, 0x86, 0x66, 0xCF, 0x28, 0xD1, 0x2A, 0x29, 0xAD, 0x5A, 0x2A, 0xAD,
    0x3C, 0x2B, 0xD6, 0x02, 0x2C, 0xAC, 0x44, 0x2D, 0xD6, 0x20, 0x2E, 0xAD, 0x3C, 0x2F, 0x00, 0xFF,
    0x2F, 0x00, 0x4D, 0x54, 0x72, 0x6B, 0x00, 0x00, 0x0E, 0x13, 0x00, 0xFF, 0x03, 0x06, 0x4C, 0x79,
    0x72, 0x69, 0x63, 0x73, 0x9B, 0x18, 0xFF, 0x05, 0x02, 0x4E, 0x61, 0x78, 0xFF, 0x05, 0x03, 0x69,
    0x73, 0x20, 0x78, 0xFF, 0x05, 0x05, 0x6B, 0x6F, 0x6E, 0x67, 0x20, 0x78, 0xFF, 0x05, 0x01, 0x0A,
    0x00, 0xFF, 0x05, 0x03, 0x4D, 0x61, 0x67, 0x5A, 0xFF, 0x05, 0x02, 0x70, 0x61, 0x1E, 0xFF, 0x05,
    0x02, 0x6B, 0x61, 0x5A, 0xFF, 0x05, 0x02, 0x6C, 0x61, 0x1E, 0xFF, 0x05, 0x05, 0x73, 0x69, 0x6E,
    0x67, 0x20, 0x82, 0x68, 0xFF, 0x05, 0x01, 0x0A, 0x00, 0xFF, 0x05, 0x02, 0x44, 0x61, 0x78, 0xFF,
    0x05, 0x04, 0x68, 0x69, 0x6C, 0x20, 0x81, 0x34, 0xFF, 0x05, 0x02, 0x77, 0x61, 0x3C, 0xFF, 0x05,
    0x03, 0x6C, 0x61, 0x20, 0x81, 0x34, 0xFF, 0x05, 0x03, 0x6B, 0x61, 0x20, 0x3C, 0xFF, 0x05, 0x03,
    0x6E, 0x61, 0x20, 0x82, 0x68, 0xFF, 0x05, 0x01, 0x0A, 0x00, 0xFF, 0x05, 0x02, 0x4E, 0x61, 0x78,
    0xFF, 0x05, 0x02, 0x6B, 0x61, 0x78, 0xFF, 0x05, 0x02, 0x74, 0x69, 0x78, 0xFF, 0x05, 0x05, 0x6E,
    0x67, 0x69, 0x6E, 0x20, 0x5A, 0xFF, 0x05, 0x03, 0x73, 0x61, 0x20, 0x1E, 0xFF, 0x05, 0x02, 0x73,
    0x61, 0x5A, 0xFF, 0x05, 0x02, 0x6C, 0x61, 0x1E, 0xFF, 0x05, 0x04, 0x6D, 0x69, 0x6E, 0x20, 0x82,
    0x68, 0xFF, 0x05, 0x01, 0x0A, 0x00, 0xFF, 0x05, 0x03, 0x41, 0x74, 0x20, 0x3C, 0xFF, 0x05, 0x04,
    0x6E, 0x61, 0x67, 0x7E, 0x3C, 0xFF, 0x05, 0x01, 0x69, 0x81, 0x34, 0xFF, 0x05, 0x01, 0x69, 0x3C,
    0xFF, 0x05, 0x03, 0x73, 0x61, 0x20, 0x84, 0x58, 0xFF, 0x05, 0x01, 0x0A, 0x00, 0xFF, 0x05, 0x02,
    0x4E, 0x61, 0x78, 0xFF, 0x05, 0x02, 0x6B, 0x61, 0x78, 0xFF, 0x05, 0x02, 0x74, 0x61, 0x78, 0xFF,
    0x05, 0x04, 0x6E, 0x69, 0x6D, 0x20, 0x5A, 0xFF, 0x05, 0x03, 0x70, 0x61, 0x20, 0x1E, 0xFF, 0x05,
    0x04, 0x72, 0x69, 0x6E, 0x20, 0x3C, 0xFF, 0x05, 0x01, 0x0A, 0x00, 0xFF, 0x05, 0x04, 0x41, 0x6E,
    0x67, 0x20, 0x3C, 0xFF, 0x05, 0x02, 0x67, 0x75, 0x3C, 0xFF, 0x05, 0x02, 0x6D, 0x61, 0x3C, 0xFF,
    0x05, 0x02, 0x6D, 0x65, 0x3C, 0xFF, 0x05, 0x05, 0x6C, 0x61, 0x6E, 0x67, 0x20, 0x3C, 0xFF, 0x05,
    0x01, 0x0A, 0x00, 0xFF, 0x05, 0x02, 0x42, 0x69, 0x5A, 0xFF, 0x05, 0x02, 0x6E, 0x61, 0x1E, 0xFF,
    0x05, 0x04, 0x6C, 0x69, 0x6B, 0x20, 0x5A, 0xFF, 0x05, 0x03, 0x6D, 0x6F, 0x20, 0x1E, 0xFF, 0x05,
    0x03, 0x73, 0x61, 0x20, 0x3C, 0xFF, 0x05, 0x05, 0x60, 0x6B, 0x69, 0x6E, 0x20, 0x3C, 0xFF, 0x05,
    0x01, 0x0A, 0x00, 0xFF, 0x05, 0x05, 0x4E, 0x61, 0x6E, 0x67, 0x20, 0x3C, 0xFF, 0x05, 0x02, 0x74,
    0x61, 0x3C, 0xFF, 0x05, 0x05, 0x79, 0x6F, 0x27, 0x79, 0x20, 0x81, 0x70, 0xFF, 0x05, 0x01, 0x0A,
    0x00, 0xFF, 0x05, 0x03, 0x4D, 0x61, 0x67, 0x81, 0x34, 0xFF, 0x05, 0x02, 0x68, 0x69, 0x1E, 0xFF,
    0x05, 0x02, 0x77, 0x61, 0x1E, 0xFF, 0x05, 0x02, 0x6C, 0x61, 0x3C, 0xFF, 0x05, 0x02, 0x79, 0x20,
    0x83, 0x06, 0xFF, 0x05, 0x01, 0x0A, 0x00, 0xFF, 0x05, 0x01, 0x49, 0x1E, 0xFF, 0x05, 0x05, 0x74,
    0x6F, 0x27, 0x79, 0x20, 0x5A, 0xFF, 0x05, 0x02, 0x6B, 0x61, 0x1E, 0xFF, 0x05, 0x02, 0x74, 0x75,
    0x3C, 0xFF, 0x05, 0x04, 0x6C, 0x61, 0x64, 0x20, 0x3C, 0xFF, 0x05, 0x01, 0x0A, 0x00, 0xFF, 0x05,
    0x03, 0x4E, 0x67, 0x20, 0x3C, 0xFF, 0x05, 0x03, 0x64, 0x61, 0x6D, 0x3C, 0xFF, 0x05, 0x02, 0x64,
    0x61, 0x3C, 0xFF, 0x05, 0x04, 0x6D, 0x69, 0x6E, 0x20, 0x3C, 0xFF, 0x05, 0x03, 0x6B, 0x6F, 0x20,
    0x5A, 0xFF, 0x05, 0x01, 0x0A, 0x00, 0xFF, 0x05, 0x02, 0x4B, 0x61, 0x1E, 0xFF, 0x05, 0x04, 0x68,
    0x69, 0x74, 0x20, 0x5A, 0xFF, 0x05, 0x02, 0x62, 0x75, 0x1E, 0xFF, 0x05, 0x02, 0x68, 0x75, 0x3C,
    0xFF, 0x05, 0x04, 0x73, 0x61, 0x6E, 0x20, 0x3C, 0xFF, 0x05, 0x03, 0x6D, 0x6F, 0x20, 0x3C, 0xFF,
    0x05, 0x01, 0x0A, 0x00, 0xFF, 0x05, 0x03, 0x4E, 0x67, 0x20, 0x3C, 0xFF, 0x05, 0x05, 0x62, 0x65,
    0x65, 0x72, 0x20, 0x5A, 0xFF, 0x05, 0x01, 0x61, 0x5A, 0xFF, 0x05, 0x04, 0x79, 0x61, 0x77, 0x20,
    0x3C, 0xFF, 0x05, 0x05, 0x70, 0x61, 0x6E, 0x67, 0x20, 0x5A, 0xFF, 0x05, 0x01, 0x0A, 0x00, 0xFF,
    0x05, 0x02, 0x4D, 0x61, 0x5A, 0xFF, 0x05, 0x02, 0x6D, 0x61, 0x3C, 0xFF, 0x05, 0x02, 0x74, 0x61,
    0x81, 0x70, 0xFF, 0x05, 0x02, 0x79, 0x20, 0x81, 0x70, 0xFF, 0x05, 0x01, 0x0A, 0x00, 0xFF, 0x05,
    0x02, 0x47, 0x69, 0x81, 0x70, 0xFF, 0x05, 0x05, 0x6C, 0x69, 0x77, 0x2C, 0x20, 0x83, 0x60, 0xFF,
    0x05, 0x04, 0x77, 0x61, 0x67, 0x20, 0x3C, 0xFF, 0x05, 0x03, 0x6D, 0x6F, 0x20, 0x3C, 0xFF, 0x05,
    0x01, 0x0A, 0x00, 0xFF, 0x05, 0x02, 0x53, 0x61, 0x3C, 0xFF, 0x05, 0x05, 0x6E, 0x61, 0x6E, 0x67,
    0x20, 0x3C, 0xFF, 0x05, 0x02, 0x6C, 0x69, 0x81, 0x34, 0xFF, 0x05, 0x01, 0x6D, 0x78, 0xFF, 0x05,
    0x01, 0x75, 0x82, 0x2C, 0xFF, 0x05, 0x04, 0x74, 0x69, 0x6E, 0x20, 0x78, 0xFF, 0x05, 0x01, 0x0A,
    0x00, 0xFF, 0x05, 0x04, 0x41, 0x6E, 0x67, 0x20, 0x78, 0xFF, 0x05, 0x04, 0x6D, 0x67, 0x61, 0x20,
    0x78, 0xFF, 0x05, 0x01, 0x61, 0x3C, 0xFF, 0x05, 0x04, 0x72, 0x61, 0x77, 0x20, 0x3C, 0xFF, 0x05,
    0x03, 0x6E, 0x61, 0x20, 0x3C, 0xFF, 0x05, 0x03, 0x68, 0x69, 0x6E, 0x1E, 0xFF, 0x05, 0x03, 0x64,
    0x69, 0x20, 0x5A, 0xFF, 0x05, 0x01, 0x0A, 0x00, 0xFF, 0x05, 0x02, 0x53, 0x61, 0x3C, 0xFF, 0x05,
    0x03, 0x6E, 0x61, 0x20, 0x3C, 0xFF, 0x05, 0x03, 0x6E, 0x61, 0x67, 0x1E, 0xFF, 0x05, 0x02, 0x6C,
    0x61, 0x5A, 0xFF, 0x05, 0x03, 0x68, 0x6F, 0x20, 0x81, 0x70, 0xFF, 0x05, 0x01, 0x0A, 0x00, 0xFF,
    0x05, 0x02, 0x4D, 0x67, 0x3C, 0xFF, 0x05, 0x02, 0x61, 0x20, 0x3C, 0xFF, 0x05, 0x01, 0x61, 0x1E,
    0xFF, 0x05, 0x04, 0x6E, 0x61, 0x6B, 0x20, 0x5A, 0xFF, 0x05, 0x03, 0x61, 0x74, 0x20, 0x3C, 0xFF,
    0x05, 0x02, 0x62, 0x61, 0x3C, 0xFF, 0x05, 0x04, 0x68, 0x61, 0x79, 0x20, 0x1E, 0xFF, 0x05, 0x01,
    0x0A, 0x00, 0xFF, 0x05, 0x02, 0x4E, 0x61, 0x5A, 0xFF, 0x05, 0x05, 0x74, 0x69, 0x6E, 0x67, 0x20,
    0x3C, 0xFF, 0x05, 0x02, 0x70, 0x69, 0x3C, 0xFF, 0x05, 0x02, 0x6E, 0x61, 0x1E, 0xFF, 0x05, 0x03,
    0x70, 0x6C, 0x61, 0x5A, 0xFF, 0x05, 0x03, 0x6E, 0x6F, 0x20, 0x82, 0x68, 0xFF, 0x05, 0x01, 0x0A,
    0x00, 0xFF, 0x05, 0x02, 0x4C, 0x61, 0x3C, 0xFF, 0x05, 0x04, 0x68, 0x61, 0x74, 0x20, 0x5A, 0xFF,
    0x05, 0x03, 0x6E, 0x67, 0x20, 0x5A, 0xFF, 0x05, 0x01, 0x69, 0x3C, 0xFF, 0x05, 0x05, 0x74, 0x6F,
    0x27, 0x79, 0x20, 0x5A, 0xFF, 0x05, 0x02, 0x6E, 0x61, 0x5A, 0xFF, 0x05, 0x02, 0x77, 0x61, 0x3C,
    0xFF, 0x05, 0x03, 0x6C, 0x61, 0x20, 0x5A, 0xFF, 0x05, 0x01, 0x0A, 0x00, 0xFF, 0x05, 0x05, 0x4E,
    0x75, 0x6E, 0x67, 0x20, 0x5A, 0xFF, 0x05, 0x01, 0x69, 0x3C, 0xFF, 0x05, 0x02, 0x6E, 0x69, 0x5A,
    0xFF, 0x05, 0x04, 0x77, 0x61, 0x6E, 0x20, 0x5A, 0xFF, 0x05, 0x03, 0x6D, 0x6F, 0x20, 0x78, 0xFF,
    0x05, 0x04, 0x60, 0x6B, 0x6F, 0x20, 0x83, 0x06, 0xFF, 0x05, 0x01, 0x0A, 0x00, 0xFF, 0x05, 0x02,
    0x4B, 0x61, 0x1E, 0xFF, 0x05, 0x03, 0x79, 0x61, 0x20, 0x81, 0x52, 0xFF, 0x05, 0x03, 0x6E, 0x67,
    0x61, 0x1E, 0xFF, 0x05, 0x04, 0x79, 0x6F, 0x6E, 0x20, 0x81, 0x34, 0xFF, 0x05, 0x01, 0x0A, 0x00,
    0xFF, 0x05, 0x01, 0x49, 0x3C, 0xFF, 0x05, 0x02, 0x62, 0x75, 0x81, 0x34, 0xFF, 0x05, 0x04, 0x68,
    0x6F, 0x73, 0x20, 0x3C, 0xFF, 0x05, 0x03, 0x6E, 0x61, 0x20, 0x81, 0x34, 0xFF, 0x05, 0x04, 0x61,
    0x6E, 0x67, 0x20, 0x3C, 0xFF, 0x05, 0x05, 0x62, 0x65, 0x65, 0x72, 0x20, 0x81, 0x34, 0xFF, 0x05,
    0x01, 0x0A, 0x00, 0xFF, 0x05, 0x03, 0x53, 0x61, 0x20, 0x3C, 0xFF, 0x05, 0x01, 0x61, 0x81, 0x34,
    0xFF, 0x05, 0x05, 0x6B, 0x69, 0x6E, 0x67, 0x20, 0x3C, 0xFF, 0x05, 0x02, 0x6C, 0x61, 0x81, 0x34,
    0xFF, 0x05, 0x02, 0x6C, 0x61, 0x3C, 0xFF, 0x05, 0x01, 0x6D, 0x78, 0xFF, 0x05, 0x01, 0x75, 0x78,
    0xFF, 0x05, 0x01, 0x6E, 0x5A, 0xFF, 0x05, 0x01, 0x61, 0x1E, 0xFF, 0x05, 0x02, 0x6E, 0x20, 0x82,
    0x2C, 0xFF, 0x05, 0x01, 0x0A, 0x00, 0xFF, 0x05, 0x01, 0x55, 0x3C, 0xFF, 0x05, 0x05, 0x70, 0x61,
    0x6E, 0x67, 0x20, 0x81, 0x34, 0xFF, 0x05, 0x02, 0x6D, 0x61, 0x3C, 0xFF, 0x05, 0x02, 0x6C, 0x75,
    0x81, 0x34, 0xFF, 0x05, 0x04, 0x6E, 0x6F, 0x64, 0x20, 0x3C, 0xFF, 0x05, 0x03, 0x6E, 0x61, 0x20,
    0x81, 0x34, 0xFF, 0x05, 0x04, 0x61, 0x6E, 0x67, 0x20, 0x3C, 0xFF, 0x05, 0x01, 0x0A, 0x00, 0xFF,
    0x05, 0x02, 0x50, 0x75, 0x81, 0x34, 0xFF, 0x05, 0x03, 0x73, 0x6F, 0x20, 0x3C, 0xFF, 0x05, 0x05,
    0x6B, 0x6F, 0x6E, 0x67, 0x20, 0x81, 0x34, 0xFF, 0x05, 0x02, 0x6E, 0x61, 0x3C, 0xFF, 0x05, 0x02,
    0x68, 0x69, 0x78, 0xFF, 0x05, 0x02, 0x68, 0x69, 0x78, 0xFF, 0x05, 0x02, 0x72, 0x61, 0x78, 0xFF,
    0x05, 0x01, 0x70, 0x5A, 0xFF, 0x05, 0x01, 0x61, 0x1E, 0xFF, 0x05, 0x02, 0x6E, 0x20, 0x81, 0x34,
    0xFF, 0x05, 0x01, 0x0A, 0x00, 0xFF, 0x05, 0x02, 0x42, 0x61, 0x3C, 0xFF, 0x05, 0x05, 0x77, 0x61,
    0x27, 0x74, 0x20, 0x81, 0x34, 0xFF, 0x05, 0x02, 0x70, 0x61, 0x1E, 0xFF, 0x05, 0x04, 0x74, 0x61,
    0x6B, 0x20, 0x81, 0x70, 0xFF, 0x05, 0x01, 0x0A, 0x00, 0xFF, 0x05, 0x01, 0x41, 0x1E, 0xFF, 0x05,
    0x05, 0x6E, 0x6F, 0x6E, 0x67, 0x20, 0x81, 0x34, 0xFF, 0x05, 0x02, 0x73, 0x61, 0x1E, 0xFF, 0x05,
    0x05, 0x72, 0x61, 0x70, 0x21, 0x20, 0x81, 0x52, 0xFF, 0x05, 0x01, 0x0A, 0x00, 0xFF, 0x05, 0x01,
    0x41, 0x1E, 0xFF, 0x05, 0x03, 0x6E, 0x6F, 0x20, 0x1E, 0xFF, 0x05, 0x03, 0x62, 0x61, 0x20, 0x81,
    0x34, 0xFF, 0x05, 0x02, 0x74, 0x61, 0x1E, 0xFF, 0x05, 0x02, 0x6C, 0x61, 0x1E, 0xFF, 0x05, 0x05,
    0x67, 0x61, 0x6E, 0x67, 0x20, 0x3C, 0xFF, 0x05, 0x01, 0x0A, 0x00, 0xFF, 0x05, 0x04, 0x4D, 0x61,
    0x73, 0x20, 0x3C, 0xFF, 0x05, 0x03, 0x67, 0x75, 0x73, 0x3C, 0xFF, 0x05, 0x03, 0x74, 0x6F, 0x20,
    0x1E, 0xFF, 0x05, 0x04, 0x6B, 0x6F, 0x3F, 0x20, 0x83, 0x42, 0xFF, 0x05, 0x01, 0x0A, 0x00, 0xFF,
    0x05, 0x04, 0x41, 0x6E, 0x67, 0x20, 0x3C, 0xFF, 0x05, 0x05, 0x62, 0x65, 0x65, 0x72, 0x20, 0x5A,
    0xFF, 0x05, 0x03, 0x6E, 0x61, 0x20, 0x1E, 0xFF, 0x05, 0x04, 0x60, 0x74, 0x6F, 0x20, 0x3C, 0xFF,
    0x05, 0x01, 0x0A, 0x00, 0xFF, 0x05, 0x02, 0x4F, 0x20, 0x3C, 0xFF, 0x05, 0x04, 0x61, 0x6E, 0x67,
    0x20, 0x3C, 0xFF, 0x05, 0x04, 0x70, 0x61, 0x67, 0x7E, 0x3C, 0xFF, 0x05, 0x01, 0x69, 0x3C, 0xFF,
    0x05, 0x04, 0x62, 0x69, 0x67, 0x20, 0x3C, 0xFF, 0x05, 0x04, 0x6D, 0x6F, 0x3F, 0x20, 0x93, 0x58,
    0xFF, 0x05, 0x01, 0x0A, 0x00, 0xFF, 0x05, 0x02, 0x4E, 0x61, 0x78, 0xFF, 0x05, 0x03, 0x69, 0x73,
    0x20, 0x78, 0xFF, 0x05, 0x05, 0x6B, 0x6F, 0x6E, 0x67, 0x20, 0x78, 0xFF, 0x05, 0x01, 0x0A, 0x00,
    0xFF, 0x05, 0x03, 0x4D, 0x61, 0x67, 0x5A, 0xFF, 0x05, 0x02, 0x70, 0x61, 0x1E, 0xFF, 0x05, 0x02,
    0x6B, 0x61, 0x5A, 0xFF, 0x05, 0x02, 0x73, 0x61, 0x1E, 0xFF, 0x05, 0x04, 0x62, 0x6F, 0x67, 0x20,
    0x82, 0x68, 0xFF, 0x05, 0x01, 0x0A, 0x00, 0xFF, 0x05, 0x02, 0x44, 0x61, 0x78, 0xFF, 0x05, 0x04,
    0x68, 0x69, 0x6C, 0x20, 0x78, 0xFF, 0x05, 0x01, 0x6F, 0x78, 0xFF, 0x05, 0x05, 0x6C, 0x61, 0x74,
    0x73, 0x20, 0x81, 0x52, 0xFF, 0x05, 0x01, 0x61, 0x1E, 0xFF, 0x05, 0x03, 0x6B, 0x6F, 0x20, 0x82,
    0x68, 0xFF, 0x05, 0x01, 0x0A, 0x00, 0xFF, 0x05, 0x02, 0x4B, 0x61, 0x78, 0xFF, 0x05, 0x04, 0x68,
    0x69, 0x74, 0x20, 0x78, 0xFF, 0x05, 0x01, 0x61, 0x78, 0xFF, 0x05, 0x03, 0x6E, 0x6F, 0x20, 0x5A,
    0xFF, 0x05, 0x02, 0x68, 0x69, 0x1E, 0xFF, 0x05, 0x03, 0x68, 0x69, 0x74, 0x5A, 0xFF, 0x05, 0x02,
    0x68, 0x69, 0x1E, 0xFF, 0x05, 0x04, 0x74, 0x69, 0x6E, 0x20, 0x82, 0x68, 0xFF, 0x05, 0x01, 0x0A,
    0x00, 0xFF, 0x05, 0x02, 0x4B, 0x61, 0x78, 0xFF, 0x05, 0x04, 0x68, 0x69, 0x74, 0x20, 0x78, 0xFF,
    0x05, 0x03, 0x74, 0x61, 0x6D, 0x78, 0xFF, 0x05, 0x02, 0x62, 0x75, 0x81, 0x34, 0xFF, 0x05, 0x01,
    0x74, 0x3C, 0xFF, 0x05, 0x01, 0x73, 0x3C, 0xFF, 0x05, 0x02, 0x6F, 0x20, 0x82, 0x2C, 0xFF, 0x05,
    0x01, 0x0A, 0x00, 0xFF, 0x05, 0x02, 0x4B, 0x75, 0x78, 0xFF, 0x05, 0x02, 0x6B, 0x75, 0x78, 0xFF,
    0x05, 0x03, 0x68, 0x61, 0x20, 0x78, 0xFF, 0x05, 0x04, 0x60, 0x6B, 0x6F, 0x20, 0x3C, 0xFF, 0x05,
    0x03, 0x6E, 0x67, 0x20, 0x3C, 0xFF, 0x05, 0x01, 0x0A, 0x00, 0xFF, 0x05, 0x05, 0x42, 0x65, 0x65,
    0x72, 0x20, 0x3C, 0xFF, 0x05, 0x03, 0x61, 0x74, 0x20, 0x3C, 0xFF, 0x05, 0x01, 0x69, 0x3C, 0xFF,
    0x05, 0x02, 0x70, 0x61, 0x3C, 0xFF, 0x05, 0x02, 0x70, 0x61, 0x5A, 0xFF, 0x05, 0x02, 0x6B, 0x75,
    0x1E, 0xFF, 0x05, 0x03, 0x6C, 0x6F, 0x20, 0x3C, 0xFF, 0x05, 0x01, 0x0A, 0x00, 0xFF, 0x05, 0x03,
    0x53, 0x61, 0x20, 0x3C, 0xFF, 0x05, 0x03, 0x6B, 0x61, 0x6C, 0x3C, 0xFF, 0x05, 0x02, 0x64, 0x65,
    0x3C, 0xFF, 0x05, 0x05, 0x72, 0x6F, 0x27, 0x74, 0x20, 0x3C, 0xFF, 0x05, 0x01, 0x0A, 0x00, 0xFF,
    0x05, 0x02, 0x4C, 0x61, 0x3C, 0xFF, 0x05, 0x04, 0x6C, 0x61, 0x6E, 0x67, 0x3C, 0xFF, 0x05, 0x02,
    0x68, 0x61, 0x3C, 0xFF, 0x05, 0x04, 0x70, 0x69, 0x6E, 0x20, 0x78, 0xFF, 0x05, 0x01, 0x0A, 0x00,
    0xFF, 0x05, 0x04, 0x41, 0x6E, 0x67, 0x20, 0x78, 0xFF, 0x05, 0x01, 0x75, 0x5A, 0xFF, 0x05, 0x04,
    0x73, 0x6F, 0x6B, 0x20, 0x5A, 0xFF, 0x05, 0x02, 0x6E, 0x69, 0x3C, 0xFF, 0x05, 0x01, 0x74, 0x3C,
    0xFF, 0x05, 0x02, 0x6F, 0x20, 0x83, 0x06, 0xFF, 0x05, 0x01, 0x0A, 0x00, 0xFF, 0x05, 0x02, 0x4C,
    0x61, 0x1E, 0xFF, 0x05, 0x04, 0x68, 0x61, 0x74, 0x20, 0x3C, 0xFF, 0x05, 0x03, 0x61, 0x79, 0x20,
    0x3C, 0xFF, 0x05, 0x01, 0x61, 0x3C, 0xFF, 0x05, 0x05, 0x6B, 0x69, 0x6E, 0x67, 0x20, 0x3C, 0xFF,
    0x05, 0x01, 0x0A, 0x00, 0xFF, 0x05, 0x02, 0x47, 0x61, 0x3C, 0xFF, 0x05, 0x02, 0x67, 0x61, 0x1E,
    0xFF, 0x05, 0x04, 0x77, 0x69, 0x6E, 0x20, 0x5A, 0xFF, 0x05, 0x01, 0x75, 0x3C, 0xFF, 0x05, 0x05,
    0x70, 0x61, 0x6E, 0x67, 0x20, 0x3C, 0xFF, 0x05, 0x01, 0x0A, 0x00, 0xFF, 0x05, 0x03, 0x48, 0x69,
    0x6E, 0x3C, 0xFF, 0x05, 0x03, 0x64, 0x69, 0x20, 0x3C, 0xFF, 0x05, 0x03, 0x6B, 0x6F, 0x20, 0x1E,
    0xFF, 0x05, 0x03, 0x6E, 0x61, 0x20, 0x5A, 0xFF, 0x05, 0x01, 0x69, 0x1E, 0xFF, 0x05, 0x02, 0x73,
    0x69, 0x5A, 0xFF, 0x05, 0x05, 0x70, 0x69, 0x6E, 0x67, 0x20, 0x3C, 0xFF, 0x05, 0x01, 0x0A, 0x00,
    0xFF, 0x05, 0x04, 0x4E, 0x61, 0x67, 0x7E, 0x5A, 0xFF, 0x05, 0x01, 0x69, 0x5A, 0xFF, 0x05, 0x01,
    0x69, 0x3C, 0xFF, 0x05, 0x03, 0x73, 0x61, 0x20, 0x5A, 0xFF, 0x05, 0x03, 0x6E, 0x61, 0x20, 0x5A,
    0xFF, 0x05, 0x01, 0x61, 0x3C, 0xFF, 0x05, 0x01, 0x6B, 0x81, 0x70, 0xFF, 0x05, 0x02, 0x6F, 0x20,
    0x81, 0x34, 0xFF, 0x05, 0x01, 0x0A, 0x00, 0xFF, 0x05, 0x01, 0x49, 0x3C, 0xFF, 0x05, 0x02, 0x62,
    0x75, 0x81, 0x34, 0xFF, 0x05, 0x04, 0x68, 0x6F, 0x73, 0x20, 0x3C, 0xFF, 0x05, 0x03, 0x6E, 0x61,
    0x20, 0x81, 0x34, 0xFF, 0x05, 0x04, 0x61, 0x6E, 0x67, 0x20, 0x3C, 0xFF, 0x05, 0x05, 0x62, 0x65,
    0x65, 0x72, 0x20, 0x81, 0x34, 0xFF, 0x05, 0x01, 0x0A, 0x00, 0xFF, 0x05, 0x03, 0x53, 0x61, 0x20,
    0x3C, 0xFF, 0x05, 0x01, 0x61, 0x81, 0x34, 0xFF, 0x05, 0x05, 0x6B, 0x69, 0x6E, 0x67, 0x20, 0x3C,
    0xFF, 0x05, 0x02, 0x6C, 0x61, 0x81, 0x34, 0xFF, 0x05, 0x02, 0x6C, 0x61, 0x3C, 0xFF, 0x05, 0x01,
    0x6D, 0x78, 0xFF, 0x05, 0x01, 0x75, 0x78, 0xFF, 0x05, 0x01, 0x6E, 0x5A, 0xFF, 0x05, 0x01, 0x61,
    0x1E, 0xFF, 0x05, 0x02, 0x6E, 0x20, 0x82, 0x2C, 0xFF, 0x05, 0x01, 0x0A, 0x00, 0xFF, 0x05, 0x01,
    0x55, 0x3C, 0xFF, 0x05, 0x05, 0x70, 0x61, 0x6E, 0x67, 0x20, 0x81, 0x34, 0xFF, 0x05, 0x02, 0x6D,
    0x61, 0x3C, 0xFF, 0x05, 0x02, 0x6C, 0x75, 0x81, 0x34, 0xFF, 0x05, 0x04, 0x6E, 0x6F, 0x64, 0x20,
    0x3C, 0xFF, 0x05, 0x03, 0x6E, 0x61, 0x20, 0x81, 0x34, 0xFF, 0x05, 0x04, 0x61, 0x6E, 0x67, 0x20,
    0x3C, 0xFF, 0x05, 0x01, 0x0A, 0x00, 0xFF, 0x05, 0x02, 0x50, 0x75, 0x81, 0x34, 0xFF, 0x05, 0x03,
    0x73, 0x6F, 0x20, 0x3C, 0xFF, 0x05, 0x05, 0x6B, 0x6F, 0x6E, 0x67, 0x20, 0x81, 0x34, 0xFF, 0x05,
    0x02, 0x6E, 0x61, 0x3C, 0xFF, 0x05, 0x02, 0x68, 0x69, 0x78, 0xFF, 0x05, 0x02, 0x68, 0x69, 0x78,
    0xFF, 0x05, 0x02, 0x72, 0x61, 0x78, 0xFF, 0x05, 0x01, 0x70, 0x5A, 0xFF, 0x05, 0x01, 0x61, 0x1E,
    0xFF, 0x05, 0x02, 0x6E, 0x20, 0x81, 0x34, 0xFF, 0x05, 0x01, 0x0A, 0x00, 0xFF, 0x05, 0x02, 0x42,
    0x61, 0x3C, 0xFF, 0x05, 0x05, 0x77, 0x61, 0x27, 0x74, 0x20, 0x81, 0x34, 0xFF, 0x05, 0x02, 0x70,
    0x61, 0x1E, 0xFF, 0x05, 0x04, 0x74, 0x61, 0x6B, 0x20, 0x81, 0x70, 0xFF, 0x05, 0x01, 0x0A, 0x00,
    0xFF, 0x05, 0x01, 0x41, 0x1E, 0xFF, 0x05, 0x05, 0x6E, 0x6F, 0x6E, 0x67, 0x20, 0x81, 0x34, 0xFF,
    0x05, 0x02, 0x73, 0x61, 0x1E, 0xFF, 0x05, 0x05, 0x72, 0x61, 0x70, 0x21, 0x20, 0x81, 0x52, 0xFF,
    0x05, 0x01, 0x0A, 0x00, 0xFF, 0x05, 0x01, 0x41, 0x1E, 0xFF, 0x05, 0x03, 0x6E, 0x6F, 0x20, 0x1E,
    0xFF, 0x05, 0x03, 0x62, 0x61, 0x20, 0x81, 0x34, 0xFF, 0x05, 0x02, 0x74, 0x61, 0x1E, 0xFF, 0x05,
    0x02, 0x6C, 0x61, 0x1E, 0xFF, 0x05, 0x05, 0x67, 0x61, 0x6E, 0x67, 0x20, 0x3C, 0xFF, 0x05, 0x01,
    0x0A, 0x00, 0xFF, 0x05, 0x04, 0x4D, 0x61, 0x73, 0x20, 0x3C, 0xFF, 0x05, 0x03, 0x67, 0x75, 0x73,
    0x3C, 0xFF, 0x05, 0x03, 0x74, 0x6F, 0x20, 0x1E, 0xFF, 0x05, 0x04, 0x6B, 0x6F, 0x3F, 0x20, 0x83,
    0x42, 0xFF, 0x05, 0x01, 0x0A, 0x00, 0xFF, 0x05, 0x04, 0x41, 0x6E, 0x67, 0x20, 0x3C, 0xFF, 0x05,
    0x05, 0x62, 0x65, 0x65, 0x72, 0x20, 0x5A, 0xFF, 0x05, 0x03, 0x6E, 0x61, 0x20, 0x1E, 0xFF, 0x05,
    0x04, 0x60, 0x74, 0x6F, 0x20, 0x3C, 0xFF, 0x05, 0x01, 0x0A, 0x00, 0xFF, 0x05, 0x02, 0x4F, 0x20,
    0x3C, 0xFF, 0x05, 0x04, 0x61, 0x6E, 0x67, 0x20, 0x3C, 0xFF, 0x05, 0x04, 0x70, 0x61, 0x67, 0x7E,
    0x3C, 0xFF, 0x05, 0x01, 0x69, 0x3C, 0xFF, 0x05, 0x04, 0x62, 0x69, 0x67, 0x20, 0x3C, 0xFF, 0x05,
    0x04, 0x6D, 0x6F, 0x3F, 0x20, 0xA5, 0x40, 0xFF, 0x05, 0x01, 0x0A, 0x00, 0xFF, 0x05, 0x02, 0x47,
    0x69, 0x81, 0x70, 0xFF, 0x05, 0x05, 0x6C, 0x69, 0x77, 0x2C, 0x20, 0x83, 0x60, 0xFF, 0x05, 0x04,
    0x77, 0x61, 0x67, 0x20, 0x3C, 0xFF, 0x05, 0x03, 0x6D, 0x6F, 0x20, 0x3C, 0xFF, 0x05, 0x01, 0x0A,
    0x00, 0xFF, 0x05, 0x02, 0x53, 0x61, 0x3C, 0xFF, 0x05, 0x05, 0x6E, 0x61, 0x6E, 0x67, 0x20, 0x3C,
    0xFF, 0x05, 0x02, 0x6C, 0x69, 0x81, 0x34, 0xFF, 0x05, 0x01, 0x6D, 0x78, 0xFF, 0x05, 0x01, 0x75,
    0x82, 0x2C, 0xFF, 0x05, 0x04, 0x74, 0x69, 0x6E, 0x20, 0x78, 0xFF, 0x05, 0x01, 0x0A, 0x00, 0xFF,
    0x05, 0x04, 0x41, 0x6E, 0x67, 0x20, 0x78, 0xFF, 0x05, 0x04, 0x6D, 0x67, 0x61, 0x20, 0x78, 0xFF,
    0x05, 0x01, 0x61, 0x3C, 0xFF, 0x05, 0x04, 0x72, 0x61, 0x77, 0x20, 0x3C, 0xFF, 0x05, 0x03, 0x6E,
    0x61, 0x20, 0x3C, 0xFF, 0x05, 0x03, 0x68, 0x69, 0x6E, 0x1E, 0xFF, 0x05, 0x03, 0x64, 0x69, 0x20,
    0x5A, 0xFF, 0x05, 0x01, 0x0A, 0x00, 0xFF, 0x05, 0x02, 0x53, 0x61, 0x3C, 0xFF, 0x05, 0x03, 0x6E,
    0x61, 0x20, 0x3C, 0xFF, 0x05, 0x03, 0x6E, 0x61, 0x67, 0x1E, 0xFF, 0x05, 0x02, 0x6C, 0x61, 0x5A,
    0xFF, 0x05, 0x03, 0x68, 0x6F, 0x20, 0x81, 0x70, 0xFF, 0x05, 0x01, 0x0A, 0x00, 0xFF, 0x05, 0x02,
    0x4D, 0x67, 0x3C, 0xFF, 0x05, 0x02, 0x61, 0x20, 0x3C, 0xFF, 0x05, 0x01, 0x61, 0x1E, 0xFF, 0x05,
    0x04, 0x6E, 0x61, 0x6B, 0x20, 0x5A, 0xFF, 0x05, 0x03, 0x61, 0x74, 0x20, 0x3C, 0xFF, 0x05, 0x02,
    0x62, 0x61, 0x3C, 0xFF, 0x05, 0x04, 0x68, 0x61, 0x79, 0x20, 0x1E, 0xFF, 0x05, 0x01, 0x0A, 0x00,
    0xFF, 0x05, 0x02, 0x4E, 0x61, 0x5A, 0xFF, 0x05, 0x05, 0x74, 0x69, 0x6E, 0x67, 0x20, 0x3C, 0xFF,
    0x05, 0x02, 0x70, 0x69, 0x3C, 0xFF, 0x05, 0x02, 0x6E, 0x61, 0x1E, 0xFF, 0x05, 0x03, 0x70, 0x6C,
    0x61, 0x5A, 0xFF, 0x05, 0x03, 0x6E, 0x6F, 0x20, 0x82, 0x68, 0xFF, 0x05, 0x01, 0x0A, 0x00, 0xFF,
    0x05, 0x02, 0x4C, 0x61, 0x3C, 0xFF, 0x05, 0x04, 0x68, 0x61, 0x74, 0x20, 0x5A, 0xFF, 0x05, 0x03,
    0x6E, 0x67, 0x20, 0x5A, 0xFF, 0x05, 0x01, 0x69, 0x3C, 0xFF, 0x05, 0x05, 0x74, 0x6F, 0x27, 0x79,
    0x20, 0x5A, 0xFF, 0x05, 0x02, 0x6E, 0x61, 0x5A, 0xFF, 0x05, 0x02, 0x77, 0x61, 0x3C, 0xFF, 0x05,
    0x03, 0x6C, 0x61, 0x20, 0x5A, 0xFF, 0x05, 0x01, 0x0A, 0x00, 0xFF, 0x05, 0x05, 0x4E, 0x75, 0x6E,
    0x67, 0x20, 0x5A, 0xFF, 0x05, 0x01, 0x69, 0x3C, 0xFF, 0x05, 0x02, 0x6E, 0x69, 0x5A, 0xFF, 0x05,
    0x04, 0x77, 0x61, 0x6E, 0x20, 0x5A, 0xFF, 0x05, 0x03, 0x6D, 0x6F, 0x20, 0x78, 0xFF, 0x05, 0x04,
    0x60, 0x6B, 0x6F, 0x20, 0x83, 0x06, 0xFF, 0x05, 0x01, 0x0A, 0x00, 0xFF, 0x05, 0x02, 0x4B, 0x61,
    0x1E, 0xFF, 0x05, 0x03, 0x79, 0x61, 0x20, 0x81, 0x52, 0xFF, 0x05, 0x03, 0x6E, 0x67, 0x61, 0x1E,
    0xFF, 0x05, 0x04, 0x79, 0x6F, 0x6E, 0x20, 0x81, 0x34, 0xFF, 0x05, 0x01, 0x0A, 0x00, 0xFF, 0x05,
    0x01, 0x49, 0x3C, 0xFF, 0x05, 0x02, 0x62, 0x75, 0x81, 0x34, 0xFF, 0x05, 0x04, 0x68, 0x6F, 0x73,
    0x20, 0x3C, 0xFF, 0x05, 0x03, 0x6E, 0x61, 0x20, 0x81, 0x34, 0xFF, 0x05, 0x04, 0x61, 0x6E, 0x67,
    0x20, 0x3C, 0xFF, 0x05, 0x05, 0x62, 0x65, 0x65, 0x72, 0x20, 0x81, 0x34, 0xFF, 0x05, 0x01, 0x0A,
    0x00, 0xFF, 0x05, 0x03, 0x53, 0x61, 0x20, 0x3C, 0xFF, 0x05, 0x01, 0x61, 0x81, 0x34, 0xFF, 0x05,
    0x05, 0x6B, 0x69, 0x6E, 0x67, 0x20, 0x3C, 0xFF, 0x05, 0x02, 0x6C, 0x61, 0x81, 0x34, 0xFF, 0x05,
    0x02, 0x6C, 0x61, 0x3C, 0xFF, 0x05, 0x01, 0x6D, 0x78, 0xFF, 0x05, 0x01, 0x75, 0x78, 0xFF, 0x05,
    0x01, 0x6E, 0x5A, 0xFF, 0x05, 0x01, 0x61, 0x1E, 0xFF, 0x05, 0x02, 0x6E, 0x20, 0x82, 0x2C, 0xFF,
    0x05, 0x01, 0x0A, 0x00, 0xFF, 0x05, 0x01, 0x55, 0x3C, 0xFF, 0x05, 0x05, 0x70, 0x61, 0x6E, 0x67,
    0x20, 0x81, 0x34, 0xFF, 0x05, 0x02, 0x6D, 0x61, 0x3C, 0xFF, 0x05, 0x02, 0x6C, 0x75, 0x81, 0x34,
    0xFF, 0x05, 0x04, 0x6E, 0x6F, 0x64, 0x20, 0x3C, 0xFF, 0x05, 0x03, 0x6E, 0x61, 0x20, 0x81, 0x34,
    0xFF, 0x05, 0x04, 0x61, 0x6E, 0x67, 0x20, 0x3C, 0xFF, 0x05, 0x01, 0x0A, 0x00, 0xFF, 0x05, 0x02,
    0x50, 0x75, 0x81, 0x34, 0xFF, 0x05, 0x03, 0x73, 0x6F, 0x20, 0x3C, 0xFF, 0x05, 0x05, 0x6B, 0x6F,
    0x6E, 0x67, 0x20, 0x81, 0x34, 0xFF, 0x05, 0x02, 0x6E, 0x61, 0x3C, 0xFF, 0x05, 0x02, 0x68, 0x69,
    0x78, 0xFF, 0x05, 0x02, 0x68, 0x69, 0x78, 0xFF, 0x05, 0x02, 0x72, 0x61, 0x78, 0xFF, 0x05, 0x01,
    0x70, 0x5A, 0xFF, 0x05, 0x01, 0x61, 0x1E, 0xFF, 0x05, 0x02, 0x6E, 0x20, 0x81, 0x34, 0xFF, 0x05,
    0x01, 0x0A, 0x00, 0xFF, 0x05, 0x02, 0x42, 0x61, 0x3C, 0xFF, 0x05, 0x05, 0x77, 0x61, 0x27, 0x74,
    0x20, 0x81, 0x34, 0xFF, 0x05, 0x02, 0x70, 0x61, 0x1E, 0xFF, 0x05, 0x04, 0x74, 0x61, 0x6B, 0x20,
    0x81, 0x70, 0xFF, 0x05, 0x01, 0x0A, 0x00, 0xFF, 0x05, 0x01, 0x41, 0x1E, 0xFF, 0x05, 0x05, 0x6E,
    0x6F, 0x6E, 0x67, 0x20, 0x81, 0x34, 0xFF, 0x05, 0x02, 0x73, 0x61, 0x1E, 0xFF, 0x05, 0x05, 0x72,
    0x61, 0x70, 0x21, 0x20, 0x81, 0x52, 0xFF, 0x05, 0x01, 0x0A, 0x00, 0xFF, 0x05, 0x01, 0x41, 0x1E,
    0xFF, 0x05, 0x03, 0x6E, 0x6F, 0x20, 0x1E, 0xFF, 0x05, 0x03, 0x62, 0x61, 0x20, 0x81, 0x34, 0xFF,
    0x05, 0x02, 0x74, 0x61, 0x1E, 0xFF, 0x05, 0x02, 0x6C, 0x61, 0x1E, 0xFF, 0x05, 0x05, 0x67, 0x61,
    0x6E, 0x67, 0x20, 0x3C, 0xFF, 0x05, 0x01, 0x0A, 0x00, 0xFF, 0x05, 0x04, 0x4D, 0x61, 0x73, 0x20,
    0x3C, 0xFF, 0x05, 0x03, 0x67, 0x75, 0x73, 0x3C, 0xFF, 0x05, 0x03, 0x74, 0x6F, 0x20, 0x1E, 0xFF,
    0x05, 0x04, 0x6B, 0x6F, 0x3F, 0x20, 0x83, 0x42, 0xFF, 0x05, 0x01, 0x0A, 0x00, 0xFF, 0x05, 0x04,
    0x41, 0x6E, 0x67, 0x20, 0x3C, 0xFF, 0x05, 0x05, 0x62, 0x65, 0x65, 0x72, 0x20, 0x5A, 0xFF, 0x05,
    0x03, 0x6E, 0x61, 0x20, 0x1E, 0xFF, 0x05, 0x04, 0x60, 0x74, 0x6F, 0x20, 0x82, 0x2C, 0xFF, 0x05,
    0x01, 0x0A, 0x00, 0xFF, 0x05, 0x04, 0x41, 0x6E, 0x67, 0x20, 0x3C, 0xFF, 0x05, 0x05, 0x62, 0x65,
    0x65, 0x72, 0x20, 0x5A, 0xFF, 0x05, 0x03, 0x6E, 0x61, 0x20, 0x1E, 0xFF, 0x05, 0x04, 0x60, 0x74,
    0x6F, 0x20, 0x82, 0x2C, 0xFF, 0x05, 0x01, 0x0A, 0x00, 0xFF, 0x05, 0x04, 0x41, 0x6E, 0x67, 0x20,
    0x3C, 0xFF, 0x05, 0x05, 0x62, 0x65, 0x65, 0x72, 0x20, 0x5A, 0xFF, 0x05, 0x03, 0x6E, 0x61, 0x20,
    0x1E, 0xFF, 0x05, 0x04, 0x60, 0x74, 0x6F, 0x20, 0x3C, 0xFF, 0x05, 0x01, 0x0A, 0x00, 0xFF, 0x05,
    0x02, 0x4F, 0x20, 0x3C, 0xFF, 0x05, 0x04, 0x61, 0x6E, 0x67, 0x20, 0x84, 0x58, 0xFF, 0x05, 0x04,
    0x70, 0x61, 0x67, 0x7E, 0x78, 0xFF, 0x05, 0x01, 0x69, 0x78, 0xFF, 0x05, 0x04, 0x62, 0x69, 0x67,
    0x20, 0x78, 0xFF, 0x05, 0x04, 0x6D, 0x6F, 0x3F, 0x20, 0x00, 0xFF, 0x2F, 0x00,
};
static const uint32_t EMBEDDED_MIDI_SONG_3_len = 56077;

#endif /* KARAOKE_EMBEDDED_SONGS_H_ */
